-1.735508  -0.993988
-1.737521  -0.947692
-1.755811  -0.957668
-1.717430  -0.983634
-1.714454  -1.029878
-1.738368  -0.901747
-1.756861  -0.911340
-1.775354  -0.920933
-1.719232  -0.937716
-1.699352  -0.973280
-1.696595  -1.019150
-1.692657  -1.065322
-1.738062  -0.856181
-1.756751  -0.865387
-1.775440  -0.874594
-1.794129  -0.883800
-1.719874  -0.892154
-1.700942  -0.927741
-1.681273  -0.962926
-1.678736  -1.008422
-1.675025  -1.054225
-1.670128  -1.100305
-1.736622  -0.811022
-1.755498  -0.819838
-1.774374  -0.828653
-1.793250  -0.837468
-1.812127  -0.846284
-1.719373  -0.846975
-1.701381  -0.882561
-1.682652  -0.917765
-1.663195  -0.952572
-1.660877  -0.997694
-1.657394  -1.043128
-1.652731  -1.088844
-1.646876  -1.134812
-1.734062  -0.766297
-1.753118  -0.774718
-1.772174  -0.783139
-1.791229  -0.791560
-1.810285  -0.799981
-1.829340  -0.808402
-1.717745  -0.802207
-1.700685  -0.837769
-1.682888  -0.872968
-1.664363  -0.907789
-1.645117  -0.942218
-1.643018  -0.986966
-1.639762  -1.032031
-1.635334  -1.077382
-1.629721  -1.122991
-1.622912  -1.168828
-1.730402  -0.722034
-1.749629  -0.730057
-1.768856  -0.738079
-1.788082  -0.746102
-1.807309  -0.754124
-1.826536  -0.762147
-1.845762  -0.770170
-1.715007  -0.757877
-1.698869  -0.793391
-1.681996  -0.828562
-1.664394  -0.863375
-1.646073  -0.897814
-1.627039  -0.931864
-1.625159  -0.976239
-1.622130  -1.020934
-1.617937  -1.065921
-1.612566  -1.111170
-1.606006  -1.156652
-1.598244  -1.202337
-1.725659  -0.678258
-1.745049  -0.685879
-1.764438  -0.693500
-1.783828  -0.701121
-1.803217  -0.708742
-1.822606  -0.716362
-1.841996  -0.723983
-1.861385  -0.731604
-1.711176  -0.714011
-1.695951  -0.749456
-1.679993  -0.784576
-1.663307  -0.819356
-1.645901  -0.853782
-1.627783  -0.887838
-1.608960  -0.921510
-1.607300  -0.965511
-1.604498  -1.009837
-1.600540  -1.054459
-1.595411  -1.099349
-1.589101  -1.144477
-1.581596  -1.189813
-1.572885  -1.235327
-1.719852  -0.634995
-1.739396  -0.642211
-1.758940  -0.649427
-1.778484  -0.656643
-1.798027  -0.663859
-1.817571  -0.671075
-1.837115  -0.678290
-1.856659  -0.685506
-1.876203  -0.692722
-1.706270  -0.670637
-1.691949  -0.705989
-1.676895  -0.741035
-1.661116  -0.775760
-1.644618  -0.810150
-1.627408  -0.844189
-1.609493  -0.877862
-1.590882  -0.911156
-1.589441  -0.954783
-1.586866  -0.998740
-1.583142  -1.042998
-1.578256  -1.087528
-1.572196  -1.132302
-1.564948  -1.177289
-1.556501  -1.222459
-1.546845  -1.267781
-1.713001  -0.592271
-1.732690  -0.599078
-1.752380  -0.605886
-1.772070  -0.612694
-1.791759  -0.619502
-1.811449  -0.626309
-1.831139  -0.633117
-1.850828  -0.639925
-1.870518  -0.646732
-1.890208  -0.653540
-1.700309  -0.627779
-1.686880  -0.663016
-1.672722  -0.697966
-1.657840  -0.732614
-1.642240  -0.766945
-1.625929  -0.800944
-1.608915  -0.834596
-1.591204  -0.867886
-1.572804  -0.900802
-1.571583  -0.944055
-1.569234  -0.987642
-1.565745  -1.031536
-1.561102  -1.075707
-1.555290  -1.120126
-1.548299  -1.164764
-1.540117  -1.209591
-1.530733  -1.254575
-1.520136  -1.299687
-1.705124  -0.550109
-1.724951  -0.556506
-1.744779  -0.562902
-1.764606  -0.569299
-1.784433  -0.575696
-1.804260  -0.582092
-1.824087  -0.588489
-1.843914  -0.594885
-1.863741  -0.601282
-1.883568  -0.607679
-1.903395  -0.614075
-1.693311  -0.585463
-1.680765  -0.620564
-1.667491  -0.655395
-1.653495  -0.689944
-1.638784  -0.724193
-1.623364  -0.758129
-1.607240  -0.791737
-1.590421  -0.825003
-1.572914  -0.857911
-1.554726  -0.890448
-1.553724  -0.933327
-1.551603  -0.976545
-1.548348  -1.020075
-1.543947  -1.063886
-1.538385  -1.107951
-1.531651  -1.152240
-1.523733  -1.196723
-1.514620  -1.241369
-1.504301  -1.286149
-1.492769  -1.331030
-1.696244  -0.508534
-1.716200  -0.514517
-1.736156  -0.520500
-1.756111  -0.526483
-1.776067  -0.532465
-1.796023  -0.538448
-1.815979  -0.544431
-1.835935  -0.550414
-1.855890  -0.556396
-1.875846  -0.562379
-1.895802  -0.568362
-1.915758  -0.574345
-1.685297  -0.543712
-1.673621  -0.578655
-1.661221  -0.613348
-1.648102  -0.647775
-1.634269  -0.681921
-1.619729  -0.715772
-1.604487  -0.749314
-1.588551  -0.782531
-1.571928  -0.815410
-1.554624  -0.847935
-1.536648  -0.880094
-1.535865  -0.922599
-1.533971  -0.965448
-1.530951  -1.008613
-1.526792  -1.052065
-1.521480  -1.095776
-1.515002  -1.139716
-1.507348  -1.183855
-1.498507  -1.228163
-1.488467  -1.272610
-1.477219  -1.317165
-1.464755  -1.361797
-1.686380  -0.467570
-1.706456  -0.473136
-1.726532  -0.478702
-1.746608  -0.484269
-1.766684  -0.489835
-1.786760  -0.495401
-1.806836  -0.500968
-1.826912  -0.506534
-1.846988  -0.512100
-1.867064  -0.517666
-1.887140  -0.523233
-1.907216  -0.528799
-1.927292  -0.534365
-1.676288  -0.502552
-1.665470  -0.537316
-1.653932  -0.571848
-1.641677  -0.606132
-1.628712  -0.640154
-1.615042  -0.673898
-1.600673  -0.707352
-1.585611  -0.740498
-1.569863  -0.773325
-1.553435  -0.805816
-1.536335  -0.837959
-1.518569  -0.869740
-1.518006  -0.911871
-1.516339  -0.954351
-1.513554  -0.997152
-1.509637  -1.040244
-1.504574  -1.083601
-1.498354  -1.127191
-1.490964  -1.170987
-1.482394  -1.214957
-1.472632  -1.259072
-1.461669  -1.303300
-1.449497  -1.347612
-1.436108  -1.391975
-1.675555  -0.427238
-1.695743  -0.432385
-1.715930  -0.437533
-1.736117  -0.442680
-1.756305  -0.447828
-1.776492  -0.452975
-1.796680  -0.458123
-1.816867  -0.463270
-1.837054  -0.468418
-1.857242  -0.473565
-1.877429  -0.478712
-1.897617  -0.483860
-1.917804  -0.489007
-1.937991  -0.494155
-1.666304  -0.462003
-1.656332  -0.496569
-1.645643  -0.530919
-1.634242  -0.565040
-1.622133  -0.598916
-1.609323  -0.632533
-1.595815  -0.665876
-1.581617  -0.698931
-1.566735  -0.731683
-1.551174  -0.764119
-1.534942  -0.796223
-1.518045  -0.827984
-1.500491  -0.859385
-1.500147  -0.901143
-1.498707  -0.943254
-1.496157  -0.985690
-1.492482  -1.028423
-1.487669  -1.071425
-1.481706  -1.114667
-1.474580  -1.158119
-1.466281  -1.201751
-1.456797  -1.245533
-1.446120  -1.289435
-1.434240  -1.333427
-1.421148  -1.377475
-1.406839  -1.421550
-1.663791  -0.387561
-1.684081  -0.392288
-1.704371  -0.397014
-1.724661  -0.401740
-1.744951  -0.406467
-1.765241  -0.411193
-1.785531  -0.415920
-1.805821  -0.420646
-1.826112  -0.425372
-1.846402  -0.430099
-1.866692  -0.434825
-1.886982  -0.439551
-1.907272  -0.444278
-1.927562  -0.449004
-1.947852  -0.453730
-1.655368  -0.422091
-1.646228  -0.456437
-1.636377  -0.490586
-1.625816  -0.524523
-1.614552  -0.558232
-1.602590  -0.591700
-1.589933  -0.624912
-1.576589  -0.657853
-1.562562  -0.690510
-1.547858  -0.722868
-1.532485  -0.754912
-1.516448  -0.786630
-1.499755  -0.818008
-1.482413  -0.849031
-1.482288  -0.890415
-1.481075  -0.932157
-1.478759  -0.974229
-1.475327  -1.016602
-1.470764  -1.059250
-1.465057  -1.102143
-1.458196  -1.145251
-1.450168  -1.188545
-1.440962  -1.231995
-1.430570  -1.275571
-1.418982  -1.319241
-1.406189  -1.362976
-1.392184  -1.406742
-1.376961  -1.450510
-1.651109  -0.348561
-1.671493  -0.352864
-1.691877  -0.357168
-1.712261  -0.361471
-1.732645  -0.365774
-1.753029  -0.370077
-1.773414  -0.374381
-1.793798  -0.378684
-1.814182  -0.382987
-1.834566  -0.387290
-1.854950  -0.391593
-1.875334  -0.395897
-1.895718  -0.400200
-1.916102  -0.404503
-1.936486  -0.408806
-1.956870  -0.413110
-1.643500  -0.382835
-1.635180  -0.416943
-1.626152  -0.450871
-1.616421  -0.484603
-1.605989  -0.518126
-1.594863  -0.551424
-1.583046  -0.584484
-1.570544  -0.617291
-1.557362  -0.649831
-1.543506  -0.682089
-1.528982  -0.714052
-1.513796  -0.745706
-1.497955  -0.777037
-1.481466  -0.808032
-1.464335  -0.838677
-1.464429  -0.879687
-1.463443  -0.921060
-1.461362  -0.962767
-1.458172  -1.004781
-1.453858  -1.047075
-1.448409  -1.089618
-1.441812  -1.132383
-1.434055  -1.175339
-1.425128  -1.218457
-1.415020  -1.261706
-1.403724  -1.305056
-1.391229  -1.348476
-1.377530  -1.391935
-1.362617  -1.435401
-1.346487  -1.478842
-1.637534  -0.310258
-1.658003  -0.314137
-1.678472  -0.318015
-1.698942  -0.321893
-1.719411  -0.325771
-1.739880  -0.329649
-1.760349  -0.333528
-1.780818  -0.337406
-1.801287  -0.341284
-1.821757  -0.345162
-1.842226  -0.349041
-1.862695  -0.352919
-1.883164  -0.356797
-1.903633  -0.360675
-1.924102  -0.364553
-1.944572  -0.368432
-1.965041  -0.372310
-1.630725  -0.344258
-1.623210  -0.378109
-1.614993  -0.411796
-1.606076  -0.445304
-1.596465  -0.478621
-1.586162  -0.511729
-1.575173  -0.544617
-1.563502  -0.577268
-1.551154  -0.609670
-1.538135  -0.641808
-1.524450  -0.673668
-1.510106  -0.705237
-1.495107  -0.736500
-1.479462  -0.767444
-1.463176  -0.798057
-1.446257  -0.828323
-1.446570  -0.868960
-1.445811  -0.909963
-1.443965  -0.951306
-1.441017  -0.992961
-1.436953  -1.034899
-1.431761  -1.077094
-1.425427  -1.119515
-1.417942  -1.162133
-1.409293  -1.204918
-1.399471  -1.247841
-1.388466  -1.290870
-1.376270  -1.333976
-1.362875  -1.377127
-1.348274  -1.420291
-1.332461  -1.463437
-1.315430  -1.506534
-1.623089  -0.272673
-1.643634  -0.276124
-1.664180  -0.279576
-1.684725  -0.283027
-1.705270  -0.286479
-1.725816  -0.289930
-1.746361  -0.293382
-1.766907  -0.296834
-1.787452  -0.300285
-1.807998  -0.303737
-1.828543  -0.307188
-1.849088  -0.310640
-1.869634  -0.314091
-1.890179  -0.317543
-1.910725  -0.320994
-1.931270  -0.324446
-1.951816  -0.327898
-1.972361  -0.331349
-1.617065  -0.306380
-1.610341  -0.339955
-1.602920  -0.373382
-1.594805  -0.406648
-1.586001  -0.439738
-1.576509  -0.472638
-1.566335  -0.505333
-1.555483  -0.537809
-1.543958  -0.570053
-1.531765  -0.602049
-1.518909  -0.633785
-1.505395  -0.665247
-1.491229  -0.696421
-1.476418  -0.727294
-1.460968  -0.757851
-1.444886  -0.788081
-1.428178  -0.817969
-1.428711  -0.858232
-1.428180  -0.898866
-1.426568  -0.939844
-1.423862  -0.981140
-1.420048  -1.022724
-1.415112  -1.064569
-1.409043  -1.106647
-1.401829  -1.148927
-1.393458  -1.191380
-1.383921  -1.233976
-1.373208  -1.276685
-1.361311  -1.319476
-1.348220  -1.362319
-1.333931  -1.405182
-1.318435  -1.448033
-1.301727  -1.490841
-1.283804  -1.533574
-1.607797  -0.235824
-1.628410  -0.238847
-1.649023  -0.241871
-1.669636  -0.244894
-1.690248  -0.247918
-1.710861  -0.250941
-1.731474  -0.253964
-1.752087  -0.256988
-1.772700  -0.260011
-1.793312  -0.263034
-1.813925  -0.266058
-1.834538  -0.269081
-1.855151  -0.272105
-1.875763  -0.275128
-1.896376  -0.278151
-1.916989  -0.281175
-1.937602  -0.284198
-1.958215  -0.287222
-1.978827  -0.290245
-1.602543  -0.269221
-1.596596  -0.302502
-1.589957  -0.335652
-1.582630  -0.368656
-1.574618  -0.401501
-1.565925  -0.434172
-1.556553  -0.466655
-1.546508  -0.498936
-1.535794  -0.531001
-1.524415  -0.562837
-1.512376  -0.594428
-1.499682  -0.625763
-1.486339  -0.656826
-1.472353  -0.687606
-1.457730  -0.718087
-1.442475  -0.748258
-1.426596  -0.778105
-1.410100  -0.807615
-1.410852  -0.847504
-1.410548  -0.887768
-1.409171  -0.928383
-1.406707  -0.969319
-1.403142  -1.010549
-1.398464  -1.052045
-1.392659  -1.093779
-1.385716  -1.135721
-1.377623  -1.177841
-1.368371  -1.220111
-1.357950  -1.262500
-1.346351  -1.304977
-1.333566  -1.347511
-1.319587  -1.390072
-1.304409  -1.432628
-1.288025  -1.475148
-1.270431  -1.517599
-1.251622  -1.559950
-1.591684  -0.199731
-1.612355  -0.202325
-1.633027  -0.204919
-1.653698  -0.207513
-1.674369  -0.210106
-1.695040  -0.212700
-1.715711  -0.215294
-1.736383  -0.217888
-1.757054  -0.220482
-1.777725  -0.223076
-1.798396  -0.225670
-1.819068  -0.228264
-1.839739  -0.230858
-1.860410  -0.233452
-1.881081  -0.236046
-1.901752  -0.238639
-1.922424  -0.241233
-1.943095  -0.243827
-1.963766  -0.246421
-1.984437  -0.249015
-1.587184  -0.232801
-1.581998  -0.265770
-1.576126  -0.298624
-1.569573  -0.331348
-1.562340  -0.363930
-1.554431  -0.396353
-1.545849  -0.428606
-1.536597  -0.460672
-1.526681  -0.492540
-1.516104  -0.524194
-1.504871  -0.555621
-1.492986  -0.586808
-1.480455  -0.617740
-1.467284  -0.648406
-1.453477  -0.678790
-1.439041  -0.708881
-1.423982  -0.738665
-1.408307  -0.768129
-1.392022  -0.797261
-1.392994  -0.836776
-1.392916  -0.876671
-1.391774  -0.916921
-1.389552  -0.957498
-1.386237  -0.998374
-1.381815  -1.039521
-1.376275  -1.080911
-1.369603  -1.122515
-1.361789  -1.164303
-1.352822  -1.206246
-1.342692  -1.248314
-1.331392  -1.290477
-1.318911  -1.332703
-1.305244  -1.374963
-1.290383  -1.417224
-1.274323  -1.459455
-1.257058  -1.501624
-1.238584  -1.543700
-1.218898  -1.585651
-1.574774  -0.164411
-1.595495  -0.166575
-1.616215  -0.168738
-1.636936  -0.170901
-1.657657  -0.173065
-1.678378  -0.175228
-1.699098  -0.177391
-1.719819  -0.179554
-1.740540  -0.181718
-1.761260  -0.183881
-1.781981  -0.186044
-1.802702  -0.188208
-1.823423  -0.190371
-1.844143  -0.192534
-1.864864  -0.194698
-1.885585  -0.196861
-1.906305  -0.199024
-1.927026  -0.201188
-1.947747  -0.203351
-1.968468  -0.205514
-1.989188  -0.207677
-1.571013  -0.197137
-1.566572  -0.229777
-1.561452  -0.262318
-1.555657  -0.294745
-1.549189  -0.327045
-1.542050  -0.359203
-1.534243  -0.391206
-1.525773  -0.423039
-1.516642  -0.454689
-1.506854  -0.486143
-1.496414  -0.517386
-1.485327  -0.548405
-1.473597  -0.579187
-1.461229  -0.609718
-1.448228  -0.639985
-1.434600  -0.669975
-1.420352  -0.699675
-1.405489  -0.729072
-1.390017  -0.758154
-1.373944  -0.786907
-1.375135  -0.826048
-1.375284  -0.865574
-1.374376  -0.905460
-1.372397  -0.945677
-1.369332  -0.986198
-1.365167  -1.026996
-1.359890  -1.068043
-1.353490  -1.109308
-1.345954  -1.150764
-1.337272  -1.192381
-1.327434  -1.234129
-1.316432  -1.275977
-1.304257  -1.317895
-1.290901  -1.359853
-1.276357  -1.401819
-1.260620  -1.443762
-1.243685  -1.485650
-1.225546  -1.527451
-1.206201  -1.569133
-1.185647  -1.610665
-1.557092  -0.129883
-1.577854  -0.131615
-1.598615  -0.133346
-1.619376  -0.135078
-1.640137  -0.136810
-1.660899  -0.138542
-1.681660  -0.140273
-1.702421  -0.142005
-1.723182  -0.143737
-1.743943  -0.145469
-1.764705  -0.147200
-1.785466  -0.148932
-1.806227  -0.150664
-1.826988  -0.152396
-1.847750  -0.154128
-1.868511  -0.155859
-1.889272  -0.157591
-1.910033  -0.159323
-1.930795  -0.161055
-1.951556  -0.162786
-1.972317  -0.164518
-1.993078  -0.166250
-1.554053  -0.162248
-1.550342  -0.194543
-1.545959  -0.226754
-1.540907  -0.258867
-1.535188  -0.290867
-1.528805  -0.322742
-1.521760  -0.354477
-1.514056  -0.386058
-1.505697  -0.417473
-1.496686  -0.448707
-1.487027  -0.479746
-1.476725  -0.510578
-1.465783  -0.541189
-1.454207  -0.571566
-1.442002  -0.601695
-1.429172  -0.631564
-1.415724  -0.661159
-1.401663  -0.690469
-1.386995  -0.719479
-1.371727  -0.748178
-1.355866  -0.776553
-1.357276  -0.815320
-1.357652  -0.854477
-1.356979  -0.893998
-1.355242  -0.933856
-1.352426  -0.974023
-1.348519  -1.014472
-1.343506  -1.055175
-1.337377  -1.096102
-1.330119  -1.137226
-1.321722  -1.178516
-1.312177  -1.219943
-1.301473  -1.261477
-1.289602  -1.303088
-1.276557  -1.344744
-1.262331  -1.386414
-1.246918  -1.428069
-1.230312  -1.469675
-1.212508  -1.511201
-1.193504  -1.552616
-1.173296  -1.593887
-1.151882  -1.634982
-1.538665  -0.096162
-1.559457  -0.097461
-1.580250  -0.098761
-1.601043  -0.100060
-1.621836  -0.101360
-1.642629  -0.102659
-1.663421  -0.103959
-1.684214  -0.105258
-1.705007  -0.106558
-1.725800  -0.107857
-1.746592  -0.109157
-1.767385  -0.110456
-1.788178  -0.111756
-1.808971  -0.113055
-1.829763  -0.114355
-1.850556  -0.115654
-1.871349  -0.116954
-1.892142  -0.118253
-1.912934  -0.119553
-1.933727  -0.120852
-1.954520  -0.122151
-1.975313  -0.123451
-1.996106  -0.124750
-1.536331  -0.128151
-1.533333  -0.160085
-1.529670  -0.191949
-1.525346  -0.223730
-1.520362  -0.255415
-1.514719  -0.286989
-1.508421  -0.318439
-1.501470  -0.349751
-1.493868  -0.380911
-1.485621  -0.411907
-1.476730  -0.442724
-1.467200  -0.473350
-1.457035  -0.503770
-1.446239  -0.533973
-1.434818  -0.563945
-1.422775  -0.593672
-1.410117  -0.623143
-1.396848  -0.652344
-1.382974  -0.681262
-1.368502  -0.709886
-1.353438  -0.738202
-1.337787  -0.766199
-1.339417  -0.804592
-1.340020  -0.843380
-1.339582  -0.882536
-1.338087  -0.922035
-1.335521  -0.961848
-1.331870  -1.001948
-1.327122  -1.042307
-1.321264  -1.082896
-1.314284  -1.123688
-1.306173  -1.164651
-1.296919  -1.205758
-1.286513  -1.246978
-1.274948  -1.288280
-1.262214  -1.329634
-1.248305  -1.371010
-1.233215  -1.412376
-1.216939  -1.453700
-1.199471  -1.494952
-1.180807  -1.536099
-1.160946  -1.577110
-1.139883  -1.617951
-1.117619  -1.658592
-1.519517  -0.063264
-1.540332  -0.064131
-1.561148  -0.064998
-1.581963  -0.065864
-1.602778  -0.066731
-1.623593  -0.067598
-1.644409  -0.068464
-1.665224  -0.069331
-1.686039  -0.070197
-1.706855  -0.071064
-1.727670  -0.071931
-1.748485  -0.072797
-1.769301  -0.073664
-1.790116  -0.074531
-1.810931  -0.075397
-1.831746  -0.076264
-1.852562  -0.077131
-1.873377  -0.077997
-1.894192  -0.078864
-1.915008  -0.079730
-1.935823  -0.080597
-1.956638  -0.081464
-1.977454  -0.082330
-1.998269  -0.083197
-1.517872  -0.094862
-1.515570  -0.126419
-1.512612  -0.157921
-1.508999  -0.189355
-1.504733  -0.220707
-1.499816  -0.251963
-1.494250  -0.283111
-1.488037  -0.314135
-1.481179  -0.345024
-1.473681  -0.375764
-1.465545  -0.406340
-1.456774  -0.436741
-1.447373  -0.466953
-1.437345  -0.496963
-1.426696  -0.526757
-1.415428  -0.556324
-1.403548  -0.585650
-1.391061  -0.614722
-1.377971  -0.643528
-1.364285  -0.672056
-1.350009  -0.700293
-1.335148  -0.728227
-1.319709  -0.755845
-1.321558  -0.793864
-1.322389  -0.832283
-1.322185  -0.871075
-1.320932  -0.910214
-1.318616  -0.949672
-1.315222  -0.989423
-1.310738  -1.029439
-1.305151  -1.069690
-1.298450  -1.110149
-1.290623  -1.150787
-1.281661  -1.191573
-1.271554  -1.232478
-1.260293  -1.273472
-1.247871  -1.314525
-1.234279  -1.355605
-1.219513  -1.396683
-1.203566  -1.437725
-1.186433  -1.478702
-1.168110  -1.519582
-1.148595  -1.560332
-1.127885  -1.600920
-1.105977  -1.641315
-1.082872  -1.681484
-1.499675  -0.031206
-1.520504  -0.031639
-1.541333  -0.032072
-1.562162  -0.032506
-1.582991  -0.032939
-1.603819  -0.033373
-1.624648  -0.033806
-1.645477  -0.034240
-1.666306  -0.034673
-1.687135  -0.035106
-1.707964  -0.035540
-1.728792  -0.035973
-1.749621  -0.036407
-1.770450  -0.036840
-1.791279  -0.037273
-1.812108  -0.037707
-1.832937  -0.038140
-1.853765  -0.038574
-1.874594  -0.039007
-1.895423  -0.039440
-1.916252  -0.039874
-1.937081  -0.040307
-1.957910  -0.040741
-1.978738  -0.041174
-1.999567  -0.041607
-1.498702  -0.062398
-1.497079  -0.093563
-1.494809  -0.124687
-1.491891  -0.155758
-1.488328  -0.186761
-1.484121  -0.217684
-1.479271  -0.248512
-1.473781  -0.279232
-1.467653  -0.309832
-1.460889  -0.340298
-1.453494  -0.370616
-1.445469  -0.400774
-1.436818  -0.430758
-1.427546  -0.460556
-1.417656  -0.490155
-1.407152  -0.519542
-1.396039  -0.548703
-1.384322  -0.577627
-1.372005  -0.606301
-1.359095  -0.634713
-1.345597  -0.662850
-1.331516  -0.690700
-1.316858  -0.718251
-1.301631  -0.745491
-1.303699  -0.783136
-1.304757  -0.821186
-1.304788  -0.859613
-1.303777  -0.898393
-1.301710  -0.937497
-1.298574  -0.976899
-1.294354  -1.016571
-1.289038  -1.056484
-1.282615  -1.096611
-1.275073  -1.136922
-1.266403  -1.177387
-1.256594  -1.217978
-1.245638  -1.258664
-1.233527  -1.299415
-1.220253  -1.340201
-1.205811  -1.380989
-1.190193  -1.421751
-1.173395  -1.462453
-1.155414  -1.503065
-1.136245  -1.543554
-1.115886  -1.583889
-1.094335  -1.624038
-1.071592  -1.663968
-1.047657  -1.703648
-1.479167  0.000000
-1.500000  0.000000
-1.520833  0.000000
-1.541667  0.000000
-1.562500  0.000000
-1.583333  0.000000
-1.604167  0.000000
-1.625000  0.000000
-1.645833  0.000000
-1.666667  0.000000
-1.687500  0.000000
-1.708333  0.000000
-1.729167  0.000000
-1.750000  0.000000
-1.770833  0.000000
-1.791667  0.000000
-1.812500  0.000000
-1.833333  0.000000
-1.854167  0.000000
-1.875000  0.000000
-1.895833  0.000000
-1.916667  0.000000
-1.937500  0.000000
-1.958333  0.000000
-1.979167  0.000000
-2.000000  0.000000
-1.478847  -0.030772
-1.477886  -0.061531
-1.476286  -0.092263
-1.474047  -0.122956
-1.471171  -0.153595
-1.467657  -0.184167
-1.463508  -0.214660
-1.458725  -0.245060
-1.453311  -0.275354
-1.447268  -0.305529
-1.440599  -0.335571
-1.433306  -0.365469
-1.425393  -0.395208
-1.416863  -0.424776
-1.407719  -0.454160
-1.397966  -0.483347
-1.387608  -0.512326
-1.376650  -0.541082
-1.365095  -0.569605
-1.352950  -0.597880
-1.340219  -0.625897
-1.326908  -0.653644
-1.313022  -0.681107
-1.298569  -0.708275
-1.283553  -0.735137
-1.285840  -0.772408
-1.287125  -0.810089
-1.287391  -0.848152
-1.286622  -0.886572
-1.284805  -0.925322
-1.281925  -0.964375
-1.277969  -1.003703
-1.272925  -1.043278
-1.266780  -1.083072
-1.259524  -1.123057
-1.251145  -1.163202
-1.241635  -1.203478
-1.230984  -1.243856
-1.219184  -1.284306
-1.206228  -1.324796
-1.192108  -1.365296
-1.176820  -1.405776
-1.160358  -1.446203
-1.142717  -1.486547
-1.123894  -1.526776
-1.103887  -1.566858
-1.082693  -1.606761
-1.060312  -1.646453
-1.036744  -1.685901
-1.011988  -1.725074
-1.458018  0.030339
-1.478847  0.030772
-1.499675  0.031206
-1.520504  0.031639
-1.541333  0.032072
-1.562162  0.032506
-1.582991  0.032939
-1.603819  0.033373
-1.624648  0.033806
-1.645477  0.034240
-1.666306  0.034673
-1.687135  0.035106
-1.707964  0.035540
-1.728792  0.035973
-1.749621  0.036407
-1.770450  0.036840
-1.791279  0.037273
-1.812108  0.037707
-1.832937  0.038140
-1.853765  0.038574
-1.874594  0.039007
-1.895423  0.039440
-1.916252  0.039874
-1.937081  0.040307
-1.957910  0.040741
-1.978738  0.041174
-1.999567  0.041607
-1.458333  0.000000
-1.458018  -0.030339
-1.457071  -0.060664
-1.455494  -0.090964
-1.453286  -0.121224
-1.450450  -0.151431
-1.446986  -0.181573
-1.442895  -0.211637
-1.438180  -0.241609
-1.432842  -0.271476
-1.426884  -0.301226
-1.420309  -0.330845
-1.413119  -0.360321
-1.405317  -0.389641
-1.396907  -0.418793
-1.387892  -0.447763
-1.378276  -0.476540
-1.368064  -0.505110
-1.357260  -0.533461
-1.345868  -0.561582
-1.333894  -0.589460
-1.321342  -0.617082
-1.308219  -0.644437
-1.294529  -0.671514
-1.280279  -0.698299
-1.265475  -0.724783
-1.267981  -0.761681
-1.269493  -0.798992
-1.269993  -0.836690
-1.269467  -0.874751
-1.267900  -0.913147
-1.265277  -0.951850
-1.261585  -0.990835
-1.256812  -1.030072
-1.250945  -1.069534
-1.243974  -1.109192
-1.235887  -1.149016
-1.226675  -1.188979
-1.216329  -1.229049
-1.204841  -1.269196
-1.192202  -1.309391
-1.178406  -1.349603
-1.163447  -1.389801
-1.147320  -1.429954
-1.130020  -1.470030
-1.111544  -1.509999
-1.091888  -1.549827
-1.071052  -1.589484
-1.049033  -1.628937
-1.025831  -1.668155
-1.001446  -1.707105
-0.975881  -1.745754
-1.436256  0.059798
-1.457071  0.060664
-1.477886  0.061531
-1.498702  0.062398
-1.519517  0.063264
-1.540332  0.064131
-1.561148  0.064998
-1.581963  0.065864
-1.602778  0.066731
-1.623593  0.067598
-1.644409  0.068464
-1.665224  0.069331
-1.686039  0.070197
-1.706855  0.071064
-1.727670  0.071931
-1.748485  0.072797
-1.769301  0.073664
-1.790116  0.074531
-1.810931  0.075397
-1.831746  0.076264
-1.852562  0.077131
-1.873377  0.077997
-1.894192  0.078864
-1.915008  0.079730
-1.935823  0.080597
-1.956638  0.081464
-1.977454  0.082330
-1.998269  0.083197
-1.437189  0.029905
-1.437500  0.000000
-1.437189  -0.029905
-1.436256  -0.059798
-1.434701  -0.089664
-1.432525  -0.119492
-1.429729  -0.149268
-1.426314  -0.178980
-1.422282  -0.208614
-1.417634  -0.238157
-1.412373  -0.267598
-1.406500  -0.296923
-1.400019  -0.326119
-1.392931  -0.355174
-1.385241  -0.384075
-1.376951  -0.412810
-1.368065  -0.441367
-1.358587  -0.469732
-1.348521  -0.497894
-1.337871  -0.525841
-1.326642  -0.553559
-1.314838  -0.581039
-1.302466  -0.608267
-1.289530  -0.635231
-1.276036  -0.661921
-1.261989  -0.688324
-1.247396  -0.714429
-1.250122  -0.750953
-1.251861  -0.787895
-1.252596  -0.825229
-1.252312  -0.862930
-1.250994  -0.900971
-1.248628  -0.939326
-1.245201  -0.977967
-1.240699  -1.016866
-1.235111  -1.055996
-1.228424  -1.095327
-1.220629  -1.134831
-1.211716  -1.174479
-1.201675  -1.214241
-1.190497  -1.254087
-1.178176  -1.293987
-1.164703  -1.333910
-1.150074  -1.373827
-1.134282  -1.413705
-1.117323  -1.453513
-1.099193  -1.493221
-1.079890  -1.532796
-1.059410  -1.572207
-1.037753  -1.611422
-1.014917  -1.650409
-0.990905  -1.689135
-0.965715  -1.727569
-0.939351  -1.765678
-1.413908  0.088365
-1.434701  0.089664
-1.455494  0.090964
-1.476286  0.092263
-1.497079  0.093563
-1.517872  0.094862
-1.538665  0.096162
-1.559457  0.097461
-1.580250  0.098761
-1.601043  0.100060
-1.621836  0.101360
-1.642629  0.102659
-1.663421  0.103959
-1.684214  0.105258
-1.705007  0.106558
-1.725800  0.107857
-1.746592  0.109157
-1.767385  0.110456
-1.788178  0.111756
-1.808971  0.113055
-1.829763  0.114355
-1.850556  0.115654
-1.871349  0.116954
-1.892142  0.118253
-1.912934  0.119553
-1.933727  0.120852
-1.954520  0.122151
-1.975313  0.123451
-1.996106  0.124750
-1.415440  0.058931
-1.416360  0.029472
-1.416667  0.000000
-1.416360  -0.029472
-1.415440  -0.058931
-1.413908  -0.088365
-1.411764  -0.117760
-1.409008  -0.147105
-1.405643  -0.176386
-1.401669  -0.205590
-1.397089  -0.234706
-1.391904  -0.263720
-1.386116  -0.292619
-1.379729  -0.321392
-1.372744  -0.350026
-1.365165  -0.378509
-1.356995  -0.406827
-1.348238  -0.434970
-1.338897  -0.462924
-1.328977  -0.490678
-1.318481  -0.518220
-1.307415  -0.545537
-1.295783  -0.572618
-1.283590  -0.599451
-1.270841  -0.626025
-1.257542  -0.652328
-1.243699  -0.678348
-1.229318  -0.704075
-1.232264  -0.740225
-1.234229  -0.776797
-1.235199  -0.813767
-1.235157  -0.851109
-1.234089  -0.888796
-1.231980  -0.926802
-1.228817  -0.965099
-1.224586  -1.003660
-1.219276  -1.042457
-1.212875  -1.081462
-1.205372  -1.120646
-1.196757  -1.159979
-1.187020  -1.199433
-1.176154  -1.238977
-1.164150  -1.278582
-1.151001  -1.318217
-1.136701  -1.357852
-1.121244  -1.397455
-1.104626  -1.436996
-1.086843  -1.476443
-1.067891  -1.515765
-1.047768  -1.554930
-1.026473  -1.593906
-1.004004  -1.632662
-0.980363  -1.671166
-0.955550  -1.709384
-0.929566  -1.747286
-0.902415  -1.784838
-1.391003  0.116029
-1.411764  0.117760
-1.432525  0.119492
-1.453286  0.121224
-1.474047  0.122956
-1.494809  0.124687
-1.515570  0.126419
-1.536331  0.128151
-1.557092  0.129883
-1.577854  0.131615
-1.598615  0.133346
-1.619376  0.135078
-1.640137  0.136810
-1.660899  0.138542
-1.681660  0.140273
-1.702421  0.142005
-1.723182  0.143737
-1.743943  0.145469
-1.764705  0.147200
-1.785466  0.148932
-1.806227  0.150664
-1.826988  0.152396
-1.847750  0.154128
-1.868511  0.155859
-1.889272  0.157591
-1.910033  0.159323
-1.930795  0.161055
-1.951556  0.162786
-1.972317  0.164518
-1.993078  0.166250
-1.393115  0.087065
-1.394625  0.058065
-1.395531  0.029039
-1.395833  0.000000
-1.395531  -0.029039
-1.394625  -0.058065
-1.393115  -0.087065
-1.391003  -0.116029
-1.388288  -0.144942
-1.384972  -0.173792
-1.381057  -0.202567
-1.376544  -0.231254
-1.371435  -0.259841
-1.365732  -0.288316
-1.359439  -0.316666
-1.352557  -0.344879
-1.345089  -0.372942
-1.337039  -0.400845
-1.328411  -0.428573
-1.319207  -0.456117
-1.309433  -0.483462
-1.299092  -0.510599
-1.288188  -0.537514
-1.276727  -0.564197
-1.264713  -0.590636
-1.252152  -0.616819
-1.239049  -0.642735
-1.225410  -0.668372
-1.211240  -0.693721
-1.214405  -0.729497
-1.216597  -0.765700
-1.217802  -0.802306
-1.218002  -0.839288
-1.217184  -0.876621
-1.215332  -0.914277
-1.212432  -0.952231
-1.208473  -0.990454
-1.203441  -1.028919
-1.197325  -1.067597
-1.190114  -1.106460
-1.181797  -1.145479
-1.172366  -1.184625
-1.161811  -1.223868
-1.150124  -1.263178
-1.137299  -1.302524
-1.123328  -1.341877
-1.108207  -1.381206
-1.091929  -1.420479
-1.074492  -1.459665
-1.055892  -1.498734
-1.036126  -1.537653
-1.015193  -1.576391
-0.993091  -1.614916
-0.969822  -1.653196
-0.945384  -1.691199
-0.919782  -1.728893
-0.893015  -1.766246
-0.865089  -1.803225
-1.367567  0.142778
-1.388288  0.144942
-1.409008  0.147105
-1.429729  0.149268
-1.450450  0.151431
-1.471171  0.153595
-1.491891  0.155758
-1.512612  0.157921
-1.533333  0.160085
-1.554053  0.162248
-1.574774  0.164411
-1.595495  0.166575
-1.616215  0.168738
-1.636936  0.170901
-1.657657  0.173065
-1.678378  0.175228
-1.699098  0.177391
-1.719819  0.179554
-1.740540  0.181718
-1.761260  0.183881
-1.781981  0.186044
-1.802702  0.188208
-1.823423  0.190371
-1.844143  0.192534
-1.864864  0.194698
-1.885585  0.196861
-1.906305  0.199024
-1.927026  0.201188
-1.947747  0.203351
-1.968468  0.205514
-1.989188  0.207677
-1.370241  0.114297
-1.372323  0.085766
-1.373810  0.057198
-1.374702  0.028605
-1.375000  0.000000
-1.374702  -0.028605
-1.373810  -0.057198
-1.372323  -0.085766
-1.370241  -0.114297
-1.367567  -0.142778
-1.364301  -0.171198
-1.360444  -0.199543
-1.355998  -0.227803
-1.350966  -0.255963
-1.345348  -0.284013
-1.339148  -0.311940
-1.332369  -0.339731
-1.325013  -0.367376
-1.317084  -0.394862
-1.308584  -0.422177
-1.299518  -0.449309
-1.289889  -0.476246
-1.279702  -0.502978
-1.268962  -0.529492
-1.257672  -0.555776
-1.245837  -0.581820
-1.233464  -0.607612
-1.220556  -0.633142
-1.207120  -0.658397
-1.193162  -0.683367
-1.196546  -0.718769
-1.198966  -0.754603
-1.200405  -0.790844
-1.200847  -0.827467
-1.200278  -0.864445
-1.198683  -0.901753
-1.196048  -0.939363
-1.192360  -0.977248
-1.187606  -1.015380
-1.181775  -1.053732
-1.174856  -1.092275
-1.166838  -1.130980
-1.157711  -1.169817
-1.147467  -1.208758
-1.136098  -1.247773
-1.123596  -1.286831
-1.109955  -1.325902
-1.095169  -1.364956
-1.079233  -1.403961
-1.062142  -1.442887
-1.043893  -1.481703
-1.024484  -1.520376
-1.003913  -1.558876
-0.982178  -1.597170
-0.959280  -1.635227
-0.935219  -1.673014
-0.909997  -1.710501
-0.883615  -1.747654
-0.856077  -1.784442
-0.827388  -1.820832
-1.343629  0.168604
-1.364301  0.171198
-1.384972  0.173792
-1.405643  0.176386
-1.426314  0.178980
-1.446986  0.181573
-1.467657  0.184167
-1.488328  0.186761
-1.508999  0.189355
-1.529670  0.191949
-1.550342  0.194543
-1.571013  0.197137
-1.591684  0.199731
-1.612355  0.202325
-1.633027  0.204919
-1.653698  0.207513
-1.674369  0.210106
-1.695040  0.212700
-1.715711  0.215294
-1.736383  0.217888
-1.757054  0.220482
-1.777725  0.223076
-1.798396  0.225670
-1.819068  0.228264
-1.839739  0.230858
-1.860410  0.233452
-1.881081  0.236046
-1.901752  0.238639
-1.922424  0.241233
-1.943095  0.243827
-1.963766  0.246421
-1.984437  0.249015
-1.346846  0.140615
-1.349480  0.112565
-1.351530  0.084466
-1.352995  0.056331
-1.353874  0.028172
-1.354167  0.000000
-1.353874  -0.028172
-1.352995  -0.056331
-1.351530  -0.084466
-1.349480  -0.112565
-1.346846  -0.140615
-1.343629  -0.168604
-1.339831  -0.196520
-1.335453  -0.224351
-1.330496  -0.252085
-1.324964  -0.279710
-1.318858  -0.307213
-1.312182  -0.334584
-1.304937  -0.361810
-1.297128  -0.388879
-1.288757  -0.415780
-1.279828  -0.442501
-1.270345  -0.469031
-1.260313  -0.495357
-1.249735  -0.521469
-1.238616  -0.547355
-1.226961  -0.573005
-1.214775  -0.598406
-1.202063  -0.623548
-1.188830  -0.648421
-1.175083  -0.673013
-1.178687  -0.708041
-1.181334  -0.743506
-1.183008  -0.779383
-1.183692  -0.815646
-1.183373  -0.852270
-1.182035  -0.889229
-1.179664  -0.926495
-1.176247  -0.964042
-1.171772  -1.001842
-1.166226  -1.039867
-1.159598  -1.078090
-1.151878  -1.116480
-1.143056  -1.155010
-1.133124  -1.193649
-1.122072  -1.232368
-1.109894  -1.271138
-1.096582  -1.309928
-1.082131  -1.348707
-1.066536  -1.387444
-1.049791  -1.426110
-1.031894  -1.464672
-1.012842  -1.503099
-0.992633  -1.541360
-0.971265  -1.579423
-0.948739  -1.617257
-0.925054  -1.654829
-0.900212  -1.692108
-0.874215  -1.729062
-0.847066  -1.765658
-0.818769  -1.801865
-0.789328  -1.837651
-1.319218  0.193497
-1.339831  0.196520
-1.360444  0.199543
-1.381057  0.202567
-1.401669  0.205590
-1.422282  0.208614
-1.442895  0.211637
-1.463508  0.214660
-1.484121  0.217684
-1.504733  0.220707
-1.525346  0.223730
-1.545959  0.226754
-1.566572  0.229777
-1.587184  0.232801
-1.607797  0.235824
-1.628410  0.238847
-1.649023  0.241871
-1.669636  0.244894
-1.690248  0.247918
-1.710861  0.250941
-1.731474  0.253964
-1.752087  0.256988
-1.772700  0.260011
-1.793312  0.263034
-1.813925  0.266058
-1.834538  0.269081
-1.855151  0.272105
-1.875763  0.275128
-1.896376  0.278151
-1.916989  0.281175
-1.937602  0.284198
-1.958215  0.287222
-1.978827  0.290245
-1.322958  0.166010
-1.326126  0.138452
-1.328719  0.110833
-1.330737  0.083167
-1.332179  0.055465
-1.333045  0.027738
-1.333333  0.000000
-1.333045  -0.027738
-1.332179  -0.055465
-1.330737  -0.083167
-1.328719  -0.110833
-1.326126  -0.138452
-1.322958  -0.166010
-1.319218  -0.193497
-1.314907  -0.220899
-1.310027  -0.248207
-1.304580  -0.275406
-1.298568  -0.302487
-1.291994  -0.329437
-1.284861  -0.356244
-1.277172  -0.382896
-1.268930  -0.409384
-1.260138  -0.435693
-1.250802  -0.461815
-1.240924  -0.487736
-1.230508  -0.513446
-1.219560  -0.538935
-1.208085  -0.564189
-1.196086  -0.589200
-1.183569  -0.613955
-1.170541  -0.638445
-1.157005  -0.662659
-1.160828  -0.697313
-1.163702  -0.732409
-1.165610  -0.767921
-1.166537  -0.803825
-1.166468  -0.840095
-1.165387  -0.876704
-1.163280  -0.913627
-1.160134  -0.950836
-1.155937  -0.988304
-1.150676  -1.026002
-1.144340  -1.063904
-1.136919  -1.101980
-1.128402  -1.140202
-1.118781  -1.178539
-1.108046  -1.216964
-1.096191  -1.255445
-1.083209  -1.293953
-1.069093  -1.332457
-1.053839  -1.370927
-1.037441  -1.409332
-1.019896  -1.447641
-1.001200  -1.485822
-0.981353  -1.523845
-0.960352  -1.561677
-0.938197  -1.599287
-0.914888  -1.636644
-0.890427  -1.673716
-0.864815  -1.710470
-0.838055  -1.746875
-0.810150  -1.782898
-0.781106  -1.818509
-0.750928  -1.853674
-1.294362  0.217448
-1.314907  0.220899
-1.335453  0.224351
-1.355998  0.227803
-1.376544  0.231254
-1.397089  0.234706
-1.417634  0.238157
-1.438180  0.241609
-1.458725  0.245060
-1.479271  0.248512
-1.499816  0.251963
-1.520362  0.255415
-1.540907  0.258867
-1.561452  0.262318
-1.581998  0.265770
-1.602543  0.269221
-1.623089  0.272673
-1.643634  0.276124
-1.664180  0.279576
-1.684725  0.283027
-1.705270  0.286479
-1.725816  0.289930
-1.746361  0.293382
-1.766907  0.296834
-1.787452  0.300285
-1.807998  0.303737
-1.828543  0.307188
-1.849088  0.310640
-1.869634  0.314091
-1.890179  0.317543
-1.910725  0.320994
-1.931270  0.324446
-1.951816  0.327898
-1.972361  0.331349
-1.298605  0.190473
-1.302287  0.163416
-1.305405  0.136288
-1.307958  0.109102
-1.309944  0.081867
-1.311364  0.054598
-1.312216  0.027305
-1.312500  0.000000
-1.312216  -0.027305
-1.311364  -0.054598
-1.309944  -0.081867
-1.307958  -0.109102
-1.305405  -0.136288
-1.302287  -0.163416
-1.298605  -0.190473
-1.294362  -0.217448
-1.289558  -0.244328
-1.284196  -0.271103
-1.278278  -0.297761
-1.271807  -0.324289
-1.264785  -0.350677
-1.257216  -0.376914
-1.249103  -0.402987
-1.240449  -0.428886
-1.231258  -0.454599
-1.221534  -0.480115
-1.211282  -0.505424
-1.200505  -0.530514
-1.189208  -0.555374
-1.177397  -0.579994
-1.165076  -0.604362
-1.152251  -0.628470
-1.138927  -0.652305
-1.142969  -0.686585
-1.146070  -0.721312
-1.148213  -0.756460
-1.149382  -0.792004
-1.149562  -0.827920
-1.148738  -0.864180
-1.146896  -0.900759
-1.144021  -0.937630
-1.140102  -0.974765
-1.135126  -1.012138
-1.129082  -1.049719
-1.121959  -1.087480
-1.113747  -1.125394
-1.104437  -1.163430
-1.094020  -1.201559
-1.082489  -1.239752
-1.069836  -1.277978
-1.056056  -1.316208
-1.041142  -1.354410
-1.025090  -1.392554
-1.007897  -1.430610
-0.989559  -1.468545
-0.970073  -1.506329
-0.949439  -1.543931
-0.927655  -1.581318
-0.904723  -1.618459
-0.880642  -1.655323
-0.855415  -1.691878
-0.829043  -1.728091
-0.801532  -1.763931
-0.772884  -1.799366
-0.743105  -1.834365
-0.712202  -1.868895
-1.269089  0.240450
-1.289558  0.244328
-1.310027  0.248207
-1.330496  0.252085
-1.350966  0.255963
-1.371435  0.259841
-1.391904  0.263720
-1.412373  0.267598
-1.432842  0.271476
-1.453311  0.275354
-1.473781  0.279232
-1.494250  0.283111
-1.514719  0.286989
-1.535188  0.290867
-1.555657  0.294745
-1.576126  0.298624
-1.596596  0.302502
-1.617065  0.306380
-1.637534  0.310258
-1.658003  0.314137
-1.678472  0.318015
-1.698942  0.321893
-1.719411  0.325771
-1.739880  0.329649
-1.760349  0.333528
-1.780818  0.337406
-1.801287  0.341284
-1.821757  0.345162
-1.842226  0.349041
-1.862695  0.352919
-1.883164  0.356797
-1.903633  0.360675
-1.924102  0.364553
-1.944572  0.368432
-1.965041  0.372310
-1.273816  0.213996
-1.277993  0.187450
-1.281616  0.160822
-1.284684  0.134125
-1.287196  0.107370
-1.289151  0.080568
-1.290549  0.053731
-1.291387  0.026872
-1.291667  0.000000
-1.291387  -0.026872
-1.290549  -0.053731
-1.289151  -0.080568
-1.287196  -0.107370
-1.284684  -0.134125
-1.281616  -0.160822
-1.277993  -0.187450
-1.273816  -0.213996
-1.269089  -0.240450
-1.263812  -0.266800
-1.257988  -0.293034
-1.251620  -0.319142
-1.244709  -0.345111
-1.237260  -0.370931
-1.229276  -0.396590
-1.220759  -0.422078
-1.211714  -0.447383
-1.202145  -0.472494
-1.192055  -0.497401
-1.181449  -0.522093
-1.170332  -0.546558
-1.158708  -0.570787
-1.146583  -0.594769
-1.133961  -0.618494
-1.120849  -0.641951
-1.125110  -0.675857
-1.128438  -0.710215
-1.130816  -0.744998
-1.132227  -0.780183
-1.132657  -0.815744
-1.132090  -0.851656
-1.130511  -0.887891
-1.127908  -0.924424
-1.124267  -0.961227
-1.119577  -0.998273
-1.113824  -1.035533
-1.107000  -1.072981
-1.099093  -1.110586
-1.090094  -1.148320
-1.079994  -1.186155
-1.068787  -1.224059
-1.056463  -1.262003
-1.043018  -1.299958
-1.028445  -1.337893
-1.012740  -1.375776
-0.995898  -1.413579
-0.977917  -1.451268
-0.958793  -1.488814
-0.938526  -1.526184
-0.917114  -1.563348
-0.894557  -1.600274
-0.870857  -1.636931
-0.846014  -1.673286
-0.820032  -1.709307
-0.792913  -1.744964
-0.764662  -1.780224
-0.735283  -1.815056
-0.704783  -1.849427
-0.673168  -1.883307
-1.243428  0.262497
-1.263812  0.266800
-1.284196  0.271103
-1.304580  0.275406
-1.324964  0.279710
-1.345348  0.284013
-1.365732  0.288316
-1.386116  0.292619
-1.406500  0.296923
-1.426884  0.301226
-1.447268  0.305529
-1.467653  0.309832
-1.488037  0.314135
-1.508421  0.318439
-1.528805  0.322742
-1.549189  0.327045
-1.569573  0.331348
-1.589957  0.335652
-1.610341  0.339955
-1.630725  0.344258
-1.651109  0.348561
-1.671493  0.352864
-1.691877  0.357168
-1.712261  0.361471
-1.732645  0.365774
-1.753029  0.370077
-1.773414  0.374381
-1.793798  0.378684
-1.814182  0.382987
-1.834566  0.387290
-1.854950  0.391593
-1.875334  0.395897
-1.895718  0.400200
-1.916102  0.404503
-1.936486  0.408806
-1.956870  0.413110
-1.248620  0.236572
-1.253271  0.210545
-1.257380  0.184426
-1.260945  0.158228
-1.263963  0.131962
-1.266435  0.105638
-1.268359  0.079269
-1.269733  0.052865
-1.270558  0.026438
-1.270833  0.000000
-1.270558  -0.026438
-1.269733  -0.052865
-1.268359  -0.079269
-1.266435  -0.105638
-1.263963  -0.131962
-1.260945  -0.158228
-1.257380  -0.184426
-1.253271  -0.210545
-1.248620  -0.236572
-1.243428  -0.262497
-1.237698  -0.288308
-1.231432  -0.313994
-1.224633  -0.339545
-1.217304  -0.364948
-1.209449  -0.390194
-1.201070  -0.415270
-1.192170  -0.440167
-1.182755  -0.464874
-1.172828  -0.489379
-1.162393  -0.513672
-1.151456  -0.537743
-1.140019  -0.561581
-1.128090  -0.585176
-1.115672  -0.608518
-1.102771  -0.631597
-1.107251  -0.665130
-1.110806  -0.699118
-1.113419  -0.733537
-1.115073  -0.768362
-1.115752  -0.803569
-1.115441  -0.839131
-1.114127  -0.875023
-1.111795  -0.911218
-1.108433  -0.947688
-1.104027  -0.984408
-1.098566  -1.021348
-1.092040  -1.058481
-1.084438  -1.095778
-1.075751  -1.133211
-1.065969  -1.170750
-1.055084  -1.208366
-1.043090  -1.246029
-1.029980  -1.283709
-1.015748  -1.321376
-1.000389  -1.358999
-0.983899  -1.396547
-0.966275  -1.433991
-0.947513  -1.471298
-0.927613  -1.508438
-0.906572  -1.545379
-0.884392  -1.582089
-0.861072  -1.618538
-0.836614  -1.654694
-0.811021  -1.690524
-0.784295  -1.725997
-0.756440  -1.761082
-0.727461  -1.795747
-0.697364  -1.829960
-0.666155  -1.863689
-0.633842  -1.896904
-1.217408  0.283581
-1.237698  0.288308
-1.257988  0.293034
-1.278278  0.297761
-1.298568  0.302487
-1.318858  0.307213
-1.339148  0.311940
-1.359439  0.316666
-1.379729  0.321392
-1.400019  0.326119
-1.420309  0.330845
-1.440599  0.335571
-1.460889  0.340298
-1.481179  0.345024
-1.501470  0.349751
-1.521760  0.354477
-1.542050  0.359203
-1.562340  0.363930
-1.582630  0.368656
-1.602920  0.373382
-1.623210  0.378109
-1.643500  0.382835
-1.663791  0.387561
-1.684081  0.392288
-1.704371  0.397014
-1.724661  0.401740
-1.744951  0.406467
-1.765241  0.411193
-1.785531  0.415920
-1.805821  0.420646
-1.826112  0.425372
-1.846402  0.430099
-1.866692  0.434825
-1.886982  0.439551
-1.907272  0.444278
-1.927562  0.449004
-1.947852  0.453730
-1.223044  0.258193
-1.228150  0.232694
-1.232726  0.207093
-1.236767  0.181403
-1.240273  0.155634
-1.243243  0.129798
-1.245674  0.103906
-1.247566  0.077969
-1.248918  0.051998
-1.249729  0.026005
-1.250000  0.000000
-1.249729  -0.026005
-1.248918  -0.051998
-1.247566  -0.077969
-1.245674  -0.103906
-1.243243  -0.129798
-1.240273  -0.155634
-1.236767  -0.181403
-1.232726  -0.207093
-1.228150  -0.232694
-1.223044  -0.258193
-1.217408  -0.283581
-1.211245  -0.308847
-1.204557  -0.333978
-1.197349  -0.358965
-1.189622  -0.383797
-1.181380  -0.408463
-1.172627  -0.432951
-1.163366  -0.457253
-1.153601  -0.481356
-1.143338  -0.505251
-1.132579  -0.528927
-1.121330  -0.552375
-1.109596  -0.575583
-1.097382  -0.598542
-1.084692  -0.621243
-1.089392  -0.654402
-1.093174  -0.688021
-1.096022  -0.722075
-1.097918  -0.756541
-1.098846  -0.791394
-1.098793  -0.826607
-1.097743  -0.862155
-1.095682  -0.898012
-1.092598  -0.934150
-1.088477  -0.970543
-1.083309  -1.007163
-1.077081  -1.043981
-1.069784  -1.080970
-1.061407  -1.118101
-1.051943  -1.155345
-1.041382  -1.192673
-1.029717  -1.230054
-1.016943  -1.267459
-1.003051  -1.304858
-0.988039  -1.342221
-0.971901  -1.379516
-0.954633  -1.416714
-0.936233  -1.453783
-0.916700  -1.490692
-0.896031  -1.527409
-0.874227  -1.563905
-0.851287  -1.600146
-0.827214  -1.636101
-0.802009  -1.671740
-0.775676  -1.707030
-0.748218  -1.741940
-0.719639  -1.776438
-0.689945  -1.810492
-0.659143  -1.844072
-0.627239  -1.877144
-0.594242  -1.909680
-1.191057  0.303699
-1.211245  0.308847
-1.231432  0.313994
-1.251620  0.319142
-1.271807  0.324289
-1.291994  0.329437
-1.312182  0.334584
-1.332369  0.339731
-1.352557  0.344879
-1.372744  0.350026
-1.392931  0.355174
-1.413119  0.360321
-1.433306  0.365469
-1.453494  0.370616
-1.473681  0.375764
-1.493868  0.380911
-1.514056  0.386058
-1.534243  0.391206
-1.554431  0.396353
-1.574618  0.401501
-1.594805  0.406648
-1.614993  0.411796
-1.635180  0.416943
-1.655368  0.422091
-1.675555  0.427238
-1.695743  0.432385
-1.715930  0.437533
-1.736117  0.442680
-1.756305  0.447828
-1.776492  0.452975
-1.796680  0.458123
-1.816867  0.463270
-1.837054  0.468418
-1.857242  0.473565
-1.877429  0.478712
-1.897617  0.483860
-1.917804  0.489007
-1.937991  0.494155
-1.197118  0.278855
-1.202660  0.253890
-1.207681  0.228815
-1.212180  0.203642
-1.216154  0.178380
-1.219602  0.153041
-1.222522  0.127635
-1.224913  0.102174
-1.226773  0.076670
-1.228103  0.051131
-1.228901  0.025571
-1.229167  0.000000
-1.228901  -0.025571
-1.228103  -0.051131
-1.226773  -0.076670
-1.224913  -0.102174
-1.222522  -0.127635
-1.219602  -0.153041
-1.216154  -0.178380
-1.212180  -0.203642
-1.207681  -0.228815
-1.202660  -0.253890
-1.197118  -0.278855
-1.191057  -0.303699
-1.184481  -0.328412
-1.177393  -0.352983
-1.169795  -0.377400
-1.161690  -0.401655
-1.153083  -0.425735
-1.143976  -0.449632
-1.134375  -0.473333
-1.124282  -0.496830
-1.113703  -0.520112
-1.102642  -0.543169
-1.091103  -0.565990
-1.079092  -0.588567
-1.066614  -0.610888
-1.071534  -0.643674
-1.075543  -0.676923
-1.078625  -0.710614
-1.080763  -0.744720
-1.081941  -0.779218
-1.082145  -0.814083
-1.081359  -0.849287
-1.079569  -0.884806
-1.076763  -0.920612
-1.072928  -0.956678
-1.068051  -0.992977
-1.062121  -1.029482
-1.055129  -1.066163
-1.047064  -1.102992
-1.037917  -1.139941
-1.027679  -1.176980
-1.016344  -1.214079
-1.003905  -1.251210
-0.990355  -1.288341
-0.975688  -1.325443
-0.959902  -1.362485
-0.942991  -1.399437
-0.924953  -1.436267
-0.905787  -1.472945
-0.885489  -1.509440
-0.864061  -1.545720
-0.841502  -1.581753
-0.817814  -1.617509
-0.792998  -1.652957
-0.767057  -1.688063
-0.739995  -1.722798
-0.711817  -1.757129
-0.682527  -1.791024
-0.652131  -1.824454
-0.620637  -1.857385
-0.588052  -1.889787
-0.554385  -1.921629
-1.164405  0.322846
-1.184481  0.328412
-1.204557  0.333978
-1.224633  0.339545
-1.244709  0.345111
-1.264785  0.350677
-1.284861  0.356244
-1.304937  0.361810
-1.325013  0.367376
-1.345089  0.372942
-1.365165  0.378509
-1.385241  0.384075
-1.405317  0.389641
-1.425393  0.395208
-1.445469  0.400774
-1.465545  0.406340
-1.485621  0.411907
-1.505697  0.417473
-1.525773  0.423039
-1.545849  0.428606
-1.565925  0.434172
-1.586001  0.439738
-1.606076  0.445304
-1.626152  0.450871
-1.646228  0.456437
-1.666304  0.462003
-1.686380  0.467570
-1.706456  0.473136
-1.726532  0.478702
-1.746608  0.484269
-1.766684  0.489835
-1.786760  0.495401
-1.806836  0.500968
-1.826912  0.506534
-1.846988  0.512100
-1.867064  0.517666
-1.887140  0.523233
-1.907216  0.528799
-1.927292  0.534365
-1.170870  0.298552
-1.176827  0.274129
-1.182276  0.249587
-1.187212  0.224937
-1.191635  0.200190
-1.195542  0.175356
-1.198931  0.150447
-1.201801  0.125472
-1.204151  0.100443
-1.205980  0.075370
-1.207287  0.050265
-1.208072  0.025138
-1.208333  0.000000
-1.208072  -0.025138
-1.207287  -0.050265
-1.205980  -0.075370
-1.204151  -0.100443
-1.201801  -0.125472
-1.198931  -0.150447
-1.195542  -0.175356
-1.191635  -0.200190
-1.187212  -0.224937
-1.182276  -0.249587
-1.176827  -0.274129
-1.170870  -0.298552
-1.164405  -0.322846
-1.157437  -0.347000
-1.149968  -0.371004
-1.142001  -0.394847
-1.133539  -0.418520
-1.124587  -0.442011
-1.115148  -0.465311
-1.105227  -0.488409
-1.094827  -0.511297
-1.083953  -0.533962
-1.072610  -0.556397
-1.060802  -0.578591
-1.048536  -0.600534
-1.053675  -0.632946
-1.057911  -0.665826
-1.061227  -0.699152
-1.063608  -0.732899
-1.065036  -0.767043
-1.065496  -0.801558
-1.064974  -0.836419
-1.063456  -0.871600
-1.060928  -0.907073
-1.057378  -0.942813
-1.052793  -0.978792
-1.047162  -1.014982
-1.040474  -1.051355
-1.032720  -1.087883
-1.023891  -1.124536
-1.013977  -1.161287
-1.002971  -1.198105
-0.990867  -1.234960
-0.977658  -1.271824
-0.963338  -1.308665
-0.947903  -1.345454
-0.931349  -1.382160
-0.913673  -1.418752
-0.894873  -1.455199
-0.874948  -1.491470
-0.853896  -1.527535
-0.831717  -1.563361
-0.808414  -1.598917
-0.783987  -1.634173
-0.758439  -1.669096
-0.731773  -1.703655
-0.703995  -1.737820
-0.675108  -1.771557
-0.645119  -1.804836
-0.614034  -1.837626
-0.581862  -1.869895
-0.548610  -1.901612
-0.514288  -1.932746
-1.137481  0.341017
-1.157437  0.347000
-1.177393  0.352983
-1.197349  0.358965
-1.217304  0.364948
-1.237260  0.370931
-1.257216  0.376914
-1.277172  0.382896
-1.297128  0.388879
-1.317084  0.394862
-1.337039  0.400845
-1.356995  0.406827
-1.376951  0.412810
-1.396907  0.418793
-1.416863  0.424776
-1.436818  0.430758
-1.456774  0.436741
-1.476730  0.442724
-1.496686  0.448707
-1.516642  0.454689
-1.536597  0.460672
-1.556553  0.466655
-1.576509  0.472638
-1.596465  0.478621
-1.616421  0.484603
-1.636377  0.490586
-1.656332  0.496569
-1.676288  0.502552
-1.696244  0.508534
-1.716200  0.514517
-1.736156  0.520500
-1.756111  0.526483
-1.776067  0.532465
-1.796023  0.538448
-1.815979  0.544431
-1.835935  0.550414
-1.855890  0.556396
-1.875846  0.562379
-1.895802  0.568362
-1.915758  0.574345
-1.144330  0.317279
-1.150682  0.293404
-1.156537  0.269402
-1.161892  0.245284
-1.166743  0.221059
-1.171089  0.196739
-1.174929  0.172333
-1.178260  0.147853
-1.181081  0.123308
-1.183390  0.098711
-1.185188  0.074071
-1.186472  0.049398
-1.187243  0.024704
-1.187500  0.000000
-1.187243  -0.024704
-1.186472  -0.049398
-1.185188  -0.074071
-1.183390  -0.098711
-1.181081  -0.123308
-1.178260  -0.147853
-1.174929  -0.172333
-1.171089  -0.196739
-1.166743  -0.221059
-1.161892  -0.245284
-1.156537  -0.269402
-1.150682  -0.293404
-1.144330  -0.317279
-1.137481  -0.341017
-1.130141  -0.364607
-1.122311  -0.388039
-1.113995  -0.411304
-1.105198  -0.434390
-1.095921  -0.457288
-1.086171  -0.479989
-1.075950  -0.502481
-1.065264  -0.524756
-1.054116  -0.546804
-1.042513  -0.568615
-1.030458  -0.590180
-1.035816  -0.622218
-1.040279  -0.654729
-1.043830  -0.687691
-1.046453  -0.721078
-1.048130  -0.754868
-1.048848  -0.789034
-1.048590  -0.823551
-1.047343  -0.858393
-1.045094  -0.893535
-1.041828  -0.928948
-1.037535  -0.964606
-1.032202  -1.000482
-1.025820  -1.036547
-1.018377  -1.072773
-1.009865  -1.109132
-1.000275  -1.145594
-0.989599  -1.182130
-0.977829  -1.218711
-0.964961  -1.255307
-0.950987  -1.291888
-0.935904  -1.328423
-0.919707  -1.364883
-0.902394  -1.401236
-0.883960  -1.437453
-0.864406  -1.473501
-0.843730  -1.509350
-0.821932  -1.544968
-0.799014  -1.580325
-0.774975  -1.615389
-0.749820  -1.650129
-0.723551  -1.684513
-0.696172  -1.718510
-0.667689  -1.752089
-0.638107  -1.785218
-0.607432  -1.817866
-0.575672  -1.850002
-0.542835  -1.881595
-0.508931  -1.912613
-0.473968  -1.943027
-1.110314  0.358211
-1.130141  0.364607
-1.149968  0.371004
-1.169795  0.377400
-1.189622  0.383797
-1.209449  0.390194
-1.229276  0.396590
-1.249103  0.402987
-1.268930  0.409384
-1.288757  0.415780
-1.308584  0.422177
-1.328411  0.428573
-1.348238  0.434970
-1.368065  0.441367
-1.387892  0.447763
-1.407719  0.454160
-1.427546  0.460556
-1.447373  0.466953
-1.467200  0.473350
-1.487027  0.479746
-1.506854  0.486143
-1.526681  0.492540
-1.546508  0.498936
-1.566335  0.505333
-1.586162  0.511729
-1.605989  0.518126
-1.625816  0.524523
-1.645643  0.530919
-1.665470  0.537316
-1.685297  0.543712
-1.705124  0.550109
-1.724951  0.556506
-1.744779  0.562902
-1.764606  0.569299
-1.784433  0.575696
-1.804260  0.582092
-1.824087  0.588489
-1.843914  0.594885
-1.863741  0.601282
-1.883568  0.607679
-1.903395  0.614075
-1.117525  0.335034
-1.124254  0.311713
-1.130495  0.288257
-1.136247  0.264676
-1.141508  0.240981
-1.146274  0.217181
-1.150544  0.193287
-1.154316  0.169310
-1.157588  0.145259
-1.160360  0.121145
-1.162629  0.096979
-1.164395  0.072771
-1.165657  0.048532
-1.166414  0.024271
-1.166667  0.000000
-1.166414  -0.024271
-1.165657  -0.048532
-1.164395  -0.072771
-1.162629  -0.096979
-1.160360  -0.121145
-1.157588  -0.145259
-1.154316  -0.169310
-1.150544  -0.193287
-1.146274  -0.217181
-1.141508  -0.240981
-1.136247  -0.264676
-1.130495  -0.288257
-1.124254  -0.311713
-1.117525  -0.335034
-1.110314  -0.358211
-1.102621  -0.381232
-1.094452  -0.404088
-1.085808  -0.426769
-1.076695  -0.449266
-1.067115  -0.471568
-1.057074  -0.493666
-1.046575  -0.515550
-1.035623  -0.537211
-1.024223  -0.558640
-1.012380  -0.579826
-1.017957  -0.611490
-1.022647  -0.643632
-1.026433  -0.676229
-1.029298  -0.709258
-1.031225  -0.742693
-1.032199  -0.776510
-1.032206  -0.810683
-1.031230  -0.845187
-1.029259  -0.879996
-1.026279  -0.915083
-1.022277  -0.950421
-1.017243  -0.985982
-1.011165  -1.021739
-1.004034  -1.057664
-0.995839  -1.093727
-0.986572  -1.129900
-0.976226  -1.166155
-0.964792  -1.202461
-0.952264  -1.238790
-0.938637  -1.275110
-0.923905  -1.311392
-0.908066  -1.347606
-0.891114  -1.383721
-0.873047  -1.419706
-0.853865  -1.455531
-0.833565  -1.491165
-0.812147  -1.526576
-0.789613  -1.561733
-0.765964  -1.596606
-0.741201  -1.631162
-0.715329  -1.665371
-0.688350  -1.699201
-0.660270  -1.732621
-0.631095  -1.765600
-0.600829  -1.798107
-0.569482  -1.830110
-0.537060  -1.861578
-0.503574  -1.892481
-0.469031  -1.922787
-0.433443  -1.952467
-1.082932  0.374424
-1.102621  0.381232
-1.122311  0.388039
-1.142001  0.394847
-1.161690  0.401655
-1.181380  0.408463
-1.201070  0.415270
-1.220759  0.422078
-1.240449  0.428886
-1.260138  0.435693
-1.279828  0.442501
-1.299518  0.449309
-1.319207  0.456117
-1.338897  0.462924
-1.358587  0.469732
-1.378276  0.476540
-1.397966  0.483347
-1.417656  0.490155
-1.437345  0.496963
-1.457035  0.503770
-1.476725  0.510578
-1.496414  0.517386
-1.516104  0.524194
-1.535794  0.531001
-1.555483  0.537809
-1.575173  0.544617
-1.594863  0.551424
-1.614552  0.558232
-1.634242  0.565040
-1.653932  0.571848
-1.673621  0.578655
-1.693311  0.585463
-1.713001  0.592271
-1.732690  0.599078
-1.752380  0.605886
-1.772070  0.612694
-1.791759  0.619502
-1.811449  0.626309
-1.831139  0.633117
-1.850828  0.639925
-1.870518  0.646732
-1.890208  0.653540
-1.090487  0.351814
-1.097570  0.329052
-1.104178  0.306147
-1.110308  0.283110
-1.115957  0.259950
-1.121123  0.236677
-1.125805  0.213303
-1.129998  0.189835
-1.133703  0.166286
-1.136917  0.142665
-1.139639  0.118982
-1.141868  0.095247
-1.143602  0.071472
-1.144842  0.047665
-1.145585  0.023838
-1.145833  0.000000
-1.145585  -0.023838
-1.144842  -0.047665
-1.143602  -0.071472
-1.141868  -0.095247
-1.139639  -0.118982
-1.136917  -0.142665
-1.133703  -0.166286
-1.129998  -0.189835
-1.125805  -0.213303
-1.121123  -0.236677
-1.115957  -0.259950
-1.110308  -0.283110
-1.104178  -0.306147
-1.097570  -0.329052
-1.090487  -0.351814
-1.082932  -0.374424
-1.074908  -0.396872
-1.066419  -0.419148
-1.057468  -0.441243
-1.048060  -0.463147
-1.038198  -0.484850
-1.027886  -0.506344
-1.017130  -0.527618
-1.005933  -0.548664
-0.994301  -0.569472
-1.000098  -0.600762
-1.005015  -0.632535
-1.009036  -0.664768
-1.012143  -0.697437
-1.014320  -0.730517
-1.015551  -0.763985
-1.015822  -0.797815
-1.015117  -0.831981
-1.013424  -0.866458
-1.010729  -0.901218
-1.007019  -0.936236
-1.002284  -0.971483
-0.996511  -1.006931
-0.989690  -1.042554
-0.981813  -1.078322
-0.972870  -1.114207
-0.962853  -1.150180
-0.951754  -1.186212
-0.939567  -1.222272
-0.926286  -1.258332
-0.911907  -1.294361
-0.896424  -1.330329
-0.879834  -1.366206
-0.862134  -1.401960
-0.843323  -1.437562
-0.823399  -1.472980
-0.802363  -1.508183
-0.780213  -1.543141
-0.756953  -1.577822
-0.732583  -1.612195
-0.707107  -1.646229
-0.680528  -1.679892
-0.652852  -1.713154
-0.624082  -1.745983
-0.594227  -1.778347
-0.563292  -1.810217
-0.531286  -1.841561
-0.498216  -1.872348
-0.464094  -1.902547
-0.428928  -1.932129
-0.392731  -1.961062
-1.055364  0.389656
-1.074908  0.396872
-1.094452  0.404088
-1.113995  0.411304
-1.133539  0.418520
-1.153083  0.425735
-1.172627  0.432951
-1.192170  0.440167
-1.211714  0.447383
-1.231258  0.454599
-1.250802  0.461815
-1.270345  0.469031
-1.289889  0.476246
-1.309433  0.483462
-1.328977  0.490678
-1.348521  0.497894
-1.368064  0.505110
-1.387608  0.512326
-1.407152  0.519542
-1.426696  0.526757
-1.446239  0.533973
-1.465783  0.541189
-1.485327  0.548405
-1.504871  0.555621
-1.524415  0.562837
-1.543958  0.570053
-1.563502  0.577268
-1.583046  0.584484
-1.602590  0.591700
-1.622133  0.598916
-1.641677  0.606132
-1.661221  0.613348
-1.680765  0.620564
-1.700309  0.627779
-1.719852  0.634995
-1.739396  0.642211
-1.758940  0.649427
-1.778484  0.656643
-1.798027  0.663859
-1.817571  0.671075
-1.837115  0.678290
-1.856659  0.685506
-1.876203  0.692722
-1.063242  0.367616
-1.070660  0.345417
-1.077614  0.323069
-1.084102  0.300581
-1.090120  0.277962
-1.095667  0.255223
-1.100739  0.232374
-1.105335  0.209424
-1.109453  0.186384
-1.113090  0.163263
-1.116246  0.140071
-1.118918  0.116819
-1.121107  0.093516
-1.122809  0.070172
-1.124026  0.046798
-1.124757  0.023404
-1.125000  0.000000
-1.124757  -0.023404
-1.124026  -0.046798
-1.122809  -0.070172
-1.121107  -0.093516
-1.118918  -0.116819
-1.116246  -0.140071
-1.113090  -0.163263
-1.109453  -0.186384
-1.105335  -0.209424
-1.100739  -0.232374
-1.095667  -0.255223
-1.090120  -0.277962
-1.084102  -0.300581
-1.077614  -0.323069
-1.070660  -0.345417
-1.063242  -0.367616
-1.055364  -0.389656
-1.047029  -0.411527
-1.038241  -0.433220
-1.029004  -0.454726
-1.019321  -0.476035
-1.009197  -0.497137
-0.998637  -0.518025
-0.987644  -0.538688
-0.976223  -0.559118
-0.982239  -0.590034
-0.987383  -0.621438
-0.991639  -0.653306
-0.994988  -0.685616
-0.997414  -0.718342
-0.998903  -0.751461
-0.999438  -0.784947
-0.999004  -0.818775
-0.997589  -0.852920
-0.995179  -0.887353
-0.991761  -0.922050
-0.987324  -0.956983
-0.981856  -0.992124
-0.975347  -1.027445
-0.967787  -1.062918
-0.959168  -1.098514
-0.949480  -1.134206
-0.938716  -1.169962
-0.926870  -1.205755
-0.913936  -1.241554
-0.899908  -1.277330
-0.884782  -1.313052
-0.868554  -1.348690
-0.851221  -1.384214
-0.832782  -1.419592
-0.813234  -1.454795
-0.792578  -1.489791
-0.770813  -1.524549
-0.747941  -1.559039
-0.723964  -1.593228
-0.698885  -1.627087
-0.672706  -1.660583
-0.645433  -1.693686
-0.617070  -1.726365
-0.587624  -1.758588
-0.557102  -1.790325
-0.525511  -1.821544
-0.492859  -1.852215
-0.459157  -1.882307
-0.424413  -1.911790
-0.388640  -1.940634
-0.351849  -1.968807
-1.027640  0.403906
-1.047029  0.411527
-1.066419  0.419148
-1.085808  0.426769
-1.105198  0.434390
-1.124587  0.442011
-1.143976  0.449632
-1.163366  0.457253
-1.182755  0.464874
-1.202145  0.472494
-1.221534  0.480115
-1.240924  0.487736
-1.260313  0.495357
-1.279702  0.502978
-1.299092  0.510599
-1.318481  0.518220
-1.337871  0.525841
-1.357260  0.533461
-1.376650  0.541082
-1.396039  0.548703
-1.415428  0.556324
-1.434818  0.563945
-1.454207  0.571566
-1.473597  0.579187
-1.492986  0.586808
-1.512376  0.594428
-1.531765  0.602049
-1.551154  0.609670
-1.570544  0.617291
-1.589933  0.624912
-1.609323  0.632533
-1.628712  0.640154
-1.648102  0.647775
-1.667491  0.655395
-1.686880  0.663016
-1.706270  0.670637
-1.725659  0.678258
-1.745049  0.685879
-1.764438  0.693500
-1.783828  0.701121
-1.803217  0.708742
-1.822606  0.716362
-1.841996  0.723983
-1.861385  0.731604
-1.035820  0.382440
-1.043552  0.360809
-1.050833  0.339021
-1.057658  0.317086
-1.064026  0.295014
-1.069933  0.272815
-1.075377  0.250497
-1.080355  0.228071
-1.084866  0.205546
-1.088908  0.182932
-1.092478  0.160239
-1.095575  0.137477
-1.098198  0.114655
-1.100345  0.091784
-1.102017  0.068873
-1.103211  0.045932
-1.103928  0.022971
-1.104167  0.000000
-1.103928  -0.022971
-1.103211  -0.045932
-1.102017  -0.068873
-1.100345  -0.091784
-1.098198  -0.114655
-1.095575  -0.137477
-1.092478  -0.160239
-1.088908  -0.182932
-1.084866  -0.205546
-1.080355  -0.228071
-1.075377  -0.250497
-1.069933  -0.272815
-1.064026  -0.295014
-1.057658  -0.317086
-1.050833  -0.339021
-1.043552  -0.360809
-1.035820  -0.382440
-1.027640  -0.403906
-1.019015  -0.425198
-1.009948  -0.446305
-1.000445  -0.467219
-0.990509  -0.487931
-0.980143  -0.508432
-0.969354  -0.528712
-0.958145  -0.548764
-0.964380  -0.579306
-0.969752  -0.610341
-0.974241  -0.641845
-0.977833  -0.673795
-0.980509  -0.706167
-0.982254  -0.738936
-0.983053  -0.772079
-0.982891  -0.805569
-0.981755  -0.839381
-0.979630  -0.873489
-0.976504  -0.907865
-0.972365  -0.942483
-0.967202  -0.977316
-0.961004  -1.012335
-0.953761  -1.047513
-0.945465  -1.082821
-0.936107  -1.118231
-0.925678  -1.153713
-0.914173  -1.189238
-0.901585  -1.224777
-0.887909  -1.260299
-0.873140  -1.295775
-0.857274  -1.331175
-0.840308  -1.366467
-0.822240  -1.401623
-0.803069  -1.436610
-0.782793  -1.471398
-0.761413  -1.505957
-0.738930  -1.540255
-0.715346  -1.574261
-0.690662  -1.607944
-0.664884  -1.641274
-0.638014  -1.674218
-0.610058  -1.706747
-0.581022  -1.738829
-0.550912  -1.770432
-0.519736  -1.801527
-0.487502  -1.832082
-0.454220  -1.862068
-0.419898  -1.891452
-0.384549  -1.920206
-0.348183  -1.948299
-0.310814  -1.975701
-0.999788  0.417175
-1.019015  0.425198
-1.038241  0.433220
-1.057468  0.441243
-1.076695  0.449266
-1.095921  0.457288
-1.115148  0.465311
-1.134375  0.473333
-1.153601  0.481356
-1.172828  0.489379
-1.192055  0.497401
-1.211282  0.505424
-1.230508  0.513446
-1.249735  0.521469
-1.268962  0.529492
-1.288188  0.537514
-1.307415  0.545537
-1.326642  0.553559
-1.345868  0.561582
-1.365095  0.569605
-1.384322  0.577627
-1.403548  0.585650
-1.422775  0.593672
-1.442002  0.601695
-1.461229  0.609718
-1.480455  0.617740
-1.499682  0.625763
-1.518909  0.633785
-1.538135  0.641808
-1.557362  0.649831
-1.576589  0.657853
-1.595815  0.665876
-1.615042  0.673898
-1.634269  0.681921
-1.653495  0.689944
-1.672722  0.697966
-1.691949  0.705989
-1.711176  0.714011
-1.730402  0.722034
-1.749629  0.730057
-1.768856  0.738079
-1.788082  0.746102
-1.807309  0.754124
-1.826536  0.762147
-1.845762  0.770170
-1.008250  0.396286
-1.016276  0.375224
-1.023863  0.354001
-1.031005  0.332624
-1.037702  0.311103
-1.043950  0.289448
-1.049745  0.267667
-1.055087  0.245771
-1.059971  0.223768
-1.064397  0.201668
-1.068362  0.179481
-1.071865  0.157216
-1.074904  0.134883
-1.077477  0.112492
-1.079584  0.090052
-1.081224  0.067573
-1.082396  0.045065
-1.083099  0.022537
-1.083333  0.000000
-1.083099  -0.022537
-1.082396  -0.045065
-1.081224  -0.067573
-1.079584  -0.090052
-1.077477  -0.112492
-1.074904  -0.134883
-1.071865  -0.157216
-1.068362  -0.179481
-1.064397  -0.201668
-1.059971  -0.223768
-1.055087  -0.245771
-1.049745  -0.267667
-1.043950  -0.289448
-1.037702  -0.311103
-1.031005  -0.332624
-1.023863  -0.354001
-1.016276  -0.375224
-1.008250  -0.396286
-0.999788  -0.417175
-0.990893  -0.437884
-0.981569  -0.458404
-0.971820  -0.478725
-0.961650  -0.498839
-0.951064  -0.518737
-0.940067  -0.538410
-0.946521  -0.568578
-0.952120  -0.599244
-0.956844  -0.630383
-0.960678  -0.661974
-0.963604  -0.693991
-0.965606  -0.726412
-0.966669  -0.759211
-0.966778  -0.792363
-0.965920  -0.825843
-0.964080  -0.859624
-0.961246  -0.893679
-0.957405  -0.927983
-0.952547  -0.962508
-0.946660  -0.997226
-0.939735  -1.032109
-0.931763  -1.067128
-0.922734  -1.102256
-0.912641  -1.137463
-0.901477  -1.172721
-0.889235  -1.207999
-0.875910  -1.243268
-0.861498  -1.278498
-0.845994  -1.313659
-0.829395  -1.348721
-0.811699  -1.383653
-0.792903  -1.418425
-0.773008  -1.453006
-0.752013  -1.487365
-0.729919  -1.521471
-0.706727  -1.555294
-0.682440  -1.588802
-0.657062  -1.621965
-0.630595  -1.654751
-0.603046  -1.687129
-0.574419  -1.719069
-0.544722  -1.750540
-0.513961  -1.781510
-0.482145  -1.811950
-0.449282  -1.841828
-0.415383  -1.871114
-0.380458  -1.899778
-0.344518  -1.927791
-0.307576  -1.955121
-0.269645  -1.981740
-0.971837  0.429463
-0.990893  0.437884
-1.009948  0.446305
-1.029004  0.454726
-1.048060  0.463147
-1.067115  0.471568
-1.086171  0.479989
-1.105227  0.488409
-1.124282  0.496830
-1.143338  0.505251
-1.162393  0.513672
-1.181449  0.522093
-1.200505  0.530514
-1.219560  0.538935
-1.238616  0.547355
-1.257672  0.555776
-1.276727  0.564197
-1.295783  0.572618
-1.314838  0.581039
-1.333894  0.589460
-1.352950  0.597880
-1.372005  0.606301
-1.391061  0.614722
-1.410117  0.623143
-1.429172  0.631564
-1.448228  0.639985
-1.467284  0.648406
-1.486339  0.656826
-1.505395  0.665247
-1.524450  0.673668
-1.543506  0.682089
-1.562562  0.690510
-1.581617  0.698931
-1.600673  0.707352
-1.619729  0.715772
-1.638784  0.724193
-1.657840  0.732614
-1.676895  0.741035
-1.695951  0.749456
-1.715007  0.757877
-1.734062  0.766297
-1.753118  0.774718
-1.772174  0.783139
-1.791229  0.791560
-1.810285  0.799981
-1.829340  0.808402
-0.980561  0.409153
-0.988861  0.388665
-0.996733  0.368009
-1.004173  0.347193
-1.011178  0.326227
-1.017746  0.305121
-1.023874  0.283882
-1.029558  0.262520
-1.034797  0.241044
-1.039587  0.219464
-1.043928  0.197790
-1.047817  0.176029
-1.051252  0.154193
-1.054232  0.132289
-1.056756  0.110329
-1.058823  0.088320
-1.060431  0.066274
-1.061580  0.044198
-1.062270  0.022104
-1.062500  0.000000
-1.062270  -0.022104
-1.061580  -0.044198
-1.060431  -0.066274
-1.058823  -0.088320
-1.056756  -0.110329
-1.054232  -0.132289
-1.051252  -0.154193
-1.047817  -0.176029
-1.043928  -0.197790
-1.039587  -0.219464
-1.034797  -0.241044
-1.029558  -0.262520
-1.023874  -0.283882
-1.017746  -0.305121
-1.011178  -0.326227
-1.004173  -0.347193
-0.996733  -0.368009
-0.988861  -0.388665
-0.980561  -0.409153
-0.971837  -0.429463
-0.962692  -0.449588
-0.953131  -0.469519
-0.943157  -0.489246
-0.932775  -0.508761
-0.921989  -0.528056
-0.928662  -0.557851
-0.934488  -0.588147
-0.939447  -0.618922
-0.943523  -0.650153
-0.946698  -0.681816
-0.948958  -0.713888
-0.950285  -0.746343
-0.950665  -0.779157
-0.950085  -0.812304
-0.948530  -0.845759
-0.945988  -0.879494
-0.942446  -0.913484
-0.937892  -0.947700
-0.932317  -0.982116
-0.925710  -1.016704
-0.918060  -1.051435
-0.909361  -1.086281
-0.899603  -1.121214
-0.888780  -1.156204
-0.876884  -1.191221
-0.863912  -1.226237
-0.849856  -1.261221
-0.834714  -1.296144
-0.818482  -1.330975
-0.801157  -1.365684
-0.782738  -1.400240
-0.763223  -1.434613
-0.742613  -1.468773
-0.720907  -1.502688
-0.698108  -1.536327
-0.674218  -1.569660
-0.649239  -1.602656
-0.623176  -1.635283
-0.596034  -1.667511
-0.567817  -1.699310
-0.538532  -1.730647
-0.508186  -1.761493
-0.476788  -1.791817
-0.444345  -1.821588
-0.410868  -1.850776
-0.376367  -1.879351
-0.340853  -1.907282
-0.304339  -1.934541
-0.266836  -1.961096
-0.228359  -1.986920
-0.943816  0.440773
-0.962692  0.449588
-0.981569  0.458404
-1.000445  0.467219
-1.019321  0.476035
-1.038198  0.484850
-1.057074  0.493666
-1.075950  0.502481
-1.094827  0.511297
-1.113703  0.520112
-1.132579  0.528927
-1.151456  0.537743
-1.170332  0.546558
-1.189208  0.555374
-1.208085  0.564189
-1.226961  0.573005
-1.245837  0.581820
-1.264713  0.590636
-1.283590  0.599451
-1.302466  0.608267
-1.321342  0.617082
-1.340219  0.625897
-1.359095  0.634713
-1.377971  0.643528
-1.396848  0.652344
-1.415724  0.661159
-1.434600  0.669975
-1.453477  0.678790
-1.472353  0.687606
-1.491229  0.696421
-1.510106  0.705237
-1.528982  0.714052
-1.547858  0.722868
-1.566735  0.731683
-1.585611  0.740498
-1.604487  0.749314
-1.623364  0.758129
-1.642240  0.766945
-1.661116  0.775760
-1.679993  0.784576
-1.698869  0.793391
-1.717745  0.802207
-1.736622  0.811022
-1.755498  0.819838
-1.774374  0.828653
-1.793250  0.837468
-1.812127  0.846284
-0.952782  0.421043
-0.961335  0.401130
-0.969472  0.381044
-0.977189  0.360793
-0.984483  0.340385
-0.991351  0.319831
-0.997791  0.299138
-1.003798  0.278315
-1.009371  0.257372
-1.014506  0.236318
-1.019203  0.215161
-1.023459  0.193911
-1.027271  0.172578
-1.030639  0.151169
-1.033561  0.129695
-1.036036  0.108165
-1.038062  0.086589
-1.039638  0.064974
-1.040765  0.043332
-1.041441  0.021671
-1.041667  0.000000
-1.041441  -0.021671
-1.040765  -0.043332
-1.039638  -0.064974
-1.038062  -0.086589
-1.036036  -0.108165
-1.033561  -0.129695
-1.030639  -0.151169
-1.027271  -0.172578
-1.023459  -0.193911
-1.019203  -0.215161
-1.014506  -0.236318
-1.009371  -0.257372
-1.003798  -0.278315
-0.997791  -0.299138
-0.991351  -0.319831
-0.984483  -0.340385
-0.977189  -0.360793
-0.969472  -0.381044
-0.961335  -0.401130
-0.952782  -0.421043
-0.943816  -0.440773
-0.934442  -0.460312
-0.924664  -0.479653
-0.914485  -0.498785
-0.903910  -0.517702
-0.910804  -0.547123
-0.916856  -0.577050
-0.922050  -0.607460
-0.926368  -0.638332
-0.929793  -0.669641
-0.932309  -0.701363
-0.933901  -0.733475
-0.934552  -0.765951
-0.934250  -0.798766
-0.932980  -0.831894
-0.930730  -0.865309
-0.927486  -0.898984
-0.923238  -0.932892
-0.917974  -0.967007
-0.911684  -1.001299
-0.904358  -1.035742
-0.895988  -1.070307
-0.886565  -1.104964
-0.876083  -1.139686
-0.864534  -1.174443
-0.851913  -1.209206
-0.838214  -1.243944
-0.823434  -1.278628
-0.807569  -1.313228
-0.790615  -1.347714
-0.772572  -1.382055
-0.753438  -1.416221
-0.733212  -1.450181
-0.711896  -1.483904
-0.689490  -1.517360
-0.665996  -1.550518
-0.641417  -1.583347
-0.615758  -1.615816
-0.589022  -1.647894
-0.561214  -1.679550
-0.532342  -1.710755
-0.502411  -1.741476
-0.471431  -1.771684
-0.439408  -1.801348
-0.406353  -1.830438
-0.372276  -1.858923
-0.337188  -1.886774
-0.301101  -1.913960
-0.264027  -1.940453
-0.225980  -1.966223
-0.186974  -1.991241
-0.915753  0.451106
-0.934442  0.460312
-0.953131  0.469519
-0.971820  0.478725
-0.990509  0.487931
-1.009197  0.497137
-1.027886  0.506344
-1.046575  0.515550
-1.065264  0.524756
-1.083953  0.533962
-1.102642  0.543169
-1.121330  0.552375
-1.140019  0.561581
-1.158708  0.570787
-1.177397  0.579994
-1.196086  0.589200
-1.214775  0.598406
-1.233464  0.607612
-1.252152  0.616819
-1.270841  0.626025
-1.289530  0.635231
-1.308219  0.644437
-1.326908  0.653644
-1.345597  0.662850
-1.364285  0.672056
-1.382974  0.681262
-1.401663  0.690469
-1.420352  0.699675
-1.439041  0.708881
-1.457730  0.718087
-1.476418  0.727294
-1.495107  0.736500
-1.513796  0.745706
-1.532485  0.754912
-1.551174  0.764119
-1.569863  0.773325
-1.588551  0.782531
-1.607240  0.791737
-1.625929  0.800944
-1.644618  0.810150
-1.663307  0.819356
-1.681996  0.828562
-1.700685  0.837769
-1.719373  0.846975
-1.738062  0.856181
-1.756751  0.865387
-1.775440  0.874594
-1.794129  0.883800
-0.924940  0.431957
-0.933726  0.412622
-0.942108  0.393107
-0.950082  0.373423
-0.957645  0.353577
-0.964794  0.333578
-0.971524  0.313434
-0.977835  0.293155
-0.983722  0.272749
-0.989183  0.252225
-0.994216  0.231592
-0.998819  0.210858
-1.002990  0.190033
-1.006726  0.169126
-1.010026  0.148146
-1.012890  0.127101
-1.015315  0.106002
-1.017300  0.084857
-1.018846  0.063675
-1.019950  0.042465
-1.020612  0.021237
-1.020833  0.000000
-1.020612  -0.021237
-1.019950  -0.042465
-1.018846  -0.063675
-1.017300  -0.084857
-1.015315  -0.106002
-1.012890  -0.127101
-1.010026  -0.148146
-1.006726  -0.169126
-1.002990  -0.190033
-0.998819  -0.210858
-0.994216  -0.231592
-0.989183  -0.252225
-0.983722  -0.272749
-0.977835  -0.293155
-0.971524  -0.313434
-0.964794  -0.333578
-0.957645  -0.353577
-0.950082  -0.373423
-0.942108  -0.393107
-0.933726  -0.412622
-0.924940  -0.431957
-0.915753  -0.451106
-0.906170  -0.470060
-0.896195  -0.488810
-0.885832  -0.507348
-0.892945  -0.536395
-0.899224  -0.565952
-0.904653  -0.595999
-0.909213  -0.626511
-0.912888  -0.657466
-0.915661  -0.688839
-0.917516  -0.720607
-0.918440  -0.752745
-0.918416  -0.785228
-0.917431  -0.818029
-0.915472  -0.851123
-0.912527  -0.884484
-0.908583  -0.918084
-0.903630  -0.951897
-0.897658  -0.985895
-0.890656  -1.020049
-0.882615  -1.054332
-0.873528  -1.088715
-0.863386  -1.123169
-0.852184  -1.157666
-0.839914  -1.192175
-0.826572  -1.226667
-0.812154  -1.261113
-0.796656  -1.295482
-0.780074  -1.329745
-0.762407  -1.363870
-0.743653  -1.397828
-0.723812  -1.431589
-0.702885  -1.465121
-0.680871  -1.498393
-0.657774  -1.531376
-0.633595  -1.564038
-0.608339  -1.596348
-0.582009  -1.628276
-0.554612  -1.659791
-0.526152  -1.690862
-0.496637  -1.721459
-0.466073  -1.751551
-0.434471  -1.781108
-0.401838  -1.810099
-0.368185  -1.838495
-0.333523  -1.866265
-0.297863  -1.893380
-0.261218  -1.919810
-0.223601  -1.945526
-0.185026  -1.970499
-0.145508  -1.994700
-0.887677  0.460467
-0.906170  0.470060
-0.924664  0.479653
-0.943157  0.489246
-0.961650  0.498839
-0.980143  0.508432
-0.998637  0.518025
-1.017130  0.527618
-1.035623  0.537211
-1.054116  0.546804
-1.072610  0.556397
-1.091103  0.565990
-1.109596  0.575583
-1.128090  0.585176
-1.146583  0.594769
-1.165076  0.604362
-1.183569  0.613955
-1.202063  0.623548
-1.220556  0.633142
-1.239049  0.642735
-1.257542  0.652328
-1.276036  0.661921
-1.294529  0.671514
-1.313022  0.681107
-1.331516  0.690700
-1.350009  0.700293
-1.368502  0.709886
-1.386995  0.719479
-1.405489  0.729072
-1.423982  0.738665
-1.442475  0.748258
-1.460968  0.757851
-1.479462  0.767444
-1.497955  0.777037
-1.516448  0.786630
-1.534942  0.796223
-1.553435  0.805816
-1.571928  0.815410
-1.590421  0.825003
-1.608915  0.834596
-1.627408  0.844189
-1.645901  0.853782
-1.664394  0.863375
-1.682888  0.872968
-1.701381  0.882561
-1.719874  0.892154
-1.738368  0.901747
-1.756861  0.911340
-1.775354  0.920933
-0.897064  0.441900
-0.906063  0.423142
-0.914670  0.404201
-0.922881  0.385085
-0.930693  0.365802
-0.938101  0.346361
-0.945104  0.326770
-0.951697  0.307038
-0.957879  0.287172
-0.963646  0.267183
-0.968996  0.247077
-0.973926  0.226865
-0.978435  0.206555
-0.982520  0.186155
-0.986180  0.165675
-0.989414  0.145122
-0.992219  0.124508
-0.994594  0.103839
-0.996539  0.083125
-0.998053  0.062375
-0.999134  0.041598
-0.999784  0.020804
-1.000000  0.000000
-0.999784  -0.020804
-0.999134  -0.041598
-0.998053  -0.062375
-0.996539  -0.083125
-0.994594  -0.103839
-0.992219  -0.124508
-0.989414  -0.145122
-0.986180  -0.165675
-0.982520  -0.186155
-0.978435  -0.206555
-0.973926  -0.226865
-0.968996  -0.247077
-0.963646  -0.267183
-0.957879  -0.287172
-0.951697  -0.307038
-0.945104  -0.326770
-0.938101  -0.346361
-0.930693  -0.365802
-0.922881  -0.385085
-0.914670  -0.404201
-0.906063  -0.423142
-0.897064  -0.441900
-0.887677  -0.460467
-0.877906  -0.478834
-0.867754  -0.496994
-0.875086  -0.525667
-0.881592  -0.554855
-0.887256  -0.584537
-0.892058  -0.614690
-0.895982  -0.645290
-0.899012  -0.676315
-0.901132  -0.707739
-0.902327  -0.739539
-0.902581  -0.771689
-0.901881  -0.804164
-0.900214  -0.836938
-0.897567  -0.869984
-0.893929  -0.903277
-0.889287  -0.936788
-0.883632  -0.970490
-0.876953  -1.004356
-0.869242  -1.038357
-0.860490  -1.072465
-0.850689  -1.106652
-0.839833  -1.140888
-0.827915  -1.175144
-0.814931  -1.209390
-0.800874  -1.243597
-0.785743  -1.277736
-0.769532  -1.311775
-0.752241  -1.345685
-0.733868  -1.379436
-0.714412  -1.412997
-0.693873  -1.446337
-0.672252  -1.479426
-0.649552  -1.512234
-0.625773  -1.544728
-0.600920  -1.576880
-0.574997  -1.608658
-0.548009  -1.640031
-0.519962  -1.670970
-0.490862  -1.701442
-0.460716  -1.731418
-0.429534  -1.760868
-0.397323  -1.789761
-0.364094  -1.818067
-0.329858  -1.845757
-0.294626  -1.872800
-0.258409  -1.899167
-0.221222  -1.924829
-0.183079  -1.949757
-0.143992  -1.973922
-0.103979  -1.997295
-0.877906  0.478834
-0.896195  0.488810
-0.914485  0.498785
-0.932775  0.508761
-0.951064  0.518737
-0.969354  0.528712
-0.987644  0.538688
-1.005933  0.548664
-1.024223  0.558640
-1.042513  0.568615
-1.060802  0.578591
-1.079092  0.588567
-1.097382  0.598542
-1.115672  0.608518
-1.133961  0.618494
-1.152251  0.628470
-1.170541  0.638445
-1.188830  0.648421
-1.207120  0.658397
-1.225410  0.668372
-1.243699  0.678348
-1.261989  0.688324
-1.280279  0.698299
-1.298569  0.708275
-1.316858  0.718251
-1.335148  0.728227
-1.353438  0.738202
-1.371727  0.748178
-1.390017  0.758154
-1.408307  0.768129
-1.426596  0.778105
-1.444886  0.788081
-1.463176  0.798057
-1.481466  0.808032
-1.499755  0.818008
-1.518045  0.827984
-1.536335  0.837959
-1.554624  0.847935
-1.572914  0.857911
-1.591204  0.867886
-1.609493  0.877862
-1.627783  0.887838
-1.646073  0.897814
-1.664363  0.907789
-1.682652  0.917765
-1.700942  0.927741
-1.719232  0.937716
-1.737521  0.947692
-1.755811  0.957668
-0.857227  -0.514939
-0.863960  -0.543758
-0.869858  -0.573076
-0.874903  -0.602869
-0.879077  -0.633115
-0.882364  -0.663790
-0.884748  -0.694871
-0.886214  -0.726333
-0.886746  -0.758151
-0.886331  -0.790299
-0.884956  -0.822753
-0.882608  -0.855485
-0.879274  -0.888469
-0.874944  -0.921678
-0.869606  -0.955085
-0.863251  -0.988663
-0.855869  -1.022383
-0.847452  -1.056216
-0.837992  -1.090135
-0.827483  -1.124110
-0.815917  -1.158113
-0.803289  -1.192113
-0.789594  -1.226082
-0.774829  -1.259989
-0.758991  -1.293806
-0.742076  -1.327500
-0.724083  -1.361044
-0.705012  -1.394405
-0.684862  -1.427553
-0.663634  -1.460459
-0.641329  -1.493091
-0.617951  -1.525419
-0.593501  -1.557413
-0.567985  -1.589040
-0.541407  -1.620272
-0.513772  -1.651077
-0.485087  -1.681425
-0.455359  -1.711286
-0.424597  -1.740628
-0.392808  -1.769423
-0.360003  -1.797640
-0.326193  -1.825249
-0.291388  -1.852220
-0.255601  -1.878524
-0.218844  -1.904132
-0.181131  -1.929015
-0.142477  -1.953144
-0.102896  -1.976490
-0.062406  -1.999026
-0.867754  0.496994
-0.885832  0.507348
-0.903910  0.517702
-0.921989  0.528056
-0.940067  0.538410
-0.958145  0.548764
-0.976223  0.559118
-0.994301  0.569472
-1.012380  0.579826
-1.030458  0.590180
-1.048536  0.600534
-1.066614  0.610888
-1.084692  0.621243
-1.102771  0.631597
-1.120849  0.641951
-1.138927  0.652305
-1.157005  0.662659
-1.175083  0.673013
-1.193162  0.683367
-1.211240  0.693721
-1.229318  0.704075
-1.247396  0.714429
-1.265475  0.724783
-1.283553  0.735137
-1.301631  0.745491
-1.319709  0.755845
-1.337787  0.766199
-1.355866  0.776553
-1.373944  0.786907
-1.392022  0.797261
-1.410100  0.807615
-1.428178  0.817969
-1.446257  0.828323
-1.464335  0.838677
-1.482413  0.849031
-1.500491  0.859385
-1.518569  0.869740
-1.536648  0.880094
-1.554726  0.890448
-1.572804  0.900802
-1.590882  0.911156
-1.608960  0.921510
-1.627039  0.931864
-1.645117  0.942218
-1.663195  0.952572
-1.681273  0.962926
-1.699352  0.973280
-1.717430  0.983634
-1.735508  0.993988
-0.846329  -0.532661
-0.852461  -0.561614
-0.857748  -0.591048
-0.862172  -0.620940
-0.865716  -0.651266
-0.868364  -0.682003
-0.870101  -0.713127
-0.870911  -0.744612
-0.870782  -0.776434
-0.869698  -0.808567
-0.867648  -0.840985
-0.864620  -0.873661
-0.860600  -0.906569
-0.855580  -0.939681
-0.849548  -0.972970
-0.842496  -1.006408
-0.834414  -1.039967
-0.825295  -1.073618
-0.815132  -1.107332
-0.803918  -1.141081
-0.791647  -1.174836
-0.778314  -1.208566
-0.763916  -1.242243
-0.748449  -1.275836
-0.731911  -1.309315
-0.714298  -1.342651
-0.695612  -1.375813
-0.675851  -1.408770
-0.655015  -1.441492
-0.633107  -1.473949
-0.610129  -1.506110
-0.586083  -1.537945
-0.560973  -1.569423
-0.534804  -1.600513
-0.507582  -1.631185
-0.479312  -1.661408
-0.450002  -1.691153
-0.419659  -1.720389
-0.388293  -1.749085
-0.355912  -1.777212
-0.322528  -1.804740
-0.288150  -1.831640
-0.252792  -1.857881
-0.216465  -1.883435
-0.179183  -1.908273
-0.140961  -1.932365
-0.101813  -1.955685
-0.061756  -1.978203
-0.020805  -1.999892
-0.857227  0.514939
-0.875086  0.525667
-0.892945  0.536395
-0.910804  0.547123
-0.928662  0.557851
-0.946521  0.568578
-0.964380  0.579306
-0.982239  0.590034
-1.000098  0.600762
-1.017957  0.611490
-1.035816  0.622218
-1.053675  0.632946
-1.071534  0.643674
-1.089392  0.654402
-1.107251  0.665130
-1.125110  0.675857
-1.142969  0.686585
-1.160828  0.697313
-1.178687  0.708041
-1.196546  0.718769
-1.214405  0.729497
-1.232264  0.740225
-1.250122  0.750953
-1.267981  0.761681
-1.285840  0.772408
-1.303699  0.783136
-1.321558  0.793864
-1.339417  0.804592
-1.357276  0.815320
-1.375135  0.826048
-1.392994  0.836776
-1.410852  0.847504
-1.428711  0.858232
-1.446570  0.868960
-1.464429  0.879687
-1.482288  0.890415
-1.500147  0.901143
-1.518006  0.911871
-1.535865  0.922599
-1.553724  0.933327
-1.571583  0.944055
-1.589441  0.954783
-1.607300  0.965511
-1.625159  0.976239
-1.643018  0.986966
-1.660877  0.997694
-1.678736  1.008422
-1.696595  1.019150
-1.714454  1.029878
-0.835064  -0.550153
-0.840593  -0.579227
-0.845266  -0.608764
-0.849067  -0.638742
-0.851980  -0.669135
-0.853988  -0.699921
-0.855077  -0.731074
-0.855232  -0.762569
-0.854441  -0.794382
-0.852689  -0.826485
-0.849965  -0.858853
-0.846257  -0.891459
-0.841554  -0.924276
-0.835846  -0.957277
-0.829123  -0.990433
-0.821377  -1.023717
-0.812599  -1.057100
-0.802782  -1.090555
-0.791919  -1.124050
-0.780005  -1.157559
-0.767035  -1.191051
-0.753003  -1.224497
-0.737908  -1.257867
-0.721745  -1.291131
-0.704513  -1.324259
-0.686212  -1.357221
-0.666839  -1.389986
-0.646397  -1.422525
-0.624885  -1.454807
-0.602306  -1.486801
-0.578664  -1.518477
-0.553961  -1.549805
-0.528202  -1.580753
-0.501392  -1.611292
-0.473537  -1.641391
-0.444645  -1.671020
-0.414722  -1.700149
-0.383778  -1.728747
-0.351822  -1.756784
-0.318863  -1.784232
-0.284913  -1.811059
-0.249983  -1.837238
-0.214086  -1.862738
-0.177236  -1.887531
-0.139445  -1.911587
-0.100730  -1.934880
-0.061106  -1.957380
-0.020588  -1.979060
0.020805  -1.999892
-0.846329  0.532661
-0.863960  0.543758
-0.881592  0.554855
-0.899224  0.565952
-0.916856  0.577050
-0.934488  0.588147
-0.952120  0.599244
-0.969752  0.610341
-0.987383  0.621438
-1.005015  0.632535
-1.022647  0.643632
-1.040279  0.654729
-1.057911  0.665826
-1.075543  0.676923
-1.093174  0.688021
-1.110806  0.699118
-1.128438  0.710215
-1.146070  0.721312
-1.163702  0.732409
-1.181334  0.743506
-1.198966  0.754603
-1.216597  0.765700
-1.234229  0.776797
-1.251861  0.787895
-1.269493  0.798992
-1.287125  0.810089
-1.304757  0.821186
-1.322389  0.832283
-1.340020  0.843380
-1.357652  0.854477
-1.375284  0.865574
-1.392916  0.876671
-1.410548  0.887768
-1.428180  0.898866
-1.445811  0.909963
-1.463443  0.921060
-1.481075  0.932157
-1.498707  0.943254
-1.516339  0.954351
-1.533971  0.965448
-1.551603  0.976545
-1.569234  0.987642
-1.586866  0.998740
-1.604498  1.009837
-1.622130  1.020934
-1.639762  1.032031
-1.657394  1.043128
-1.675025  1.054225
-1.692657  1.065322
-0.823438  -0.567406
-0.828361  -0.596589
-0.832419  -0.626217
-0.835595  -0.656267
-0.837875  -0.686715
-0.839242  -0.717535
-0.839682  -0.748704
-0.839183  -0.780196
-0.837730  -0.811985
-0.835310  -0.844045
-0.831914  -0.876350
-0.827528  -0.908872
-0.822144  -0.941584
-0.815750  -0.974458
-0.808339  -1.007468
-0.799902  -1.040583
-0.790431  -1.073777
-0.779920  -1.107019
-0.768363  -1.140282
-0.755755  -1.173536
-0.742090  -1.206750
-0.727366  -1.239897
-0.711580  -1.272946
-0.694729  -1.305866
-0.676811  -1.338628
-0.657828  -1.371203
-0.637778  -1.403558
-0.616663  -1.435665
-0.594484  -1.467492
-0.571245  -1.499010
-0.546949  -1.530187
-0.521599  -1.560994
-0.495202  -1.591400
-0.467762  -1.621374
-0.439288  -1.650887
-0.409785  -1.679909
-0.379263  -1.708408
-0.347731  -1.736357
-0.315198  -1.763723
-0.281675  -1.790479
-0.247174  -1.816595
-0.211707  -1.842041
-0.175288  -1.866788
-0.137930  -1.890809
-0.099647  -1.914075
-0.060455  -1.936557
-0.020371  -1.958227
0.020588  -1.979060
0.062406  -1.999026
-0.835064  0.550153
-0.852461  0.561614
-0.869858  0.573076
-0.887256  0.584537
-0.904653  0.595999
-0.922050  0.607460
-0.939447  0.618922
-0.956844  0.630383
-0.974241  0.641845
-0.991639  0.653306
-1.009036  0.664768
-1.026433  0.676229
-1.043830  0.687691
-1.061227  0.699152
-1.078625  0.710614
-1.096022  0.722075
-1.113419  0.733537
-1.130816  0.744998
-1.148213  0.756460
-1.165610  0.767921
-1.183008  0.779383
-1.200405  0.790844
-1.217802  0.802306
-1.235199  0.813767
-1.252596  0.825229
-1.269993  0.836690
-1.287391  0.848152
-1.304788  0.859613
-1.322185  0.871075
-1.339582  0.882536
-1.356979  0.893998
-1.374376  0.905460
-1.391774  0.916921
-1.409171  0.928383
-1.426568  0.939844
-1.443965  0.951306
-1.461362  0.962767
-1.478759  0.974229
-1.496157  0.985690
-1.513554  0.997152
-1.530951  1.008613
-1.548348  1.020075
-1.565745  1.031536
-1.583142  1.042998
-1.600540  1.054459
-1.617937  1.065921
-1.635334  1.077382
-1.652731  1.088844
-1.670128  1.100305
-0.811456  -0.584414
-0.815771  -0.613693
-0.819211  -0.643399
-0.821762  -0.673509
-0.823407  -0.703997
-0.824133  -0.734840
-0.823925  -0.766011
-0.822770  -0.797486
-0.820656  -0.829238
-0.817570  -0.861240
-0.813502  -0.893467
-0.808441  -0.925891
-0.802377  -0.958484
-0.795301  -0.991218
-0.787205  -1.024066
-0.778081  -1.056999
-0.767921  -1.089988
-0.756721  -1.123005
-0.744475  -1.156020
-0.731177  -1.189004
-0.716825  -1.221928
-0.701414  -1.254761
-0.684944  -1.287474
-0.667411  -1.320036
-0.648817  -1.352419
-0.629159  -1.384591
-0.608441  -1.416523
-0.586662  -1.448183
-0.563826  -1.479542
-0.539936  -1.510569
-0.514997  -1.541234
-0.489012  -1.571507
-0.461987  -1.601357
-0.433930  -1.630755
-0.404848  -1.659669
-0.374748  -1.688070
-0.343640  -1.715929
-0.311533  -1.743215
-0.278437  -1.769899
-0.244365  -1.795952
-0.209329  -1.821344
-0.173340  -1.846046
-0.136414  -1.870031
-0.098564  -1.893269
-0.059805  -1.915733
-0.020155  -1.937395
0.020371  -1.958227
0.061756  -1.978203
0.103979  -1.997295
-0.823438  0.567406
-0.840593  0.579227
-0.857748  0.591048
-0.874903  0.602869
-0.892058  0.614690
-0.909213  0.626511
-0.926368  0.638332
-0.943523  0.650153
-0.960678  0.661974
-0.977833  0.673795
-0.994988  0.685616
-1.012143  0.697437
-1.029298  0.709258
-1.046453  0.721078
-1.063608  0.732899
-1.080763  0.744720
-1.097918  0.756541
-1.115073  0.768362
-1.132227  0.780183
-1.149382  0.792004
-1.166537  0.803825
-1.183692  0.815646
-1.200847  0.827467
-1.218002  0.839288
-1.235157  0.851109
-1.252312  0.862930
-1.269467  0.874751
-1.286622  0.886572
-1.303777  0.898393
-1.320932  0.910214
-1.338087  0.922035
-1.355242  0.933856
-1.372397  0.945677
-1.389552  0.957498
-1.406707  0.969319
-1.423862  0.981140
-1.441017  0.992961
-1.458172  1.004781
-1.475327  1.016602
-1.492482  1.028423
-1.509637  1.040244
-1.526792  1.052065
-1.543947  1.063886
-1.561102  1.075707
-1.578256  1.087528
-1.595411  1.099349
-1.612566  1.111170
-1.629721  1.122991
-1.646876  1.134812
-0.799122  -0.601169
-0.802827  -0.630531
-0.805649  -0.660303
-0.807572  -0.690459
-0.808583  -0.720975
-0.808667  -0.751826
-0.807811  -0.782986
-0.806001  -0.814430
-0.803227  -0.846131
-0.799476  -0.878062
-0.794739  -0.910198
-0.789004  -0.942509
-0.782263  -0.974969
-0.774508  -1.007549
-0.765730  -1.040221
-0.755923  -1.072957
-0.745079  -1.105728
-0.733195  -1.138505
-0.720264  -1.171258
-0.706283  -1.203958
-0.691249  -1.236576
-0.675159  -1.269081
-0.658011  -1.301444
-0.639805  -1.333635
-0.620541  -1.365624
-0.600218  -1.397380
-0.578840  -1.428874
-0.556408  -1.460074
-0.532924  -1.490951
-0.508394  -1.521475
-0.482822  -1.551615
-0.456213  -1.581340
-0.428573  -1.610622
-0.399911  -1.639429
-0.370233  -1.667732
-0.339549  -1.695501
-0.307868  -1.722706
-0.275200  -1.749319
-0.241557  -1.775308
-0.206950  -1.800647
-0.171393  -1.825304
-0.134898  -1.849253
-0.097481  -1.872464
-0.059155  -1.894910
-0.019938  -1.916563
0.020155  -1.937395
0.061106  -1.957380
0.102896  -1.976490
0.145508  -1.994700
-0.811456  0.584414
-0.828361  0.596589
-0.845266  0.608764
-0.862172  0.620940
-0.879077  0.633115
-0.895982  0.645290
-0.912888  0.657466
-0.929793  0.669641
-0.946698  0.681816
-0.963604  0.693991
-0.980509  0.706167
-0.997414  0.718342
-1.014320  0.730517
-1.031225  0.742693
-1.048130  0.754868
-1.065036  0.767043
-1.081941  0.779218
-1.098846  0.791394
-1.115752  0.803569
-1.132657  0.815744
-1.149562  0.827920
-1.166468  0.840095
-1.183373  0.852270
-1.200278  0.864445
-1.217184  0.876621
-1.234089  0.888796
-1.250994  0.900971
-1.267900  0.913147
-1.284805  0.925322
-1.301710  0.937497
-1.318616  0.949672
-1.335521  0.961848
-1.352426  0.974023
-1.369332  0.986198
-1.386237  0.998374
-1.403142  1.010549
-1.420048  1.022724
-1.436953  1.034899
-1.453858  1.047075
-1.470764  1.059250
-1.487669  1.071425
-1.504574  1.083601
-1.521480  1.095776
-1.538385  1.107951
-1.555290  1.120126
-1.572196  1.132302
-1.589101  1.144477
-1.606006  1.156652
-1.622912  1.168828
-0.786443  -0.617663
-0.789536  -0.647097
-0.791738  -0.676920
-0.793033  -0.707110
-0.793409  -0.737640
-0.792851  -0.768486
-0.791347  -0.799622
-0.788884  -0.831021
-0.785451  -0.862658
-0.781036  -0.894505
-0.775631  -0.926534
-0.769226  -0.958719
-0.761811  -0.991032
-0.753380  -1.023443
-0.743924  -1.055926
-0.733438  -1.088451
-0.721915  -1.120989
-0.709351  -1.153511
-0.695742  -1.185988
-0.681083  -1.218391
-0.665374  -1.250689
-0.648611  -1.282852
-0.630794  -1.314852
-0.611922  -1.346657
-0.591996  -1.378238
-0.571018  -1.409565
-0.548989  -1.440607
-0.525912  -1.471334
-0.501792  -1.501716
-0.476632  -1.531722
-0.450438  -1.561323
-0.423216  -1.590489
-0.394974  -1.619189
-0.365718  -1.647394
-0.335458  -1.675073
-0.304202  -1.702198
-0.271962  -1.728738
-0.238748  -1.754665
-0.204571  -1.779949
-0.169445  -1.804562
-0.133382  -1.828475
-0.096398  -1.851659
-0.058505  -1.874087
-0.019721  -1.895731
0.019938  -1.916563
0.060455  -1.936557
0.101813  -1.955685
0.143992  -1.973922
0.186974  -1.991241
-0.799122  0.601169
-0.815771  0.613693
-0.832419  0.626217
-0.849067  0.638742
-0.865716  0.651266
-0.882364  0.663790
-0.899012  0.676315
-0.915661  0.688839
-0.932309  0.701363
-0.948958  0.713888
-0.965606  0.726412
-0.982254  0.738936
-0.998903  0.751461
-1.015551  0.763985
-1.032199  0.776510
-1.048848  0.789034
-1.065496  0.801558
-1.082145  0.814083
-1.098793  0.826607
-1.115441  0.839131
-1.132090  0.851656
-1.148738  0.864180
-1.165387  0.876704
-1.182035  0.889229
-1.198683  0.901753
-1.215332  0.914277
-1.231980  0.926802
-1.248628  0.939326
-1.265277  0.951850
-1.281925  0.964375
-1.298574  0.976899
-1.315222  0.989423
-1.331870  1.001948
-1.348519  1.014472
-1.365167  1.026996
-1.381815  1.039521
-1.398464  1.052045
-1.415112  1.064569
-1.431761  1.077094
-1.448409  1.089618
-1.465057  1.102143
-1.481706  1.114667
-1.498354  1.127191
-1.515002  1.139716
-1.531651  1.152240
-1.548299  1.164764
-1.564948  1.177289
-1.581596  1.189813
-1.598244  1.202337
-0.773423  -0.633891
-0.775903  -0.663382
-0.777484  -0.693245
-0.778151  -0.723455
-0.777892  -0.753986
-0.776692  -0.784814
-0.774540  -0.815912
-0.771425  -0.847253
-0.767334  -0.878811
-0.762258  -0.910559
-0.756188  -0.942470
-0.749114  -0.974514
-0.741029  -1.006666
-0.731925  -1.038895
-0.721796  -1.071174
-0.710635  -1.103474
-0.698438  -1.135765
-0.685200  -1.168019
-0.670918  -1.200206
-0.655589  -1.232296
-0.639211  -1.264260
-0.621782  -1.296068
-0.603303  -1.327690
-0.583774  -1.359096
-0.563196  -1.390256
-0.541570  -1.421139
-0.518900  -1.451716
-0.495189  -1.481956
-0.470442  -1.511830
-0.444663  -1.541306
-0.417859  -1.570356
-0.390036  -1.598949
-0.361203  -1.627056
-0.331367  -1.654646
-0.300537  -1.681690
-0.268724  -1.708158
-0.235939  -1.734022
-0.202193  -1.759252
-0.167497  -1.783820
-0.131867  -1.807697
-0.095314  -1.830854
-0.057855  -1.853264
-0.019505  -1.874899
0.019721  -1.895731
0.059805  -1.915733
0.100730  -1.934880
0.142477  -1.953144
0.185026  -1.970499
0.228359  -1.986920
-0.786443  0.617663
-0.802827  0.630531
-0.819211  0.643399
-0.835595  0.656267
-0.851980  0.669135
-0.868364  0.682003
-0.884748  0.694871
-0.901132  0.707739
-0.917516  0.720607
-0.933901  0.733475
-0.950285  0.746343
-0.966669  0.759211
-0.983053  0.772079
-0.999438  0.784947
-1.015822  0.797815
-1.032206  0.810683
-1.048590  0.823551
-1.064974  0.836419
-1.081359  0.849287
-1.097743  0.862155
-1.114127  0.875023
-1.130511  0.887891
-1.146896  0.900759
-1.163280  0.913627
-1.179664  0.926495
-1.196048  0.939363
-1.212432  0.952231
-1.228817  0.965099
-1.245201  0.977967
-1.261585  0.990835
-1.277969  1.003703
-1.294354  1.016571
-1.310738  1.029439
-1.327122  1.042307
-1.343506  1.055175
-1.359890  1.068043
-1.376275  1.080911
-1.392659  1.093779
-1.409043  1.106647
-1.425427  1.119515
-1.441812  1.132383
-1.458196  1.145251
-1.474580  1.158119
-1.490964  1.170987
-1.507348  1.183855
-1.523733  1.196723
-1.540117  1.209591
-1.556501  1.222459
-1.572885  1.235327
-0.760068  -0.649843
-0.761934  -0.679380
-0.762893  -0.709269
-0.762932  -0.739487
-0.762038  -0.770006
-0.760197  -0.800802
-0.757399  -0.831849
-0.753632  -0.863118
-0.748885  -0.894585
-0.743150  -0.926220
-0.736417  -0.957997
-0.728679  -0.989888
-0.719926  -1.021864
-0.710154  -1.053897
-0.699355  -1.085958
-0.687525  -1.118019
-0.674659  -1.150049
-0.660753  -1.182021
-0.645804  -1.213904
-0.629811  -1.245668
-0.612771  -1.277285
-0.594685  -1.308723
-0.575552  -1.339954
-0.555374  -1.370946
-0.534151  -1.401671
-0.511888  -1.432098
-0.488587  -1.462197
-0.464252  -1.491937
-0.438888  -1.521289
-0.412502  -1.550224
-0.385099  -1.578709
-0.356688  -1.606718
-0.327276  -1.634218
-0.296872  -1.661181
-0.265487  -1.687578
-0.233130  -1.713379
-0.199814  -1.738555
-0.165550  -1.763078
-0.130351  -1.786919
-0.094231  -1.810049
-0.057205  -1.832441
-0.019288  -1.854066
0.019505  -1.874899
0.059155  -1.894910
0.099647  -1.914075
0.140961  -1.932365
0.183079  -1.949757
0.225980  -1.966223
0.269645  -1.981740
-0.773423  0.633891
-0.789536  0.647097
-0.805649  0.660303
-0.821762  0.673509
-0.837875  0.686715
-0.853988  0.699921
-0.870101  0.713127
-0.886214  0.726333
-0.902327  0.739539
-0.918440  0.752745
-0.934552  0.765951
-0.950665  0.779157
-0.966778  0.792363
-0.982891  0.805569
-0.999004  0.818775
-1.015117  0.831981
-1.031230  0.845187
-1.047343  0.858393
-1.063456  0.871600
-1.079569  0.884806
-1.095682  0.898012
-1.111795  0.911218
-1.127908  0.924424
-1.144021  0.937630
-1.160134  0.950836
-1.176247  0.964042
-1.192360  0.977248
-1.208473  0.990454
-1.224586  1.003660
-1.240699  1.016866
-1.256812  1.030072
-1.272925  1.043278
-1.289038  1.056484
-1.305151  1.069690
-1.321264  1.082896
-1.337377  1.096102
-1.353490  1.109308
-1.369603  1.122515
-1.385716  1.135721
-1.401829  1.148927
-1.417942  1.162133
-1.434055  1.175339
-1.450168  1.188545
-1.466281  1.201751
-1.482394  1.214957
-1.498507  1.228163
-1.514620  1.241369
-1.530733  1.254575
-1.546845  1.267781
-0.746384  -0.665515
-0.747636  -0.695084
-0.747973  -0.724987
-0.747383  -0.755199
-0.745854  -0.785693
-0.743373  -0.816444
-0.739929  -0.847425
-0.735512  -0.878610
-0.730113  -0.909971
-0.723721  -0.941480
-0.716328  -0.973110
-0.707928  -1.004833
-0.698512  -1.036620
-0.688075  -1.068443
-0.676612  -1.100272
-0.664117  -1.132080
-0.650587  -1.163836
-0.636019  -1.195511
-0.620411  -1.227076
-0.603760  -1.258501
-0.586066  -1.289756
-0.567330  -1.320812
-0.547551  -1.351637
-0.526732  -1.382204
-0.504876  -1.412480
-0.481984  -1.442437
-0.458062  -1.472045
-0.433113  -1.501273
-0.407145  -1.530091
-0.380162  -1.558470
-0.352173  -1.586379
-0.323185  -1.613790
-0.293207  -1.640673
-0.262249  -1.666998
-0.230321  -1.692736
-0.197435  -1.717858
-0.163602  -1.742336
-0.128835  -1.766140
-0.093148  -1.789244
-0.056555  -1.811617
-0.019071  -1.833234
0.019288  -1.854066
0.058505  -1.874087
0.098564  -1.893269
0.139445  -1.911587
0.181131  -1.929015
0.223601  -1.945526
0.266836  -1.961096
0.310814  -1.975701
-0.760068  0.649843
-0.775903  0.663382
-0.791738  0.676920
-0.807572  0.690459
-0.823407  0.703997
-0.839242  0.717535
-0.855077  0.731074
-0.870911  0.744612
-0.886746  0.758151
-0.902581  0.771689
-0.918416  0.785228
-0.934250  0.798766
-0.950085  0.812304
-0.965920  0.825843
-0.981755  0.839381
-0.997589  0.852920
-1.013424  0.866458
-1.029259  0.879996
-1.045094  0.893535
-1.060928  0.907073
-1.076763  0.920612
-1.092598  0.934150
-1.108433  0.947688
-1.124267  0.961227
-1.140102  0.974765
-1.155937  0.988304
-1.171772  1.001842
-1.187606  1.015380
-1.203441  1.028919
-1.219276  1.042457
-1.235111  1.055996
-1.250945  1.069534
-1.266780  1.083072
-1.282615  1.096611
-1.298450  1.110149
-1.314284  1.123688
-1.330119  1.137226
-1.345954  1.150764
-1.361789  1.164303
-1.377623  1.177841
-1.393458  1.191380
-1.409293  1.204918
-1.425128  1.218457
-1.440962  1.231995
-1.456797  1.245533
-1.472632  1.259072
-1.488467  1.272610
-1.504301  1.286149
-1.520136  1.299687
-0.732378  -0.680899
-0.733013  -0.710487
-0.732728  -0.740391
-0.731510  -0.770583
-0.729347  -0.801039
-0.726227  -0.831732
-0.722139  -0.862635
-0.717075  -0.893721
-0.711024  -0.924963
-0.703978  -0.956332
-0.695929  -0.987802
-0.686870  -1.019343
-0.676795  -1.050927
-0.665699  -1.082526
-0.653575  -1.114110
-0.640422  -1.145651
-0.626234  -1.177119
-0.611010  -1.208484
-0.594748  -1.239717
-0.577448  -1.270789
-0.559108  -1.301669
-0.539729  -1.332328
-0.519314  -1.362736
-0.497863  -1.392863
-0.475381  -1.422678
-0.451872  -1.452152
-0.427338  -1.481256
-0.401787  -1.509958
-0.375225  -1.538230
-0.347658  -1.566041
-0.319094  -1.593363
-0.289542  -1.620164
-0.259012  -1.646418
-0.227513  -1.672093
-0.195056  -1.697161
-0.161654  -1.721594
-0.127320  -1.745362
-0.092065  -1.768438
-0.055905  -1.790794
-0.018854  -1.812402
0.019071  -1.833234
0.057855  -1.853264
0.097481  -1.872464
0.137930  -1.890809
0.179183  -1.908273
0.221222  -1.924829
0.264027  -1.940453
0.307576  -1.955121
0.351849  -1.968807
-0.746384  0.665515
-0.761934  0.679380
-0.777484  0.693245
-0.793033  0.707110
-0.808583  0.720975
-0.824133  0.734840
-0.839682  0.748704
-0.855232  0.762569
-0.870782  0.776434
-0.886331  0.790299
-0.901881  0.804164
-0.917431  0.818029
-0.932980  0.831894
-0.948530  0.845759
-0.964080  0.859624
-0.979630  0.873489
-0.995179  0.887353
-1.010729  0.901218
-1.026279  0.915083
-1.041828  0.928948
-1.057378  0.942813
-1.072928  0.956678
-1.088477  0.970543
-1.104027  0.984408
-1.119577  0.998273
-1.135126  1.012138
-1.150676  1.026002
-1.166226  1.039867
-1.181775  1.053732
-1.197325  1.067597
-1.212875  1.081462
-1.228424  1.095327
-1.243974  1.109192
-1.259524  1.123057
-1.275073  1.136922
-1.290623  1.150787
-1.306173  1.164651
-1.321722  1.178516
-1.337272  1.192381
-1.352822  1.206246
-1.368371  1.220111
-1.383921  1.233976
-1.399471  1.247841
-1.415020  1.261706
-1.430570  1.275571
-1.446120  1.289435
-1.461669  1.303300
-1.477219  1.317165
-1.492769  1.331030
-0.718054  -0.695987
-0.718074  -0.725583
-0.717167  -0.755474
-0.715321  -0.785635
-0.712524  -0.816039
-0.708767  -0.846661
-0.704037  -0.877472
-0.698327  -0.908446
-0.691627  -0.939555
-0.683930  -0.970771
-0.675228  -1.002066
-0.665515  -1.033412
-0.654785  -1.064780
-0.643034  -1.096141
-0.630256  -1.127466
-0.616449  -1.158726
-0.601610  -1.189892
-0.585737  -1.220934
-0.568829  -1.251822
-0.550885  -1.282527
-0.531907  -1.313019
-0.511895  -1.343268
-0.490851  -1.373245
-0.468779  -1.402918
-0.445682  -1.432260
-0.421564  -1.461239
-0.396430  -1.489825
-0.370288  -1.517990
-0.343143  -1.545703
-0.315003  -1.572935
-0.285877  -1.599656
-0.255774  -1.625837
-0.224704  -1.651450
-0.192678  -1.676464
-0.159707  -1.700852
-0.125804  -1.724584
-0.090982  -1.747633
-0.055255  -1.769971
-0.018638  -1.791570
0.018854  -1.812402
0.057205  -1.832441
0.096398  -1.851659
0.136414  -1.870031
0.177236  -1.887531
0.218844  -1.904132
0.261218  -1.919810
0.304339  -1.934541
0.348183  -1.948299
0.392731  -1.961062
-0.732378  0.680899
-0.747636  0.695084
-0.762893  0.709269
-0.778151  0.723455
-0.793409  0.737640
-0.808667  0.751826
-0.823925  0.766011
-0.839183  0.780196
-0.854441  0.794382
-0.869698  0.808567
-0.884956  0.822753
-0.900214  0.836938
-0.915472  0.851123
-0.930730  0.865309
-0.945988  0.879494
-0.961246  0.893679
-0.976504  0.907865
-0.991761  0.922050
-1.007019  0.936236
-1.022277  0.950421
-1.037535  0.964606
-1.052793  0.978792
-1.068051  0.992977
-1.083309  1.007163
-1.098566  1.021348
-1.113824  1.035533
-1.129082  1.049719
-1.144340  1.063904
-1.159598  1.078090
-1.174856  1.092275
-1.190114  1.106460
-1.205372  1.120646
-1.220629  1.134831
-1.235887  1.149016
-1.251145  1.163202
-1.266403  1.177387
-1.281661  1.191573
-1.296919  1.205758
-1.312177  1.219943
-1.327434  1.234129
-1.342692  1.248314
-1.357950  1.262500
-1.373208  1.276685
-1.388466  1.290870
-1.403724  1.305056
-1.418982  1.319241
-1.434240  1.333427
-1.449497  1.347612
-1.464755  1.361797
-0.703419  -0.710775
-0.702824  -0.740364
-0.701295  -0.770230
-0.698822  -0.800346
-0.695394  -0.830686
-0.690999  -0.861222
-0.685630  -0.891928
-0.679277  -0.922777
-0.671931  -0.953740
-0.663586  -0.984789
-0.654235  -1.015896
-0.643872  -1.047033
-0.632492  -1.078171
-0.620091  -1.109281
-0.606664  -1.140334
-0.592210  -1.171300
-0.576726  -1.202150
-0.560210  -1.232855
-0.542663  -1.263385
-0.524085  -1.293710
-0.504476  -1.323801
-0.483839  -1.353627
-0.462176  -1.383159
-0.439492  -1.412367
-0.415789  -1.441222
-0.391073  -1.469692
-0.365351  -1.497750
-0.338628  -1.525365
-0.310912  -1.552507
-0.282212  -1.579148
-0.252536  -1.605257
-0.221895  -1.630807
-0.190299  -1.655767
-0.157759  -1.680110
-0.124288  -1.703806
-0.089899  -1.726828
-0.054605  -1.749148
-0.018421  -1.770738
0.018638  -1.791570
0.056555  -1.811617
0.095314  -1.830854
0.134898  -1.849253
0.175288  -1.866788
0.216465  -1.883435
0.258409  -1.899167
0.301101  -1.913960
0.344518  -1.927791
0.388640  -1.940634
0.433443  -1.952467
-0.718054  0.695987
-0.733013  0.710487
-0.747973  0.724987
-0.762932  0.739487
-0.777892  0.753986
-0.792851  0.768486
-0.807811  0.782986
-0.822770  0.797486
-0.837730  0.811985
-0.852689  0.826485
-0.867648  0.840985
-0.882608  0.855485
-0.897567  0.869984
-0.912527  0.884484
-0.927486  0.898984
-0.942446  0.913484
-0.957405  0.927983
-0.972365  0.942483
-0.987324  0.956983
-1.002284  0.971483
-1.017243  0.985982
-1.032202  1.000482
-1.047162  1.014982
-1.062121  1.029482
-1.077081  1.043981
-1.092040  1.058481
-1.107000  1.072981
-1.121959  1.087480
-1.136919  1.101980
-1.151878  1.116480
-1.166838  1.130980
-1.181797  1.145479
-1.196757  1.159979
-1.211716  1.174479
-1.226675  1.188979
-1.241635  1.203478
-1.256594  1.217978
-1.271554  1.232478
-1.286513  1.246978
-1.301473  1.261477
-1.316432  1.275977
-1.331392  1.290477
-1.346351  1.304977
-1.361311  1.319476
-1.376270  1.333976
-1.391229  1.348476
-1.406189  1.362976
-1.421148  1.377475
-1.436108  1.391975
-0.688480  -0.725255
-0.687269  -0.754826
-0.685120  -0.784653
-0.682021  -0.814711
-0.677962  -0.844973
-0.672933  -0.875411
-0.666926  -0.905999
-0.659932  -0.936709
-0.651944  -0.967512
-0.642955  -0.998381
-0.632959  -1.029287
-0.621951  -1.060202
-0.609925  -1.091096
-0.596879  -1.121941
-0.582810  -1.152708
-0.567714  -1.183367
-0.551592  -1.213888
-0.534441  -1.244243
-0.516263  -1.274401
-0.497057  -1.304333
-0.476827  -1.334009
-0.455574  -1.363400
-0.433302  -1.392475
-0.410014  -1.421205
-0.385716  -1.449560
-0.360413  -1.477510
-0.334113  -1.505027
-0.306821  -1.532079
-0.278547  -1.558639
-0.249299  -1.584677
-0.219086  -1.610163
-0.187920  -1.635070
-0.155812  -1.659368
-0.122772  -1.683028
-0.088816  -1.706023
-0.053955  -1.728325
-0.018204  -1.749905
0.018421  -1.770738
0.055905  -1.790794
0.094231  -1.810049
0.133382  -1.828475
0.173340  -1.846046
0.214086  -1.862738
0.255601  -1.878524
0.297863  -1.893380
0.340853  -1.907282
0.384549  -1.920206
0.428928  -1.932129
0.473968  -1.943027
-0.703419  0.710775
-0.718074  0.725583
-0.732728  0.740391
-0.747383  0.755199
-0.762038  0.770006
-0.776692  0.784814
-0.791347  0.799622
-0.806001  0.814430
-0.820656  0.829238
-0.835310  0.844045
-0.849965  0.858853
-0.864620  0.873661
-0.879274  0.888469
-0.893929  0.903277
-0.908583  0.918084
-0.923238  0.932892
-0.937892  0.947700
-0.952547  0.962508
-0.967202  0.977316
-0.981856  0.992124
-0.996511  1.006931
-1.011165  1.021739
-1.025820  1.036547
-1.040474  1.051355
-1.055129  1.066163
-1.069784  1.080970
-1.084438  1.095778
-1.099093  1.110586
-1.113747  1.125394
-1.128402  1.140202
-1.143056  1.155010
-1.157711  1.169817
-1.172366  1.184625
-1.187020  1.199433
-1.201675  1.214241
-1.216329  1.229049
-1.230984  1.243856
-1.245638  1.258664
-1.260293  1.273472
-1.274948  1.288280
-1.289602  1.303088
-1.304257  1.317895
-1.318911  1.332703
-1.333566  1.347511
-1.348220  1.362319
-1.362875  1.377127
-1.377530  1.391935
-1.392184  1.406742
-1.406839  1.421550
-0.673243  -0.739421
-0.671417  -0.768960
-0.668648  -0.798736
-0.664924  -0.828723
-0.660236  -0.858894
-0.654576  -0.889221
-0.647934  -0.919678
-0.640303  -0.950235
-0.631676  -0.980866
-0.622046  -1.011541
-0.611409  -1.042232
-0.599760  -1.072911
-0.587095  -1.103549
-0.573410  -1.134116
-0.558703  -1.164583
-0.542973  -1.194921
-0.526219  -1.225101
-0.508441  -1.255092
-0.489639  -1.284865
-0.469815  -1.314391
-0.448971  -1.343640
-0.427112  -1.372582
-0.404239  -1.401188
-0.380359  -1.429427
-0.355476  -1.457270
-0.329598  -1.484688
-0.302730  -1.511652
-0.274882  -1.538131
-0.246061  -1.564097
-0.216277  -1.589520
-0.185541  -1.614373
-0.153864  -1.638625
-0.121257  -1.662250
-0.087733  -1.685218
-0.053305  -1.707502
-0.017988  -1.729073
0.018204  -1.749905
0.055255  -1.769971
0.093148  -1.789244
0.131867  -1.807697
0.171393  -1.825304
0.211707  -1.842041
0.252792  -1.857881
0.294626  -1.872800
0.337188  -1.886774
0.380458  -1.899778
0.424413  -1.911790
0.469031  -1.922787
0.514288  -1.932746
-0.688480  0.725255
-0.702824  0.740364
-0.717167  0.755474
-0.731510  0.770583
-0.745854  0.785693
-0.760197  0.800802
-0.774540  0.815912
-0.788884  0.831021
-0.803227  0.846131
-0.817570  0.861240
-0.831914  0.876350
-0.846257  0.891459
-0.860600  0.906569
-0.874944  0.921678
-0.889287  0.936788
-0.903630  0.951897
-0.917974  0.967007
-0.932317  0.982116
-0.946660  0.997226
-0.961004  1.012335
-0.975347  1.027445
-0.989690  1.042554
-1.004034  1.057664
-1.018377  1.072773
-1.032720  1.087883
-1.047064  1.102992
-1.061407  1.118101
-1.075751  1.133211
-1.090094  1.148320
-1.104437  1.163430
-1.118781  1.178539
-1.133124  1.193649
-1.147467  1.208758
-1.161811  1.223868
-1.176154  1.238977
-1.190497  1.254087
-1.204841  1.269196
-1.219184  1.284306
-1.233527  1.299415
-1.247871  1.314525
-1.262214  1.329634
-1.276557  1.344744
-1.290901  1.359853
-1.305244  1.374963
-1.319587  1.390072
-1.333931  1.405182
-1.348274  1.420291
-1.362617  1.435401
-1.376961  1.450510
-0.657715  -0.753267
-0.655275  -0.782762
-0.651886  -0.812474
-0.647540  -0.842377
-0.642225  -0.872444
-0.635935  -0.902647
-0.628661  -0.932958
-0.620396  -0.963350
-0.611133  -0.993794
-0.600868  -1.024263
-0.589595  -1.054726
-0.577310  -1.085156
-0.564010  -1.115524
-0.549692  -1.145799
-0.534354  -1.175954
-0.517997  -1.205958
-0.500618  -1.235783
-0.482220  -1.265398
-0.462803  -1.294774
-0.442369  -1.323881
-0.420921  -1.352690
-0.398464  -1.381171
-0.375002  -1.409294
-0.350539  -1.437030
-0.325083  -1.464350
-0.298639  -1.491224
-0.271217  -1.517622
-0.242823  -1.543516
-0.213469  -1.568877
-0.183163  -1.593676
-0.151916  -1.617883
-0.119741  -1.641472
-0.086649  -1.664413
-0.052655  -1.686678
-0.017771  -1.708241
0.017988  -1.729073
0.054605  -1.749148
0.092065  -1.768438
0.130351  -1.786919
0.169445  -1.804562
0.209329  -1.821344
0.249983  -1.837238
0.291388  -1.852220
0.333523  -1.866265
0.376367  -1.879351
0.419898  -1.891452
0.464094  -1.902547
0.508931  -1.912613
0.554385  -1.921629
-0.673243  0.739421
-0.687269  0.754826
-0.701295  0.770230
-0.715321  0.785635
-0.729347  0.801039
-0.743373  0.816444
-0.757399  0.831849
-0.771425  0.847253
-0.785451  0.862658
-0.799476  0.878062
-0.813502  0.893467
-0.827528  0.908872
-0.841554  0.924276
-0.855580  0.939681
-0.869606  0.955085
-0.883632  0.970490
-0.897658  0.985895
-0.911684  1.001299
-0.925710  1.016704
-0.939735  1.032109
-0.953761  1.047513
-0.967787  1.062918
-0.981813  1.078322
-0.995839  1.093727
-1.009865  1.109132
-1.023891  1.124536
-1.037917  1.139941
-1.051943  1.155345
-1.065969  1.170750
-1.079994  1.186155
-1.094020  1.201559
-1.108046  1.216964
-1.122072  1.232368
-1.136098  1.247773
-1.150124  1.263178
-1.164150  1.278582
-1.178176  1.293987
-1.192202  1.309391
-1.206228  1.324796
-1.220253  1.340201
-1.234279  1.355605
-1.248305  1.371010
-1.262331  1.386414
-1.276357  1.401819
-1.290383  1.417224
-1.304409  1.432628
-1.318435  1.448033
-1.332461  1.463437
-1.346487  1.478842
-0.641902  -0.766787
-0.638849  -0.796224
-0.634843  -0.825860
-0.629875  -0.855666
-0.623936  -0.885615
-0.617019  -0.915681
-0.609116  -0.945835
-0.600220  -0.976048
-0.590326  -1.006293
-0.579429  -1.036541
-0.567525  -1.066764
-0.554609  -1.096932
-0.540680  -1.127016
-0.525736  -1.156987
-0.509775  -1.186816
-0.492796  -1.216474
-0.474801  -1.245930
-0.455791  -1.275156
-0.435766  -1.304121
-0.414731  -1.332797
-0.392689  -1.361154
-0.369644  -1.389161
-0.345602  -1.416791
-0.320568  -1.444012
-0.294548  -1.470796
-0.267552  -1.497114
-0.239586  -1.522936
-0.210660  -1.548234
-0.180784  -1.572979
-0.149969  -1.597141
-0.118225  -1.620694
-0.085566  -1.643608
-0.052005  -1.665855
-0.017554  -1.687409
0.017771  -1.708241
0.053955  -1.728325
0.090982  -1.747633
0.128835  -1.766140
0.167497  -1.783820
0.206950  -1.800647
0.247174  -1.816595
0.288150  -1.831640
0.329858  -1.845757
0.372276  -1.858923
0.415383  -1.871114
0.459157  -1.882307
0.503574  -1.892481
0.548610  -1.901612
0.594242  -1.909680
-0.657715  0.753267
-0.671417  0.768960
-0.685120  0.784653
-0.698822  0.800346
-0.712524  0.816039
-0.726227  0.831732
-0.739929  0.847425
-0.753632  0.863118
-0.767334  0.878811
-0.781036  0.894505
-0.794739  0.910198
-0.808441  0.925891
-0.822144  0.941584
-0.835846  0.957277
-0.849548  0.972970
-0.863251  0.988663
-0.876953  1.004356
-0.890656  1.020049
-0.904358  1.035742
-0.918060  1.051435
-0.931763  1.067128
-0.945465  1.082821
-0.959168  1.098514
-0.972870  1.114207
-0.986572  1.129900
-1.000275  1.145594
-1.013977  1.161287
-1.027679  1.176980
-1.041382  1.192673
-1.055084  1.208366
-1.068787  1.224059
-1.082489  1.239752
-1.096191  1.255445
-1.109894  1.271138
-1.123596  1.286831
-1.137299  1.302524
-1.151001  1.318217
-1.164703  1.333910
-1.178406  1.349603
-1.192108  1.365296
-1.205811  1.380989
-1.219513  1.396683
-1.233215  1.412376
-1.246918  1.428069
-1.260620  1.443762
-1.274323  1.459455
-1.288025  1.475148
-1.301727  1.490841
-1.315430  1.506534
-0.625811  -0.779975
-0.622146  -0.809343
-0.617524  -0.838888
-0.611937  -0.868584
-0.605377  -0.898404
-0.597836  -0.928319
-0.589307  -0.958302
-0.579785  -0.988324
-0.569264  -1.018356
-0.557740  -1.048371
-0.545209  -1.078340
-0.531669  -1.108232
-0.517117  -1.138020
-0.501552  -1.167674
-0.484974  -1.197165
-0.467382  -1.226462
-0.448778  -1.255538
-0.429164  -1.284362
-0.408541  -1.312905
-0.386915  -1.341137
-0.364287  -1.369029
-0.340665  -1.396551
-0.316053  -1.423674
-0.290457  -1.450368
-0.263886  -1.476606
-0.236348  -1.502356
-0.207851  -1.527591
-0.178405  -1.552281
-0.148021  -1.576399
-0.116710  -1.599915
-0.084483  -1.622802
-0.051355  -1.645032
-0.017337  -1.666576
0.017554  -1.687409
0.053305  -1.707502
0.089899  -1.726828
0.127320  -1.745362
0.165550  -1.763078
0.204571  -1.779949
0.244365  -1.795952
0.284913  -1.811059
0.326193  -1.825249
0.368185  -1.838495
0.410868  -1.850776
0.454220  -1.862068
0.498216  -1.872348
0.542835  -1.881595
0.588052  -1.889787
0.633842  -1.896904
-0.641902  0.766787
-0.655275  0.782762
-0.668648  0.798736
-0.682021  0.814711
-0.695394  0.830686
-0.708767  0.846661
-0.722139  0.862635
-0.735512  0.878610
-0.748885  0.894585
-0.762258  0.910559
-0.775631  0.926534
-0.789004  0.942509
-0.802377  0.958484
-0.815750  0.974458
-0.829123  0.990433
-0.842496  1.006408
-0.855869  1.022383
-0.869242  1.038357
-0.882615  1.054332
-0.895988  1.070307
-0.909361  1.086281
-0.922734  1.102256
-0.936107  1.118231
-0.949480  1.134206
-0.962853  1.150180
-0.976226  1.166155
-0.989599  1.182130
-1.002971  1.198105
-1.016344  1.214079
-1.029717  1.230054
-1.043090  1.246029
-1.056463  1.262003
-1.069836  1.277978
-1.083209  1.293953
-1.096582  1.309928
-1.109955  1.325902
-1.123328  1.341877
-1.136701  1.357852
-1.150074  1.373827
-1.163447  1.389801
-1.176820  1.405776
-1.190193  1.421751
-1.203566  1.437725
-1.216939  1.453700
-1.230312  1.469675
-1.243685  1.485650
-1.257058  1.501624
-1.270431  1.517599
-1.283804  1.533574
-0.609449  -0.792825
-0.605174  -0.822110
-0.599939  -0.851553
-0.593735  -0.881127
-0.586556  -0.910804
-0.578394  -0.940555
-0.569243  -0.970354
-0.559098  -1.000172
-0.547955  -1.029979
-0.535809  -1.059748
-0.522658  -1.089449
-0.508499  -1.119053
-0.493330  -1.148532
-0.477152  -1.177855
-0.459964  -1.206995
-0.441766  -1.235920
-0.422561  -1.264603
-0.402351  -1.293012
-0.381140  -1.321120
-0.358930  -1.348896
-0.335728  -1.376311
-0.311537  -1.403336
-0.286366  -1.429941
-0.260221  -1.456097
-0.233110  -1.481776
-0.205042  -1.506948
-0.176026  -1.531584
-0.146073  -1.555657
-0.115194  -1.579137
-0.083400  -1.601997
-0.050705  -1.624209
-0.017121  -1.645744
0.017337  -1.666576
0.052655  -1.686678
0.088816  -1.706023
0.125804  -1.724584
0.163602  -1.742336
0.202193  -1.759252
0.241557  -1.775308
0.281675  -1.790479
0.322528  -1.804740
0.364094  -1.818067
0.406353  -1.830438
0.449282  -1.841828
0.492859  -1.852215
0.537060  -1.861578
0.581862  -1.869895
0.627239  -1.877144
0.673168  -1.883307
-0.625811  0.779975
-0.638849  0.796224
-0.651886  0.812474
-0.664924  0.828723
-0.677962  0.844973
-0.690999  0.861222
-0.704037  0.877472
-0.717075  0.893721
-0.730113  0.909971
-0.743150  0.926220
-0.756188  0.942470
-0.769226  0.958719
-0.782263  0.974969
-0.795301  0.991218
-0.808339  1.007468
-0.821377  1.023717
-0.834414  1.039967
-0.847452  1.056216
-0.860490  1.072465
-0.873528  1.088715
-0.886565  1.104964
-0.899603  1.121214
-0.912641  1.137463
-0.925678  1.153713
-0.938716  1.169962
-0.951754  1.186212
-0.964792  1.202461
-0.977829  1.218711
-0.990867  1.234960
-1.003905  1.251210
-1.016943  1.267459
-1.029980  1.283709
-1.043018  1.299958
-1.056056  1.316208
-1.069093  1.332457
-1.082131  1.348707
-1.095169  1.364956
-1.108207  1.381206
-1.121244  1.397455
-1.134282  1.413705
-1.147320  1.429954
-1.160358  1.446203
-1.173395  1.462453
-1.186433  1.478702
-1.199471  1.494952
-1.212508  1.511201
-1.225546  1.527451
-1.238584  1.543700
-1.251622  1.559950
-0.592823  -0.805333
-0.587940  -0.834522
-0.582093  -0.863850
-0.575276  -0.893288
-0.567481  -0.922809
-0.558702  -0.952385
-0.548933  -0.981987
-0.538170  -1.011586
-0.526409  -1.041155
-0.513646  -1.070665
-0.499880  -1.100086
-0.485108  -1.129390
-0.469330  -1.158546
-0.452545  -1.187527
-0.434754  -1.216302
-0.415959  -1.244843
-0.396161  -1.273120
-0.375365  -1.301103
-0.353573  -1.328763
-0.330790  -1.356071
-0.307022  -1.382997
-0.282275  -1.409513
-0.256556  -1.435589
-0.229873  -1.461196
-0.202233  -1.486305
-0.173648  -1.510887
-0.144126  -1.534915
-0.113678  -1.558359
-0.082317  -1.581192
-0.050055  -1.603386
-0.016904  -1.624912
0.017121  -1.645744
0.052005  -1.665855
0.087733  -1.685218
0.124288  -1.703806
0.161654  -1.721594
0.199814  -1.738555
0.238748  -1.754665
0.278437  -1.769899
0.318863  -1.784232
0.360003  -1.797640
0.401838  -1.810099
0.444345  -1.821588
0.487502  -1.832082
0.531286  -1.841561
0.575672  -1.850002
0.620637  -1.857385
0.666155  -1.863689
0.712202  -1.868895
-0.609449  0.792825
-0.622146  0.809343
-0.634843  0.825860
-0.647540  0.842377
-0.660236  0.858894
-0.672933  0.875411
-0.685630  0.891928
-0.698327  0.908446
-0.711024  0.924963
-0.723721  0.941480
-0.736417  0.957997
-0.749114  0.974514
-0.761811  0.991032
-0.774508  1.007549
-0.787205  1.024066
-0.799902  1.040583
-0.812599  1.057100
-0.825295  1.073618
-0.837992  1.090135
-0.850689  1.106652
-0.863386  1.123169
-0.876083  1.139686
-0.888780  1.156204
-0.901477  1.172721
-0.914173  1.189238
-0.926870  1.205755
-0.939567  1.222272
-0.952264  1.238790
-0.964961  1.255307
-0.977658  1.271824
-0.990355  1.288341
-1.003051  1.304858
-1.015748  1.321376
-1.028445  1.337893
-1.041142  1.354410
-1.053839  1.370927
-1.066536  1.387444
-1.079233  1.403961
-1.091929  1.420479
-1.104626  1.436996
-1.117323  1.453513
-1.130020  1.470030
-1.142717  1.486547
-1.155414  1.503065
-1.168110  1.519582
-1.180807  1.536099
-1.193504  1.552616
-1.206201  1.569133
-1.218898  1.585651
-0.575941  -0.817491
-0.570451  -0.846573
-0.563996  -0.875773
-0.556568  -0.905063
-0.548160  -0.934415
-0.538767  -0.963802
-0.528385  -0.993194
-0.517009  -1.022563
-0.504635  -1.051881
-0.491261  -1.081119
-0.476886  -1.110247
-0.461508  -1.139237
-0.445126  -1.168059
-0.427742  -1.196685
-0.409356  -1.225084
-0.389971  -1.253227
-0.369590  -1.281086
-0.348216  -1.308630
-0.325853  -1.335831
-0.302507  -1.362659
-0.278184  -1.389085
-0.252891  -1.415080
-0.226635  -1.440615
-0.199425  -1.465662
-0.171269  -1.490190
-0.142178  -1.514173
-0.112162  -1.537581
-0.081234  -1.560387
-0.049404  -1.582562
-0.016687  -1.604080
0.016904  -1.624912
0.051355  -1.645032
0.086649  -1.664413
0.122772  -1.683028
0.159707  -1.700852
0.197435  -1.717858
0.235939  -1.734022
0.275200  -1.749319
0.315198  -1.763723
0.355912  -1.777212
0.397323  -1.789761
0.439408  -1.801348
0.482145  -1.811950
0.525511  -1.821544
0.569482  -1.830110
0.614034  -1.837626
0.659143  -1.844072
0.704783  -1.849427
0.750928  -1.853674
-0.592823  0.805333
-0.605174  0.822110
-0.617524  0.838888
-0.629875  0.855666
-0.642225  0.872444
-0.654576  0.889221
-0.666926  0.905999
-0.679277  0.922777
-0.691627  0.939555
-0.703978  0.956332
-0.716328  0.973110
-0.728679  0.989888
-0.741029  1.006666
-0.753380  1.023443
-0.765730  1.040221
-0.778081  1.056999
-0.790431  1.073777
-0.802782  1.090555
-0.815132  1.107332
-0.827483  1.124110
-0.839833  1.140888
-0.852184  1.157666
-0.864534  1.174443
-0.876884  1.191221
-0.889235  1.207999
-0.901585  1.224777
-0.913936  1.241554
-0.926286  1.258332
-0.938637  1.275110
-0.950987  1.291888
-0.963338  1.308665
-0.975688  1.325443
-0.988039  1.342221
-1.000389  1.358999
-1.012740  1.375776
-1.025090  1.392554
-1.037441  1.409332
-1.049791  1.426110
-1.062142  1.442887
-1.074492  1.459665
-1.086843  1.476443
-1.099193  1.493221
-1.111544  1.509999
-1.123894  1.526776
-1.136245  1.543554
-1.148595  1.560332
-1.160946  1.577110
-1.173296  1.593887
-1.185647  1.610665
-0.558810  -0.829296
-0.552716  -0.858257
-0.545655  -0.887316
-0.537619  -0.916446
-0.528602  -0.945617
-0.518600  -0.974801
-0.507609  -1.003971
-0.495624  -1.033098
-0.482643  -1.062152
-0.468664  -1.091105
-0.453685  -1.119928
-0.437707  -1.148592
-0.420730  -1.177067
-0.402754  -1.205324
-0.383781  -1.233335
-0.363815  -1.261069
-0.342859  -1.288497
-0.320916  -1.315591
-0.297992  -1.342321
-0.274094  -1.368658
-0.249226  -1.394572
-0.223397  -1.420035
-0.196616  -1.445018
-0.168890  -1.469493
-0.140230  -1.493431
-0.110647  -1.516803
-0.080151  -1.539582
-0.048754  -1.561739
-0.016471  -1.583248
0.016687  -1.604080
0.050705  -1.624209
0.085566  -1.643608
0.121257  -1.662250
0.157759  -1.680110
0.195056  -1.697161
0.233130  -1.713379
0.271962  -1.728738
0.311533  -1.743215
0.351822  -1.756784
0.392808  -1.769423
0.434471  -1.781108
0.476788  -1.791817
0.519736  -1.801527
0.563292  -1.810217
0.607432  -1.817866
0.652131  -1.824454
0.697364  -1.829960
0.743105  -1.834365
0.789328  -1.837651
-0.575941  0.817491
-0.587940  0.834522
-0.599939  0.851553
-0.611937  0.868584
-0.623936  0.885615
-0.635935  0.902647
-0.647934  0.919678
-0.659932  0.936709
-0.671931  0.953740
-0.683930  0.970771
-0.695929  0.987802
-0.707928  1.004833
-0.719926  1.021864
-0.731925  1.038895
-0.743924  1.055926
-0.755923  1.072957
-0.767921  1.089988
-0.779920  1.107019
-0.791919  1.124050
-0.803918  1.141081
-0.815917  1.158113
-0.827915  1.175144
-0.839914  1.192175
-0.851913  1.209206
-0.863912  1.226237
-0.875910  1.243268
-0.887909  1.260299
-0.899908  1.277330
-0.911907  1.294361
-0.923905  1.311392
-0.935904  1.328423
-0.947903  1.345454
-0.959902  1.362485
-0.971901  1.379516
-0.983899  1.396547
-0.995898  1.413579
-1.007897  1.430610
-1.019896  1.447641
-1.031894  1.464672
-1.043893  1.481703
-1.055892  1.498734
-1.067891  1.515765
-1.079890  1.532796
-1.091888  1.549827
-1.103887  1.566858
-1.115886  1.583889
-1.127885  1.600920
-1.139883  1.617951
-1.151882  1.634982
-0.541436  -0.840742
-0.534741  -0.869570
-0.527077  -0.898476
-0.518437  -0.927432
-0.508815  -0.956409
-0.498208  -0.985379
-0.486612  -1.014314
-0.474024  -1.043185
-0.460442  -1.071963
-0.445863  -1.100619
-0.430289  -1.129124
-0.413718  -1.157449
-0.396151  -1.185565
-0.377591  -1.213442
-0.358040  -1.241052
-0.337501  -1.268365
-0.315979  -1.295351
-0.293477  -1.321983
-0.270003  -1.348230
-0.245561  -1.374063
-0.220160  -1.399455
-0.193807  -1.424375
-0.166511  -1.448796
-0.138283  -1.472689
-0.109131  -1.496025
-0.079068  -1.518777
-0.048104  -1.540916
-0.016254  -1.562415
0.016471  -1.583248
0.050055  -1.603386
0.084483  -1.622802
0.119741  -1.641472
0.155812  -1.659368
0.192678  -1.676464
0.230321  -1.692736
0.268724  -1.708158
0.307868  -1.722706
0.347731  -1.736357
0.388293  -1.749085
0.429534  -1.760868
0.471431  -1.771684
0.513961  -1.781510
0.557102  -1.790325
0.600829  -1.798107
0.645119  -1.804836
0.689945  -1.810492
0.735283  -1.815056
0.781106  -1.818509
0.827388  -1.820832
-0.558810  0.829296
-0.570451  0.846573
-0.582093  0.863850
-0.593735  0.881127
-0.605377  0.898404
-0.617019  0.915681
-0.628661  0.932958
-0.640303  0.950235
-0.651944  0.967512
-0.663586  0.984789
-0.675228  1.002066
-0.686870  1.019343
-0.698512  1.036620
-0.710154  1.053897
-0.721796  1.071174
-0.733438  1.088451
-0.745079  1.105728
-0.756721  1.123005
-0.768363  1.140282
-0.780005  1.157559
-0.791647  1.174836
-0.803289  1.192113
-0.814931  1.209390
-0.826572  1.226667
-0.838214  1.243944
-0.849856  1.261221
-0.861498  1.278498
-0.873140  1.295775
-0.884782  1.313052
-0.896424  1.330329
-0.908066  1.347606
-0.919707  1.364883
-0.931349  1.382160
-0.942991  1.399437
-0.954633  1.416714
-0.966275  1.433991
-0.977917  1.451268
-0.989559  1.468545
-1.001200  1.485822
-1.012842  1.503099
-1.024484  1.520376
-1.036126  1.537653
-1.047768  1.554930
-1.059410  1.572207
-1.071052  1.589484
-1.082693  1.606761
-1.094335  1.624038
-1.105977  1.641315
-1.117619  1.658592
-0.523828  -0.851824
-0.516535  -0.880507
-0.508271  -0.909247
-0.499030  -0.938016
-0.488808  -0.966787
-0.477601  -0.995531
-0.465406  -1.024218
-0.452219  -1.052821
-0.438041  -1.081310
-0.422870  -1.109656
-0.406705  -1.137831
-0.389549  -1.165806
-0.371401  -1.193550
-0.352265  -1.221035
-0.332144  -1.248232
-0.311042  -1.275111
-0.288962  -1.301645
-0.265912  -1.327802
-0.241896  -1.353555
-0.216922  -1.378875
-0.190998  -1.403732
-0.164133  -1.428099
-0.136335  -1.451947
-0.107615  -1.475247
-0.077985  -1.497971
-0.047454  -1.520093
-0.016037  -1.541583
0.016254  -1.562415
0.049404  -1.582562
0.083400  -1.601997
0.118225  -1.620694
0.153864  -1.638625
0.190299  -1.655767
0.227513  -1.672093
0.265487  -1.687578
0.304202  -1.702198
0.343640  -1.715929
0.383778  -1.728747
0.424597  -1.740628
0.466073  -1.751551
0.508186  -1.761493
0.550912  -1.770432
0.594227  -1.778347
0.638107  -1.785218
0.682527  -1.791024
0.727461  -1.795747
0.772884  -1.799366
0.818769  -1.801865
0.865089  -1.803225
-0.541436  0.840742
-0.552716  0.858257
-0.563996  0.875773
-0.575276  0.893288
-0.586556  0.910804
-0.597836  0.928319
-0.609116  0.945835
-0.620396  0.963350
-0.631676  0.980866
-0.642955  0.998381
-0.654235  1.015896
-0.665515  1.033412
-0.676795  1.050927
-0.688075  1.068443
-0.699355  1.085958
-0.710635  1.103474
-0.721915  1.120989
-0.733195  1.138505
-0.744475  1.156020
-0.755755  1.173536
-0.767035  1.191051
-0.778314  1.208566
-0.789594  1.226082
-0.800874  1.243597
-0.812154  1.261113
-0.823434  1.278628
-0.834714  1.296144
-0.845994  1.313659
-0.857274  1.331175
-0.868554  1.348690
-0.879834  1.366206
-0.891114  1.383721
-0.902394  1.401236
-0.913673  1.418752
-0.924953  1.436267
-0.936233  1.453783
-0.947513  1.471298
-0.958793  1.488814
-0.970073  1.506329
-0.981353  1.523845
-0.992633  1.541360
-1.003913  1.558876
-1.015193  1.576391
-1.026473  1.593906
-1.037753  1.611422
-1.049033  1.628937
-1.060312  1.646453
-1.071592  1.663968
-1.082872  1.681484
-0.505994  -0.862537
-0.498106  -0.891062
-0.489245  -0.919624
-0.479408  -0.948195
-0.468590  -0.976747
-0.456787  -1.005251
-0.443997  -1.033679
-0.430219  -1.062001
-0.415451  -1.090189
-0.399693  -1.118214
-0.382946  -1.146046
-0.365211  -1.173657
-0.346491  -1.201018
-0.326787  -1.228099
-0.306104  -1.254872
-0.284447  -1.281306
-0.261821  -1.307374
-0.238231  -1.333047
-0.213685  -1.358294
-0.188189  -1.383089
-0.161754  -1.407402
-0.134387  -1.431204
-0.106100  -1.454469
-0.076901  -1.477166
-0.046804  -1.499270
-0.015820  -1.520751
0.016037  -1.541583
0.048754  -1.561739
0.082317  -1.581192
0.116710  -1.599915
0.151916  -1.617883
0.187920  -1.635070
0.224704  -1.651450
0.262249  -1.666998
0.300537  -1.681690
0.339549  -1.695501
0.379263  -1.708408
0.419659  -1.720389
0.460716  -1.731418
0.502411  -1.741476
0.544722  -1.750540
0.587624  -1.758588
0.631095  -1.765600
0.675108  -1.771557
0.719639  -1.776438
0.764662  -1.780224
0.810150  -1.782898
0.856077  -1.784442
0.902415  -1.784838
-0.523828  0.851824
-0.534741  0.869570
-0.545655  0.887316
-0.556568  0.905063
-0.567481  0.922809
-0.578394  0.940555
-0.589307  0.958302
-0.600220  0.976048
-0.611133  0.993794
-0.622046  1.011541
-0.632959  1.029287
-0.643872  1.047033
-0.654785  1.064780
-0.665699  1.082526
-0.676612  1.100272
-0.687525  1.118019
-0.698438  1.135765
-0.709351  1.153511
-0.720264  1.171258
-0.731177  1.189004
-0.742090  1.206750
-0.753003  1.224497
-0.763916  1.242243
-0.774829  1.259989
-0.785743  1.277736
-0.796656  1.295482
-0.807569  1.313228
-0.818482  1.330975
-0.829395  1.348721
-0.840308  1.366467
-0.851221  1.384214
-0.862134  1.401960
-0.873047  1.419706
-0.883960  1.437453
-0.894873  1.455199
-0.905787  1.472945
-0.916700  1.490692
-0.927613  1.508438
-0.938526  1.526184
-0.949439  1.543931
-0.960352  1.561677
-0.971265  1.579423
-0.982178  1.597170
-0.993091  1.614916
-1.004004  1.632662
-1.014917  1.650409
-1.025831  1.668155
-1.036744  1.685901
-1.047657  1.703648
-0.487940  -0.872877
-0.479461  -0.901232
-0.470008  -0.929603
-0.459578  -0.957963
-0.448168  -0.986284
-0.435775  -1.014536
-0.422397  -1.042692
-0.408032  -1.070721
-0.392681  -1.098596
-0.376344  -1.126287
-0.359021  -1.153765
-0.340716  -1.181001
-0.321430  -1.207966
-0.301167  -1.234632
-0.279932  -1.260968
-0.257730  -1.286947
-0.234566  -1.312538
-0.210447  -1.337714
-0.185381  -1.362446
-0.159375  -1.386705
-0.132440  -1.410462
-0.104584  -1.433691
-0.075818  -1.456361
-0.046154  -1.478446
-0.015604  -1.499919
0.015820  -1.520751
0.048104  -1.540916
0.081234  -1.560387
0.115194  -1.579137
0.149969  -1.597141
0.185541  -1.614373
0.221895  -1.630807
0.259012  -1.646418
0.296872  -1.661181
0.335458  -1.675073
0.374748  -1.688070
0.414722  -1.700149
0.455359  -1.711286
0.496637  -1.721459
0.538532  -1.730647
0.581022  -1.738829
0.624082  -1.745983
0.667689  -1.752089
0.711817  -1.757129
0.756440  -1.761082
0.801532  -1.763931
0.847066  -1.765658
0.893015  -1.766246
0.939351  -1.765678
-0.505994  0.862537
-0.516535  0.880507
-0.527077  0.898476
-0.537619  0.916446
-0.548160  0.934415
-0.558702  0.952385
-0.569243  0.970354
-0.579785  0.988324
-0.590326  1.006293
-0.600868  1.024263
-0.611409  1.042232
-0.621951  1.060202
-0.632492  1.078171
-0.643034  1.096141
-0.653575  1.114110
-0.664117  1.132080
-0.674659  1.150049
-0.685200  1.168019
-0.695742  1.185988
-0.706283  1.203958
-0.716825  1.221928
-0.727366  1.239897
-0.737908  1.257867
-0.748449  1.275836
-0.758991  1.293806
-0.769532  1.311775
-0.780074  1.329745
-0.790615  1.347714
-0.801157  1.365684
-0.811699  1.383653
-0.822240  1.401623
-0.832782  1.419592
-0.843323  1.437562
-0.853865  1.455531
-0.864406  1.473501
-0.874948  1.491470
-0.885489  1.509440
-0.896031  1.527409
-0.906572  1.545379
-0.917114  1.563348
-0.927655  1.581318
-0.938197  1.599287
-0.948739  1.617257
-0.959280  1.635227
-0.969822  1.653196
-0.980363  1.671166
-0.990905  1.689135
-1.001446  1.707105
-1.011988  1.725074
-0.469676  -0.882839
-0.460608  -0.911011
-0.450567  -0.939180
-0.439550  -0.967317
-0.427553  -0.995394
-0.414575  -1.023383
-0.400613  -1.051253
-0.385669  -1.078978
-0.369741  -1.106527
-0.352831  -1.133872
-0.334941  -1.160984
-0.316073  -1.187834
-0.296230  -1.214392
-0.275417  -1.240630
-0.253639  -1.266519
-0.230901  -1.292030
-0.207209  -1.317134
-0.182572  -1.341803
-0.156997  -1.366008
-0.130492  -1.389720
-0.103068  -1.412912
-0.074735  -1.435556
-0.045504  -1.457623
-0.015387  -1.479087
0.015604  -1.499919
0.047454  -1.520093
0.080151  -1.539582
0.113678  -1.558359
0.148021  -1.576399
0.183163  -1.593676
0.219086  -1.610163
0.255774  -1.625837
0.293207  -1.640673
0.331367  -1.654646
0.370233  -1.667732
0.409785  -1.679909
0.450002  -1.691153
0.490862  -1.701442
0.532342  -1.710755
0.574419  -1.719069
0.617070  -1.726365
0.660270  -1.732621
0.703995  -1.737820
0.748218  -1.741940
0.792913  -1.744964
0.838055  -1.746875
0.883615  -1.747654
0.929566  -1.747286
0.975881  -1.745754
-0.487940  0.872877
-0.498106  0.891062
-0.508271  0.909247
-0.518437  0.927432
-0.528602  0.945617
-0.538767  0.963802
-0.548933  0.981987
-0.559098  1.000172
-0.569264  1.018356
-0.579429  1.036541
-0.589595  1.054726
-0.599760  1.072911
-0.609925  1.091096
-0.620091  1.109281
-0.630256  1.127466
-0.640422  1.145651
-0.650587  1.163836
-0.660753  1.182021
-0.670918  1.200206
-0.681083  1.218391
-0.691249  1.236576
-0.701414  1.254761
-0.711580  1.272946
-0.721745  1.291131
-0.731911  1.309315
-0.742076  1.327500
-0.752241  1.345685
-0.762407  1.363870
-0.772572  1.382055
-0.782738  1.400240
-0.792903  1.418425
-0.803069  1.436610
-0.813234  1.454795
-0.823399  1.472980
-0.833565  1.491165
-0.843730  1.509350
-0.853896  1.527535
-0.864061  1.545720
-0.874227  1.563905
-0.884392  1.582089
-0.894557  1.600274
-0.904723  1.618459
-0.914888  1.636644
-0.925054  1.654829
-0.935219  1.673014
-0.945384  1.691199
-0.955550  1.709384
-0.965715  1.727569
-0.975881  1.745754
-0.451208  -0.892419
-0.441556  -0.920396
-0.430931  -0.948350
-0.419331  -0.976252
-0.406752  -1.004073
-0.393195  -1.031786
-0.378657  -1.059360
-0.363139  -1.086768
-0.346641  -1.113980
-0.329166  -1.140967
-0.310716  -1.167701
-0.291293  -1.194152
-0.270902  -1.220292
-0.249548  -1.246091
-0.227236  -1.271521
-0.203972  -1.296554
-0.179763  -1.321160
-0.154618  -1.345311
-0.128544  -1.368978
-0.101553  -1.392134
-0.073652  -1.414751
-0.044854  -1.436800
-0.015170  -1.458254
0.015387  -1.479087
0.046804  -1.499270
0.079068  -1.518777
0.112162  -1.537581
0.146073  -1.555657
0.180784  -1.572979
0.216277  -1.589520
0.252536  -1.605257
0.289542  -1.620164
0.327276  -1.634218
0.365718  -1.647394
0.404848  -1.659669
0.444645  -1.671020
0.485087  -1.681425
0.526152  -1.690862
0.567817  -1.699310
0.610058  -1.706747
0.652852  -1.713154
0.696172  -1.718510
0.739995  -1.722798
0.784295  -1.725997
0.829043  -1.728091
0.874215  -1.729062
0.919782  -1.728893
0.965715  -1.727569
1.011988  -1.725074
-0.469676  0.882839
-0.479461  0.901232
-0.489245  0.919624
-0.499030  0.938016
-0.508815  0.956409
-0.518600  0.974801
-0.528385  0.993194
-0.538170  1.011586
-0.547955  1.029979
-0.557740  1.048371
-0.567525  1.066764
-0.577310  1.085156
-0.587095  1.103549
-0.596879  1.121941
-0.606664  1.140334
-0.616449  1.158726
-0.626234  1.177119
-0.636019  1.195511
-0.645804  1.213904
-0.655589  1.232296
-0.665374  1.250689
-0.675159  1.269081
-0.684944  1.287474
-0.694729  1.305866
-0.704513  1.324259
-0.714298  1.342651
-0.724083  1.361044
-0.733868  1.379436
-0.743653  1.397828
-0.753438  1.416221
-0.763223  1.434613
-0.773008  1.453006
-0.782793  1.471398
-0.792578  1.489791
-0.802363  1.508183
-0.812147  1.526576
-0.821932  1.544968
-0.831717  1.563361
-0.841502  1.581753
-0.851287  1.600146
-0.861072  1.618538
-0.870857  1.636931
-0.880642  1.655323
-0.890427  1.673716
-0.900212  1.692108
-0.909997  1.710501
-0.919782  1.728893
-0.929566  1.747286
-0.939351  1.765678
-0.432544  -0.901613
-0.422312  -0.929383
-0.411109  -0.957110
-0.398930  -0.984764
-0.385776  -1.012318
-0.371645  -1.039742
-0.356536  -1.067008
-0.340451  -1.094087
-0.323391  -1.120950
-0.305358  -1.147568
-0.286356  -1.173912
-0.266387  -1.199954
-0.245457  -1.225663
-0.223570  -1.251013
-0.200734  -1.275974
-0.176954  -1.300517
-0.152239  -1.324614
-0.126597  -1.348236
-0.100037  -1.371356
-0.072569  -1.393946
-0.044204  -1.415977
-0.014954  -1.437422
0.015170  -1.458254
0.046154  -1.478446
0.077985  -1.497971
0.110647  -1.516803
0.144126  -1.534915
0.178405  -1.552281
0.213469  -1.568877
0.249299  -1.584677
0.285877  -1.599656
0.323185  -1.613790
0.361203  -1.627056
0.399911  -1.639429
0.439288  -1.650887
0.479312  -1.661408
0.519962  -1.670970
0.561214  -1.679550
0.603046  -1.687129
0.645433  -1.693686
0.688350  -1.699201
0.731773  -1.703655
0.775676  -1.707030
0.820032  -1.709307
0.864815  -1.710470
0.909997  -1.710501
0.955550  -1.709384
1.001446  -1.707105
1.047657  -1.703648
-0.451208  0.892419
-0.460608  0.911011
-0.470008  0.929603
-0.479408  0.948195
-0.488808  0.966787
-0.498208  0.985379
-0.507609  1.003971
-0.517009  1.022563
-0.526409  1.041155
-0.535809  1.059748
-0.545209  1.078340
-0.554609  1.096932
-0.564010  1.115524
-0.573410  1.134116
-0.582810  1.152708
-0.592210  1.171300
-0.601610  1.189892
-0.611010  1.208484
-0.620411  1.227076
-0.629811  1.245668
-0.639211  1.264260
-0.648611  1.282852
-0.658011  1.301444
-0.667411  1.320036
-0.676811  1.338628
-0.686212  1.357221
-0.695612  1.375813
-0.705012  1.394405
-0.714412  1.412997
-0.723812  1.431589
-0.733212  1.450181
-0.742613  1.468773
-0.752013  1.487365
-0.761413  1.505957
-0.770813  1.524549
-0.780213  1.543141
-0.789613  1.561733
-0.799014  1.580325
-0.808414  1.598917
-0.817814  1.617509
-0.827214  1.636101
-0.836614  1.654694
-0.846014  1.673286
-0.855415  1.691878
-0.864815  1.710470
-0.874215  1.729062
-0.883615  1.747654
-0.893015  1.766246
-0.902415  1.784838
-0.413694  -0.910416
-0.402886  -0.937968
-0.391108  -0.965455
-0.378357  -0.992851
-0.364632  -1.020125
-0.349934  -1.047249
-0.334261  -1.074195
-0.317616  -1.100933
-0.300001  -1.127435
-0.281419  -1.153672
-0.261872  -1.179615
-0.241366  -1.205236
-0.219905  -1.230505
-0.197496  -1.255393
-0.174145  -1.279873
-0.149860  -1.303916
-0.124649  -1.327494
-0.098521  -1.350578
-0.071486  -1.373140
-0.043554  -1.395154
-0.014737  -1.416590
0.014954  -1.437422
0.045504  -1.457623
0.076901  -1.477166
0.109131  -1.496025
0.142178  -1.514173
0.176026  -1.531584
0.210660  -1.548234
0.246061  -1.564097
0.282212  -1.579148
0.319094  -1.593363
0.356688  -1.606718
0.394974  -1.619189
0.433930  -1.630755
0.473537  -1.641391
0.513772  -1.651077
0.554612  -1.659791
0.596034  -1.667511
0.638014  -1.674218
0.680528  -1.679892
0.723551  -1.684513
0.767057  -1.688063
0.811021  -1.690524
0.855415  -1.691878
0.900212  -1.692108
0.945384  -1.691199
0.990905  -1.689135
1.036744  -1.685901
1.082872  -1.681484
-0.432544  0.901613
-0.441556  0.920396
-0.450567  0.939180
-0.459578  0.957963
-0.468590  0.976747
-0.477601  0.995531
-0.486612  1.014314
-0.495624  1.033098
-0.504635  1.051881
-0.513646  1.070665
-0.522658  1.089449
-0.531669  1.108232
-0.540680  1.127016
-0.549692  1.145799
-0.558703  1.164583
-0.567714  1.183367
-0.576726  1.202150
-0.585737  1.220934
-0.594748  1.239717
-0.603760  1.258501
-0.612771  1.277285
-0.621782  1.296068
-0.630794  1.314852
-0.639805  1.333635
-0.648817  1.352419
-0.657828  1.371203
-0.666839  1.389986
-0.675851  1.408770
-0.684862  1.427553
-0.693873  1.446337
-0.702885  1.465121
-0.711896  1.483904
-0.720907  1.502688
-0.729919  1.521471
-0.738930  1.540255
-0.747941  1.559039
-0.756953  1.577822
-0.765964  1.596606
-0.774975  1.615389
-0.783987  1.634173
-0.792998  1.652957
-0.802009  1.671740
-0.811021  1.690524
-0.820032  1.709307
-0.829043  1.728091
-0.838055  1.746875
-0.847066  1.765658
-0.856077  1.784442
-0.865089  1.803225
-0.394664  -0.918825
-0.383286  -0.946146
-0.370938  -0.973383
-0.357620  -1.000507
-0.343331  -1.027490
-0.328071  -1.054302
-0.311842  -1.080916
-0.294644  -1.107303
-0.276481  -1.133432
-0.257357  -1.159277
-0.237275  -1.184808
-0.216240  -1.209996
-0.194259  -1.234813
-0.171337  -1.259230
-0.147482  -1.283219
-0.122702  -1.306752
-0.097005  -1.329800
-0.070403  -1.352335
-0.042904  -1.374330
-0.014520  -1.395758
0.014737  -1.416590
0.044854  -1.436800
0.075818  -1.456361
0.107615  -1.475247
0.140230  -1.493431
0.173648  -1.510887
0.207851  -1.527591
0.242823  -1.543516
0.278547  -1.558639
0.315003  -1.572935
0.352173  -1.586379
0.390036  -1.598949
0.428573  -1.610622
0.467762  -1.621374
0.507582  -1.631185
0.548009  -1.640031
0.589022  -1.647894
0.630595  -1.654751
0.672706  -1.660583
0.715329  -1.665371
0.758439  -1.669096
0.802009  -1.671740
0.846014  -1.673286
0.890427  -1.673716
0.935219  -1.673014
0.980363  -1.671166
1.025831  -1.668155
1.071592  -1.663968
1.117619  -1.658592
-0.413694  0.910416
-0.422312  0.929383
-0.430931  0.948350
-0.439550  0.967317
-0.448168  0.986284
-0.456787  1.005251
-0.465406  1.024218
-0.474024  1.043185
-0.482643  1.062152
-0.491261  1.081119
-0.499880  1.100086
-0.508499  1.119053
-0.517117  1.138020
-0.525736  1.156987
-0.534354  1.175954
-0.542973  1.194921
-0.551592  1.213888
-0.560210  1.232855
-0.568829  1.251822
-0.577448  1.270789
-0.586066  1.289756
-0.594685  1.308723
-0.603303  1.327690
-0.611922  1.346657
-0.620541  1.365624
-0.629159  1.384591
-0.637778  1.403558
-0.646397  1.422525
-0.655015  1.441492
-0.663634  1.460459
-0.672252  1.479426
-0.680871  1.498393
-0.689490  1.517360
-0.698108  1.536327
-0.706727  1.555294
-0.715346  1.574261
-0.723964  1.593228
-0.732583  1.612195
-0.741201  1.631162
-0.749820  1.650129
-0.758439  1.669096
-0.767057  1.688063
-0.775676  1.707030
-0.784295  1.725997
-0.792913  1.744964
-0.801532  1.763931
-0.810150  1.782898
-0.818769  1.801865
-0.827388  1.820832
-0.375464  -0.926837
-0.363520  -0.953915
-0.350608  -0.980889
-0.336729  -1.007730
-0.321881  -1.034410
-0.306067  -1.060899
-0.289287  -1.087170
-0.271544  -1.113193
-0.252842  -1.138939
-0.233184  -1.164380
-0.212575  -1.189488
-0.191021  -1.214233
-0.168528  -1.238587
-0.145103  -1.262522
-0.120754  -1.286010
-0.095490  -1.309022
-0.069320  -1.331530
-0.042254  -1.353507
-0.014303  -1.374926
0.014520  -1.395758
0.044204  -1.415977
0.074735  -1.435556
0.106100  -1.454469
0.138283  -1.472689
0.171269  -1.490190
0.205042  -1.506948
0.239586  -1.522936
0.274882  -1.538131
0.310912  -1.552507
0.347658  -1.566041
0.385099  -1.578709
0.423216  -1.590489
0.461987  -1.601357
0.501392  -1.611292
0.541407  -1.620272
0.582009  -1.628276
0.623176  -1.635283
0.664884  -1.641274
0.707107  -1.646229
0.749820  -1.650129
0.792998  -1.652957
0.836614  -1.654694
0.880642  -1.655323
0.925054  -1.654829
0.969822  -1.653196
1.014917  -1.650409
1.060312  -1.646453
1.105977  -1.641315
1.151882  -1.634982
-0.394664  0.918825
-0.402886  0.937968
-0.411109  0.957110
-0.419331  0.976252
-0.427553  0.995394
-0.435775  1.014536
-0.443997  1.033679
-0.452219  1.052821
-0.460442  1.071963
-0.468664  1.091105
-0.476886  1.110247
-0.485108  1.129390
-0.493330  1.148532
-0.501552  1.167674
-0.509775  1.186816
-0.517997  1.205958
-0.526219  1.225101
-0.534441  1.244243
-0.542663  1.263385
-0.550885  1.282527
-0.559108  1.301669
-0.567330  1.320812
-0.575552  1.339954
-0.583774  1.359096
-0.591996  1.378238
-0.600218  1.397380
-0.608441  1.416523
-0.616663  1.435665
-0.624885  1.454807
-0.633107  1.473949
-0.641329  1.493091
-0.649552  1.512234
-0.657774  1.531376
-0.665996  1.550518
-0.674218  1.569660
-0.682440  1.588802
-0.690662  1.607944
-0.698885  1.627087
-0.707107  1.646229
-0.715329  1.665371
-0.723551  1.684513
-0.731773  1.703655
-0.739995  1.722798
-0.748218  1.741940
-0.756440  1.761082
-0.764662  1.780224
-0.772884  1.799366
-0.781106  1.818509
-0.789328  1.837651
-0.356101  -0.934448
-0.343596  -0.961271
-0.330126  -0.987971
-0.315691  -1.014517
-0.300292  -1.040882
-0.283930  -1.067037
-0.266607  -1.092953
-0.248327  -1.118601
-0.229093  -1.143953
-0.208910  -1.168979
-0.187783  -1.193653
-0.165719  -1.217944
-0.142724  -1.241825
-0.118806  -1.265268
-0.093974  -1.288244
-0.068236  -1.310725
-0.041604  -1.332684
-0.014087  -1.354093
0.014303  -1.374926
0.043554  -1.395154
0.073652  -1.414751
0.104584  -1.433691
0.136335  -1.451947
0.168890  -1.469493
0.202233  -1.486305
0.236348  -1.502356
0.271217  -1.517622
0.306821  -1.532079
0.343143  -1.545703
0.380162  -1.558470
0.417859  -1.570356
0.456213  -1.581340
0.495202  -1.591400
0.534804  -1.600513
0.574997  -1.608658
0.615758  -1.615816
0.657062  -1.621965
0.698885  -1.627087
0.741201  -1.631162
0.783987  -1.634173
0.827214  -1.636101
0.870857  -1.636931
0.914888  -1.636644
0.959280  -1.635227
1.004004  -1.632662
1.049033  -1.628937
1.094335  -1.624038
1.139883  -1.617951
1.185647  -1.610665
-0.375464  0.926837
-0.383286  0.946146
-0.391108  0.965455
-0.398930  0.984764
-0.406752  1.004073
-0.414575  1.023383
-0.422397  1.042692
-0.430219  1.062001
-0.438041  1.081310
-0.445863  1.100619
-0.453685  1.119928
-0.461508  1.139237
-0.469330  1.158546
-0.477152  1.177855
-0.484974  1.197165
-0.492796  1.216474
-0.500618  1.235783
-0.508441  1.255092
-0.516263  1.274401
-0.524085  1.293710
-0.531907  1.313019
-0.539729  1.332328
-0.547551  1.351637
-0.555374  1.370946
-0.563196  1.390256
-0.571018  1.409565
-0.578840  1.428874
-0.586662  1.448183
-0.594484  1.467492
-0.602306  1.486801
-0.610129  1.506110
-0.617951  1.525419
-0.625773  1.544728
-0.633595  1.564038
-0.641417  1.583347
-0.649239  1.602656
-0.657062  1.621965
-0.664884  1.641274
-0.672706  1.660583
-0.680528  1.679892
-0.688350  1.699201
-0.696172  1.718510
-0.703995  1.737820
-0.711817  1.757129
-0.719639  1.776438
-0.727461  1.795747
-0.735283  1.815056
-0.743105  1.834365
-0.750928  1.853674
-0.336584  -0.941654
-0.323524  -0.968211
-0.309501  -0.994625
-0.294517  -1.020865
-0.278573  -1.046904
-0.261670  -1.072713
-0.243812  -1.098263
-0.225002  -1.123525
-0.205245  -1.148471
-0.184546  -1.173073
-0.162910  -1.197301
-0.140345  -1.221128
-0.116859  -1.244526
-0.092458  -1.267466
-0.067153  -1.289920
-0.040954  -1.311861
-0.013870  -1.333261
0.014087  -1.354093
0.042904  -1.374330
0.072569  -1.393946
0.103068  -1.412912
0.134387  -1.431204
0.166511  -1.448796
0.199425  -1.465662
0.233110  -1.481776
0.267552  -1.497114
0.302730  -1.511652
0.338628  -1.525365
0.375225  -1.538230
0.412502  -1.550224
0.450438  -1.561323
0.489012  -1.571507
0.528202  -1.580753
0.567985  -1.589040
0.608339  -1.596348
0.649239  -1.602656
0.690662  -1.607944
0.732583  -1.612195
0.774975  -1.615389
0.817814  -1.617509
0.861072  -1.618538
0.904723  -1.618459
0.948739  -1.617257
0.993091  -1.614916
1.037753  -1.611422
1.082693  -1.606761
1.127885  -1.600920
1.173296  -1.593887
1.218898  -1.585651
-0.356101  0.934448
-0.363520  0.953915
-0.370938  0.973383
-0.378357  0.992851
-0.385776  1.012318
-0.393195  1.031786
-0.400613  1.051253
-0.408032  1.070721
-0.415451  1.090189
-0.422870  1.109656
-0.430289  1.129124
-0.437707  1.148592
-0.445126  1.168059
-0.452545  1.187527
-0.459964  1.206995
-0.467382  1.226462
-0.474801  1.245930
-0.482220  1.265398
-0.489639  1.284865
-0.497057  1.304333
-0.504476  1.323801
-0.511895  1.343268
-0.519314  1.362736
-0.526732  1.382204
-0.534151  1.401671
-0.541570  1.421139
-0.548989  1.440607
-0.556408  1.460074
-0.563826  1.479542
-0.571245  1.499010
-0.578664  1.518477
-0.586083  1.537945
-0.593501  1.557413
-0.600920  1.576880
-0.608339  1.596348
-0.615758  1.615816
-0.623176  1.635283
-0.630595  1.654751
-0.638014  1.674218
-0.645433  1.693686
-0.652852  1.713154
-0.660270  1.732621
-0.667689  1.752089
-0.675108  1.771557
-0.682527  1.791024
-0.689945  1.810492
-0.697364  1.829960
-0.704783  1.849427
-0.712202  1.868895
-0.316921  -0.948452
-0.303311  -0.974732
-0.288742  -1.000848
-0.273215  -1.026771
-0.256733  -1.052473
-0.239297  -1.077924
-0.220911  -1.103097
-0.201580  -1.127963
-0.181308  -1.152492
-0.160101  -1.176658
-0.137967  -1.200431
-0.114911  -1.223784
-0.090943  -1.246687
-0.066070  -1.269115
-0.040304  -1.291038
-0.013653  -1.312429
0.013870  -1.333261
0.042254  -1.353507
0.071486  -1.373140
0.101553  -1.392134
0.132440  -1.410462
0.164133  -1.428099
0.196616  -1.445018
0.229873  -1.461196
0.263886  -1.476606
0.298639  -1.491224
0.334113  -1.505027
0.370288  -1.517990
0.407145  -1.530091
0.444663  -1.541306
0.482822  -1.551615
0.521599  -1.560994
0.560973  -1.569423
0.600920  -1.576880
0.641417  -1.583347
0.682440  -1.588802
0.723964  -1.593228
0.765964  -1.596606
0.808414  -1.598917
0.851287  -1.600146
0.894557  -1.600274
0.938197  -1.599287
0.982178  -1.597170
1.026473  -1.593906
1.071052  -1.589484
1.115886  -1.583889
1.160946  -1.577110
1.206201  -1.569133
1.251622  -1.559950
-0.336584  0.941654
-0.343596  0.961271
-0.350608  0.980889
-0.357620  1.000507
-0.364632  1.020125
-0.371645  1.039742
-0.378657  1.059360
-0.385669  1.078978
-0.392681  1.098596
-0.399693  1.118214
-0.406705  1.137831
-0.413718  1.157449
-0.420730  1.177067
-0.427742  1.196685
-0.434754  1.216302
-0.441766  1.235920
-0.448778  1.255538
-0.455791  1.275156
-0.462803  1.294774
-0.469815  1.314391
-0.476827  1.334009
-0.483839  1.353627
-0.490851  1.373245
-0.497863  1.392863
-0.504876  1.412480
-0.511888  1.432098
-0.518900  1.451716
-0.525912  1.471334
-0.532924  1.490951
-0.539936  1.510569
-0.546949  1.530187
-0.553961  1.549805
-0.560973  1.569423
-0.567985  1.589040
-0.574997  1.608658
-0.582009  1.628276
-0.589022  1.647894
-0.596034  1.667511
-0.603046  1.687129
-0.610058  1.706747
-0.617070  1.726365
-0.624082  1.745983
-0.631095  1.765600
-0.638107  1.785218
-0.645119  1.804836
-0.652131  1.824454
-0.659143  1.844072
-0.666155  1.863689
-0.673168  1.883307
-0.297121  -0.954840
-0.282967  -0.980831
-0.267858  -1.006639
-0.251796  -1.032233
-0.234782  -1.057586
-0.216820  -1.082669
-0.197915  -1.107454
-0.178070  -1.131912
-0.157293  -1.156015
-0.135588  -1.179734
-0.112963  -1.203041
-0.089427  -1.225909
-0.064987  -1.248310
-0.039654  -1.270215
-0.013436  -1.291597
0.013653  -1.312429
0.041604  -1.332684
0.070403  -1.352335
0.100037  -1.371356
0.130492  -1.389720
0.161754  -1.407402
0.193807  -1.424375
0.226635  -1.440615
0.260221  -1.456097
0.294548  -1.470796
0.329598  -1.484688
0.365351  -1.497750
0.401787  -1.509958
0.438888  -1.521289
0.476632  -1.531722
0.514997  -1.541234
0.553961  -1.549805
0.593501  -1.557413
0.633595  -1.564038
0.674218  -1.569660
0.715346  -1.574261
0.756953  -1.577822
0.799014  -1.580325
0.841502  -1.581753
0.884392  -1.582089
0.927655  -1.581318
0.971265  -1.579423
1.015193  -1.576391
1.059410  -1.572207
1.103887  -1.566858
1.148595  -1.560332
1.193504  -1.552616
1.238584  -1.543700
1.283804  -1.533574
-0.316921  0.948452
-0.323524  0.968211
-0.330126  0.987971
-0.336729  1.007730
-0.343331  1.027490
-0.349934  1.047249
-0.356536  1.067008
-0.363139  1.086768
-0.369741  1.106527
-0.376344  1.126287
-0.382946  1.146046
-0.389549  1.165806
-0.396151  1.185565
-0.402754  1.205324
-0.409356  1.225084
-0.415959  1.244843
-0.422561  1.264603
-0.429164  1.284362
-0.435766  1.304121
-0.442369  1.323881
-0.448971  1.343640
-0.455574  1.363400
-0.462176  1.383159
-0.468779  1.402918
-0.475381  1.422678
-0.481984  1.442437
-0.488587  1.462197
-0.495189  1.481956
-0.501792  1.501716
-0.508394  1.521475
-0.514997  1.541234
-0.521599  1.560994
-0.528202  1.580753
-0.534804  1.600513
-0.541407  1.620272
-0.548009  1.640031
-0.554612  1.659791
-0.561214  1.679550
-0.567817  1.699310
-0.574419  1.719069
-0.581022  1.738829
-0.587624  1.758588
-0.594227  1.778347
-0.600829  1.798107
-0.607432  1.817866
-0.614034  1.837626
-0.620637  1.857385
-0.627239  1.877144
-0.633842  1.896904
-0.277192  -0.960814
-0.262501  -0.986506
-0.246858  -1.011993
-0.230267  -1.037248
-0.212729  -1.062242
-0.194250  -1.086946
-0.174833  -1.111332
-0.154484  -1.135372
-0.133209  -1.159037
-0.111016  -1.182299
-0.087911  -1.205131
-0.063904  -1.227504
-0.039004  -1.249391
-0.013220  -1.270765
0.013436  -1.291597
0.040954  -1.311861
0.069320  -1.331530
0.098521  -1.350578
0.128544  -1.368978
0.159375  -1.386705
0.190998  -1.403732
0.223397  -1.420035
0.256556  -1.435589
0.290457  -1.450368
0.325083  -1.464350
0.360413  -1.477510
0.396430  -1.489825
0.433113  -1.501273
0.470442  -1.511830
0.508394  -1.521475
0.546949  -1.530187
0.586083  -1.537945
0.625773  -1.544728
0.665996  -1.550518
0.706727  -1.555294
0.747941  -1.559039
0.789613  -1.561733
0.831717  -1.563361
0.874227  -1.563905
0.917114  -1.563348
0.960352  -1.561677
1.003913  -1.558876
1.047768  -1.554930
1.091888  -1.549827
1.136245  -1.543554
1.180807  -1.536099
1.225546  -1.527451
1.270431  -1.517599
1.315430  -1.506534
-0.297121  0.954840
-0.303311  0.974732
-0.309501  0.994625
-0.315691  1.014517
-0.321881  1.034410
-0.328071  1.054302
-0.334261  1.074195
-0.340451  1.094087
-0.346641  1.113980
-0.352831  1.133872
-0.359021  1.153765
-0.365211  1.173657
-0.371401  1.193550
-0.377591  1.213442
-0.383781  1.233335
-0.389971  1.253227
-0.396161  1.273120
-0.402351  1.293012
-0.408541  1.312905
-0.414731  1.332797
-0.420921  1.352690
-0.427112  1.372582
-0.433302  1.392475
-0.439492  1.412367
-0.445682  1.432260
-0.451872  1.452152
-0.458062  1.472045
-0.464252  1.491937
-0.470442  1.511830
-0.476632  1.531722
-0.482822  1.551615
-0.489012  1.571507
-0.495202  1.591400
-0.501392  1.611292
-0.507582  1.631185
-0.513772  1.651077
-0.519962  1.670970
-0.526152  1.690862
-0.532342  1.710755
-0.538532  1.730647
-0.544722  1.750540
-0.550912  1.770432
-0.557102  1.790325
-0.563292  1.810217
-0.569482  1.830110
-0.575672  1.850002
-0.581862  1.869895
-0.588052  1.889787
-0.594242  1.909680
-0.257144  -0.966373
-0.241921  -0.991753
-0.225752  -1.016910
-0.208638  -1.041814
-0.190585  -1.066437
-0.171595  -1.090752
-0.151675  -1.114729
-0.130830  -1.138340
-0.109068  -1.161557
-0.086395  -1.184353
-0.062821  -1.206699
-0.038353  -1.228568
-0.013003  -1.249932
0.013220  -1.270765
0.040304  -1.291038
0.068236  -1.310725
0.097005  -1.329800
0.126597  -1.348236
0.156997  -1.366008
0.188189  -1.383089
0.220160  -1.399455
0.252891  -1.415080
0.286366  -1.429941
0.320568  -1.444012
0.355476  -1.457270
0.391073  -1.469692
0.427338  -1.481256
0.464252  -1.491937
0.501792  -1.501716
0.539936  -1.510569
0.578664  -1.518477
0.617951  -1.525419
0.657774  -1.531376
0.698108  -1.536327
0.738930  -1.540255
0.780213  -1.543141
0.821932  -1.544968
0.864061  -1.545720
0.906572  -1.545379
0.949439  -1.543931
0.992633  -1.541360
1.036126  -1.537653
1.079890  -1.532796
1.123894  -1.526776
1.168110  -1.519582
1.212508  -1.511201
1.257058  -1.501624
1.301727  -1.490841
1.346487  -1.478842
-0.277192  0.960814
-0.282967  0.980831
-0.288742  1.000848
-0.294517  1.020865
-0.300292  1.040882
-0.306067  1.060899
-0.311842  1.080916
-0.317616  1.100933
-0.323391  1.120950
-0.329166  1.140967
-0.334941  1.160984
-0.340716  1.181001
-0.346491  1.201018
-0.352265  1.221035
-0.358040  1.241052
-0.363815  1.261069
-0.369590  1.281086
-0.375365  1.301103
-0.381140  1.321120
-0.386915  1.341137
-0.392689  1.361154
-0.398464  1.381171
-0.404239  1.401188
-0.410014  1.421205
-0.415789  1.441222
-0.421564  1.461239
-0.427338  1.481256
-0.433113  1.501273
-0.438888  1.521289
-0.444663  1.541306
-0.450438  1.561323
-0.456213  1.581340
-0.461987  1.601357
-0.467762  1.621374
-0.473537  1.641391
-0.479312  1.661408
-0.485087  1.681425
-0.490862  1.701442
-0.496637  1.721459
-0.502411  1.741476
-0.508186  1.761493
-0.513961  1.781510
-0.519736  1.801527
-0.525511  1.821544
-0.531286  1.841561
-0.537060  1.861578
-0.542835  1.881595
-0.548610  1.901612
-0.554385  1.921629
-0.236984  -0.971514
-0.221237  -0.996572
-0.204547  -1.021386
-0.186920  -1.045929
-0.168358  -1.070171
-0.148866  -1.094085
-0.128452  -1.117643
-0.107120  -1.140815
-0.084880  -1.163575
-0.061738  -1.185894
-0.037703  -1.207745
-0.012786  -1.229100
0.013003  -1.249932
0.039654  -1.270215
0.067153  -1.289920
0.095490  -1.309022
0.124649  -1.327494
0.154618  -1.345311
0.185381  -1.362446
0.216922  -1.378875
0.249226  -1.394572
0.282275  -1.409513
0.316053  -1.423674
0.350539  -1.437030
0.385716  -1.449560
0.421564  -1.461239
0.458062  -1.472045
0.495189  -1.481956
0.532924  -1.490951
0.571245  -1.499010
0.610129  -1.506110
0.649552  -1.512234
0.689490  -1.517360
0.729919  -1.521471
0.770813  -1.524549
0.812147  -1.526576
0.853896  -1.527535
0.896031  -1.527409
0.938526  -1.526184
0.981353  -1.523845
1.024484  -1.520376
1.067891  -1.515765
1.111544  -1.509999
1.155414  -1.503065
1.199471  -1.494952
1.243685  -1.485650
1.288025  -1.475148
1.332461  -1.463437
1.376961  -1.450510
-0.257144  0.966373
-0.262501  0.986506
-0.267858  1.006639
-0.273215  1.026771
-0.278573  1.046904
-0.283930  1.067037
-0.289287  1.087170
-0.294644  1.107303
-0.300001  1.127435
-0.305358  1.147568
-0.310716  1.167701
-0.316073  1.187834
-0.321430  1.207966
-0.326787  1.228099
-0.332144  1.248232
-0.337501  1.268365
-0.342859  1.288497
-0.348216  1.308630
-0.353573  1.328763
-0.358930  1.348896
-0.364287  1.369029
-0.369644  1.389161
-0.375002  1.409294
-0.380359  1.429427
-0.385716  1.449560
-0.391073  1.469692
-0.396430  1.489825
-0.401787  1.509958
-0.407145  1.530091
-0.412502  1.550224
-0.417859  1.570356
-0.423216  1.590489
-0.428573  1.610622
-0.433930  1.630755
-0.439288  1.650887
-0.444645  1.671020
-0.450002  1.691153
-0.455359  1.711286
-0.460716  1.731418
-0.466073  1.751551
-0.471431  1.771684
-0.476788  1.791817
-0.482145  1.811950
-0.487502  1.832082
-0.492859  1.852215
-0.498216  1.872348
-0.503574  1.892481
-0.508931  1.912613
-0.514288  1.932746
-0.216722  -0.976233
-0.200456  -1.000958
-0.183254  -1.025421
-0.165120  -1.049591
-0.146057  -1.073442
-0.126073  -1.096946
-0.105173  -1.120073
-0.083364  -1.142797
-0.060655  -1.165089
-0.037053  -1.186922
-0.012570  -1.208268
0.012786  -1.229100
0.039004  -1.249391
0.066070  -1.269115
0.093974  -1.288244
0.122702  -1.306752
0.152239  -1.324614
0.182572  -1.341803
0.213685  -1.358294
0.245561  -1.374063
0.278184  -1.389085
0.311537  -1.403336
0.345602  -1.416791
0.380359  -1.429427
0.415789  -1.441222
0.451872  -1.452152
0.488587  -1.462197
0.525912  -1.471334
0.563826  -1.479542
0.602306  -1.486801
0.641329  -1.493091
0.680871  -1.498393
0.720907  -1.502688
0.761413  -1.505957
0.802363  -1.508183
0.843730  -1.509350
0.885489  -1.509440
0.927613  -1.508438
0.970073  -1.506329
1.012842  -1.503099
1.055892  -1.498734
1.099193  -1.493221
1.142717  -1.486547
1.186433  -1.478702
1.230312  -1.469675
1.274323  -1.459455
1.318435  -1.448033
1.362617  -1.435401
1.406839  -1.421550
-0.236984  0.971514
-0.241921  0.991753
-0.246858  1.011993
-0.251796  1.032233
-0.256733  1.052473
-0.261670  1.072713
-0.266607  1.092953
-0.271544  1.113193
-0.276481  1.133432
-0.281419  1.153672
-0.286356  1.173912
-0.291293  1.194152
-0.296230  1.214392
-0.301167  1.234632
-0.306104  1.254872
-0.311042  1.275111
-0.315979  1.295351
-0.320916  1.315591
-0.325853  1.335831
-0.330790  1.356071
-0.335728  1.376311
-0.340665  1.396551
-0.345602  1.416791
-0.350539  1.437030
-0.355476  1.457270
-0.360413  1.477510
-0.365351  1.497750
-0.370288  1.517990
-0.375225  1.538230
-0.380162  1.558470
-0.385099  1.578709
-0.390036  1.598949
-0.394974  1.619189
-0.399911  1.639429
-0.404848  1.659669
-0.409785  1.679909
-0.414722  1.700149
-0.419659  1.720389
-0.424597  1.740628
-0.429534  1.760868
-0.434471  1.781108
-0.439408  1.801348
-0.444345  1.821588
-0.449282  1.841828
-0.454220  1.862068
-0.459157  1.882307
-0.464094  1.902547
-0.469031  1.922787
-0.473968  1.943027
-0.196365  -0.980531
-0.179589  -1.004912
-0.161882  -1.029011
-0.143249  -1.052799
-0.123694  -1.076249
-0.103225  -1.099331
-0.081848  -1.122019
-0.059572  -1.144284
-0.036403  -1.166099
-0.012353  -1.187436
0.012570  -1.208268
0.038353  -1.228568
0.064987  -1.248310
0.092458  -1.267466
0.120754  -1.286010
0.149860  -1.303916
0.179763  -1.321160
0.210447  -1.337714
0.241896  -1.353555
0.274094  -1.368658
0.307022  -1.382997
0.340665  -1.396551
0.375002  -1.409294
0.410014  -1.421205
0.445682  -1.432260
0.481984  -1.442437
0.518900  -1.451716
0.556408  -1.460074
0.594484  -1.467492
0.633107  -1.473949
0.672252  -1.479426
0.711896  -1.483904
0.752013  -1.487365
0.792578  -1.489791
0.833565  -1.491165
0.874948  -1.491470
0.916700  -1.490692
0.958793  -1.488814
1.001200  -1.485822
1.043893  -1.481703
1.086843  -1.476443
1.130020  -1.470030
1.173395  -1.462453
1.216939  -1.453700
1.260620  -1.443762
1.304409  -1.432628
1.348274  -1.420291
1.392184  -1.406742
1.436108  -1.391975
-0.216722  0.976233
-0.221237  0.996572
-0.225752  1.016910
-0.230267  1.037248
-0.234782  1.057586
-0.239297  1.077924
-0.243812  1.098263
-0.248327  1.118601
-0.252842  1.138939
-0.257357  1.159277
-0.261872  1.179615
-0.266387  1.199954
-0.270902  1.220292
-0.275417  1.240630
-0.279932  1.260968
-0.284447  1.281306
-0.288962  1.301645
-0.293477  1.321983
-0.297992  1.342321
-0.302507  1.362659
-0.307022  1.382997
-0.311537  1.403336
-0.316053  1.423674
-0.320568  1.444012
-0.325083  1.464350
-0.329598  1.484688
-0.334113  1.505027
-0.338628  1.525365
-0.343143  1.545703
-0.347658  1.566041
-0.352173  1.586379
-0.356688  1.606718
-0.361203  1.627056
-0.365718  1.647394
-0.370233  1.667732
-0.374748  1.688070
-0.379263  1.708408
-0.383778  1.728747
-0.388293  1.749085
-0.392808  1.769423
-0.397323  1.789761
-0.401838  1.810099
-0.406353  1.830438
-0.410868  1.850776
-0.415383  1.871114
-0.419898  1.891452
-0.424413  1.911790
-0.428928  1.932129
-0.433443  1.952467
-0.175924  -0.984404
-0.158645  -1.008431
-0.140440  -1.032156
-0.121316  -1.055551
-0.101277  -1.078589
-0.080333  -1.101241
-0.058488  -1.123479
-0.035753  -1.145275
-0.012136  -1.166604
0.012353  -1.187436
0.037703  -1.207745
0.063904  -1.227504
0.090943  -1.246687
0.118806  -1.265268
0.147482  -1.283219
0.176954  -1.300517
0.207209  -1.317134
0.238231  -1.333047
0.270003  -1.348230
0.302507  -1.362659
0.335728  -1.376311
0.369644  -1.389161
0.404239  -1.401188
0.439492  -1.412367
0.475381  -1.422678
0.511888  -1.432098
0.548989  -1.440607
0.586662  -1.448183
0.624885  -1.454807
0.663634  -1.460459
0.702885  -1.465121
0.742613  -1.468773
0.782793  -1.471398
0.823399  -1.472980
0.864406  -1.473501
0.905787  -1.472945
0.947513  -1.471298
0.989559  -1.468545
1.031894  -1.464672
1.074492  -1.459665
1.117323  -1.453513
1.160358  -1.446203
1.203566  -1.437725
1.246918  -1.428069
1.290383  -1.417224
1.333931  -1.405182
1.377530  -1.391935
1.421148  -1.377475
1.464755  -1.361797
-0.196365  0.980531
-0.200456  1.000958
-0.204547  1.021386
-0.208638  1.041814
-0.212729  1.062242
-0.216820  1.082669
-0.220911  1.103097
-0.225002  1.123525
-0.229093  1.143953
-0.233184  1.164380
-0.237275  1.184808
-0.241366  1.205236
-0.245457  1.225663
-0.249548  1.246091
-0.253639  1.266519
-0.257730  1.286947
-0.261821  1.307374
-0.265912  1.327802
-0.270003  1.348230
-0.274094  1.368658
-0.278184  1.389085
-0.282275  1.409513
-0.286366  1.429941
-0.290457  1.450368
-0.294548  1.470796
-0.298639  1.491224
-0.302730  1.511652
-0.306821  1.532079
-0.310912  1.552507
-0.315003  1.572935
-0.319094  1.593363
-0.323185  1.613790
-0.327276  1.634218
-0.331367  1.654646
-0.335458  1.675073
-0.339549  1.695501
-0.343640  1.715929
-0.347731  1.736357
-0.351822  1.756784
-0.355912  1.777212
-0.360003  1.797640
-0.364094  1.818067
-0.368185  1.838495
-0.372276  1.858923
-0.376367  1.879351
-0.380458  1.899778
-0.384549  1.920206
-0.388640  1.940634
-0.392731  1.961062
-0.155407  -0.987851
-0.137631  -1.011513
-0.118937  -1.034854
-0.099330  -1.057847
-0.078817  -1.080462
-0.057405  -1.102673
-0.035103  -1.124452
-0.011919  -1.145771
0.012136  -1.166604
0.037053  -1.186922
0.062821  -1.206699
0.089427  -1.225909
0.116859  -1.244526
0.145103  -1.262522
0.174145  -1.279873
0.203972  -1.296554
0.234566  -1.312538
0.265912  -1.327802
0.297992  -1.342321
0.330790  -1.356071
0.364287  -1.369029
0.398464  -1.381171
0.433302  -1.392475
0.468779  -1.402918
0.504876  -1.412480
0.541570  -1.421139
0.578840  -1.428874
0.616663  -1.435665
0.655015  -1.441492
0.693873  -1.446337
0.733212  -1.450181
0.773008  -1.453006
0.813234  -1.454795
0.853865  -1.455531
0.894873  -1.455199
0.936233  -1.453783
0.977917  -1.451268
1.019896  -1.447641
1.062142  -1.442887
1.104626  -1.436996
1.147320  -1.429954
1.190193  -1.421751
1.233215  -1.412376
1.276357  -1.401819
1.319587  -1.390072
1.362875  -1.377127
1.406189  -1.362976
1.449497  -1.347612
1.492769  -1.331030
-0.175924  0.984404
-0.179589  1.004912
-0.183254  1.025421
-0.186920  1.045929
-0.190585  1.066437
-0.194250  1.086946
-0.197915  1.107454
-0.201580  1.127963
-0.205245  1.148471
-0.208910  1.168979
-0.212575  1.189488
-0.216240  1.209996
-0.219905  1.230505
-0.223570  1.251013
-0.227236  1.271521
-0.230901  1.292030
-0.234566  1.312538
-0.238231  1.333047
-0.241896  1.353555
-0.245561  1.374063
-0.249226  1.394572
-0.252891  1.415080
-0.256556  1.435589
-0.260221  1.456097
-0.263886  1.476606
-0.267552  1.497114
-0.271217  1.517622
-0.274882  1.538131
-0.278547  1.558639
-0.282212  1.579148
-0.285877  1.599656
-0.289542  1.620164
-0.293207  1.640673
-0.296872  1.661181
-0.300537  1.681690
-0.304202  1.702198
-0.307868  1.722706
-0.311533  1.743215
-0.315198  1.763723
-0.318863  1.784232
-0.322528  1.804740
-0.326193  1.825249
-0.329858  1.845757
-0.333523  1.866265
-0.337188  1.886774
-0.340853  1.907282
-0.344518  1.927791
-0.348183  1.948299
-0.351849  1.968807
-0.134822  -0.990870
-0.116558  -1.014157
-0.097382  -1.037105
-0.077301  -1.059684
-0.056322  -1.081868
-0.034453  -1.103629
-0.011703  -1.124939
0.011919  -1.145771
0.036403  -1.166099
0.061738  -1.185894
0.087911  -1.205131
0.114911  -1.223784
0.142724  -1.241825
0.171337  -1.259230
0.200734  -1.275974
0.230901  -1.292030
0.261821  -1.307374
0.293477  -1.321983
0.325853  -1.335831
0.358930  -1.348896
0.392689  -1.361154
0.427112  -1.372582
0.462176  -1.383159
0.497863  -1.392863
0.534151  -1.401671
0.571018  -1.409565
0.608441  -1.416523
0.646397  -1.422525
0.684862  -1.427553
0.723812  -1.431589
0.763223  -1.434613
0.803069  -1.436610
0.843323  -1.437562
0.883960  -1.437453
0.924953  -1.436267
0.966275  -1.433991
1.007897  -1.430610
1.049791  -1.426110
1.091929  -1.420479
1.134282  -1.413705
1.176820  -1.405776
1.219513  -1.396683
1.262331  -1.386414
1.305244  -1.374963
1.348220  -1.362319
1.391229  -1.348476
1.434240  -1.333427
1.477219  -1.317165
1.520136  -1.299687
-0.155407  0.987851
-0.158645  1.008431
-0.161882  1.029011
-0.165120  1.049591
-0.168358  1.070171
-0.171595  1.090752
-0.174833  1.111332
-0.178070  1.131912
-0.181308  1.152492
-0.184546  1.173073
-0.187783  1.193653
-0.191021  1.214233
-0.194259  1.234813
-0.197496  1.255393
-0.200734  1.275974
-0.203972  1.296554
-0.207209  1.317134
-0.210447  1.337714
-0.213685  1.358294
-0.216922  1.378875
-0.220160  1.399455
-0.223397  1.420035
-0.226635  1.440615
-0.229873  1.461196
-0.233110  1.481776
-0.236348  1.502356
-0.239586  1.522936
-0.242823  1.543516
-0.246061  1.564097
-0.249299  1.584677
-0.252536  1.605257
-0.255774  1.625837
-0.259012  1.646418
-0.262249  1.666998
-0.265487  1.687578
-0.268724  1.708158
-0.271962  1.728738
-0.275200  1.749319
-0.278437  1.769899
-0.281675  1.790479
-0.284913  1.811059
-0.288150  1.831640
-0.291388  1.852220
-0.294626  1.872800
-0.297863  1.893380
-0.301101  1.913960
-0.304339  1.934541
-0.307576  1.955121
-0.310814  1.975701
-0.114179  -0.993460
-0.095435  -1.016363
-0.075785  -1.038906
-0.055239  -1.061063
-0.033803  -1.082806
-0.011486  -1.104107
0.011703  -1.124939
0.035753  -1.145275
0.060655  -1.165089
0.086395  -1.184353
0.112963  -1.203041
0.140345  -1.221128
0.168528  -1.238587
0.197496  -1.255393
0.227236  -1.271521
0.257730  -1.286947
0.288962  -1.301645
0.320916  -1.315591
0.353573  -1.328763
0.386915  -1.341137
0.420921  -1.352690
0.455574  -1.363400
0.490851  -1.373245
0.526732  -1.382204
0.563196  -1.390256
0.600218  -1.397380
0.637778  -1.403558
0.675851  -1.408770
0.714412  -1.412997
0.753438  -1.416221
0.792903  -1.418425
0.832782  -1.419592
0.873047  -1.419706
0.913673  -1.418752
0.954633  -1.416714
0.995898  -1.413579
1.037441  -1.409332
1.079233  -1.403961
1.121244  -1.397455
1.163447  -1.389801
1.205811  -1.380989
1.248305  -1.371010
1.290901  -1.359853
1.333566  -1.347511
1.376270  -1.333976
1.418982  -1.319241
1.461669  -1.303300
1.504301  -1.286149
1.546845  -1.267781
-0.134822  0.990870
-0.137631  1.011513
-0.140440  1.032156
-0.143249  1.052799
-0.146057  1.073442
-0.148866  1.094085
-0.151675  1.114729
-0.154484  1.135372
-0.157293  1.156015
-0.160101  1.176658
-0.162910  1.197301
-0.165719  1.217944
-0.168528  1.238587
-0.171337  1.259230
-0.174145  1.279873
-0.176954  1.300517
-0.179763  1.321160
-0.182572  1.341803
-0.185381  1.362446
-0.188189  1.383089
-0.190998  1.403732
-0.193807  1.424375
-0.196616  1.445018
-0.199425  1.465662
-0.202233  1.486305
-0.205042  1.506948
-0.207851  1.527591
-0.210660  1.548234
-0.213469  1.568877
-0.216277  1.589520
-0.219086  1.610163
-0.221895  1.630807
-0.224704  1.651450
-0.227513  1.672093
-0.230321  1.692736
-0.233130  1.713379
-0.235939  1.734022
-0.238748  1.754665
-0.241557  1.775308
-0.244365  1.795952
-0.247174  1.816595
-0.249983  1.837238
-0.252792  1.857881
-0.255601  1.878524
-0.258409  1.899167
-0.261218  1.919810
-0.264027  1.940453
-0.266836  1.961096
-0.269645  1.981740
-0.093487  -0.995621
-0.074270  -1.018128
-0.054156  -1.040258
-0.033153  -1.061983
-0.011269  -1.083275
0.011486  -1.104107
0.035103  -1.124452
0.059572  -1.144284
0.084880  -1.163575
0.111016  -1.182299
0.137967  -1.200431
0.165719  -1.217944
0.194259  -1.234813
0.223570  -1.251013
0.253639  -1.266519
0.284447  -1.281306
0.315979  -1.295351
0.348216  -1.308630
0.381140  -1.321120
0.414731  -1.332797
0.448971  -1.343640
0.483839  -1.353627
0.519314  -1.362736
0.555374  -1.370946
0.591996  -1.378238
0.629159  -1.384591
0.666839  -1.389986
0.705012  -1.394405
0.743653  -1.397828
0.782738  -1.400240
0.822240  -1.401623
0.862134  -1.401960
0.902394  -1.401236
0.942991  -1.399437
0.983899  -1.396547
1.025090  -1.392554
1.066536  -1.387444
1.108207  -1.381206
1.150074  -1.373827
1.192108  -1.365296
1.234279  -1.355605
1.276557  -1.344744
1.318911  -1.332703
1.361311  -1.319476
1.403724  -1.305056
1.446120  -1.289435
1.488467  -1.272610
1.530733  -1.254575
1.572885  -1.235327
-0.114179  0.993460
-0.116558  1.014157
-0.118937  1.034854
-0.121316  1.055551
-0.123694  1.076249
-0.126073  1.096946
-0.128452  1.117643
-0.130830  1.138340
-0.133209  1.159037
-0.135588  1.179734
-0.137967  1.200431
-0.140345  1.221128
-0.142724  1.241825
-0.145103  1.262522
-0.147482  1.283219
-0.149860  1.303916
-0.152239  1.324614
-0.154618  1.345311
-0.156997  1.366008
-0.159375  1.386705
-0.161754  1.407402
-0.164133  1.428099
-0.166511  1.448796
-0.168890  1.469493
-0.171269  1.490190
-0.173648  1.510887
-0.176026  1.531584
-0.178405  1.552281
-0.180784  1.572979
-0.183163  1.593676
-0.185541  1.614373
-0.187920  1.635070
-0.190299  1.655767
-0.192678  1.676464
-0.195056  1.697161
-0.197435  1.717858
-0.199814  1.738555
-0.202193  1.759252
-0.204571  1.779949
-0.206950  1.800647
-0.209329  1.821344
-0.211707  1.842041
-0.214086  1.862738
-0.216465  1.883435
-0.218844  1.904132
-0.221222  1.924829
-0.223601  1.945526
-0.225980  1.966223
-0.228359  1.986920
-0.072754  -0.997350
-0.053073  -1.019453
-0.032503  -1.041159
-0.011053  -1.062443
0.011269  -1.083275
0.034453  -1.103629
0.058488  -1.123479
0.083364  -1.142797
0.109068  -1.161557
0.135588  -1.179734
0.162910  -1.197301
0.191021  -1.214233
0.219905  -1.230505
0.249548  -1.246091
0.279932  -1.260968
0.311042  -1.275111
0.342859  -1.288497
0.375365  -1.301103
0.408541  -1.312905
0.442369  -1.323881
0.476827  -1.334009
0.511895  -1.343268
0.547551  -1.351637
0.583774  -1.359096
0.620541  -1.365624
0.657828  -1.371203
0.695612  -1.375813
0.733868  -1.379436
0.772572  -1.382055
0.811699  -1.383653
0.851221  -1.384214
0.891114  -1.383721
0.931349  -1.382160
0.971901  -1.379516
1.012740  -1.375776
1.053839  -1.370927
1.095169  -1.364956
1.136701  -1.357852
1.178406  -1.349603
1.220253  -1.340201
1.262214  -1.329634
1.304257  -1.317895
1.346351  -1.304977
1.388466  -1.290870
1.430570  -1.275571
1.472632  -1.259072
1.514620  -1.241369
1.556501  -1.222459
1.598244  -1.202337
-0.093487  0.995621
-0.095435  1.016363
-0.097382  1.037105
-0.099330  1.057847
-0.101277  1.078589
-0.103225  1.099331
-0.105173  1.120073
-0.107120  1.140815
-0.109068  1.161557
-0.111016  1.182299
-0.112963  1.203041
-0.114911  1.223784
-0.116859  1.244526
-0.118806  1.265268
-0.120754  1.286010
-0.122702  1.306752
-0.124649  1.327494
-0.126597  1.348236
-0.128544  1.368978
-0.130492  1.389720
-0.132440  1.410462
-0.134387  1.431204
-0.136335  1.451947
-0.138283  1.472689
-0.140230  1.493431
-0.142178  1.514173
-0.144126  1.534915
-0.146073  1.555657
-0.148021  1.576399
-0.149969  1.597141
-0.151916  1.617883
-0.153864  1.638625
-0.155812  1.659368
-0.157759  1.680110
-0.159707  1.700852
-0.161654  1.721594
-0.163602  1.742336
-0.165550  1.763078
-0.167497  1.783820
-0.169445  1.804562
-0.171393  1.825304
-0.173340  1.846046
-0.175288  1.866788
-0.177236  1.887531
-0.179183  1.908273
-0.181131  1.929015
-0.183079  1.949757
-0.185026  1.970499
-0.186974  1.991241
-0.051990  -0.998648
-0.031853  -1.020336
-0.010836  -1.041610
0.011053  -1.062443
0.033803  -1.082806
0.057405  -1.102673
0.081848  -1.122019
0.107120  -1.140815
0.133209  -1.159037
0.160101  -1.176658
0.187783  -1.193653
0.216240  -1.209996
0.245457  -1.225663
0.275417  -1.240630
0.306104  -1.254872
0.337501  -1.268365
0.369590  -1.281086
0.402351  -1.293012
0.435766  -1.304121
0.469815  -1.314391
0.504476  -1.323801
0.539729  -1.332328
0.575552  -1.339954
0.611922  -1.346657
0.648817  -1.352419
0.686212  -1.357221
0.724083  -1.361044
0.762407  -1.363870
0.801157  -1.365684
0.840308  -1.366467
0.879834  -1.366206
0.919707  -1.364883
0.959902  -1.362485
1.000389  -1.358999
1.041142  -1.354410
1.082131  -1.348707
1.123328  -1.341877
1.164703  -1.333910
1.206228  -1.324796
1.247871  -1.314525
1.289602  -1.303088
1.331392  -1.290477
1.373208  -1.276685
1.415020  -1.261706
1.456797  -1.245533
1.498507  -1.228163
1.540117  -1.209591
1.581596  -1.189813
1.622912  -1.168828
-0.072754  0.997350
-0.074270  1.018128
-0.075785  1.038906
-0.077301  1.059684
-0.078817  1.080462
-0.080333  1.101241
-0.081848  1.122019
-0.083364  1.142797
-0.084880  1.163575
-0.086395  1.184353
-0.087911  1.205131
-0.089427  1.225909
-0.090943  1.246687
-0.092458  1.267466
-0.093974  1.288244
-0.095490  1.309022
-0.097005  1.329800
-0.098521  1.350578
-0.100037  1.371356
-0.101553  1.392134
-0.103068  1.412912
-0.104584  1.433691
-0.106100  1.454469
-0.107615  1.475247
-0.109131  1.496025
-0.110647  1.516803
-0.112162  1.537581
-0.113678  1.558359
-0.115194  1.579137
-0.116710  1.599915
-0.118225  1.620694
-0.119741  1.641472
-0.121257  1.662250
-0.122772  1.683028
-0.124288  1.703806
-0.125804  1.724584
-0.127320  1.745362
-0.128835  1.766140
-0.130351  1.786919
-0.131867  1.807697
-0.133382  1.828475
-0.134898  1.849253
-0.136414  1.870031
-0.137930  1.890809
-0.139445  1.911587
-0.140961  1.932365
-0.142477  1.953144
-0.143992  1.973922
-0.145508  1.994700
-0.031203  -0.999513
-0.010619  -1.020778
0.010836  -1.041610
0.033153  -1.061983
0.056322  -1.081868
0.080333  -1.101241
0.105173  -1.120073
0.130830  -1.138340
0.157293  -1.156015
0.184546  -1.173073
0.212575  -1.189488
0.241366  -1.205236
0.270902  -1.220292
0.301167  -1.234632
0.332144  -1.248232
0.363815  -1.261069
0.396161  -1.273120
0.429164  -1.284362
0.462803  -1.294774
0.497057  -1.304333
0.531907  -1.313019
0.567330  -1.320812
0.603303  -1.327690
0.639805  -1.333635
0.676811  -1.338628
0.714298  -1.342651
0.752241  -1.345685
0.790615  -1.347714
0.829395  -1.348721
0.868554  -1.348690
0.908066  -1.347606
0.947903  -1.345454
0.988039  -1.342221
1.028445  -1.337893
1.069093  -1.332457
1.109955  -1.325902
1.151001  -1.318217
1.192202  -1.309391
1.233527  -1.299415
1.274948  -1.288280
1.316432  -1.275977
1.357950  -1.262500
1.399471  -1.247841
1.440962  -1.231995
1.482394  -1.214957
1.523733  -1.196723
1.564948  -1.177289
1.606006  -1.156652
1.646876  -1.134812
-0.051990  0.998648
-0.053073  1.019453
-0.054156  1.040258
-0.055239  1.061063
-0.056322  1.081868
-0.057405  1.102673
-0.058488  1.123479
-0.059572  1.144284
-0.060655  1.165089
-0.061738  1.185894
-0.062821  1.206699
-0.063904  1.227504
-0.064987  1.248310
-0.066070  1.269115
-0.067153  1.289920
-0.068236  1.310725
-0.069320  1.331530
-0.070403  1.352335
-0.071486  1.373140
-0.072569  1.393946
-0.073652  1.414751
-0.074735  1.435556
-0.075818  1.456361
-0.076901  1.477166
-0.077985  1.497971
-0.079068  1.518777
-0.080151  1.539582
-0.081234  1.560387
-0.082317  1.581192
-0.083400  1.601997
-0.084483  1.622802
-0.085566  1.643608
-0.086649  1.664413
-0.087733  1.685218
-0.088816  1.706023
-0.089899  1.726828
-0.090982  1.747633
-0.092065  1.768438
-0.093148  1.789244
-0.094231  1.810049
-0.095314  1.830854
-0.096398  1.851659
-0.097481  1.872464
-0.098564  1.893269
-0.099647  1.914075
-0.100730  1.934880
-0.101813  1.955685
-0.102896  1.976490
-0.103979  1.997295
-0.010402  -0.999946
0.010619  -1.020778
0.032503  -1.041159
0.055239  -1.061063
0.078817  -1.080462
0.103225  -1.099331
0.128452  -1.117643
0.154484  -1.135372
0.181308  -1.152492
0.208910  -1.168979
0.237275  -1.184808
0.266387  -1.199954
0.296230  -1.214392
0.326787  -1.228099
0.358040  -1.241052
0.389971  -1.253227
0.422561  -1.264603
0.455791  -1.275156
0.489639  -1.284865
0.524085  -1.293710
0.559108  -1.301669
0.594685  -1.308723
0.630794  -1.314852
0.667411  -1.320036
0.704513  -1.324259
0.742076  -1.327500
0.780074  -1.329745
0.818482  -1.330975
0.857274  -1.331175
0.896424  -1.330329
0.935904  -1.328423
0.975688  -1.325443
1.015748  -1.321376
1.056056  -1.316208
1.096582  -1.309928
1.137299  -1.302524
1.178176  -1.293987
1.219184  -1.284306
1.260293  -1.273472
1.301473  -1.261477
1.342692  -1.248314
1.383921  -1.233976
1.425128  -1.218457
1.466281  -1.201751
1.507348  -1.183855
1.548299  -1.164764
1.589101  -1.144477
1.629721  -1.122991
1.670128  -1.100305
-0.031203  0.999513
-0.031853  1.020336
-0.032503  1.041159
-0.033153  1.061983
-0.033803  1.082806
-0.034453  1.103629
-0.035103  1.124452
-0.035753  1.145275
-0.036403  1.166099
-0.037053  1.186922
-0.037703  1.207745
-0.038353  1.228568
-0.039004  1.249391
-0.039654  1.270215
-0.040304  1.291038
-0.040954  1.311861
-0.041604  1.332684
-0.042254  1.353507
-0.042904  1.374330
-0.043554  1.395154
-0.044204  1.415977
-0.044854  1.436800
-0.045504  1.457623
-0.046154  1.478446
-0.046804  1.499270
-0.047454  1.520093
-0.048104  1.540916
-0.048754  1.561739
-0.049404  1.582562
-0.050055  1.603386
-0.050705  1.624209
-0.051355  1.645032
-0.052005  1.665855
-0.052655  1.686678
-0.053305  1.707502
-0.053955  1.728325
-0.054605  1.749148
-0.055255  1.769971
-0.055905  1.790794
-0.056555  1.811617
-0.057205  1.832441
-0.057855  1.853264
-0.058505  1.874087
-0.059155  1.894910
-0.059805  1.915733
-0.060455  1.936557
-0.061106  1.957380
-0.061756  1.978203
-0.062406  1.999026
0.010402  -0.999946
0.031853  -1.020336
0.054156  -1.040258
0.077301  -1.059684
0.101277  -1.078589
0.126073  -1.096946
0.151675  -1.114729
0.178070  -1.131912
0.205245  -1.148471
0.233184  -1.164380
0.261872  -1.179615
0.291293  -1.194152
0.321430  -1.207966
0.352265  -1.221035
0.383781  -1.233335
0.415959  -1.244843
0.448778  -1.255538
0.482220  -1.265398
0.516263  -1.274401
0.550885  -1.282527
0.586066  -1.289756
0.621782  -1.296068
0.658011  -1.301444
0.694729  -1.305866
0.731911  -1.309315
0.769532  -1.311775
0.807569  -1.313228
0.845994  -1.313659
0.884782  -1.313052
0.923905  -1.311392
0.963338  -1.308665
1.003051  -1.304858
1.043018  -1.299958
1.083209  -1.293953
1.123596  -1.286831
1.164150  -1.278582
1.204841  -1.269196
1.245638  -1.258664
1.286513  -1.246978
1.327434  -1.234129
1.368371  -1.220111
1.409293  -1.204918
1.450168  -1.188545
1.490964  -1.170987
1.531651  -1.152240
1.572196  -1.132302
1.612566  -1.111170
1.652731  -1.088844
1.692657  -1.065322
-0.010402  0.999946
-0.010619  1.020778
-0.010836  1.041610
-0.011053  1.062443
-0.011269  1.083275
-0.011486  1.104107
-0.011703  1.124939
-0.011919  1.145771
-0.012136  1.166604
-0.012353  1.187436
-0.012570  1.208268
-0.012786  1.229100
-0.013003  1.249932
-0.013220  1.270765
-0.013436  1.291597
-0.013653  1.312429
-0.013870  1.333261
-0.014087  1.354093
-0.014303  1.374926
-0.014520  1.395758
-0.014737  1.416590
-0.014954  1.437422
-0.015170  1.458254
-0.015387  1.479087
-0.015604  1.499919
-0.015820  1.520751
-0.016037  1.541583
-0.016254  1.562415
-0.016471  1.583248
-0.016687  1.604080
-0.016904  1.624912
-0.017121  1.645744
-0.017337  1.666576
-0.017554  1.687409
-0.017771  1.708241
-0.017988  1.729073
-0.018204  1.749905
-0.018421  1.770738
-0.018638  1.791570
-0.018854  1.812402
-0.019071  1.833234
-0.019288  1.854066
-0.019505  1.874899
-0.019721  1.895731
-0.019938  1.916563
-0.020155  1.937395
-0.020371  1.958227
-0.020588  1.979060
-0.020805  1.999892
0.031203  -0.999513
0.053073  -1.019453
0.075785  -1.038906
0.099330  -1.057847
0.123694  -1.076249
0.148866  -1.094085
0.174833  -1.111332
0.201580  -1.127963
0.229093  -1.143953
0.257357  -1.159277
0.286356  -1.173912
0.316073  -1.187834
0.346491  -1.201018
0.377591  -1.213442
0.409356  -1.225084
0.441766  -1.235920
0.474801  -1.245930
0.508441  -1.255092
0.542663  -1.263385
0.577448  -1.270789
0.612771  -1.277285
0.648611  -1.282852
0.684944  -1.287474
0.721745  -1.291131
0.758991  -1.293806
0.796656  -1.295482
0.834714  -1.296144
0.873140  -1.295775
0.911907  -1.294361
0.950987  -1.291888
0.990355  -1.288341
1.029980  -1.283709
1.069836  -1.277978
1.109894  -1.271138
1.150124  -1.263178
1.190497  -1.254087
1.230984  -1.243856
1.271554  -1.232478
1.312177  -1.219943
1.352822  -1.206246
1.393458  -1.191380
1.434055  -1.175339
1.474580  -1.158119
1.515002  -1.139716
1.555290  -1.120126
1.595411  -1.099349
1.635334  -1.077382
1.675025  -1.054225
1.714454  -1.029878
0.010402  0.999946
0.010619  1.020778
0.010836  1.041610
0.011053  1.062443
0.011269  1.083275
0.011486  1.104107
0.011703  1.124939
0.011919  1.145771
0.012136  1.166604
0.012353  1.187436
0.012570  1.208268
0.012786  1.229100
0.013003  1.249932
0.013220  1.270765
0.013436  1.291597
0.013653  1.312429
0.013870  1.333261
0.014087  1.354093
0.014303  1.374926
0.014520  1.395758
0.014737  1.416590
0.014954  1.437422
0.015170  1.458254
0.015387  1.479087
0.015604  1.499919
0.015820  1.520751
0.016037  1.541583
0.016254  1.562415
0.016471  1.583248
0.016687  1.604080
0.016904  1.624912
0.017121  1.645744
0.017337  1.666576
0.017554  1.687409
0.017771  1.708241
0.017988  1.729073
0.018204  1.749905
0.018421  1.770738
0.018638  1.791570
0.018854  1.812402
0.019071  1.833234
0.019288  1.854066
0.019505  1.874899
0.019721  1.895731
0.019938  1.916563
0.020155  1.937395
0.020371  1.958227
0.020588  1.979060
0.020805  1.999892
0.051990  -0.998648
0.074270  -1.018128
0.097382  -1.037105
0.121316  -1.055551
0.146057  -1.073442
0.171595  -1.090752
0.197915  -1.107454
0.225002  -1.123525
0.252842  -1.138939
0.281419  -1.153672
0.310716  -1.167701
0.340716  -1.181001
0.371401  -1.193550
0.402754  -1.205324
0.434754  -1.216302
0.467382  -1.226462
0.500618  -1.235783
0.534441  -1.244243
0.568829  -1.251822
0.603760  -1.258501
0.639211  -1.264260
0.675159  -1.269081
0.711580  -1.272946
0.748449  -1.275836
0.785743  -1.277736
0.823434  -1.278628
0.861498  -1.278498
0.899908  -1.277330
0.938637  -1.275110
0.977658  -1.271824
1.016943  -1.267459
1.056463  -1.262003
1.096191  -1.255445
1.136098  -1.247773
1.176154  -1.238977
1.216329  -1.229049
1.256594  -1.217978
1.296919  -1.205758
1.337272  -1.192381
1.377623  -1.177841
1.417942  -1.162133
1.458196  -1.145251
1.498354  -1.127191
1.538385  -1.107951
1.578256  -1.087528
1.617937  -1.065921
1.657394  -1.043128
1.696595  -1.019150
1.735508  -0.993988
0.031203  0.999513
0.031853  1.020336
0.032503  1.041159
0.033153  1.061983
0.033803  1.082806
0.034453  1.103629
0.035103  1.124452
0.035753  1.145275
0.036403  1.166099
0.037053  1.186922
0.037703  1.207745
0.038353  1.228568
0.039004  1.249391
0.039654  1.270215
0.040304  1.291038
0.040954  1.311861
0.041604  1.332684
0.042254  1.353507
0.042904  1.374330
0.043554  1.395154
0.044204  1.415977
0.044854  1.436800
0.045504  1.457623
0.046154  1.478446
0.046804  1.499270
0.047454  1.520093
0.048104  1.540916
0.048754  1.561739
0.049404  1.582562
0.050055  1.603386
0.050705  1.624209
0.051355  1.645032
0.052005  1.665855
0.052655  1.686678
0.053305  1.707502
0.053955  1.728325
0.054605  1.749148
0.055255  1.769971
0.055905  1.790794
0.056555  1.811617
0.057205  1.832441
0.057855  1.853264
0.058505  1.874087
0.059155  1.894910
0.059805  1.915733
0.060455  1.936557
0.061106  1.957380
0.061756  1.978203
0.062406  1.999026
0.072754  -0.997350
0.095435  -1.016363
0.118937  -1.034854
0.143249  -1.052799
0.168358  -1.070171
0.194250  -1.086946
0.220911  -1.103097
0.248327  -1.118601
0.276481  -1.133432
0.305358  -1.147568
0.334941  -1.160984
0.365211  -1.173657
0.396151  -1.185565
0.427742  -1.196685
0.459964  -1.206995
0.492796  -1.216474
0.526219  -1.225101
0.560210  -1.232855
0.594748  -1.239717
0.629811  -1.245668
0.665374  -1.250689
0.701414  -1.254761
0.737908  -1.257867
0.774829  -1.259989
0.812154  -1.261113
0.849856  -1.261221
0.887909  -1.260299
0.926286  -1.258332
0.964961  -1.255307
1.003905  -1.251210
1.043090  -1.246029
1.082489  -1.239752
1.122072  -1.232368
1.161811  -1.223868
1.201675  -1.214241
1.241635  -1.203478
1.281661  -1.191573
1.321722  -1.178516
1.361789  -1.164303
1.401829  -1.148927
1.441812  -1.132383
1.481706  -1.114667
1.521480  -1.095776
1.561102  -1.075707
1.600540  -1.054459
1.639762  -1.032031
1.678736  -1.008422
1.717430  -0.983634
1.755811  -0.957668
0.051990  0.998648
0.053073  1.019453
0.054156  1.040258
0.055239  1.061063
0.056322  1.081868
0.057405  1.102673
0.058488  1.123479
0.059572  1.144284
0.060655  1.165089
0.061738  1.185894
0.062821  1.206699
0.063904  1.227504
0.064987  1.248310
0.066070  1.269115
0.067153  1.289920
0.068236  1.310725
0.069320  1.331530
0.070403  1.352335
0.071486  1.373140
0.072569  1.393946
0.073652  1.414751
0.074735  1.435556
0.075818  1.456361
0.076901  1.477166
0.077985  1.497971
0.079068  1.518777
0.080151  1.539582
0.081234  1.560387
0.082317  1.581192
0.083400  1.601997
0.084483  1.622802
0.085566  1.643608
0.086649  1.664413
0.087733  1.685218
0.088816  1.706023
0.089899  1.726828
0.090982  1.747633
0.092065  1.768438
0.093148  1.789244
0.094231  1.810049
0.095314  1.830854
0.096398  1.851659
0.097481  1.872464
0.098564  1.893269
0.099647  1.914075
0.100730  1.934880
0.101813  1.955685
0.102896  1.976490
0.103979  1.997295
0.093487  -0.995621
0.116558  -1.014157
0.140440  -1.032156
0.165120  -1.049591
0.190585  -1.066437
0.216820  -1.082669
0.243812  -1.098263
0.271544  -1.113193
0.300001  -1.127435
0.329166  -1.140967
0.359021  -1.153765
0.389549  -1.165806
0.420730  -1.177067
0.452545  -1.187527
0.484974  -1.197165
0.517997  -1.205958
0.551592  -1.213888
0.585737  -1.220934
0.620411  -1.227076
0.655589  -1.232296
0.691249  -1.236576
0.727366  -1.239897
0.763916  -1.242243
0.800874  -1.243597
0.838214  -1.243944
0.875910  -1.243268
0.913936  -1.241554
0.952264  -1.238790
0.990867  -1.234960
1.029717  -1.230054
1.068787  -1.224059
1.108046  -1.216964
1.147467  -1.208758
1.187020  -1.199433
1.226675  -1.188979
1.266403  -1.177387
1.306173  -1.164651
1.345954  -1.150764
1.385716  -1.135721
1.425427  -1.119515
1.465057  -1.102143
1.504574  -1.083601
1.543947  -1.063886
1.583142  -1.042998
1.622130  -1.020934
1.660877  -0.997694
1.699352  -0.973280
1.737521  -0.947692
1.775354  -0.920933
0.072754  0.997350
0.074270  1.018128
0.075785  1.038906
0.077301  1.059684
0.078817  1.080462
0.080333  1.101241
0.081848  1.122019
0.083364  1.142797
0.084880  1.163575
0.086395  1.184353
0.087911  1.205131
0.089427  1.225909
0.090943  1.246687
0.092458  1.267466
0.093974  1.288244
0.095490  1.309022
0.097005  1.329800
0.098521  1.350578
0.100037  1.371356
0.101553  1.392134
0.103068  1.412912
0.104584  1.433691
0.106100  1.454469
0.107615  1.475247
0.109131  1.496025
0.110647  1.516803
0.112162  1.537581
0.113678  1.558359
0.115194  1.579137
0.116710  1.599915
0.118225  1.620694
0.119741  1.641472
0.121257  1.662250
0.122772  1.683028
0.124288  1.703806
0.125804  1.724584
0.127320  1.745362
0.128835  1.766140
0.130351  1.786919
0.131867  1.807697
0.133382  1.828475
0.134898  1.849253
0.136414  1.870031
0.137930  1.890809
0.139445  1.911587
0.140961  1.932365
0.142477  1.953144
0.143992  1.973922
0.145508  1.994700
0.114179  -0.993460
0.137631  -1.011513
0.161882  -1.029011
0.186920  -1.045929
0.212729  -1.062242
0.239297  -1.077924
0.266607  -1.092953
0.294644  -1.107303
0.323391  -1.120950
0.352831  -1.133872
0.382946  -1.146046
0.413718  -1.157449
0.445126  -1.168059
0.477152  -1.177855
0.509775  -1.186816
0.542973  -1.194921
0.576726  -1.202150
0.611010  -1.208484
0.645804  -1.213904
0.681083  -1.218391
0.716825  -1.221928
0.753003  -1.224497
0.789594  -1.226082
0.826572  -1.226667
0.863912  -1.226237
0.901585  -1.224777
0.939567  -1.222272
0.977829  -1.218711
1.016344  -1.214079
1.055084  -1.208366
1.094020  -1.201559
1.133124  -1.193649
1.172366  -1.184625
1.211716  -1.174479
1.251145  -1.163202
1.290623  -1.150787
1.330119  -1.137226
1.369603  -1.122515
1.409043  -1.106647
1.448409  -1.089618
1.487669  -1.071425
1.526792  -1.052065
1.565745  -1.031536
1.604498  -1.009837
1.643018  -0.986966
1.681273  -0.962926
1.719232  -0.937716
1.756861  -0.911340
1.794129  -0.883800
0.093487  0.995621
0.095435  1.016363
0.097382  1.037105
0.099330  1.057847
0.101277  1.078589
0.103225  1.099331
0.105173  1.120073
0.107120  1.140815
0.109068  1.161557
0.111016  1.182299
0.112963  1.203041
0.114911  1.223784
0.116859  1.244526
0.118806  1.265268
0.120754  1.286010
0.122702  1.306752
0.124649  1.327494
0.126597  1.348236
0.128544  1.368978
0.130492  1.389720
0.132440  1.410462
0.134387  1.431204
0.136335  1.451947
0.138283  1.472689
0.140230  1.493431
0.142178  1.514173
0.144126  1.534915
0.146073  1.555657
0.148021  1.576399
0.149969  1.597141
0.151916  1.617883
0.153864  1.638625
0.155812  1.659368
0.157759  1.680110
0.159707  1.700852
0.161654  1.721594
0.163602  1.742336
0.165550  1.763078
0.167497  1.783820
0.169445  1.804562
0.171393  1.825304
0.173340  1.846046
0.175288  1.866788
0.177236  1.887531
0.179183  1.908273
0.181131  1.929015
0.183079  1.949757
0.185026  1.970499
0.186974  1.991241
0.134822  -0.990870
0.158645  -1.008431
0.183254  -1.025421
0.208638  -1.041814
0.234782  -1.057586
0.261670  -1.072713
0.289287  -1.087170
0.317616  -1.100933
0.346641  -1.113980
0.376344  -1.126287
0.406705  -1.137831
0.437707  -1.148592
0.469330  -1.158546
0.501552  -1.167674
0.534354  -1.175954
0.567714  -1.183367
0.601610  -1.189892
0.636019  -1.195511
0.670918  -1.200206
0.706283  -1.203958
0.742090  -1.206750
0.778314  -1.208566
0.814931  -1.209390
0.851913  -1.209206
0.889235  -1.207999
0.926870  -1.205755
0.964792  -1.202461
1.002971  -1.198105
1.041382  -1.192673
1.079994  -1.186155
1.118781  -1.178539
1.157711  -1.169817
1.196757  -1.159979
1.235887  -1.149016
1.275073  -1.136922
1.314284  -1.123688
1.353490  -1.109308
1.392659  -1.093779
1.431761  -1.077094
1.470764  -1.059250
1.509637  -1.040244
1.548348  -1.020075
1.586866  -0.998740
1.625159  -0.976239
1.663195  -0.952572
1.700942  -0.927741
1.738368  -0.901747
1.775440  -0.874594
1.812127  -0.846284
0.114179  0.993460
0.116558  1.014157
0.118937  1.034854
0.121316  1.055551
0.123694  1.076249
0.126073  1.096946
0.128452  1.117643
0.130830  1.138340
0.133209  1.159037
0.135588  1.179734
0.137967  1.200431
0.140345  1.221128
0.142724  1.241825
0.145103  1.262522
0.147482  1.283219
0.149860  1.303916
0.152239  1.324614
0.154618  1.345311
0.156997  1.366008
0.159375  1.386705
0.161754  1.407402
0.164133  1.428099
0.166511  1.448796
0.168890  1.469493
0.171269  1.490190
0.173648  1.510887
0.176026  1.531584
0.178405  1.552281
0.180784  1.572979
0.183163  1.593676
0.185541  1.614373
0.187920  1.635070
0.190299  1.655767
0.192678  1.676464
0.195056  1.697161
0.197435  1.717858
0.199814  1.738555
0.202193  1.759252
0.204571  1.779949
0.206950  1.800647
0.209329  1.821344
0.211707  1.842041
0.214086  1.862738
0.216465  1.883435
0.218844  1.904132
0.221222  1.924829
0.223601  1.945526
0.225980  1.966223
0.228359  1.986920
0.155407  -0.987851
0.179589  -1.004912
0.204547  -1.021386
0.230267  -1.037248
0.256733  -1.052473
0.283930  -1.067037
0.311842  -1.080916
0.340451  -1.094087
0.369741  -1.106527
0.399693  -1.118214
0.430289  -1.129124
0.461508  -1.139237
0.493330  -1.148532
0.525736  -1.156987
0.558703  -1.164583
0.592210  -1.171300
0.626234  -1.177119
0.660753  -1.182021
0.695742  -1.185988
0.731177  -1.189004
0.767035  -1.191051
0.803289  -1.192113
0.839914  -1.192175
0.876884  -1.191221
0.914173  -1.189238
0.951754  -1.186212
0.989599  -1.182130
1.027679  -1.176980
1.065969  -1.170750
1.104437  -1.163430
1.143056  -1.155010
1.181797  -1.145479
1.220629  -1.134831
1.259524  -1.123057
1.298450  -1.110149
1.337377  -1.096102
1.376275  -1.080911
1.415112  -1.064569
1.453858  -1.047075
1.492482  -1.028423
1.530951  -1.008613
1.569234  -0.987642
1.607300  -0.965511
1.645117  -0.942218
1.682652  -0.917765
1.719874  -0.892154
1.756751  -0.865387
1.793250  -0.837468
1.829340  -0.808402
0.134822  0.990870
0.137631  1.011513
0.140440  1.032156
0.143249  1.052799
0.146057  1.073442
0.148866  1.094085
0.151675  1.114729
0.154484  1.135372
0.157293  1.156015
0.160101  1.176658
0.162910  1.197301
0.165719  1.217944
0.168528  1.238587
0.171337  1.259230
0.174145  1.279873
0.176954  1.300517
0.179763  1.321160
0.182572  1.341803
0.185381  1.362446
0.188189  1.383089
0.190998  1.403732
0.193807  1.424375
0.196616  1.445018
0.199425  1.465662
0.202233  1.486305
0.205042  1.506948
0.207851  1.527591
0.210660  1.548234
0.213469  1.568877
0.216277  1.589520
0.219086  1.610163
0.221895  1.630807
0.224704  1.651450
0.227513  1.672093
0.230321  1.692736
0.233130  1.713379
0.235939  1.734022
0.238748  1.754665
0.241557  1.775308
0.244365  1.795952
0.247174  1.816595
0.249983  1.837238
0.252792  1.857881
0.255601  1.878524
0.258409  1.899167
0.261218  1.919810
0.264027  1.940453
0.266836  1.961096
0.269645  1.981740
0.175924  -0.984404
0.200456  -1.000958
0.225752  -1.016910
0.251796  -1.032233
0.278573  -1.046904
0.306067  -1.060899
0.334261  -1.074195
0.363139  -1.086768
0.392681  -1.098596
0.422870  -1.109656
0.453685  -1.119928
0.485108  -1.129390
0.517117  -1.138020
0.549692  -1.145799
0.582810  -1.152708
0.616449  -1.158726
0.650587  -1.163836
0.685200  -1.168019
0.720264  -1.171258
0.755755  -1.173536
0.791647  -1.174836
0.827915  -1.175144
0.864534  -1.174443
0.901477  -1.172721
0.938716  -1.169962
0.976226  -1.166155
1.013977  -1.161287
1.051943  -1.155345
1.090094  -1.148320
1.128402  -1.140202
1.166838  -1.130980
1.205372  -1.120646
1.243974  -1.109192
1.282615  -1.096611
1.321264  -1.082896
1.359890  -1.068043
1.398464  -1.052045
1.436953  -1.034899
1.475327  -1.016602
1.513554  -0.997152
1.551603  -0.976545
1.589441  -0.954783
1.627039  -0.931864
1.664363  -0.907789
1.701381  -0.882561
1.738062  -0.856181
1.774374  -0.828653
1.810285  -0.799981
1.845762  -0.770170
0.155407  0.987851
0.158645  1.008431
0.161882  1.029011
0.165120  1.049591
0.168358  1.070171
0.171595  1.090752
0.174833  1.111332
0.178070  1.131912
0.181308  1.152492
0.184546  1.173073
0.187783  1.193653
0.191021  1.214233
0.194259  1.234813
0.197496  1.255393
0.200734  1.275974
0.203972  1.296554
0.207209  1.317134
0.210447  1.337714
0.213685  1.358294
0.216922  1.378875
0.220160  1.399455
0.223397  1.420035
0.226635  1.440615
0.229873  1.461196
0.233110  1.481776
0.236348  1.502356
0.239586  1.522936
0.242823  1.543516
0.246061  1.564097
0.249299  1.584677
0.252536  1.605257
0.255774  1.625837
0.259012  1.646418
0.262249  1.666998
0.265487  1.687578
0.268724  1.708158
0.271962  1.728738
0.275200  1.749319
0.278437  1.769899
0.281675  1.790479
0.284913  1.811059
0.288150  1.831640
0.291388  1.852220
0.294626  1.872800
0.297863  1.893380
0.301101  1.913960
0.304339  1.934541
0.307576  1.955121
0.310814  1.975701
0.196365  -0.980531
0.221237  -0.996572
0.246858  -1.011993
0.273215  -1.026771
0.300292  -1.040882
0.328071  -1.054302
0.356536  -1.067008
0.385669  -1.078978
0.415451  -1.090189
0.445863  -1.100619
0.476886  -1.110247
0.508499  -1.119053
0.540680  -1.127016
0.573410  -1.134116
0.606664  -1.140334
0.640422  -1.145651
0.674659  -1.150049
0.709351  -1.153511
0.744475  -1.156020
0.780005  -1.157559
0.815917  -1.158113
0.852184  -1.157666
0.888780  -1.156204
0.925678  -1.153713
0.962853  -1.150180
1.000275  -1.145594
1.037917  -1.139941
1.075751  -1.133211
1.113747  -1.125394
1.151878  -1.116480
1.190114  -1.106460
1.228424  -1.095327
1.266780  -1.083072
1.305151  -1.069690
1.343506  -1.055175
1.381815  -1.039521
1.420048  -1.022724
1.458172  -1.004781
1.496157  -0.985690
1.533971  -0.965448
1.571583  -0.944055
1.608960  -0.921510
1.646073  -0.897814
1.682888  -0.872968
1.719373  -0.846975
1.755498  -0.819838
1.791229  -0.791560
1.826536  -0.762147
1.861385  -0.731604
0.175924  0.984404
0.179589  1.004912
0.183254  1.025421
0.186920  1.045929
0.190585  1.066437
0.194250  1.086946
0.197915  1.107454
0.201580  1.127963
0.205245  1.148471
0.208910  1.168979
0.212575  1.189488
0.216240  1.209996
0.219905  1.230505
0.223570  1.251013
0.227236  1.271521
0.230901  1.292030
0.234566  1.312538
0.238231  1.333047
0.241896  1.353555
0.245561  1.374063
0.249226  1.394572
0.252891  1.415080
0.256556  1.435589
0.260221  1.456097
0.263886  1.476606
0.267552  1.497114
0.271217  1.517622
0.274882  1.538131
0.278547  1.558639
0.282212  1.579148
0.285877  1.599656
0.289542  1.620164
0.293207  1.640673
0.296872  1.661181
0.300537  1.681690
0.304202  1.702198
0.307868  1.722706
0.311533  1.743215
0.315198  1.763723
0.318863  1.784232
0.322528  1.804740
0.326193  1.825249
0.329858  1.845757
0.333523  1.866265
0.337188  1.886774
0.340853  1.907282
0.344518  1.927791
0.348183  1.948299
0.351849  1.968807
0.216722  -0.976233
0.241921  -0.991753
0.267858  -1.006639
0.294517  -1.020865
0.321881  -1.034410
0.349934  -1.047249
0.378657  -1.059360
0.408032  -1.070721
0.438041  -1.081310
0.468664  -1.091105
0.499880  -1.100086
0.531669  -1.108232
0.564010  -1.115524
0.596879  -1.121941
0.630256  -1.127466
0.664117  -1.132080
0.698438  -1.135765
0.733195  -1.138505
0.768363  -1.140282
0.803918  -1.141081
0.839833  -1.140888
0.876083  -1.139686
0.912641  -1.137463
0.949480  -1.134206
0.986572  -1.129900
1.023891  -1.124536
1.061407  -1.118101
1.099093  -1.110586
1.136919  -1.101980
1.174856  -1.092275
1.212875  -1.081462
1.250945  -1.069534
1.289038  -1.056484
1.327122  -1.042307
1.365167  -1.026996
1.403142  -1.010549
1.441017  -0.992961
1.478759  -0.974229
1.516339  -0.954351
1.553724  -0.933327
1.590882  -0.911156
1.627783  -0.887838
1.664394  -0.863375
1.700685  -0.837769
1.736622  -0.811022
1.772174  -0.783139
1.807309  -0.754124
1.841996  -0.723983
1.876203  -0.692722
0.196365  0.980531
0.200456  1.000958
0.204547  1.021386
0.208638  1.041814
0.212729  1.062242
0.216820  1.082669
0.220911  1.103097
0.225002  1.123525
0.229093  1.143953
0.233184  1.164380
0.237275  1.184808
0.241366  1.205236
0.245457  1.225663
0.249548  1.246091
0.253639  1.266519
0.257730  1.286947
0.261821  1.307374
0.265912  1.327802
0.270003  1.348230
0.274094  1.368658
0.278184  1.389085
0.282275  1.409513
0.286366  1.429941
0.290457  1.450368
0.294548  1.470796
0.298639  1.491224
0.302730  1.511652
0.306821  1.532079
0.310912  1.552507
0.315003  1.572935
0.319094  1.593363
0.323185  1.613790
0.327276  1.634218
0.331367  1.654646
0.335458  1.675073
0.339549  1.695501
0.343640  1.715929
0.347731  1.736357
0.351822  1.756784
0.355912  1.777212
0.360003  1.797640
0.364094  1.818067
0.368185  1.838495
0.372276  1.858923
0.376367  1.879351
0.380458  1.899778
0.384549  1.920206
0.388640  1.940634
0.392731  1.961062
0.236984  -0.971514
0.262501  -0.986506
0.288742  -1.000848
0.315691  -1.014517
0.343331  -1.027490
0.371645  -1.039742
0.400613  -1.051253
0.430219  -1.062001
0.460442  -1.071963
0.491261  -1.081119
0.522658  -1.089449
0.554609  -1.096932
0.587095  -1.103549
0.620091  -1.109281
0.653575  -1.114110
0.687525  -1.118019
0.721915  -1.120989
0.756721  -1.123005
0.791919  -1.124050
0.827483  -1.124110
0.863386  -1.123169
0.899603  -1.121214
0.936107  -1.118231
0.972870  -1.114207
1.009865  -1.109132
1.047064  -1.102992
1.084438  -1.095778
1.121959  -1.087480
1.159598  -1.078090
1.197325  -1.067597
1.235111  -1.055996
1.272925  -1.043278
1.310738  -1.029439
1.348519  -1.014472
1.386237  -0.998374
1.423862  -0.981140
1.461362  -0.962767
1.498707  -0.943254
1.535865  -0.922599
1.572804  -0.900802
1.609493  -0.877862
1.645901  -0.853782
1.681996  -0.828562
1.717745  -0.802207
1.753118  -0.774718
1.788082  -0.746102
1.822606  -0.716362
1.856659  -0.685506
1.890208  -0.653540
0.216722  0.976233
0.221237  0.996572
0.225752  1.016910
0.230267  1.037248
0.234782  1.057586
0.239297  1.077924
0.243812  1.098263
0.248327  1.118601
0.252842  1.138939
0.257357  1.159277
0.261872  1.179615
0.266387  1.199954
0.270902  1.220292
0.275417  1.240630
0.279932  1.260968
0.284447  1.281306
0.288962  1.301645
0.293477  1.321983
0.297992  1.342321
0.302507  1.362659
0.307022  1.382997
0.311537  1.403336
0.316053  1.423674
0.320568  1.444012
0.325083  1.464350
0.329598  1.484688
0.334113  1.505027
0.338628  1.525365
0.343143  1.545703
0.347658  1.566041
0.352173  1.586379
0.356688  1.606718
0.361203  1.627056
0.365718  1.647394
0.370233  1.667732
0.374748  1.688070
0.379263  1.708408
0.383778  1.728747
0.388293  1.749085
0.392808  1.769423
0.397323  1.789761
0.401838  1.810099
0.406353  1.830438
0.410868  1.850776
0.415383  1.871114
0.419898  1.891452
0.424413  1.911790
0.428928  1.932129
0.433443  1.952467
0.257144  -0.966373
0.282967  -0.980831
0.309501  -0.994625
0.336729  -1.007730
0.364632  -1.020125
0.393195  -1.031786
0.422397  -1.042692
0.452219  -1.052821
0.482643  -1.062152
0.513646  -1.070665
0.545209  -1.078340
0.577310  -1.085156
0.609925  -1.091096
0.643034  -1.096141
0.676612  -1.100272
0.710635  -1.103474
0.745079  -1.105728
0.779920  -1.107019
0.815132  -1.107332
0.850689  -1.106652
0.886565  -1.104964
0.922734  -1.102256
0.959168  -1.098514
0.995839  -1.093727
1.032720  -1.087883
1.069784  -1.080970
1.107000  -1.072981
1.144340  -1.063904
1.181775  -1.053732
1.219276  -1.042457
1.256812  -1.030072
1.294354  -1.016571
1.331870  -1.001948
1.369332  -0.986198
1.406707  -0.969319
1.443965  -0.951306
1.481075  -0.932157
1.518006  -0.911871
1.554726  -0.890448
1.591204  -0.867886
1.627408  -0.844189
1.663307  -0.819356
1.698869  -0.793391
1.734062  -0.766297
1.768856  -0.738079
1.803217  -0.708742
1.837115  -0.678290
1.870518  -0.646732
1.903395  -0.614075
0.236984  0.971514
0.241921  0.991753
0.246858  1.011993
0.251796  1.032233
0.256733  1.052473
0.261670  1.072713
0.266607  1.092953
0.271544  1.113193
0.276481  1.133432
0.281419  1.153672
0.286356  1.173912
0.291293  1.194152
0.296230  1.214392
0.301167  1.234632
0.306104  1.254872
0.311042  1.275111
0.315979  1.295351
0.320916  1.315591
0.325853  1.335831
0.330790  1.356071
0.335728  1.376311
0.340665  1.396551
0.345602  1.416791
0.350539  1.437030
0.355476  1.457270
0.360413  1.477510
0.365351  1.497750
0.370288  1.517990
0.375225  1.538230
0.380162  1.558470
0.385099  1.578709
0.390036  1.598949
0.394974  1.619189
0.399911  1.639429
0.404848  1.659669
0.409785  1.679909
0.414722  1.700149
0.419659  1.720389
0.424597  1.740628
0.429534  1.760868
0.434471  1.781108
0.439408  1.801348
0.444345  1.821588
0.449282  1.841828
0.454220  1.862068
0.459157  1.882307
0.464094  1.902547
0.469031  1.922787
0.473968  1.943027
0.277192  -0.960814
0.303311  -0.974732
0.330126  -0.987971
0.357620  -1.000507
0.385776  -1.012318
0.414575  -1.023383
0.443997  -1.033679
0.474024  -1.043185
0.504635  -1.051881
0.535809  -1.059748
0.567525  -1.066764
0.599760  -1.072911
0.632492  -1.078171
0.665699  -1.082526
0.699355  -1.085958
0.733438  -1.088451
0.767921  -1.089988
0.802782  -1.090555
0.837992  -1.090135
0.873528  -1.088715
0.909361  -1.086281
0.945465  -1.082821
0.981813  -1.078322
1.018377  -1.072773
1.055129  -1.066163
1.092040  -1.058481
1.129082  -1.049719
1.166226  -1.039867
1.203441  -1.028919
1.240699  -1.016866
1.277969  -1.003703
1.315222  -0.989423
1.352426  -0.974023
1.389552  -0.957498
1.426568  -0.939844
1.463443  -0.921060
1.500147  -0.901143
1.536648  -0.880094
1.572914  -0.857911
1.608915  -0.834596
1.644618  -0.810150
1.679993  -0.784576
1.715007  -0.757877
1.749629  -0.730057
1.783828  -0.701121
1.817571  -0.671075
1.850828  -0.639925
1.883568  -0.607679
1.915758  -0.574345
0.257144  0.966373
0.262501  0.986506
0.267858  1.006639
0.273215  1.026771
0.278573  1.046904
0.283930  1.067037
0.289287  1.087170
0.294644  1.107303
0.300001  1.127435
0.305358  1.147568
0.310716  1.167701
0.316073  1.187834
0.321430  1.207966
0.326787  1.228099
0.332144  1.248232
0.337501  1.268365
0.342859  1.288497
0.348216  1.308630
0.353573  1.328763
0.358930  1.348896
0.364287  1.369029
0.369644  1.389161
0.375002  1.409294
0.380359  1.429427
0.385716  1.449560
0.391073  1.469692
0.396430  1.489825
0.401787  1.509958
0.407145  1.530091
0.412502  1.550224
0.417859  1.570356
0.423216  1.590489
0.428573  1.610622
0.433930  1.630755
0.439288  1.650887
0.444645  1.671020
0.450002  1.691153
0.455359  1.711286
0.460716  1.731418
0.466073  1.751551
0.471431  1.771684
0.476788  1.791817
0.482145  1.811950
0.487502  1.832082
0.492859  1.852215
0.498216  1.872348
0.503574  1.892481
0.508931  1.912613
0.514288  1.932746
0.297121  -0.954840
0.323524  -0.968211
0.350608  -0.980889
0.378357  -0.992851
0.406752  -1.004073
0.435775  -1.014536
0.465406  -1.024218
0.495624  -1.033098
0.526409  -1.041155
0.557740  -1.048371
0.589595  -1.054726
0.621951  -1.060202
0.654785  -1.064780
0.688075  -1.068443
0.721796  -1.071174
0.755923  -1.072957
0.790431  -1.073777
0.825295  -1.073618
0.860490  -1.072465
0.895988  -1.070307
0.931763  -1.067128
0.967787  -1.062918
1.004034  -1.057664
1.040474  -1.051355
1.077081  -1.043981
1.113824  -1.035533
1.150676  -1.026002
1.187606  -1.015380
1.224586  -1.003660
1.261585  -0.990835
1.298574  -0.976899
1.335521  -0.961848
1.372397  -0.945677
1.409171  -0.928383
1.445811  -0.909963
1.482288  -0.890415
1.518569  -0.869740
1.554624  -0.847935
1.590421  -0.825003
1.625929  -0.800944
1.661116  -0.775760
1.695951  -0.749456
1.730402  -0.722034
1.764438  -0.693500
1.798027  -0.663859
1.831139  -0.633117
1.863741  -0.601282
1.895802  -0.568362
1.927292  -0.534365
0.277192  0.960814
0.282967  0.980831
0.288742  1.000848
0.294517  1.020865
0.300292  1.040882
0.306067  1.060899
0.311842  1.080916
0.317616  1.100933
0.323391  1.120950
0.329166  1.140967
0.334941  1.160984
0.340716  1.181001
0.346491  1.201018
0.352265  1.221035
0.358040  1.241052
0.363815  1.261069
0.369590  1.281086
0.375365  1.301103
0.381140  1.321120
0.386915  1.341137
0.392689  1.361154
0.398464  1.381171
0.404239  1.401188
0.410014  1.421205
0.415789  1.441222
0.421564  1.461239
0.427338  1.481256
0.433113  1.501273
0.438888  1.521289
0.444663  1.541306
0.450438  1.561323
0.456213  1.581340
0.461987  1.601357
0.467762  1.621374
0.473537  1.641391
0.479312  1.661408
0.485087  1.681425
0.490862  1.701442
0.496637  1.721459
0.502411  1.741476
0.508186  1.761493
0.513961  1.781510
0.519736  1.801527
0.525511  1.821544
0.531286  1.841561
0.537060  1.861578
0.542835  1.881595
0.548610  1.901612
0.554385  1.921629
0.316921  -0.948452
0.343596  -0.961271
0.370938  -0.973383
0.398930  -0.984764
0.427553  -0.995394
0.456787  -1.005251
0.486612  -1.014314
0.517009  -1.022563
0.547955  -1.029979
0.579429  -1.036541
0.611409  -1.042232
0.643872  -1.047033
0.676795  -1.050927
0.710154  -1.053897
0.743924  -1.055926
0.778081  -1.056999
0.812599  -1.057100
0.847452  -1.056216
0.882615  -1.054332
0.918060  -1.051435
0.953761  -1.047513
0.989690  -1.042554
1.025820  -1.036547
1.062121  -1.029482
1.098566  -1.021348
1.135126  -1.012138
1.171772  -1.001842
1.208473  -0.990454
1.245201  -0.977967
1.281925  -0.964375
1.318616  -0.949672
1.355242  -0.933856
1.391774  -0.916921
1.428180  -0.898866
1.464429  -0.879687
1.500491  -0.859385
1.536335  -0.837959
1.571928  -0.815410
1.607240  -0.791737
1.642240  -0.766945
1.676895  -0.741035
1.711176  -0.714011
1.745049  -0.685879
1.778484  -0.656643
1.811449  -0.626309
1.843914  -0.594885
1.875846  -0.562379
1.907216  -0.528799
1.937991  -0.494155
0.297121  0.954840
0.303311  0.974732
0.309501  0.994625
0.315691  1.014517
0.321881  1.034410
0.328071  1.054302
0.334261  1.074195
0.340451  1.094087
0.346641  1.113980
0.352831  1.133872
0.359021  1.153765
0.365211  1.173657
0.371401  1.193550
0.377591  1.213442
0.383781  1.233335
0.389971  1.253227
0.396161  1.273120
0.402351  1.293012
0.408541  1.312905
0.414731  1.332797
0.420921  1.352690
0.427112  1.372582
0.433302  1.392475
0.439492  1.412367
0.445682  1.432260
0.451872  1.452152
0.458062  1.472045
0.464252  1.491937
0.470442  1.511830
0.476632  1.531722
0.482822  1.551615
0.489012  1.571507
0.495202  1.591400
0.501392  1.611292
0.507582  1.631185
0.513772  1.651077
0.519962  1.670970
0.526152  1.690862
0.532342  1.710755
0.538532  1.730647
0.544722  1.750540
0.550912  1.770432
0.557102  1.790325
0.563292  1.810217
0.569482  1.830110
0.575672  1.850002
0.581862  1.869895
0.588052  1.889787
0.594242  1.909680
0.336584  -0.941654
0.363520  -0.953915
0.391108  -0.965455
0.419331  -0.976252
0.448168  -0.986284
0.477601  -0.995531
0.507609  -1.003971
0.538170  -1.011586
0.569264  -1.018356
0.600868  -1.024263
0.632959  -1.029287
0.665515  -1.033412
0.698512  -1.036620
0.731925  -1.038895
0.765730  -1.040221
0.799902  -1.040583
0.834414  -1.039967
0.869242  -1.038357
0.904358  -1.035742
0.939735  -1.032109
0.975347  -1.027445
1.011165  -1.021739
1.047162  -1.014982
1.083309  -1.007163
1.119577  -0.998273
1.155937  -0.988304
1.192360  -0.977248
1.228817  -0.965099
1.265277  -0.951850
1.301710  -0.937497
1.338087  -0.922035
1.374376  -0.905460
1.410548  -0.887768
1.446570  -0.868960
1.482413  -0.849031
1.518045  -0.827984
1.553435  -0.805816
1.588551  -0.782531
1.623364  -0.758129
1.657840  -0.732614
1.691949  -0.705989
1.725659  -0.678258
1.758940  -0.649427
1.791759  -0.619502
1.824087  -0.588489
1.855890  -0.556396
1.887140  -0.523233
1.917804  -0.489007
1.947852  -0.453730
0.316921  0.948452
0.323524  0.968211
0.330126  0.987971
0.336729  1.007730
0.343331  1.027490
0.349934  1.047249
0.356536  1.067008
0.363139  1.086768
0.369741  1.106527
0.376344  1.126287
0.382946  1.146046
0.389549  1.165806
0.396151  1.185565
0.402754  1.205324
0.409356  1.225084
0.415959  1.244843
0.422561  1.264603
0.429164  1.284362
0.435766  1.304121
0.442369  1.323881
0.448971  1.343640
0.455574  1.363400
0.462176  1.383159
0.468779  1.402918
0.475381  1.422678
0.481984  1.442437
0.488587  1.462197
0.495189  1.481956
0.501792  1.501716
0.508394  1.521475
0.514997  1.541234
0.521599  1.560994
0.528202  1.580753
0.534804  1.600513
0.541407  1.620272
0.548009  1.640031
0.554612  1.659791
0.561214  1.679550
0.567817  1.699310
0.574419  1.719069
0.581022  1.738829
0.587624  1.758588
0.594227  1.778347
0.600829  1.798107
0.607432  1.817866
0.614034  1.837626
0.620637  1.857385
0.627239  1.877144
0.633842  1.896904
0.356101  -0.934448
0.383286  -0.946146
0.411109  -0.957110
0.439550  -0.967317
0.468590  -0.976747
0.498208  -0.985379
0.528385  -0.993194
0.559098  -1.000172
0.590326  -1.006293
0.622046  -1.011541
0.654235  -1.015896
0.686870  -1.019343
0.719926  -1.021864
0.753380  -1.023443
0.787205  -1.024066
0.821377  -1.023717
0.855869  -1.022383
0.890656  -1.020049
0.925710  -1.016704
0.961004  -1.012335
0.996511  -1.006931
1.032202  -1.000482
1.068051  -0.992977
1.104027  -0.984408
1.140102  -0.974765
1.176247  -0.964042
1.212432  -0.952231
1.248628  -0.939326
1.284805  -0.925322
1.320932  -0.910214
1.356979  -0.893998
1.392916  -0.876671
1.428711  -0.858232
1.464335  -0.838677
1.499755  -0.818008
1.534942  -0.796223
1.569863  -0.773325
1.604487  -0.749314
1.638784  -0.724193
1.672722  -0.697966
1.706270  -0.670637
1.739396  -0.642211
1.772070  -0.612694
1.804260  -0.582092
1.835935  -0.550414
1.867064  -0.517666
1.897617  -0.483860
1.927562  -0.449004
1.956870  -0.413110
0.336584  0.941654
0.343596  0.961271
0.350608  0.980889
0.357620  1.000507
0.364632  1.020125
0.371645  1.039742
0.378657  1.059360
0.385669  1.078978
0.392681  1.098596
0.399693  1.118214
0.406705  1.137831
0.413718  1.157449
0.420730  1.177067
0.427742  1.196685
0.434754  1.216302
0.441766  1.235920
0.448778  1.255538
0.455791  1.275156
0.462803  1.294774
0.469815  1.314391
0.476827  1.334009
0.483839  1.353627
0.490851  1.373245
0.497863  1.392863
0.504876  1.412480
0.511888  1.432098
0.518900  1.451716
0.525912  1.471334
0.532924  1.490951
0.539936  1.510569
0.546949  1.530187
0.553961  1.549805
0.560973  1.569423
0.567985  1.589040
0.574997  1.608658
0.582009  1.628276
0.589022  1.647894
0.596034  1.667511
0.603046  1.687129
0.610058  1.706747
0.617070  1.726365
0.624082  1.745983
0.631095  1.765600
0.638107  1.785218
0.645119  1.804836
0.652131  1.824454
0.659143  1.844072
0.666155  1.863689
0.673168  1.883307
0.375464  -0.926837
0.402886  -0.937968
0.430931  -0.948350
0.459578  -0.957963
0.488808  -0.966787
0.518600  -0.974801
0.548933  -0.981987
0.579785  -0.988324
0.611133  -0.993794
0.642955  -0.998381
0.675228  -1.002066
0.707928  -1.004833
0.741029  -1.006666
0.774508  -1.007549
0.808339  -1.007468
0.842496  -1.006408
0.876953  -1.004356
0.911684  -1.001299
0.946660  -0.997226
0.981856  -0.992124
1.017243  -0.985982
1.052793  -0.978792
1.088477  -0.970543
1.124267  -0.961227
1.160134  -0.950836
1.196048  -0.939363
1.231980  -0.926802
1.267900  -0.913147
1.303777  -0.898393
1.339582  -0.882536
1.375284  -0.865574
1.410852  -0.847504
1.446257  -0.828323
1.481466  -0.808032
1.516448  -0.786630
1.551174  -0.764119
1.585611  -0.740498
1.619729  -0.715772
1.653495  -0.689944
1.686880  -0.663016
1.719852  -0.634995
1.752380  -0.605886
1.784433  -0.575696
1.815979  -0.544431
1.846988  -0.512100
1.877429  -0.478712
1.907272  -0.444278
1.936486  -0.408806
1.965041  -0.372310
0.356101  0.934448
0.363520  0.953915
0.370938  0.973383
0.378357  0.992851
0.385776  1.012318
0.393195  1.031786
0.400613  1.051253
0.408032  1.070721
0.415451  1.090189
0.422870  1.109656
0.430289  1.129124
0.437707  1.148592
0.445126  1.168059
0.452545  1.187527
0.459964  1.206995
0.467382  1.226462
0.474801  1.245930
0.482220  1.265398
0.489639  1.284865
0.497057  1.304333
0.504476  1.323801
0.511895  1.343268
0.519314  1.362736
0.526732  1.382204
0.534151  1.401671
0.541570  1.421139
0.548989  1.440607
0.556408  1.460074
0.563826  1.479542
0.571245  1.499010
0.578664  1.518477
0.586083  1.537945
0.593501  1.557413
0.600920  1.576880
0.608339  1.596348
0.615758  1.615816
0.623176  1.635283
0.630595  1.654751
0.638014  1.674218
0.645433  1.693686
0.652852  1.713154
0.660270  1.732621
0.667689  1.752089
0.675108  1.771557
0.682527  1.791024
0.689945  1.810492
0.697364  1.829960
0.704783  1.849427
0.712202  1.868895
0.394664  -0.918825
0.422312  -0.929383
0.450567  -0.939180
0.479408  -0.948195
0.508815  -0.956409
0.538767  -0.963802
0.569243  -0.970354
0.600220  -0.976048
0.631676  -0.980866
0.663586  -0.984789
0.695929  -0.987802
0.728679  -0.989888
0.761811  -0.991032
0.795301  -0.991218
0.829123  -0.990433
0.863251  -0.988663
0.897658  -0.985895
0.932317  -0.982116
0.967202  -0.977316
1.002284  -0.971483
1.037535  -0.964606
1.072928  -0.956678
1.108433  -0.947688
1.144021  -0.937630
1.179664  -0.926495
1.215332  -0.914277
1.250994  -0.900971
1.286622  -0.886572
1.322185  -0.871075
1.357652  -0.854477
1.392994  -0.836776
1.428178  -0.817969
1.463176  -0.798057
1.497955  -0.777037
1.532485  -0.754912
1.566735  -0.731683
1.600673  -0.707352
1.634269  -0.681921
1.667491  -0.655395
1.700309  -0.627779
1.732690  -0.599078
1.764606  -0.569299
1.796023  -0.538448
1.826912  -0.506534
1.857242  -0.473565
1.886982  -0.439551
1.916102  -0.404503
1.944572  -0.368432
1.972361  -0.331349
0.375464  0.926837
0.383286  0.946146
0.391108  0.965455
0.398930  0.984764
0.406752  1.004073
0.414575  1.023383
0.422397  1.042692
0.430219  1.062001
0.438041  1.081310
0.445863  1.100619
0.453685  1.119928
0.461508  1.139237
0.469330  1.158546
0.477152  1.177855
0.484974  1.197165
0.492796  1.216474
0.500618  1.235783
0.508441  1.255092
0.516263  1.274401
0.524085  1.293710
0.531907  1.313019
0.539729  1.332328
0.547551  1.351637
0.555374  1.370946
0.563196  1.390256
0.571018  1.409565
0.578840  1.428874
0.586662  1.448183
0.594484  1.467492
0.602306  1.486801
0.610129  1.506110
0.617951  1.525419
0.625773  1.544728
0.633595  1.564038
0.641417  1.583347
0.649239  1.602656
0.657062  1.621965
0.664884  1.641274
0.672706  1.660583
0.680528  1.679892
0.688350  1.699201
0.696172  1.718510
0.703995  1.737820
0.711817  1.757129
0.719639  1.776438
0.727461  1.795747
0.735283  1.815056
0.743105  1.834365
0.750928  1.853674
0.413694  -0.910416
0.441556  -0.920396
0.470008  -0.929603
0.499030  -0.938016
0.528602  -0.945617
0.558702  -0.952385
0.589307  -0.958302
0.620396  -0.963350
0.651944  -0.967512
0.683930  -0.970771
0.716328  -0.973110
0.749114  -0.974514
0.782263  -0.974969
0.815750  -0.974458
0.849548  -0.972970
0.883632  -0.970490
0.917974  -0.967007
0.952547  -0.962508
0.987324  -0.956983
1.022277  -0.950421
1.057378  -0.942813
1.092598  -0.934150
1.127908  -0.924424
1.163280  -0.913627
1.198683  -0.901753
1.234089  -0.888796
1.269467  -0.874751
1.304788  -0.859613
1.340020  -0.843380
1.375135  -0.826048
1.410100  -0.807615
1.444886  -0.788081
1.479462  -0.767444
1.513796  -0.745706
1.547858  -0.722868
1.581617  -0.698931
1.615042  -0.673898
1.648102  -0.647775
1.680765  -0.620564
1.713001  -0.592271
1.744779  -0.562902
1.776067  -0.532465
1.806836  -0.500968
1.837054  -0.468418
1.866692  -0.434825
1.895718  -0.400200
1.924102  -0.364553
1.951816  -0.327898
1.978827  -0.290245
0.394664  0.918825
0.402886  0.937968
0.411109  0.957110
0.419331  0.976252
0.427553  0.995394
0.435775  1.014536
0.443997  1.033679
0.452219  1.052821
0.460442  1.071963
0.468664  1.091105
0.476886  1.110247
0.485108  1.129390
0.493330  1.148532
0.501552  1.167674
0.509775  1.186816
0.517997  1.205958
0.526219  1.225101
0.534441  1.244243
0.542663  1.263385
0.550885  1.282527
0.559108  1.301669
0.567330  1.320812
0.575552  1.339954
0.583774  1.359096
0.591996  1.378238
0.600218  1.397380
0.608441  1.416523
0.616663  1.435665
0.624885  1.454807
0.633107  1.473949
0.641329  1.493091
0.649552  1.512234
0.657774  1.531376
0.665996  1.550518
0.674218  1.569660
0.682440  1.588802
0.690662  1.607944
0.698885  1.627087
0.707107  1.646229
0.715329  1.665371
0.723551  1.684513
0.731773  1.703655
0.739995  1.722798
0.748218  1.741940
0.756440  1.761082
0.764662  1.780224
0.772884  1.799366
0.781106  1.818509
0.789328  1.837651
0.432544  -0.901613
0.460608  -0.911011
0.489245  -0.919624
0.518437  -0.927432
0.548160  -0.934415
0.578394  -0.940555
0.609116  -0.945835
0.640303  -0.950235
0.671931  -0.953740
0.703978  -0.956332
0.736417  -0.957997
0.769226  -0.958719
0.802377  -0.958484
0.835846  -0.957277
0.869606  -0.955085
0.903630  -0.951897
0.937892  -0.947700
0.972365  -0.942483
1.007019  -0.936236
1.041828  -0.928948
1.076763  -0.920612
1.111795  -0.911218
1.146896  -0.900759
1.182035  -0.889229
1.217184  -0.876621
1.252312  -0.862930
1.287391  -0.848152
1.322389  -0.832283
1.357276  -0.815320
1.392022  -0.797261
1.426596  -0.778105
1.460968  -0.757851
1.495107  -0.736500
1.528982  -0.714052
1.562562  -0.690510
1.595815  -0.665876
1.628712  -0.640154
1.661221  -0.613348
1.693311  -0.585463
1.724951  -0.556506
1.756111  -0.526483
1.786760  -0.495401
1.816867  -0.463270
1.846402  -0.430099
1.875334  -0.395897
1.903633  -0.360675
1.931270  -0.324446
1.958215  -0.287222
1.984437  -0.249015
0.413694  0.910416
0.422312  0.929383
0.430931  0.948350
0.439550  0.967317
0.448168  0.986284
0.456787  1.005251
0.465406  1.024218
0.474024  1.043185
0.482643  1.062152
0.491261  1.081119
0.499880  1.100086
0.508499  1.119053
0.517117  1.138020
0.525736  1.156987
0.534354  1.175954
0.542973  1.194921
0.551592  1.213888
0.560210  1.232855
0.568829  1.251822
0.577448  1.270789
0.586066  1.289756
0.594685  1.308723
0.603303  1.327690
0.611922  1.346657
0.620541  1.365624
0.629159  1.384591
0.637778  1.403558
0.646397  1.422525
0.655015  1.441492
0.663634  1.460459
0.672252  1.479426
0.680871  1.498393
0.689490  1.517360
0.698108  1.536327
0.706727  1.555294
0.715346  1.574261
0.723964  1.593228
0.732583  1.612195
0.741201  1.631162
0.749820  1.650129
0.758439  1.669096
0.767057  1.688063
0.775676  1.707030
0.784295  1.725997
0.792913  1.744964
0.801532  1.763931
0.810150  1.782898
0.818769  1.801865
0.827388  1.820832
0.451208  -0.892419
0.479461  -0.901232
0.508271  -0.909247
0.537619  -0.916446
0.567481  -0.922809
0.597836  -0.928319
0.628661  -0.932958
0.659932  -0.936709
0.691627  -0.939555
0.723721  -0.941480
0.756188  -0.942470
0.789004  -0.942509
0.822144  -0.941584
0.855580  -0.939681
0.889287  -0.936788
0.923238  -0.932892
0.957405  -0.927983
0.991761  -0.922050
1.026279  -0.915083
1.060928  -0.907073
1.095682  -0.898012
1.130511  -0.887891
1.165387  -0.876704
1.200278  -0.864445
1.235157  -0.851109
1.269993  -0.836690
1.304757  -0.821186
1.339417  -0.804592
1.373944  -0.786907
1.408307  -0.768129
1.442475  -0.748258
1.476418  -0.727294
1.510106  -0.705237
1.543506  -0.682089
1.576589  -0.657853
1.609323  -0.632533
1.641677  -0.606132
1.673621  -0.578655
1.705124  -0.550109
1.736156  -0.520500
1.766684  -0.489835
1.796680  -0.458123
1.826112  -0.425372
1.854950  -0.391593
1.883164  -0.356797
1.910725  -0.320994
1.937602  -0.284198
1.963766  -0.246421
1.989188  -0.207677
0.432544  0.901613
0.441556  0.920396
0.450567  0.939180
0.459578  0.957963
0.468590  0.976747
0.477601  0.995531
0.486612  1.014314
0.495624  1.033098
0.504635  1.051881
0.513646  1.070665
0.522658  1.089449
0.531669  1.108232
0.540680  1.127016
0.549692  1.145799
0.558703  1.164583
0.567714  1.183367
0.576726  1.202150
0.585737  1.220934
0.594748  1.239717
0.603760  1.258501
0.612771  1.277285
0.621782  1.296068
0.630794  1.314852
0.639805  1.333635
0.648817  1.352419
0.657828  1.371203
0.666839  1.389986
0.675851  1.408770
0.684862  1.427553
0.693873  1.446337
0.702885  1.465121
0.711896  1.483904
0.720907  1.502688
0.729919  1.521471
0.738930  1.540255
0.747941  1.559039
0.756953  1.577822
0.765964  1.596606
0.774975  1.615389
0.783987  1.634173
0.792998  1.652957
0.802009  1.671740
0.811021  1.690524
0.820032  1.709307
0.829043  1.728091
0.838055  1.746875
0.847066  1.765658
0.856077  1.784442
0.865089  1.803225
0.469676  -0.882839
0.498106  -0.891062
0.527077  -0.898476
0.556568  -0.905063
0.586556  -0.910804
0.617019  -0.915681
0.647934  -0.919678
0.679277  -0.922777
0.711024  -0.924963
0.743150  -0.926220
0.775631  -0.926534
0.808441  -0.925891
0.841554  -0.924276
0.874944  -0.921678
0.908583  -0.918084
0.942446  -0.913484
0.976504  -0.907865
1.010729  -0.901218
1.045094  -0.893535
1.079569  -0.884806
1.114127  -0.875023
1.148738  -0.864180
1.183373  -0.852270
1.218002  -0.839288
1.252596  -0.825229
1.287125  -0.810089
1.321558  -0.793864
1.355866  -0.776553
1.390017  -0.758154
1.423982  -0.738665
1.457730  -0.718087
1.491229  -0.696421
1.524450  -0.673668
1.557362  -0.649831
1.589933  -0.624912
1.622133  -0.598916
1.653932  -0.571848
1.685297  -0.543712
1.716200  -0.514517
1.746608  -0.484269
1.776492  -0.452975
1.805821  -0.420646
1.834566  -0.387290
1.862695  -0.352919
1.890179  -0.317543
1.916989  -0.281175
1.943095  -0.243827
1.968468  -0.205514
1.993078  -0.166250
0.451208  0.892419
0.460608  0.911011
0.470008  0.929603
0.479408  0.948195
0.488808  0.966787
0.498208  0.985379
0.507609  1.003971
0.517009  1.022563
0.526409  1.041155
0.535809  1.059748
0.545209  1.078340
0.554609  1.096932
0.564010  1.115524
0.573410  1.134116
0.582810  1.152708
0.592210  1.171300
0.601610  1.189892
0.611010  1.208484
0.620411  1.227076
0.629811  1.245668
0.639211  1.264260
0.648611  1.282852
0.658011  1.301444
0.667411  1.320036
0.676811  1.338628
0.686212  1.357221
0.695612  1.375813
0.705012  1.394405
0.714412  1.412997
0.723812  1.431589
0.733212  1.450181
0.742613  1.468773
0.752013  1.487365
0.761413  1.505957
0.770813  1.524549
0.780213  1.543141
0.789613  1.561733
0.799014  1.580325
0.808414  1.598917
0.817814  1.617509
0.827214  1.636101
0.836614  1.654694
0.846014  1.673286
0.855415  1.691878
0.864815  1.710470
0.874215  1.729062
0.883615  1.747654
0.893015  1.766246
0.902415  1.784838
0.487940  -0.872877
0.516535  -0.880507
0.545655  -0.887316
0.575276  -0.893288
0.605377  -0.898404
0.635935  -0.902647
0.666926  -0.905999
0.698327  -0.908446
0.730113  -0.909971
0.762258  -0.910559
0.794739  -0.910198
0.827528  -0.908872
0.860600  -0.906569
0.893929  -0.903277
0.927486  -0.898984
0.961246  -0.893679
0.995179  -0.887353
1.029259  -0.879996
1.063456  -0.871600
1.097743  -0.862155
1.132090  -0.851656
1.166468  -0.840095
1.200847  -0.827467
1.235199  -0.813767
1.269493  -0.798992
1.303699  -0.783136
1.337787  -0.766199
1.371727  -0.748178
1.405489  -0.729072
1.439041  -0.708881
1.472353  -0.687606
1.505395  -0.665247
1.538135  -0.641808
1.570544  -0.617291
1.602590  -0.591700
1.634242  -0.565040
1.665470  -0.537316
1.696244  -0.508534
1.726532  -0.478702
1.756305  -0.447828
1.785531  -0.415920
1.814182  -0.382987
1.842226  -0.349041
1.869634  -0.314091
1.896376  -0.278151
1.922424  -0.241233
1.947747  -0.203351
1.972317  -0.164518
1.996106  -0.124750
0.469676  0.882839
0.479461  0.901232
0.489245  0.919624
0.499030  0.938016
0.508815  0.956409
0.518600  0.974801
0.528385  0.993194
0.538170  1.011586
0.547955  1.029979
0.557740  1.048371
0.567525  1.066764
0.577310  1.085156
0.587095  1.103549
0.596879  1.121941
0.606664  1.140334
0.616449  1.158726
0.626234  1.177119
0.636019  1.195511
0.645804  1.213904
0.655589  1.232296
0.665374  1.250689
0.675159  1.269081
0.684944  1.287474
0.694729  1.305866
0.704513  1.324259
0.714298  1.342651
0.724083  1.361044
0.733868  1.379436
0.743653  1.397828
0.753438  1.416221
0.763223  1.434613
0.773008  1.453006
0.782793  1.471398
0.792578  1.489791
0.802363  1.508183
0.812147  1.526576
0.821932  1.544968
0.831717  1.563361
0.841502  1.581753
0.851287  1.600146
0.861072  1.618538
0.870857  1.636931
0.880642  1.655323
0.890427  1.673716
0.900212  1.692108
0.909997  1.710501
0.919782  1.728893
0.929566  1.747286
0.939351  1.765678
0.505994  -0.862537
0.534741  -0.869570
0.563996  -0.875773
0.593735  -0.881127
0.623936  -0.885615
0.654576  -0.889221
0.685630  -0.891928
0.717075  -0.893721
0.748885  -0.894585
0.781036  -0.894505
0.813502  -0.893467
0.846257  -0.891459
0.879274  -0.888469
0.912527  -0.884484
0.945988  -0.879494
0.979630  -0.873489
1.013424  -0.866458
1.047343  -0.858393
1.081359  -0.849287
1.115441  -0.839131
1.149562  -0.827920
1.183692  -0.815646
1.217802  -0.802306
1.251861  -0.787895
1.285840  -0.772408
1.319709  -0.755845
1.353438  -0.738202
1.386995  -0.719479
1.420352  -0.699675
1.453477  -0.678790
1.486339  -0.656826
1.518909  -0.633785
1.551154  -0.609670
1.583046  -0.584484
1.614552  -0.558232
1.645643  -0.530919
1.676288  -0.502552
1.706456  -0.473136
1.736117  -0.442680
1.765241  -0.411193
1.793798  -0.378684
1.821757  -0.345162
1.849088  -0.310640
1.875763  -0.275128
1.901752  -0.238639
1.927026  -0.201188
1.951556  -0.162786
1.975313  -0.123451
1.998269  -0.083197
0.487940  0.872877
0.498106  0.891062
0.508271  0.909247
0.518437  0.927432
0.528602  0.945617
0.538767  0.963802
0.548933  0.981987
0.559098  1.000172
0.569264  1.018356
0.579429  1.036541
0.589595  1.054726
0.599760  1.072911
0.609925  1.091096
0.620091  1.109281
0.630256  1.127466
0.640422  1.145651
0.650587  1.163836
0.660753  1.182021
0.670918  1.200206
0.681083  1.218391
0.691249  1.236576
0.701414  1.254761
0.711580  1.272946
0.721745  1.291131
0.731911  1.309315
0.742076  1.327500
0.752241  1.345685
0.762407  1.363870
0.772572  1.382055
0.782738  1.400240
0.792903  1.418425
0.803069  1.436610
0.813234  1.454795
0.823399  1.472980
0.833565  1.491165
0.843730  1.509350
0.853896  1.527535
0.864061  1.545720
0.874227  1.563905
0.884392  1.582089
0.894557  1.600274
0.904723  1.618459
0.914888  1.636644
0.925054  1.654829
0.935219  1.673014
0.945384  1.691199
0.955550  1.709384
0.965715  1.727569
0.975881  1.745754
0.523828  -0.851824
0.552716  -0.858257
0.582093  -0.863850
0.611937  -0.868584
0.642225  -0.872444
0.672933  -0.875411
0.704037  -0.877472
0.735512  -0.878610
0.767334  -0.878811
0.799476  -0.878062
0.831914  -0.876350
0.864620  -0.873661
0.897567  -0.869984
0.930730  -0.865309
0.964080  -0.859624
0.997589  -0.852920
1.031230  -0.845187
1.064974  -0.836419
1.098793  -0.826607
1.132657  -0.815744
1.166537  -0.803825
1.200405  -0.790844
1.234229  -0.776797
1.267981  -0.761681
1.301631  -0.745491
1.335148  -0.728227
1.368502  -0.709886
1.401663  -0.690469
1.434600  -0.669975
1.467284  -0.648406
1.499682  -0.625763
1.531765  -0.602049
1.563502  -0.577268
1.594863  -0.551424
1.625816  -0.524523
1.656332  -0.496569
1.686380  -0.467570
1.715930  -0.437533
1.744951  -0.406467
1.773414  -0.374381
1.801287  -0.341284
1.828543  -0.307188
1.855151  -0.272105
1.881081  -0.236046
1.906305  -0.199024
1.930795  -0.161055
1.954520  -0.122151
1.977454  -0.082330
1.999567  -0.041607
0.505994  0.862537
0.516535  0.880507
0.527077  0.898476
0.537619  0.916446
0.548160  0.934415
0.558702  0.952385
0.569243  0.970354
0.579785  0.988324
0.590326  1.006293
0.600868  1.024263
0.611409  1.042232
0.621951  1.060202
0.632492  1.078171
0.643034  1.096141
0.653575  1.114110
0.664117  1.132080
0.674659  1.150049
0.685200  1.168019
0.695742  1.185988
0.706283  1.203958
0.716825  1.221928
0.727366  1.239897
0.737908  1.257867
0.748449  1.275836
0.758991  1.293806
0.769532  1.311775
0.780074  1.329745
0.790615  1.347714
0.801157  1.365684
0.811699  1.383653
0.822240  1.401623
0.832782  1.419592
0.843323  1.437562
0.853865  1.455531
0.864406  1.473501
0.874948  1.491470
0.885489  1.509440
0.896031  1.527409
0.906572  1.545379
0.917114  1.563348
0.927655  1.581318
0.938197  1.599287
0.948739  1.617257
0.959280  1.635227
0.969822  1.653196
0.980363  1.671166
0.990905  1.689135
1.001446  1.707105
1.011988  1.725074
0.541436  -0.840742
0.570451  -0.846573
0.599939  -0.851553
0.629875  -0.855666
0.660236  -0.858894
0.690999  -0.861222
0.722139  -0.862635
0.753632  -0.863118
0.785451  -0.862658
0.817570  -0.861240
0.849965  -0.858853
0.882608  -0.855485
0.915472  -0.851123
0.948530  -0.845759
0.981755  -0.839381
1.015117  -0.831981
1.048590  -0.823551
1.082145  -0.814083
1.115752  -0.803569
1.149382  -0.792004
1.183008  -0.779383
1.216597  -0.765700
1.250122  -0.750953
1.283553  -0.735137
1.316858  -0.718251
1.350009  -0.700293
1.382974  -0.681262
1.415724  -0.661159
1.448228  -0.639985
1.480455  -0.617740
1.512376  -0.594428
1.543958  -0.570053
1.575173  -0.544617
1.605989  -0.518126
1.636377  -0.490586
1.666304  -0.462003
1.695743  -0.432385
1.724661  -0.401740
1.753029  -0.370077
1.780818  -0.337406
1.807998  -0.303737
1.834538  -0.269081
1.860410  -0.233452
1.885585  -0.196861
1.910033  -0.159323
1.933727  -0.120852
1.956638  -0.081464
1.978738  -0.041174
2.000000  -0.000000
0.523828  0.851824
0.534741  0.869570
0.545655  0.887316
0.556568  0.905063
0.567481  0.922809
0.578394  0.940555
0.589307  0.958302
0.600220  0.976048
0.611133  0.993794
0.622046  1.011541
0.632959  1.029287
0.643872  1.047033
0.654785  1.064780
0.665699  1.082526
0.676612  1.100272
0.687525  1.118019
0.698438  1.135765
0.709351  1.153511
0.720264  1.171258
0.731177  1.189004
0.742090  1.206750
0.753003  1.224497
0.763916  1.242243
0.774829  1.259989
0.785743  1.277736
0.796656  1.295482
0.807569  1.313228
0.818482  1.330975
0.829395  1.348721
0.840308  1.366467
0.851221  1.384214
0.862134  1.401960
0.873047  1.419706
0.883960  1.437453
0.894873  1.455199
0.905787  1.472945
0.916700  1.490692
0.927613  1.508438
0.938526  1.526184
0.949439  1.543931
0.960352  1.561677
0.971265  1.579423
0.982178  1.597170
0.993091  1.614916
1.004004  1.632662
1.014917  1.650409
1.025831  1.668155
1.036744  1.685901
1.047657  1.703648
0.558810  -0.829296
0.587940  -0.834522
0.617524  -0.838888
0.647540  -0.842377
0.677962  -0.844973
0.708767  -0.846661
0.739929  -0.847425
0.771425  -0.847253
0.803227  -0.846131
0.835310  -0.844045
0.867648  -0.840985
0.900214  -0.836938
0.932980  -0.831894
0.965920  -0.825843
0.999004  -0.818775
1.032206  -0.810683
1.065496  -0.801558
1.098846  -0.791394
1.132227  -0.780183
1.165610  -0.767921
1.198966  -0.754603
1.232264  -0.740225
1.265475  -0.724783
1.298569  -0.708275
1.331516  -0.690700
1.364285  -0.672056
1.396848  -0.652344
1.429172  -0.631564
1.461229  -0.609718
1.492986  -0.586808
1.524415  -0.562837
1.555483  -0.537809
1.586162  -0.511729
1.616421  -0.484603
1.646228  -0.456437
1.675555  -0.427238
1.704371  -0.397014
1.732645  -0.365774
1.760349  -0.333528
1.787452  -0.300285
1.813925  -0.266058
1.839739  -0.230858
1.864864  -0.194698
1.889272  -0.157591
1.912934  -0.119553
1.935823  -0.080597
1.957910  -0.040741
1.979167  -0.000000
1.999567  0.041607
0.541436  0.840742
0.552716  0.858257
0.563996  0.875773
0.575276  0.893288
0.586556  0.910804
0.597836  0.928319
0.609116  0.945835
0.620396  0.963350
0.631676  0.980866
0.642955  0.998381
0.654235  1.015896
0.665515  1.033412
0.676795  1.050927
0.688075  1.068443
0.699355  1.085958
0.710635  1.103474
0.721915  1.120989
0.733195  1.138505
0.744475  1.156020
0.755755  1.173536
0.767035  1.191051
0.778314  1.208566
0.789594  1.226082
0.800874  1.243597
0.812154  1.261113
0.823434  1.278628
0.834714  1.296144
0.845994  1.313659
0.857274  1.331175
0.868554  1.348690
0.879834  1.366206
0.891114  1.383721
0.902394  1.401236
0.913673  1.418752
0.924953  1.436267
0.936233  1.453783
0.947513  1.471298
0.958793  1.488814
0.970073  1.506329
0.981353  1.523845
0.992633  1.541360
1.003913  1.558876
1.015193  1.576391
1.026473  1.593906
1.037753  1.611422
1.049033  1.628937
1.060312  1.646453
1.071592  1.663968
1.082872  1.681484
0.575941  -0.817491
0.605174  -0.822110
0.634843  -0.825860
0.664924  -0.828723
0.695394  -0.830686
0.726227  -0.831732
0.757399  -0.831849
0.788884  -0.831021
0.820656  -0.829238
0.852689  -0.826485
0.884956  -0.822753
0.917431  -0.818029
0.950085  -0.812304
0.982891  -0.805569
1.015822  -0.797815
1.048848  -0.789034
1.081941  -0.779218
1.115073  -0.768362
1.148213  -0.756460
1.181334  -0.743506
1.214405  -0.729497
1.247396  -0.714429
1.280279  -0.698299
1.313022  -0.681107
1.345597  -0.662850
1.377971  -0.643528
1.410117  -0.623143
1.442002  -0.601695
1.473597  -0.579187
1.504871  -0.555621
1.535794  -0.531001
1.566335  -0.505333
1.596465  -0.478621
1.626152  -0.450871
1.655368  -0.422091
1.684081  -0.392288
1.712261  -0.361471
1.739880  -0.329649
1.766907  -0.296834
1.793312  -0.263034
1.819068  -0.228264
1.844143  -0.192534
1.868511  -0.155859
1.892142  -0.118253
1.915008  -0.079730
1.937081  -0.040307
1.958333  -0.000000
1.978738  0.041174
1.998269  0.083197
0.558810  0.829296
0.570451  0.846573
0.582093  0.863850
0.593735  0.881127
0.605377  0.898404
0.617019  0.915681
0.628661  0.932958
0.640303  0.950235
0.651944  0.967512
0.663586  0.984789
0.675228  1.002066
0.686870  1.019343
0.698512  1.036620
0.710154  1.053897
0.721796  1.071174
0.733438  1.088451
0.745079  1.105728
0.756721  1.123005
0.768363  1.140282
0.780005  1.157559
0.791647  1.174836
0.803289  1.192113
0.814931  1.209390
0.826572  1.226667
0.838214  1.243944
0.849856  1.261221
0.861498  1.278498
0.873140  1.295775
0.884782  1.313052
0.896424  1.330329
0.908066  1.347606
0.919707  1.364883
0.931349  1.382160
0.942991  1.399437
0.954633  1.416714
0.966275  1.433991
0.977917  1.451268
0.989559  1.468545
1.001200  1.485822
1.012842  1.503099
1.024484  1.520376
1.036126  1.537653
1.047768  1.554930
1.059410  1.572207
1.071052  1.589484
1.082693  1.606761
1.094335  1.624038
1.105977  1.641315
1.117619  1.658592
0.592823  -0.805333
0.622146  -0.809343
0.651886  -0.812474
0.682021  -0.814711
0.712524  -0.816039
0.743373  -0.816444
0.774540  -0.815912
0.806001  -0.814430
0.837730  -0.811985
0.869698  -0.808567
0.901881  -0.804164
0.934250  -0.798766
0.966778  -0.792363
0.999438  -0.784947
1.032199  -0.776510
1.065036  -0.767043
1.097918  -0.756541
1.130816  -0.744998
1.163702  -0.732409
1.196546  -0.718769
1.229318  -0.704075
1.261989  -0.688324
1.294529  -0.671514
1.326908  -0.653644
1.359095  -0.634713
1.391061  -0.614722
1.422775  -0.593672
1.454207  -0.571566
1.485327  -0.548405
1.516104  -0.524194
1.546508  -0.498936
1.576509  -0.472638
1.606076  -0.445304
1.635180  -0.416943
1.663791  -0.387561
1.691877  -0.357168
1.719411  -0.325771
1.746361  -0.293382
1.772700  -0.260011
1.798396  -0.225670
1.823423  -0.190371
1.847750  -0.154128
1.871349  -0.116954
1.894192  -0.078864
1.916252  -0.039874
1.937500  -0.000000
1.957910  0.040741
1.977454  0.082330
1.996106  0.124750
0.575941  0.817491
0.587940  0.834522
0.599939  0.851553
0.611937  0.868584
0.623936  0.885615
0.635935  0.902647
0.647934  0.919678
0.659932  0.936709
0.671931  0.953740
0.683930  0.970771
0.695929  0.987802
0.707928  1.004833
0.719926  1.021864
0.731925  1.038895
0.743924  1.055926
0.755923  1.072957
0.767921  1.089988
0.779920  1.107019
0.791919  1.124050
0.803918  1.141081
0.815917  1.158113
0.827915  1.175144
0.839914  1.192175
0.851913  1.209206
0.863912  1.226237
0.875910  1.243268
0.887909  1.260299
0.899908  1.277330
0.911907  1.294361
0.923905  1.311392
0.935904  1.328423
0.947903  1.345454
0.959902  1.362485
0.971901  1.379516
0.983899  1.396547
0.995898  1.413579
1.007897  1.430610
1.019896  1.447641
1.031894  1.464672
1.043893  1.481703
1.055892  1.498734
1.067891  1.515765
1.079890  1.532796
1.091888  1.549827
1.103887  1.566858
1.115886  1.583889
1.127885  1.600920
1.139883  1.617951
1.151882  1.634982
0.609449  -0.792825
0.638849  -0.796224
0.668648  -0.798736
0.698822  -0.800346
0.729347  -0.801039
0.760197  -0.800802
0.791347  -0.799622
0.822770  -0.797486
0.854441  -0.794382
0.886331  -0.790299
0.918416  -0.785228
0.950665  -0.779157
0.983053  -0.772079
1.015551  -0.763985
1.048130  -0.754868
1.080763  -0.744720
1.113419  -0.733537
1.146070  -0.721312
1.178687  -0.708041
1.211240  -0.693721
1.243699  -0.678348
1.276036  -0.661921
1.308219  -0.644437
1.340219  -0.625897
1.372005  -0.606301
1.403548  -0.585650
1.434818  -0.563945
1.465783  -0.541189
1.496414  -0.517386
1.526681  -0.492540
1.556553  -0.466655
1.586001  -0.439738
1.614993  -0.411796
1.643500  -0.382835
1.671493  -0.352864
1.698942  -0.321893
1.725816  -0.289930
1.752087  -0.256988
1.777725  -0.223076
1.802702  -0.188208
1.826988  -0.152396
1.850556  -0.115654
1.873377  -0.077997
1.895423  -0.039440
1.916667  -0.000000
1.937081  0.040307
1.956638  0.081464
1.975313  0.123451
1.993078  0.166250
0.592823  0.805333
0.605174  0.822110
0.617524  0.838888
0.629875  0.855666
0.642225  0.872444
0.654576  0.889221
0.666926  0.905999
0.679277  0.922777
0.691627  0.939555
0.703978  0.956332
0.716328  0.973110
0.728679  0.989888
0.741029  1.006666
0.753380  1.023443
0.765730  1.040221
0.778081  1.056999
0.790431  1.073777
0.802782  1.090555
0.815132  1.107332
0.827483  1.124110
0.839833  1.140888
0.852184  1.157666
0.864534  1.174443
0.876884  1.191221
0.889235  1.207999
0.901585  1.224777
0.913936  1.241554
0.926286  1.258332
0.938637  1.275110
0.950987  1.291888
0.963338  1.308665
0.975688  1.325443
0.988039  1.342221
1.000389  1.358999
1.012740  1.375776
1.025090  1.392554
1.037441  1.409332
1.049791  1.426110
1.062142  1.442887
1.074492  1.459665
1.086843  1.476443
1.099193  1.493221
1.111544  1.509999
1.123894  1.526776
1.136245  1.543554
1.148595  1.560332
1.160946  1.577110
1.173296  1.593887
1.185647  1.610665
0.625811  -0.779975
0.655275  -0.782762
0.685120  -0.784653
0.715321  -0.785635
0.745854  -0.785693
0.776692  -0.784814
0.807811  -0.782986
0.839183  -0.780196
0.870782  -0.776434
0.902581  -0.771689
0.934552  -0.765951
0.966669  -0.759211
0.998903  -0.751461
1.031225  -0.742693
1.063608  -0.732899
1.096022  -0.722075
1.128438  -0.710215
1.160828  -0.697313
1.193162  -0.683367
1.225410  -0.668372
1.257542  -0.652328
1.289530  -0.635231
1.321342  -0.617082
1.352950  -0.597880
1.384322  -0.577627
1.415428  -0.556324
1.446239  -0.533973
1.476725  -0.510578
1.506854  -0.486143
1.536597  -0.460672
1.565925  -0.434172
1.594805  -0.406648
1.623210  -0.378109
1.651109  -0.348561
1.678472  -0.318015
1.705270  -0.286479
1.731474  -0.253964
1.757054  -0.220482
1.781981  -0.186044
1.806227  -0.150664
1.829763  -0.114355
1.852562  -0.077131
1.874594  -0.039007
1.895833  -0.000000
1.916252  0.039874
1.935823  0.080597
1.954520  0.122151
1.972317  0.164518
1.989188  0.207677
0.609449  0.792825
0.622146  0.809343
0.634843  0.825860
0.647540  0.842377
0.660236  0.858894
0.672933  0.875411
0.685630  0.891928
0.698327  0.908446
0.711024  0.924963
0.723721  0.941480
0.736417  0.957997
0.749114  0.974514
0.761811  0.991032
0.774508  1.007549
0.787205  1.024066
0.799902  1.040583
0.812599  1.057100
0.825295  1.073618
0.837992  1.090135
0.850689  1.106652
0.863386  1.123169
0.876083  1.139686
0.888780  1.156204
0.901477  1.172721
0.914173  1.189238
0.926870  1.205755
0.939567  1.222272
0.952264  1.238790
0.964961  1.255307
0.977658  1.271824
0.990355  1.288341
1.003051  1.304858
1.015748  1.321376
1.028445  1.337893
1.041142  1.354410
1.053839  1.370927
1.066536  1.387444
1.079233  1.403961
1.091929  1.420479
1.104626  1.436996
1.117323  1.453513
1.130020  1.470030
1.142717  1.486547
1.155414  1.503065
1.168110  1.519582
1.180807  1.536099
1.193504  1.552616
1.206201  1.569133
1.218898  1.585651
0.641902  -0.766787
0.671417  -0.768960
0.701295  -0.770230
0.731510  -0.770583
0.762038  -0.770006
0.792851  -0.768486
0.823925  -0.766011
0.855232  -0.762569
0.886746  -0.758151
0.918440  -0.752745
0.950285  -0.746343
0.982254  -0.738936
1.014320  -0.730517
1.046453  -0.721078
1.078625  -0.710614
1.110806  -0.699118
1.142969  -0.686585
1.175083  -0.673013
1.207120  -0.658397
1.239049  -0.642735
1.270841  -0.626025
1.302466  -0.608267
1.333894  -0.589460
1.365095  -0.569605
1.396039  -0.548703
1.426696  -0.526757
1.457035  -0.503770
1.487027  -0.479746
1.516642  -0.454689
1.545849  -0.428606
1.574618  -0.401501
1.602920  -0.373382
1.630725  -0.344258
1.658003  -0.314137
1.684725  -0.283027
1.710861  -0.250941
1.736383  -0.217888
1.761260  -0.183881
1.785466  -0.148932
1.808971  -0.113055
1.831746  -0.076264
1.853765  -0.038574
1.875000  -0.000000
1.895423  0.039440
1.915008  0.079730
1.933727  0.120852
1.951556  0.162786
1.968468  0.205514
1.984437  0.249015
0.625811  0.779975
0.638849  0.796224
0.651886  0.812474
0.664924  0.828723
0.677962  0.844973
0.690999  0.861222
0.704037  0.877472
0.717075  0.893721
0.730113  0.909971
0.743150  0.926220
0.756188  0.942470
0.769226  0.958719
0.782263  0.974969
0.795301  0.991218
0.808339  1.007468
0.821377  1.023717
0.834414  1.039967
0.847452  1.056216
0.860490  1.072465
0.873528  1.088715
0.886565  1.104964
0.899603  1.121214
0.912641  1.137463
0.925678  1.153713
0.938716  1.169962
0.951754  1.186212
0.964792  1.202461
0.977829  1.218711
0.990867  1.234960
1.003905  1.251210
1.016943  1.267459
1.029980  1.283709
1.043018  1.299958
1.056056  1.316208
1.069093  1.332457
1.082131  1.348707
1.095169  1.364956
1.108207  1.381206
1.121244  1.397455
1.134282  1.413705
1.147320  1.429954
1.160358  1.446203
1.173395  1.462453
1.186433  1.478702
1.199471  1.494952
1.212508  1.511201
1.225546  1.527451
1.238584  1.543700
1.251622  1.559950
0.657715  -0.753267
0.687269  -0.754826
0.717167  -0.755474
0.747383  -0.755199
0.777892  -0.753986
0.808667  -0.751826
0.839682  -0.748704
0.870911  -0.744612
0.902327  -0.739539
0.933901  -0.733475
0.965606  -0.726412
0.997414  -0.718342
1.029298  -0.709258
1.061227  -0.699152
1.093174  -0.688021
1.125110  -0.675857
1.157005  -0.662659
1.188830  -0.648421
1.220556  -0.633142
1.252152  -0.616819
1.283590  -0.599451
1.314838  -0.581039
1.345868  -0.561582
1.376650  -0.541082
1.407152  -0.519542
1.437345  -0.496963
1.467200  -0.473350
1.496686  -0.448707
1.525773  -0.423039
1.554431  -0.396353
1.582630  -0.368656
1.610341  -0.339955
1.637534  -0.310258
1.664180  -0.279576
1.690248  -0.247918
1.715711  -0.215294
1.740540  -0.181718
1.764705  -0.147200
1.788178  -0.111756
1.810931  -0.075397
1.832937  -0.038140
1.854167  -0.000000
1.874594  0.039007
1.894192  0.078864
1.912934  0.119553
1.930795  0.161055
1.947747  0.203351
1.963766  0.246421
1.978827  0.290245
0.641902  0.766787
0.655275  0.782762
0.668648  0.798736
0.682021  0.814711
0.695394  0.830686
0.708767  0.846661
0.722139  0.862635
0.735512  0.878610
0.748885  0.894585
0.762258  0.910559
0.775631  0.926534
0.789004  0.942509
0.802377  0.958484
0.815750  0.974458
0.829123  0.990433
0.842496  1.006408
0.855869  1.022383
0.869242  1.038357
0.882615  1.054332
0.895988  1.070307
0.909361  1.086281
0.922734  1.102256
0.936107  1.118231
0.949480  1.134206
0.962853  1.150180
0.976226  1.166155
0.989599  1.182130
1.002971  1.198105
1.016344  1.214079
1.029717  1.230054
1.043090  1.246029
1.056463  1.262003
1.069836  1.277978
1.083209  1.293953
1.096582  1.309928
1.109955  1.325902
1.123328  1.341877
1.136701  1.357852
1.150074  1.373827
1.163447  1.389801
1.176820  1.405776
1.190193  1.421751
1.203566  1.437725
1.216939  1.453700
1.230312  1.469675
1.243685  1.485650
1.257058  1.501624
1.270431  1.517599
1.283804  1.533574
0.673243  -0.739421
0.702824  -0.740364
0.732728  -0.740391
0.762932  -0.739487
0.793409  -0.737640
0.824133  -0.734840
0.855077  -0.731074
0.886214  -0.726333
0.917516  -0.720607
0.948958  -0.713888
0.980509  -0.706167
1.012143  -0.697437
1.043830  -0.687691
1.075543  -0.676923
1.107251  -0.665130
1.138927  -0.652305
1.170541  -0.638445
1.202063  -0.623548
1.233464  -0.607612
1.264713  -0.590636
1.295783  -0.572618
1.326642  -0.553559
1.357260  -0.533461
1.387608  -0.512326
1.417656  -0.490155
1.447373  -0.466953
1.476730  -0.442724
1.505697  -0.417473
1.534243  -0.391206
1.562340  -0.363930
1.589957  -0.335652
1.617065  -0.306380
1.643634  -0.276124
1.669636  -0.244894
1.695040  -0.212700
1.719819  -0.179554
1.743943  -0.145469
1.767385  -0.110456
1.790116  -0.074531
1.812108  -0.037707
1.833333  -0.000000
1.853765  0.038574
1.873377  0.077997
1.892142  0.118253
1.910033  0.159323
1.927026  0.201188
1.943095  0.243827
1.958215  0.287222
1.972361  0.331349
0.657715  0.753267
0.671417  0.768960
0.685120  0.784653
0.698822  0.800346
0.712524  0.816039
0.726227  0.831732
0.739929  0.847425
0.753632  0.863118
0.767334  0.878811
0.781036  0.894505
0.794739  0.910198
0.808441  0.925891
0.822144  0.941584
0.835846  0.957277
0.849548  0.972970
0.863251  0.988663
0.876953  1.004356
0.890656  1.020049
0.904358  1.035742
0.918060  1.051435
0.931763  1.067128
0.945465  1.082821
0.959168  1.098514
0.972870  1.114207
0.986572  1.129900
1.000275  1.145594
1.013977  1.161287
1.027679  1.176980
1.041382  1.192673
1.055084  1.208366
1.068787  1.224059
1.082489  1.239752
1.096191  1.255445
1.109894  1.271138
1.123596  1.286831
1.137299  1.302524
1.151001  1.318217
1.164703  1.333910
1.178406  1.349603
1.192108  1.365296
1.205811  1.380989
1.219513  1.396683
1.233215  1.412376
1.246918  1.428069
1.260620  1.443762
1.274323  1.459455
1.288025  1.475148
1.301727  1.490841
1.315430  1.506534
0.688480  -0.725255
0.718074  -0.725583
0.747973  -0.724987
0.778151  -0.723455
0.808583  -0.720975
0.839242  -0.717535
0.870101  -0.713127
0.901132  -0.707739
0.932309  -0.701363
0.963604  -0.693991
0.994988  -0.685616
1.026433  -0.676229
1.057911  -0.665826
1.089392  -0.654402
1.120849  -0.641951
1.152251  -0.628470
1.183569  -0.613955
1.214775  -0.598406
1.245837  -0.581820
1.276727  -0.564197
1.307415  -0.545537
1.337871  -0.525841
1.368064  -0.505110
1.397966  -0.483347
1.427546  -0.460556
1.456774  -0.436741
1.485621  -0.411907
1.514056  -0.386058
1.542050  -0.359203
1.569573  -0.331348
1.596596  -0.302502
1.623089  -0.272673
1.649023  -0.241871
1.674369  -0.210106
1.699098  -0.177391
1.723182  -0.143737
1.746592  -0.109157
1.769301  -0.073664
1.791279  -0.037273
1.812500  -0.000000
1.832937  0.038140
1.852562  0.077131
1.871349  0.116954
1.889272  0.157591
1.906305  0.199024
1.922424  0.241233
1.937602  0.284198
1.951816  0.327898
1.965041  0.372310
0.673243  0.739421
0.687269  0.754826
0.701295  0.770230
0.715321  0.785635
0.729347  0.801039
0.743373  0.816444
0.757399  0.831849
0.771425  0.847253
0.785451  0.862658
0.799476  0.878062
0.813502  0.893467
0.827528  0.908872
0.841554  0.924276
0.855580  0.939681
0.869606  0.955085
0.883632  0.970490
0.897658  0.985895
0.911684  1.001299
0.925710  1.016704
0.939735  1.032109
0.953761  1.047513
0.967787  1.062918
0.981813  1.078322
0.995839  1.093727
1.009865  1.109132
1.023891  1.124536
1.037917  1.139941
1.051943  1.155345
1.065969  1.170750
1.079994  1.186155
1.094020  1.201559
1.108046  1.216964
1.122072  1.232368
1.136098  1.247773
1.150124  1.263178
1.164150  1.278582
1.178176  1.293987
1.192202  1.309391
1.206228  1.324796
1.220253  1.340201
1.234279  1.355605
1.248305  1.371010
1.262331  1.386414
1.276357  1.401819
1.290383  1.417224
1.304409  1.432628
1.318435  1.448033
1.332461  1.463437
1.346487  1.478842
0.703419  -0.710775
0.733013  -0.710487
0.762893  -0.709269
0.793033  -0.707110
0.823407  -0.703997
0.853988  -0.699921
0.884748  -0.694871
0.915661  -0.688839
0.946698  -0.681816
0.977833  -0.673795
1.009036  -0.664768
1.040279  -0.654729
1.071534  -0.643674
1.102771  -0.631597
1.133961  -0.618494
1.165076  -0.604362
1.196086  -0.589200
1.226961  -0.573005
1.257672  -0.555776
1.288188  -0.537514
1.318481  -0.518220
1.348521  -0.497894
1.378276  -0.476540
1.407719  -0.454160
1.436818  -0.430758
1.465545  -0.406340
1.493868  -0.380911
1.521760  -0.354477
1.549189  -0.327045
1.576126  -0.298624
1.602543  -0.269221
1.628410  -0.238847
1.653698  -0.207513
1.678378  -0.175228
1.702421  -0.142005
1.725800  -0.107857
1.748485  -0.072797
1.770450  -0.036840
1.791667  -0.000000
1.812108  0.037707
1.831746  0.076264
1.850556  0.115654
1.868511  0.155859
1.885585  0.196861
1.901752  0.238639
1.916989  0.281175
1.931270  0.324446
1.944572  0.368432
1.956870  0.413110
0.688480  0.725255
0.702824  0.740364
0.717167  0.755474
0.731510  0.770583
0.745854  0.785693
0.760197  0.800802
0.774540  0.815912
0.788884  0.831021
0.803227  0.846131
0.817570  0.861240
0.831914  0.876350
0.846257  0.891459
0.860600  0.906569
0.874944  0.921678
0.889287  0.936788
0.903630  0.951897
0.917974  0.967007
0.932317  0.982116
0.946660  0.997226
0.961004  1.012335
0.975347  1.027445
0.989690  1.042554
1.004034  1.057664
1.018377  1.072773
1.032720  1.087883
1.047064  1.102992
1.061407  1.118101
1.075751  1.133211
1.090094  1.148320
1.104437  1.163430
1.118781  1.178539
1.133124  1.193649
1.147467  1.208758
1.161811  1.223868
1.176154  1.238977
1.190497  1.254087
1.204841  1.269196
1.219184  1.284306
1.233527  1.299415
1.247871  1.314525
1.262214  1.329634
1.276557  1.344744
1.290901  1.359853
1.305244  1.374963
1.319587  1.390072
1.333931  1.405182
1.348274  1.420291
1.362617  1.435401
1.376961  1.450510
0.718054  -0.695987
0.747636  -0.695084
0.777484  -0.693245
0.807572  -0.690459
0.837875  -0.686715
0.868364  -0.682003
0.899012  -0.676315
0.929793  -0.669641
0.960678  -0.661974
0.991639  -0.653306
1.022647  -0.643632
1.053675  -0.632946
1.084692  -0.621243
1.115672  -0.608518
1.146583  -0.594769
1.177397  -0.579994
1.208085  -0.564189
1.238616  -0.547355
1.268962  -0.529492
1.299092  -0.510599
1.328977  -0.490678
1.358587  -0.469732
1.387892  -0.447763
1.416863  -0.424776
1.445469  -0.400774
1.473681  -0.375764
1.501470  -0.349751
1.528805  -0.322742
1.555657  -0.294745
1.581998  -0.265770
1.607797  -0.235824
1.633027  -0.204919
1.657657  -0.173065
1.681660  -0.140273
1.705007  -0.106558
1.727670  -0.071931
1.749621  -0.036407
1.770833  -0.000000
1.791279  0.037273
1.810931  0.075397
1.829763  0.114355
1.847750  0.154128
1.864864  0.194698
1.881081  0.236046
1.896376  0.278151
1.910725  0.320994
1.924102  0.364553
1.936486  0.408806
1.947852  0.453730
0.703419  0.710775
0.718074  0.725583
0.732728  0.740391
0.747383  0.755199
0.762038  0.770006
0.776692  0.784814
0.791347  0.799622
0.806001  0.814430
0.820656  0.829238
0.835310  0.844045
0.849965  0.858853
0.864620  0.873661
0.879274  0.888469
0.893929  0.903277
0.908583  0.918084
0.923238  0.932892
0.937892  0.947700
0.952547  0.962508
0.967202  0.977316
0.981856  0.992124
0.996511  1.006931
1.011165  1.021739
1.025820  1.036547
1.040474  1.051355
1.055129  1.066163
1.069784  1.080970
1.084438  1.095778
1.099093  1.110586
1.113747  1.125394
1.128402  1.140202
1.143056  1.155010
1.157711  1.169817
1.172366  1.184625
1.187020  1.199433
1.201675  1.214241
1.216329  1.229049
1.230984  1.243856
1.245638  1.258664
1.260293  1.273472
1.274948  1.288280
1.289602  1.303088
1.304257  1.317895
1.318911  1.332703
1.333566  1.347511
1.348220  1.362319
1.362875  1.377127
1.377530  1.391935
1.392184  1.406742
1.406839  1.421550
0.732378  -0.680899
0.761934  -0.679380
0.791738  -0.676920
0.821762  -0.673509
0.851980  -0.669135
0.882364  -0.663790
0.912888  -0.657466
0.943523  -0.650153
0.974241  -0.641845
1.005015  -0.632535
1.035816  -0.622218
1.066614  -0.610888
1.097382  -0.598542
1.128090  -0.585176
1.158708  -0.570787
1.189208  -0.555374
1.219560  -0.538935
1.249735  -0.521469
1.279702  -0.502978
1.309433  -0.483462
1.338897  -0.462924
1.368065  -0.441367
1.396907  -0.418793
1.425393  -0.395208
1.453494  -0.370616
1.481179  -0.345024
1.508421  -0.318439
1.535188  -0.290867
1.561452  -0.262318
1.587184  -0.232801
1.612355  -0.202325
1.636936  -0.170901
1.660899  -0.138542
1.684214  -0.105258
1.706855  -0.071064
1.728792  -0.035973
1.750000  -0.000000
1.770450  0.036840
1.790116  0.074531
1.808971  0.113055
1.826988  0.152396
1.844143  0.192534
1.860410  0.233452
1.875763  0.275128
1.890179  0.317543
1.903633  0.360675
1.916102  0.404503
1.927562  0.449004
1.937991  0.494155
0.718054  0.695987
0.733013  0.710487
0.747973  0.724987
0.762932  0.739487
0.777892  0.753986
0.792851  0.768486
0.807811  0.782986
0.822770  0.797486
0.837730  0.811985
0.852689  0.826485
0.867648  0.840985
0.882608  0.855485
0.897567  0.869984
0.912527  0.884484
0.927486  0.898984
0.942446  0.913484
0.957405  0.927983
0.972365  0.942483
0.987324  0.956983
1.002284  0.971483
1.017243  0.985982
1.032202  1.000482
1.047162  1.014982
1.062121  1.029482
1.077081  1.043981
1.092040  1.058481
1.107000  1.072981
1.121959  1.087480
1.136919  1.101980
1.151878  1.116480
1.166838  1.130980
1.181797  1.145479
1.196757  1.159979
1.211716  1.174479
1.226675  1.188979
1.241635  1.203478
1.256594  1.217978
1.271554  1.232478
1.286513  1.246978
1.301473  1.261477
1.316432  1.275977
1.331392  1.290477
1.346351  1.304977
1.361311  1.319476
1.376270  1.333976
1.391229  1.348476
1.406189  1.362976
1.421148  1.377475
1.436108  1.391975
0.746384  -0.665515
0.775903  -0.663382
0.805649  -0.660303
0.835595  -0.656267
0.865716  -0.651266
0.895982  -0.645290
0.926368  -0.638332
0.956844  -0.630383
0.987383  -0.621438
1.017957  -0.611490
1.048536  -0.600534
1.079092  -0.588567
1.109596  -0.575583
1.140019  -0.561581
1.170332  -0.546558
1.200505  -0.530514
1.230508  -0.513446
1.260313  -0.495357
1.289889  -0.476246
1.319207  -0.456117
1.348238  -0.434970
1.376951  -0.412810
1.405317  -0.389641
1.433306  -0.365469
1.460889  -0.340298
1.488037  -0.314135
1.514719  -0.286989
1.540907  -0.258867
1.566572  -0.229777
1.591684  -0.199731
1.616215  -0.168738
1.640137  -0.136810
1.663421  -0.103959
1.686039  -0.070197
1.707964  -0.035540
1.729167  -0.000000
1.749621  0.036407
1.769301  0.073664
1.788178  0.111756
1.806227  0.150664
1.823423  0.190371
1.839739  0.230858
1.855151  0.272105
1.869634  0.314091
1.883164  0.356797
1.895718  0.400200
1.907272  0.444278
1.917804  0.489007
1.927292  0.534365
0.732378  0.680899
0.747636  0.695084
0.762893  0.709269
0.778151  0.723455
0.793409  0.737640
0.808667  0.751826
0.823925  0.766011
0.839183  0.780196
0.854441  0.794382
0.869698  0.808567
0.884956  0.822753
0.900214  0.836938
0.915472  0.851123
0.930730  0.865309
0.945988  0.879494
0.961246  0.893679
0.976504  0.907865
0.991761  0.922050
1.007019  0.936236
1.022277  0.950421
1.037535  0.964606
1.052793  0.978792
1.068051  0.992977
1.083309  1.007163
1.098566  1.021348
1.113824  1.035533
1.129082  1.049719
1.144340  1.063904
1.159598  1.078090
1.174856  1.092275
1.190114  1.106460
1.205372  1.120646
1.220629  1.134831
1.235887  1.149016
1.251145  1.163202
1.266403  1.177387
1.281661  1.191573
1.296919  1.205758
1.312177  1.219943
1.327434  1.234129
1.342692  1.248314
1.357950  1.262500
1.373208  1.276685
1.388466  1.290870
1.403724  1.305056
1.418982  1.319241
1.434240  1.333427
1.449497  1.347612
1.464755  1.361797
0.760068  -0.649843
0.789536  -0.647097
0.819211  -0.643399
0.849067  -0.638742
0.879077  -0.633115
0.909213  -0.626511
0.939447  -0.618922
0.969752  -0.610341
1.000098  -0.600762
1.030458  -0.590180
1.060802  -0.578591
1.091103  -0.565990
1.121330  -0.552375
1.151456  -0.537743
1.181449  -0.522093
1.211282  -0.505424
1.240924  -0.487736
1.270345  -0.469031
1.299518  -0.449309
1.328411  -0.428573
1.356995  -0.406827
1.385241  -0.384075
1.413119  -0.360321
1.440599  -0.335571
1.467653  -0.309832
1.494250  -0.283111
1.520362  -0.255415
1.545959  -0.226754
1.571013  -0.197137
1.595495  -0.166575
1.619376  -0.135078
1.642629  -0.102659
1.665224  -0.069331
1.687135  -0.035106
1.708333  -0.000000
1.728792  0.035973
1.748485  0.072797
1.767385  0.110456
1.785466  0.148932
1.802702  0.188208
1.819068  0.228264
1.834538  0.269081
1.849088  0.310640
1.862695  0.352919
1.875334  0.395897
1.886982  0.439551
1.897617  0.483860
1.907216  0.528799
1.915758  0.574345
0.746384  0.665515
0.761934  0.679380
0.777484  0.693245
0.793033  0.707110
0.808583  0.720975
0.824133  0.734840
0.839682  0.748704
0.855232  0.762569
0.870782  0.776434
0.886331  0.790299
0.901881  0.804164
0.917431  0.818029
0.932980  0.831894
0.948530  0.845759
0.964080  0.859624
0.979630  0.873489
0.995179  0.887353
1.010729  0.901218
1.026279  0.915083
1.041828  0.928948
1.057378  0.942813
1.072928  0.956678
1.088477  0.970543
1.104027  0.984408
1.119577  0.998273
1.135126  1.012138
1.150676  1.026002
1.166226  1.039867
1.181775  1.053732
1.197325  1.067597
1.212875  1.081462
1.228424  1.095327
1.243974  1.109192
1.259524  1.123057
1.275073  1.136922
1.290623  1.150787
1.306173  1.164651
1.321722  1.178516
1.337272  1.192381
1.352822  1.206246
1.368371  1.220111
1.383921  1.233976
1.399471  1.247841
1.415020  1.261706
1.430570  1.275571
1.446120  1.289435
1.461669  1.303300
1.477219  1.317165
1.492769  1.331030
0.773423  -0.633891
0.802827  -0.630531
0.832419  -0.626217
0.862172  -0.620940
0.892058  -0.614690
0.922050  -0.607460
0.952120  -0.599244
0.982239  -0.590034
1.012380  -0.579826
1.042513  -0.568615
1.072610  -0.556397
1.102642  -0.543169
1.132579  -0.528927
1.162393  -0.513672
1.192055  -0.497401
1.221534  -0.480115
1.250802  -0.461815
1.279828  -0.442501
1.308584  -0.422177
1.337039  -0.400845
1.365165  -0.378509
1.392931  -0.355174
1.420309  -0.330845
1.447268  -0.305529
1.473781  -0.279232
1.499816  -0.251963
1.525346  -0.223730
1.550342  -0.194543
1.574774  -0.164411
1.598615  -0.133346
1.621836  -0.101360
1.644409  -0.068464
1.666306  -0.034673
1.687500  -0.000000
1.707964  0.035540
1.727670  0.071931
1.746592  0.109157
1.764705  0.147200
1.781981  0.186044
1.798396  0.225670
1.813925  0.266058
1.828543  0.307188
1.842226  0.349041
1.854950  0.391593
1.866692  0.434825
1.877429  0.478712
1.887140  0.523233
1.895802  0.568362
1.903395  0.614075
0.760068  0.649843
0.775903  0.663382
0.791738  0.676920
0.807572  0.690459
0.823407  0.703997
0.839242  0.717535
0.855077  0.731074
0.870911  0.744612
0.886746  0.758151
0.902581  0.771689
0.918416  0.785228
0.934250  0.798766
0.950085  0.812304
0.965920  0.825843
0.981755  0.839381
0.997589  0.852920
1.013424  0.866458
1.029259  0.879996
1.045094  0.893535
1.060928  0.907073
1.076763  0.920612
1.092598  0.934150
1.108433  0.947688
1.124267  0.961227
1.140102  0.974765
1.155937  0.988304
1.171772  1.001842
1.187606  1.015380
1.203441  1.028919
1.219276  1.042457
1.235111  1.055996
1.250945  1.069534
1.266780  1.083072
1.282615  1.096611
1.298450  1.110149
1.314284  1.123688
1.330119  1.137226
1.345954  1.150764
1.361789  1.164303
1.377623  1.177841
1.393458  1.191380
1.409293  1.204918
1.425128  1.218457
1.440962  1.231995
1.456797  1.245533
1.472632  1.259072
1.488467  1.272610
1.504301  1.286149
1.520136  1.299687
0.786443  -0.617663
0.815771  -0.613693
0.845266  -0.608764
0.874903  -0.602869
0.904653  -0.595999
0.934488  -0.588147
0.964380  -0.579306
0.994301  -0.569472
1.024223  -0.558640
1.054116  -0.546804
1.083953  -0.533962
1.113703  -0.520112
1.143338  -0.505251
1.172828  -0.489379
1.202145  -0.472494
1.231258  -0.454599
1.260138  -0.435693
1.288757  -0.415780
1.317084  -0.394862
1.345089  -0.372942
1.372744  -0.350026
1.400019  -0.326119
1.426884  -0.301226
1.453311  -0.275354
1.479271  -0.248512
1.504733  -0.220707
1.529670  -0.191949
1.554053  -0.162248
1.577854  -0.131615
1.601043  -0.100060
1.623593  -0.067598
1.645477  -0.034240
1.666667  -0.000000
1.687135  0.035106
1.706855  0.071064
1.725800  0.107857
1.743943  0.145469
1.761260  0.183881
1.777725  0.223076
1.793312  0.263034
1.807998  0.303737
1.821757  0.345162
1.834566  0.387290
1.846402  0.430099
1.857242  0.473565
1.867064  0.517666
1.875846  0.562379
1.883568  0.607679
1.890208  0.653540
0.773423  0.633891
0.789536  0.647097
0.805649  0.660303
0.821762  0.673509
0.837875  0.686715
0.853988  0.699921
0.870101  0.713127
0.886214  0.726333
0.902327  0.739539
0.918440  0.752745
0.934552  0.765951
0.950665  0.779157
0.966778  0.792363
0.982891  0.805569
0.999004  0.818775
1.015117  0.831981
1.031230  0.845187
1.047343  0.858393
1.063456  0.871600
1.079569  0.884806
1.095682  0.898012
1.111795  0.911218
1.127908  0.924424
1.144021  0.937630
1.160134  0.950836
1.176247  0.964042
1.192360  0.977248
1.208473  0.990454
1.224586  1.003660
1.240699  1.016866
1.256812  1.030072
1.272925  1.043278
1.289038  1.056484
1.305151  1.069690
1.321264  1.082896
1.337377  1.096102
1.353490  1.109308
1.369603  1.122515
1.385716  1.135721
1.401829  1.148927
1.417942  1.162133
1.434055  1.175339
1.450168  1.188545
1.466281  1.201751
1.482394  1.214957
1.498507  1.228163
1.514620  1.241369
1.530733  1.254575
1.546845  1.267781
0.799122  -0.601169
0.828361  -0.596589
0.857748  -0.591048
0.887256  -0.584537
0.916856  -0.577050
0.946521  -0.568578
0.976223  -0.559118
1.005933  -0.548664
1.035623  -0.537211
1.065264  -0.524756
1.094827  -0.511297
1.124282  -0.496830
1.153601  -0.481356
1.182755  -0.464874
1.211714  -0.447383
1.240449  -0.428886
1.268930  -0.409384
1.297128  -0.388879
1.325013  -0.367376
1.352557  -0.344879
1.379729  -0.321392
1.406500  -0.296923
1.432842  -0.271476
1.458725  -0.245060
1.484121  -0.217684
1.508999  -0.189355
1.533333  -0.160085
1.557092  -0.129883
1.580250  -0.098761
1.602778  -0.066731
1.624648  -0.033806
1.645833  -0.000000
1.666306  0.034673
1.686039  0.070197
1.705007  0.106558
1.723182  0.143737
1.740540  0.181718
1.757054  0.220482
1.772700  0.260011
1.787452  0.300285
1.801287  0.341284
1.814182  0.382987
1.826112  0.425372
1.837054  0.468418
1.846988  0.512100
1.855890  0.556396
1.863741  0.601282
1.870518  0.646732
1.876203  0.692722
0.786443  0.617663
0.802827  0.630531
0.819211  0.643399
0.835595  0.656267
0.851980  0.669135
0.868364  0.682003
0.884748  0.694871
0.901132  0.707739
0.917516  0.720607
0.933901  0.733475
0.950285  0.746343
0.966669  0.759211
0.983053  0.772079
0.999438  0.784947
1.015822  0.797815
1.032206  0.810683
1.048590  0.823551
1.064974  0.836419
1.081359  0.849287
1.097743  0.862155
1.114127  0.875023
1.130511  0.887891
1.146896  0.900759
1.163280  0.913627
1.179664  0.926495
1.196048  0.939363
1.212432  0.952231
1.228817  0.965099
1.245201  0.977967
1.261585  0.990835
1.277969  1.003703
1.294354  1.016571
1.310738  1.029439
1.327122  1.042307
1.343506  1.055175
1.359890  1.068043
1.376275  1.080911
1.392659  1.093779
1.409043  1.106647
1.425427  1.119515
1.441812  1.132383
1.458196  1.145251
1.474580  1.158119
1.490964  1.170987
1.507348  1.183855
1.523733  1.196723
1.540117  1.209591
1.556501  1.222459
1.572885  1.235327
0.811456  -0.584414
0.840593  -0.579227
0.869858  -0.573076
0.899224  -0.565952
0.928662  -0.557851
0.958145  -0.548764
0.987644  -0.538688
1.017130  -0.527618
1.046575  -0.515550
1.075950  -0.502481
1.105227  -0.488409
1.134375  -0.473333
1.163366  -0.457253
1.192170  -0.440167
1.220759  -0.422078
1.249103  -0.402987
1.277172  -0.382896
1.304937  -0.361810
1.332369  -0.339731
1.359439  -0.316666
1.386116  -0.292619
1.412373  -0.267598
1.438180  -0.241609
1.463508  -0.214660
1.488328  -0.186761
1.512612  -0.157921
1.536331  -0.128151
1.559457  -0.097461
1.581963  -0.065864
1.603819  -0.033373
1.625000  -0.000000
1.645477  0.034240
1.665224  0.069331
1.684214  0.105258
1.702421  0.142005
1.719819  0.179554
1.736383  0.217888
1.752087  0.256988
1.766907  0.296834
1.780818  0.337406
1.793798  0.378684
1.805821  0.420646
1.816867  0.463270
1.826912  0.506534
1.835935  0.550414
1.843914  0.594885
1.850828  0.639925
1.856659  0.685506
1.861385  0.731604
0.799122  0.601169
0.815771  0.613693
0.832419  0.626217
0.849067  0.638742
0.865716  0.651266
0.882364  0.663790
0.899012  0.676315
0.915661  0.688839
0.932309  0.701363
0.948958  0.713888
0.965606  0.726412
0.982254  0.738936
0.998903  0.751461
1.015551  0.763985
1.032199  0.776510
1.048848  0.789034
1.065496  0.801558
1.082145  0.814083
1.098793  0.826607
1.115441  0.839131
1.132090  0.851656
1.148738  0.864180
1.165387  0.876704
1.182035  0.889229
1.198683  0.901753
1.215332  0.914277
1.231980  0.926802
1.248628  0.939326
1.265277  0.951850
1.281925  0.964375
1.298574  0.976899
1.315222  0.989423
1.331870  1.001948
1.348519  1.014472
1.365167  1.026996
1.381815  1.039521
1.398464  1.052045
1.415112  1.064569
1.431761  1.077094
1.448409  1.089618
1.465057  1.102143
1.481706  1.114667
1.498354  1.127191
1.515002  1.139716
1.531651  1.152240
1.548299  1.164764
1.564948  1.177289
1.581596  1.189813
1.598244  1.202337
0.823438  -0.567406
0.852461  -0.561614
0.881592  -0.554855
0.910804  -0.547123
0.940067  -0.538410
0.969354  -0.528712
0.998637  -0.518025
1.027886  -0.506344
1.057074  -0.493666
1.086171  -0.479989
1.115148  -0.465311
1.143976  -0.449632
1.172627  -0.432951
1.201070  -0.415270
1.229276  -0.396590
1.257216  -0.376914
1.284861  -0.356244
1.312182  -0.334584
1.339148  -0.311940
1.365732  -0.288316
1.391904  -0.263720
1.417634  -0.238157
1.442895  -0.211637
1.467657  -0.184167
1.491891  -0.155758
1.515570  -0.126419
1.538665  -0.096162
1.561148  -0.064998
1.582991  -0.032939
1.604167  -0.000000
1.624648  0.033806
1.644409  0.068464
1.663421  0.103959
1.681660  0.140273
1.699098  0.177391
1.715711  0.215294
1.731474  0.253964
1.746361  0.293382
1.760349  0.333528
1.773414  0.374381
1.785531  0.415920
1.796680  0.458123
1.806836  0.500968
1.815979  0.544431
1.824087  0.588489
1.831139  0.633117
1.837115  0.678290
1.841996  0.723983
1.845762  0.770170
0.811456  0.584414
0.828361  0.596589
0.845266  0.608764
0.862172  0.620940
0.879077  0.633115
0.895982  0.645290
0.912888  0.657466
0.929793  0.669641
0.946698  0.681816
0.963604  0.693991
0.980509  0.706167
0.997414  0.718342
1.014320  0.730517
1.031225  0.742693
1.048130  0.754868
1.065036  0.767043
1.081941  0.779218
1.098846  0.791394
1.115752  0.803569
1.132657  0.815744
1.149562  0.827920
1.166468  0.840095
1.183373  0.852270
1.200278  0.864445
1.217184  0.876621
1.234089  0.888796
1.250994  0.900971
1.267900  0.913147
1.284805  0.925322
1.301710  0.937497
1.318616  0.949672
1.335521  0.961848
1.352426  0.974023
1.369332  0.986198
1.386237  0.998374
1.403142  1.010549
1.420048  1.022724
1.436953  1.034899
1.453858  1.047075
1.470764  1.059250
1.487669  1.071425
1.504574  1.083601
1.521480  1.095776
1.538385  1.107951
1.555290  1.120126
1.572196  1.132302
1.589101  1.144477
1.606006  1.156652
1.622912  1.168828
0.835064  -0.550153
0.863960  -0.543758
0.892945  -0.536395
0.921989  -0.528056
0.951064  -0.518737
0.980143  -0.508432
1.009197  -0.497137
1.038198  -0.484850
1.067115  -0.471568
1.095921  -0.457288
1.124587  -0.442011
1.153083  -0.425735
1.181380  -0.408463
1.209449  -0.390194
1.237260  -0.370931
1.264785  -0.350677
1.291994  -0.329437
1.318858  -0.307213
1.345348  -0.284013
1.371435  -0.259841
1.397089  -0.234706
1.422282  -0.208614
1.446986  -0.181573
1.471171  -0.153595
1.494809  -0.124687
1.517872  -0.094862
1.540332  -0.064131
1.562162  -0.032506
1.583333  -0.000000
1.603819  0.033373
1.623593  0.067598
1.642629  0.102659
1.660899  0.138542
1.678378  0.175228
1.695040  0.212700
1.710861  0.250941
1.725816  0.289930
1.739880  0.329649
1.753029  0.370077
1.765241  0.411193
1.776492  0.452975
1.786760  0.495401
1.796023  0.538448
1.804260  0.582092
1.811449  0.626309
1.817571  0.671075
1.822606  0.716362
1.826536  0.762147
1.829340  0.808402
0.823438  0.567406
0.840593  0.579227
0.857748  0.591048
0.874903  0.602869
0.892058  0.614690
0.909213  0.626511
0.926368  0.638332
0.943523  0.650153
0.960678  0.661974
0.977833  0.673795
0.994988  0.685616
1.012143  0.697437
1.029298  0.709258
1.046453  0.721078
1.063608  0.732899
1.080763  0.744720
1.097918  0.756541
1.115073  0.768362
1.132227  0.780183
1.149382  0.792004
1.166537  0.803825
1.183692  0.815646
1.200847  0.827467
1.218002  0.839288
1.235157  0.851109
1.252312  0.862930
1.269467  0.874751
1.286622  0.886572
1.303777  0.898393
1.320932  0.910214
1.338087  0.922035
1.355242  0.933856
1.372397  0.945677
1.389552  0.957498
1.406707  0.969319
1.423862  0.981140
1.441017  0.992961
1.458172  1.004781
1.475327  1.016602
1.492482  1.028423
1.509637  1.040244
1.526792  1.052065
1.543947  1.063886
1.561102  1.075707
1.578256  1.087528
1.595411  1.099349
1.612566  1.111170
1.629721  1.122991
1.646876  1.134812
0.846329  -0.532661
0.875086  -0.525667
0.903910  -0.517702
0.932775  -0.508761
0.961650  -0.498839
0.990509  -0.487931
1.019321  -0.476035
1.048060  -0.463147
1.076695  -0.449266
1.105198  -0.434390
1.133539  -0.418520
1.161690  -0.401655
1.189622  -0.383797
1.217304  -0.364948
1.244709  -0.345111
1.271807  -0.324289
1.298568  -0.302487
1.324964  -0.279710
1.350966  -0.255963
1.376544  -0.231254
1.401669  -0.205590
1.426314  -0.178980
1.450450  -0.151431
1.474047  -0.122956
1.497079  -0.093563
1.519517  -0.063264
1.541333  -0.032072
1.562500  -0.000000
1.582991  0.032939
1.602778  0.066731
1.621836  0.101360
1.640137  0.136810
1.657657  0.173065
1.674369  0.210106
1.690248  0.247918
1.705270  0.286479
1.719411  0.325771
1.732645  0.365774
1.744951  0.406467
1.756305  0.447828
1.766684  0.489835
1.776067  0.532465
1.784433  0.575696
1.791759  0.619502
1.798027  0.663859
1.803217  0.708742
1.807309  0.754124
1.810285  0.799981
1.812127  0.846284
0.835064  0.550153
0.852461  0.561614
0.869858  0.573076
0.887256  0.584537
0.904653  0.595999
0.922050  0.607460
0.939447  0.618922
0.956844  0.630383
0.974241  0.641845
0.991639  0.653306
1.009036  0.664768
1.026433  0.676229
1.043830  0.687691
1.061227  0.699152
1.078625  0.710614
1.096022  0.722075
1.113419  0.733537
1.130816  0.744998
1.148213  0.756460
1.165610  0.767921
1.183008  0.779383
1.200405  0.790844
1.217802  0.802306
1.235199  0.813767
1.252596  0.825229
1.269993  0.836690
1.287391  0.848152
1.304788  0.859613
1.322185  0.871075
1.339582  0.882536
1.356979  0.893998
1.374376  0.905460
1.391774  0.916921
1.409171  0.928383
1.426568  0.939844
1.443965  0.951306
1.461362  0.962767
1.478759  0.974229
1.496157  0.985690
1.513554  0.997152
1.530951  1.008613
1.548348  1.020075
1.565745  1.031536
1.583142  1.042998
1.600540  1.054459
1.617937  1.065921
1.635334  1.077382
1.652731  1.088844
1.670128  1.100305
0.857227  -0.514939
0.885832  -0.507348
0.914485  -0.498785
0.943157  -0.489246
0.971820  -0.478725
1.000445  -0.467219
1.029004  -0.454726
1.057468  -0.441243
1.085808  -0.426769
1.113995  -0.411304
1.142001  -0.394847
1.169795  -0.377400
1.197349  -0.358965
1.224633  -0.339545
1.251620  -0.319142
1.278278  -0.297761
1.304580  -0.275406
1.330496  -0.252085
1.355998  -0.227803
1.381057  -0.202567
1.405643  -0.176386
1.429729  -0.149268
1.453286  -0.121224
1.476286  -0.092263
1.498702  -0.062398
1.520504  -0.031639
1.541667  -0.000000
1.562162  0.032506
1.581963  0.065864
1.601043  0.100060
1.619376  0.135078
1.636936  0.170901
1.653698  0.207513
1.669636  0.244894
1.684725  0.283027
1.698942  0.321893
1.712261  0.361471
1.724661  0.401740
1.736117  0.442680
1.746608  0.484269
1.756111  0.526483
1.764606  0.569299
1.772070  0.612694
1.778484  0.656643
1.783828  0.701121
1.788082  0.746102
1.791229  0.791560
1.793250  0.837468
1.794129  0.883800
0.846329  0.532661
0.863960  0.543758
0.881592  0.554855
0.899224  0.565952
0.916856  0.577050
0.934488  0.588147
0.952120  0.599244
0.969752  0.610341
0.987383  0.621438
1.005015  0.632535
1.022647  0.643632
1.040279  0.654729
1.057911  0.665826
1.075543  0.676923
1.093174  0.688021
1.110806  0.699118
1.128438  0.710215
1.146070  0.721312
1.163702  0.732409
1.181334  0.743506
1.198966  0.754603
1.216597  0.765700
1.234229  0.776797
1.251861  0.787895
1.269493  0.798992
1.287125  0.810089
1.304757  0.821186
1.322389  0.832283
1.340020  0.843380
1.357652  0.854477
1.375284  0.865574
1.392916  0.876671
1.410548  0.887768
1.428180  0.898866
1.445811  0.909963
1.463443  0.921060
1.481075  0.932157
1.498707  0.943254
1.516339  0.954351
1.533971  0.965448
1.551603  0.976545
1.569234  0.987642
1.586866  0.998740
1.604498  1.009837
1.622130  1.020934
1.639762  1.032031
1.657394  1.043128
1.675025  1.054225
1.692657  1.065322
0.867754  -0.496994
0.896195  -0.488810
0.924664  -0.479653
0.953131  -0.469519
0.981569  -0.458404
1.009948  -0.446305
1.038241  -0.433220
1.066419  -0.419148
1.094452  -0.404088
1.122311  -0.388039
1.149968  -0.371004
1.177393  -0.352983
1.204557  -0.333978
1.231432  -0.313994
1.257988  -0.293034
1.284196  -0.271103
1.310027  -0.248207
1.335453  -0.224351
1.360444  -0.199543
1.384972  -0.173792
1.409008  -0.147105
1.432525  -0.119492
1.455494  -0.090964
1.477886  -0.061531
1.499675  -0.031206
1.520833  -0.000000
1.541333  0.032072
1.561148  0.064998
1.580250  0.098761
1.598615  0.133346
1.616215  0.168738
1.633027  0.204919
1.649023  0.241871
1.664180  0.279576
1.678472  0.318015
1.691877  0.357168
1.704371  0.397014
1.715930  0.437533
1.726532  0.478702
1.736156  0.520500
1.744779  0.562902
1.752380  0.605886
1.758940  0.649427
1.764438  0.693500
1.768856  0.738079
1.772174  0.783139
1.774374  0.828653
1.775440  0.874594
1.775354  0.920933
0.857227  0.514939
0.875086  0.525667
0.892945  0.536395
0.910804  0.547123
0.928662  0.557851
0.946521  0.568578
0.964380  0.579306
0.982239  0.590034
1.000098  0.600762
1.017957  0.611490
1.035816  0.622218
1.053675  0.632946
1.071534  0.643674
1.089392  0.654402
1.107251  0.665130
1.125110  0.675857
1.142969  0.686585
1.160828  0.697313
1.178687  0.708041
1.196546  0.718769
1.214405  0.729497
1.232264  0.740225
1.250122  0.750953
1.267981  0.761681
1.285840  0.772408
1.303699  0.783136
1.321558  0.793864
1.339417  0.804592
1.357276  0.815320
1.375135  0.826048
1.392994  0.836776
1.410852  0.847504
1.428711  0.858232
1.446570  0.868960
1.464429  0.879687
1.482288  0.890415
1.500147  0.901143
1.518006  0.911871
1.535865  0.922599
1.553724  0.933327
1.571583  0.944055
1.589441  0.954783
1.607300  0.965511
1.625159  0.976239
1.643018  0.986966
1.660877  0.997694
1.678736  1.008422
1.696595  1.019150
1.714454  1.029878
0.877906  -0.478834
0.906170  -0.470060
0.934442  -0.460312
0.962692  -0.449588
0.990893  -0.437884
1.019015  -0.425198
1.047029  -0.411527
1.074908  -0.396872
1.102621  -0.381232
1.130141  -0.364607
1.157437  -0.347000
1.184481  -0.328412
1.211245  -0.308847
1.237698  -0.288308
1.263812  -0.266800
1.289558  -0.244328
1.314907  -0.220899
1.339831  -0.196520
1.364301  -0.171198
1.388288  -0.144942
1.411764  -0.117760
1.434701  -0.089664
1.457071  -0.060664
1.478847  -0.030772
1.500000  -0.000000
1.520504  0.031639
1.540332  0.064131
1.559457  0.097461
1.577854  0.131615
1.595495  0.166575
1.612355  0.202325
1.628410  0.238847
1.643634  0.276124
1.658003  0.314137
1.671493  0.352864
1.684081  0.392288
1.695743  0.432385
1.706456  0.473136
1.716200  0.514517
1.724951  0.556506
1.732690  0.599078
1.739396  0.642211
1.745049  0.685879
1.749629  0.730057
1.753118  0.774718
1.755498  0.819838
1.756751  0.865387
1.756861  0.911340
1.755811  0.957668
0.867754  0.496994
0.885832  0.507348
0.903910  0.517702
0.921989  0.528056
0.940067  0.538410
0.958145  0.548764
0.976223  0.559118
0.994301  0.569472
1.012380  0.579826
1.030458  0.590180
1.048536  0.600534
1.066614  0.610888
1.084692  0.621243
1.102771  0.631597
1.120849  0.641951
1.138927  0.652305
1.157005  0.662659
1.175083  0.673013
1.193162  0.683367
1.211240  0.693721
1.229318  0.704075
1.247396  0.714429
1.265475  0.724783
1.283553  0.735137
1.301631  0.745491
1.319709  0.755845
1.337787  0.766199
1.355866  0.776553
1.373944  0.786907
1.392022  0.797261
1.410100  0.807615
1.428178  0.817969
1.446257  0.828323
1.464335  0.838677
1.482413  0.849031
1.500491  0.859385
1.518569  0.869740
1.536648  0.880094
1.554726  0.890448
1.572804  0.900802
1.590882  0.911156
1.608960  0.921510
1.627039  0.931864
1.645117  0.942218
1.663195  0.952572
1.681273  0.962926
1.699352  0.973280
1.717430  0.983634
1.737521  0.947692
1.738368  0.901747
1.738062  0.856181
1.736622  0.811022
1.734062  0.766297
1.730402  0.722034
1.725659  0.678258
1.719852  0.634995
1.713001  0.592271
1.705124  0.550109
1.696244  0.508534
1.686380  0.467570
1.675555  0.427238
1.663791  0.387561
1.651109  0.348561
1.637534  0.310258
1.623089  0.272673
1.607797  0.235824
1.591684  0.199731
1.574774  0.164411
1.557092  0.129883
1.538665  0.096162
1.519517  0.063264
1.499675  0.031206
1.479167  -0.000000
1.458018  -0.030339
1.436256  -0.059798
1.413908  -0.088365
1.391003  -0.116029
1.367567  -0.142778
1.343629  -0.168604
1.319218  -0.193497
1.294362  -0.217448
1.269089  -0.240450
1.243428  -0.262497
1.217408  -0.283581
1.191057  -0.303699
1.164405  -0.322846
1.137481  -0.341017
1.110314  -0.358211
1.082932  -0.374424
1.055364  -0.389656
1.027640  -0.403906
0.999788  -0.417175
0.971837  -0.429463
0.943816  -0.440773
0.915753  -0.451106
0.887677  -0.460467
1.735508  0.993988
0.877906  0.478834
0.896195  0.488810
0.914485  0.498785
0.932775  0.508761
0.951064  0.518737
0.969354  0.528712
0.987644  0.538688
1.005933  0.548664
1.024223  0.558640
1.042513  0.568615
1.060802  0.578591
1.079092  0.588567
1.097382  0.598542
1.115672  0.608518
1.133961  0.618494
1.152251  0.628470
1.170541  0.638445
1.188830  0.648421
1.207120  0.658397
1.225410  0.668372
1.243699  0.678348
1.261989  0.688324
1.280279  0.698299
1.298569  0.708275
1.316858  0.718251
1.335148  0.728227
1.353438  0.738202
1.371727  0.748178
1.390017  0.758154
1.408307  0.768129
1.426596  0.778105
1.444886  0.788081
1.463176  0.798057
1.481466  0.808032
1.499755  0.818008
1.518045  0.827984
1.536335  0.837959
1.554624  0.847935
1.572914  0.857911
1.591204  0.867886
1.609493  0.877862
1.627783  0.887838
1.646073  0.897814
1.664363  0.907789
1.682652  0.917765
1.700942  0.927741
1.719874  0.892154
1.719373  0.846975
1.717745  0.802207
1.715007  0.757877
1.711176  0.714011
1.706270  0.670637
1.700309  0.627779
1.693311  0.585463
1.685297  0.543712
1.676288  0.502552
1.666304  0.462003
1.655368  0.422091
1.643500  0.382835
1.630725  0.344258
1.617065  0.306380
1.602543  0.269221
1.587184  0.232801
1.571013  0.197137
1.554053  0.162248
1.536331  0.128151
1.517872  0.094862
1.498702  0.062398
1.478847  0.030772
1.458333  -0.000000
1.437189  -0.029905
1.415440  -0.058931
1.393115  -0.087065
1.370241  -0.114297
1.346846  -0.140615
1.322958  -0.166010
1.298605  -0.190473
1.273816  -0.213996
1.248620  -0.236572
1.223044  -0.258193
1.197118  -0.278855
1.170870  -0.298552
1.144330  -0.317279
1.117525  -0.335034
1.090487  -0.351814
1.063242  -0.367616
1.035820  -0.382440
1.008250  -0.396286
0.980561  -0.409153
0.952782  -0.421043
0.924940  -0.431957
0.897064  -0.441900
1.719232  0.937716
0.887677  0.460467
0.906170  0.470060
0.924664  0.479653
0.943157  0.489246
0.961650  0.498839
0.980143  0.508432
0.998637  0.518025
1.017130  0.527618
1.035623  0.537211
1.054116  0.546804
1.072610  0.556397
1.091103  0.565990
1.109596  0.575583
1.128090  0.585176
1.146583  0.594769
1.165076  0.604362
1.183569  0.613955
1.202063  0.623548
1.220556  0.633142
1.239049  0.642735
1.257542  0.652328
1.276036  0.661921
1.294529  0.671514
1.313022  0.681107
1.331516  0.690700
1.350009  0.700293
1.368502  0.709886
1.386995  0.719479
1.405489  0.729072
1.423982  0.738665
1.442475  0.748258
1.460968  0.757851
1.479462  0.767444
1.497955  0.777037
1.516448  0.786630
1.534942  0.796223
1.553435  0.805816
1.571928  0.815410
1.590421  0.825003
1.608915  0.834596
1.627408  0.844189
1.645901  0.853782
1.664394  0.863375
1.682888  0.872968
1.700685  0.837769
1.698869  0.793391
1.695951  0.749456
1.691949  0.705989
1.686880  0.663016
1.680765  0.620564
1.673621  0.578655
1.665470  0.537316
1.656332  0.496569
1.646228  0.456437
1.635180  0.416943
1.623210  0.378109
1.610341  0.339955
1.596596  0.302502
1.581998  0.265770
1.566572  0.229777
1.550342  0.194543
1.533333  0.160085
1.515570  0.126419
1.497079  0.093563
1.477886  0.061531
1.458018  0.030339
1.437500  -0.000000
1.416360  -0.029472
1.394625  -0.058065
1.372323  -0.085766
1.349480  -0.112565
1.326126  -0.138452
1.302287  -0.163416
1.277993  -0.187450
1.253271  -0.210545
1.228150  -0.232694
1.202660  -0.253890
1.176827  -0.274129
1.150682  -0.293404
1.124254  -0.311713
1.097570  -0.329052
1.070660  -0.345417
1.043552  -0.360809
1.016276  -0.375224
0.988861  -0.388665
0.961335  -0.401130
0.933726  -0.412622
0.906063  -0.423142
1.701381  0.882561
0.897064  0.441900
0.915753  0.451106
0.934442  0.460312
0.953131  0.469519
0.971820  0.478725
0.990509  0.487931
1.009197  0.497137
1.027886  0.506344
1.046575  0.515550
1.065264  0.524756
1.083953  0.533962
1.102642  0.543169
1.121330  0.552375
1.140019  0.561581
1.158708  0.570787
1.177397  0.579994
1.196086  0.589200
1.214775  0.598406
1.233464  0.607612
1.252152  0.616819
1.270841  0.626025
1.289530  0.635231
1.308219  0.644437
1.326908  0.653644
1.345597  0.662850
1.364285  0.672056
1.382974  0.681262
1.401663  0.690469
1.420352  0.699675
1.439041  0.708881
1.457730  0.718087
1.476418  0.727294
1.495107  0.736500
1.513796  0.745706
1.532485  0.754912
1.551174  0.764119
1.569863  0.773325
1.588551  0.782531
1.607240  0.791737
1.625929  0.800944
1.644618  0.810150
1.663307  0.819356
1.679993  0.784576
1.676895  0.741035
1.672722  0.697966
1.667491  0.655395
1.661221  0.613348
1.653932  0.571848
1.645643  0.530919
1.636377  0.490586
1.626152  0.450871
1.614993  0.411796
1.602920  0.373382
1.589957  0.335652
1.576126  0.298624
1.561452  0.262318
1.545959  0.226754
1.529670  0.191949
1.512612  0.157921
1.494809  0.124687
1.476286  0.092263
1.457071  0.060664
1.437189  0.029905
1.416667  -0.000000
1.395531  -0.029039
1.373810  -0.057198
1.351530  -0.084466
1.328719  -0.110833
1.305405  -0.136288
1.281616  -0.160822
1.257380  -0.184426
1.232726  -0.207093
1.207681  -0.228815
1.182276  -0.249587
1.156537  -0.269402
1.130495  -0.288257
1.104178  -0.306147
1.077614  -0.323069
1.050833  -0.339021
1.023863  -0.354001
0.996733  -0.368009
0.969472  -0.381044
0.942108  -0.393107
0.914670  -0.404201
1.681996  0.828562
0.906063  0.423142
0.924940  0.431957
0.943816  0.440773
0.962692  0.449588
0.981569  0.458404
1.000445  0.467219
1.019321  0.476035
1.038198  0.484850
1.057074  0.493666
1.075950  0.502481
1.094827  0.511297
1.113703  0.520112
1.132579  0.528927
1.151456  0.537743
1.170332  0.546558
1.189208  0.555374
1.208085  0.564189
1.226961  0.573005
1.245837  0.581820
1.264713  0.590636
1.283590  0.599451
1.302466  0.608267
1.321342  0.617082
1.340219  0.625897
1.359095  0.634713
1.377971  0.643528
1.396848  0.652344
1.415724  0.661159
1.434600  0.669975
1.453477  0.678790
1.472353  0.687606
1.491229  0.696421
1.510106  0.705237
1.528982  0.714052
1.547858  0.722868
1.566735  0.731683
1.585611  0.740498
1.604487  0.749314
1.623364  0.758129
1.642240  0.766945
1.657840  0.732614
1.653495  0.689944
1.648102  0.647775
1.641677  0.606132
1.634242  0.565040
1.625816  0.524523
1.616421  0.484603
1.606076  0.445304
1.594805  0.406648
1.582630  0.368656
1.569573  0.331348
1.555657  0.294745
1.540907  0.258867
1.525346  0.223730
1.508999  0.189355
1.491891  0.155758
1.474047  0.122956
1.455494  0.090964
1.436256  0.059798
1.416360  0.029472
1.395833  -0.000000
1.374702  -0.028605
1.352995  -0.056331
1.330737  -0.083167
1.307958  -0.109102
1.284684  -0.134125
1.260945  -0.158228
1.236767  -0.181403
1.212180  -0.203642
1.187212  -0.224937
1.161892  -0.245284
1.136247  -0.264676
1.110308  -0.283110
1.084102  -0.300581
1.057658  -0.317086
1.031005  -0.332624
1.004173  -0.347193
0.977189  -0.360793
0.950082  -0.373423
0.922881  -0.385085
1.661116  0.775760
0.914670  0.404201
0.933726  0.412622
0.952782  0.421043
0.971837  0.429463
0.990893  0.437884
1.009948  0.446305
1.029004  0.454726
1.048060  0.463147
1.067115  0.471568
1.086171  0.479989
1.105227  0.488409
1.124282  0.496830
1.143338  0.505251
1.162393  0.513672
1.181449  0.522093
1.200505  0.530514
1.219560  0.538935
1.238616  0.547355
1.257672  0.555776
1.276727  0.564197
1.295783  0.572618
1.314838  0.581039
1.333894  0.589460
1.352950  0.597880
1.372005  0.606301
1.391061  0.614722
1.410117  0.623143
1.429172  0.631564
1.448228  0.639985
1.467284  0.648406
1.486339  0.656826
1.505395  0.665247
1.524450  0.673668
1.543506  0.682089
1.562562  0.690510
1.581617  0.698931
1.600673  0.707352
1.619729  0.715772
1.634269  0.681921
1.628712  0.640154
1.622133  0.598916
1.614552  0.558232
1.605989  0.518126
1.596465  0.478621
1.586001  0.439738
1.574618  0.401501
1.562340  0.363930
1.549189  0.327045
1.535188  0.290867
1.520362  0.255415
1.504733  0.220707
1.488328  0.186761
1.471171  0.153595
1.453286  0.121224
1.434701  0.089664
1.415440  0.058931
1.395531  0.029039
1.375000  -0.000000
1.353874  -0.028172
1.332179  -0.055465
1.309944  -0.081867
1.287196  -0.107370
1.263963  -0.131962
1.240273  -0.155634
1.216154  -0.178380
1.191635  -0.200190
1.166743  -0.221059
1.141508  -0.240981
1.115957  -0.259950
1.090120  -0.277962
1.064026  -0.295014
1.037702  -0.311103
1.011178  -0.326227
0.984483  -0.340385
0.957645  -0.353577
0.930693  -0.365802
1.638784  0.724193
0.922881  0.385085
0.942108  0.393107
0.961335  0.401130
0.980561  0.409153
0.999788  0.417175
1.019015  0.425198
1.038241  0.433220
1.057468  0.441243
1.076695  0.449266
1.095921  0.457288
1.115148  0.465311
1.134375  0.473333
1.153601  0.481356
1.172828  0.489379
1.192055  0.497401
1.211282  0.505424
1.230508  0.513446
1.249735  0.521469
1.268962  0.529492
1.288188  0.537514
1.307415  0.545537
1.326642  0.553559
1.345868  0.561582
1.365095  0.569605
1.384322  0.577627
1.403548  0.585650
1.422775  0.593672
1.442002  0.601695
1.461229  0.609718
1.480455  0.617740
1.499682  0.625763
1.518909  0.633785
1.538135  0.641808
1.557362  0.649831
1.576589  0.657853
1.595815  0.665876
1.609323  0.632533
1.602590  0.591700
1.594863  0.551424
1.586162  0.511729
1.576509  0.472638
1.565925  0.434172
1.554431  0.396353
1.542050  0.359203
1.528805  0.322742
1.514719  0.286989
1.499816  0.251963
1.484121  0.217684
1.467657  0.184167
1.450450  0.151431
1.432525  0.119492
1.413908  0.088365
1.394625  0.058065
1.374702  0.028605
1.354167  -0.000000
1.333045  -0.027738
1.311364  -0.054598
1.289151  -0.080568
1.266435  -0.105638
1.243243  -0.129798
1.219602  -0.153041
1.195542  -0.175356
1.171089  -0.196739
1.146274  -0.217181
1.121123  -0.236677
1.095667  -0.255223
1.069933  -0.272815
1.043950  -0.289448
1.017746  -0.305121
0.991351  -0.319831
0.964794  -0.333578
0.938101  -0.346361
1.615042  0.673898
0.930693  0.365802
0.950082  0.373423
0.969472  0.381044
0.988861  0.388665
1.008250  0.396286
1.027640  0.403906
1.047029  0.411527
1.066419  0.419148
1.085808  0.426769
1.105198  0.434390
1.124587  0.442011
1.143976  0.449632
1.163366  0.457253
1.182755  0.464874
1.202145  0.472494
1.221534  0.480115
1.240924  0.487736
1.260313  0.495357
1.279702  0.502978
1.299092  0.510599
1.318481  0.518220
1.337871  0.525841
1.357260  0.533461
1.376650  0.541082
1.396039  0.548703
1.415428  0.556324
1.434818  0.563945
1.454207  0.571566
1.473597  0.579187
1.492986  0.586808
1.512376  0.594428
1.531765  0.602049
1.551154  0.609670
1.570544  0.617291
1.583046  0.584484
1.575173  0.544617
1.566335  0.505333
1.556553  0.466655
1.545849  0.428606
1.534243  0.391206
1.521760  0.354477
1.508421  0.318439
1.494250  0.283111
1.479271  0.248512
1.463508  0.214660
1.446986  0.181573
1.429729  0.149268
1.411764  0.117760
1.393115  0.087065
1.373810  0.057198
1.353874  0.028172
1.333333  -0.000000
1.312216  -0.027305
1.290549  -0.053731
1.268359  -0.079269
1.245674  -0.103906
1.222522  -0.127635
1.198931  -0.150447
1.174929  -0.172333
1.150544  -0.193287
1.125805  -0.213303
1.100739  -0.232374
1.075377  -0.250497
1.049745  -0.267667
1.023874  -0.283882
0.997791  -0.299138
0.971524  -0.313434
0.945104  -0.326770
1.589933  0.624912
0.938101  0.346361
0.957645  0.353577
0.977189  0.360793
0.996733  0.368009
1.016276  0.375224
1.035820  0.382440
1.055364  0.389656
1.074908  0.396872
1.094452  0.404088
1.113995  0.411304
1.133539  0.418520
1.153083  0.425735
1.172627  0.432951
1.192170  0.440167
1.211714  0.447383
1.231258  0.454599
1.250802  0.461815
1.270345  0.469031
1.289889  0.476246
1.309433  0.483462
1.328977  0.490678
1.348521  0.497894
1.368064  0.505110
1.387608  0.512326
1.407152  0.519542
1.426696  0.526757
1.446239  0.533973
1.465783  0.541189
1.485327  0.548405
1.504871  0.555621
1.524415  0.562837
1.543958  0.570053
1.555483  0.537809
1.546508  0.498936
1.536597  0.460672
1.525773  0.423039
1.514056  0.386058
1.501470  0.349751
1.488037  0.314135
1.473781  0.279232
1.458725  0.245060
1.442895  0.211637
1.426314  0.178980
1.409008  0.147105
1.391003  0.116029
1.372323  0.085766
1.352995  0.056331
1.333045  0.027738
1.312500  -0.000000
1.291387  -0.026872
1.269733  -0.052865
1.247566  -0.077969
1.224913  -0.102174
1.201801  -0.125472
1.178260  -0.147853
1.154316  -0.169310
1.129998  -0.189835
1.105335  -0.209424
1.080355  -0.228071
1.055087  -0.245771
1.029558  -0.262520
1.003798  -0.278315
0.977835  -0.293155
0.951697  -0.307038
1.563502  0.577268
0.945104  0.326770
0.964794  0.333578
0.984483  0.340385
1.004173  0.347193
1.023863  0.354001
1.043552  0.360809
1.063242  0.367616
1.082932  0.374424
1.102621  0.381232
1.122311  0.388039
1.142001  0.394847
1.161690  0.401655
1.181380  0.408463
1.201070  0.415270
1.220759  0.422078
1.240449  0.428886
1.260138  0.435693
1.279828  0.442501
1.299518  0.449309
1.319207  0.456117
1.338897  0.462924
1.358587  0.469732
1.378276  0.476540
1.397966  0.483347
1.417656  0.490155
1.437345  0.496963
1.457035  0.503770
1.476725  0.510578
1.496414  0.517386
1.516104  0.524194
1.526681  0.492540
1.516642  0.454689
1.505697  0.417473
1.493868  0.380911
1.481179  0.345024
1.467653  0.309832
1.453311  0.275354
1.438180  0.241609
1.422282  0.208614
1.405643  0.176386
1.388288  0.144942
1.370241  0.114297
1.351530  0.084466
1.332179  0.055465
1.312216  0.027305
1.291667  -0.000000
1.270558  -0.026438
1.248918  -0.051998
1.226773  -0.076670
1.204151  -0.100443
1.181081  -0.123308
1.157588  -0.145259
1.133703  -0.166286
1.109453  -0.186384
1.084866  -0.205546
1.059971  -0.223768
1.034797  -0.241044
1.009371  -0.257372
0.983722  -0.272749
0.957879  -0.287172
1.535794  0.531001
0.951697  0.307038
0.971524  0.313434
0.991351  0.319831
1.011178  0.326227
1.031005  0.332624
1.050833  0.339021
1.070660  0.345417
1.090487  0.351814
1.110314  0.358211
1.130141  0.364607
1.149968  0.371004
1.169795  0.377400
1.189622  0.383797
1.209449  0.390194
1.229276  0.396590
1.249103  0.402987
1.268930  0.409384
1.288757  0.415780
1.308584  0.422177
1.328411  0.428573
1.348238  0.434970
1.368065  0.441367
1.387892  0.447763
1.407719  0.454160
1.427546  0.460556
1.447373  0.466953
1.467200  0.473350
1.487027  0.479746
1.496686  0.448707
1.485621  0.411907
1.473681  0.375764
1.460889  0.340298
1.447268  0.305529
1.432842  0.271476
1.417634  0.238157
1.401669  0.205590
1.384972  0.173792
1.367567  0.142778
1.349480  0.112565
1.330737  0.083167
1.311364  0.054598
1.291387  0.026872
1.270833  -0.000000
1.249729  -0.026005
1.228103  -0.051131
1.205980  -0.075370
1.183390  -0.098711
1.160360  -0.121145
1.136917  -0.142665
1.113090  -0.163263
1.088908  -0.182932
1.064397  -0.201668
1.039587  -0.219464
1.014506  -0.236318
0.989183  -0.252225
0.963646  -0.267183
1.506854  0.486143
0.957879  0.287172
0.977835  0.293155
0.997791  0.299138
1.017746  0.305121
1.037702  0.311103
1.057658  0.317086
1.077614  0.323069
1.097570  0.329052
1.117525  0.335034
1.137481  0.341017
1.157437  0.347000
1.177393  0.352983
1.197349  0.358965
1.217304  0.364948
1.237260  0.370931
1.257216  0.376914
1.277172  0.382896
1.297128  0.388879
1.317084  0.394862
1.337039  0.400845
1.356995  0.406827
1.376951  0.412810
1.396907  0.418793
1.416863  0.424776
1.436818  0.430758
1.456774  0.436741
1.465545  0.406340
1.453494  0.370616
1.440599  0.335571
1.426884  0.301226
1.412373  0.267598
1.397089  0.234706
1.381057  0.202567
1.364301  0.171198
1.346846  0.140615
1.328719  0.110833
1.309944  0.081867
1.290549  0.053731
1.270558  0.026438
1.250000  -0.000000
1.228901  -0.025571
1.207287  -0.050265
1.185188  -0.074071
1.162629  -0.096979
1.139639  -0.118982
1.116246  -0.140071
1.092478  -0.160239
1.068362  -0.179481
1.043928  -0.197790
1.019203  -0.215161
0.994216  -0.231592
0.968996  -0.247077
1.476730  0.442724
0.963646  0.267183
0.983722  0.272749
1.003798  0.278315
1.023874  0.283882
1.043950  0.289448
1.064026  0.295014
1.084102  0.300581
1.104178  0.306147
1.124254  0.311713
1.144330  0.317279
1.164405  0.322846
1.184481  0.328412
1.204557  0.333978
1.224633  0.339545
1.244709  0.345111
1.264785  0.350677
1.284861  0.356244
1.304937  0.361810
1.325013  0.367376
1.345089  0.372942
1.365165  0.378509
1.385241  0.384075
1.405317  0.389641
1.425393  0.395208
1.433306  0.365469
1.420309  0.330845
1.406500  0.296923
1.391904  0.263720
1.376544  0.231254
1.360444  0.199543
1.343629  0.168604
1.326126  0.138452
1.307958  0.109102
1.289151  0.080568
1.269733  0.052865
1.249729  0.026005
1.229167  -0.000000
1.208072  -0.025138
1.186472  -0.049398
1.164395  -0.072771
1.141868  -0.095247
1.118918  -0.116819
1.095575  -0.137477
1.071865  -0.157216
1.047817  -0.176029
1.023459  -0.193911
0.998819  -0.210858
0.973926  -0.226865
1.445469  0.400774
0.968996  0.247077
0.989183  0.252225
1.009371  0.257372
1.029558  0.262520
1.049745  0.267667
1.069933  0.272815
1.090120  0.277962
1.110308  0.283110
1.130495  0.288257
1.150682  0.293404
1.170870  0.298552
1.191057  0.303699
1.211245  0.308847
1.231432  0.313994
1.251620  0.319142
1.271807  0.324289
1.291994  0.329437
1.312182  0.334584
1.332369  0.339731
1.352557  0.344879
1.372744  0.350026
1.392931  0.355174
1.400019  0.326119
1.386116  0.292619
1.371435  0.259841
1.355998  0.227803
1.339831  0.196520
1.322958  0.166010
1.305405  0.136288
1.287196  0.107370
1.268359  0.079269
1.248918  0.051998
1.228901  0.025571
1.208333  -0.000000
1.187243  -0.024704
1.165657  -0.048532
1.143602  -0.071472
1.121107  -0.093516
1.098198  -0.114655
1.074904  -0.134883
1.051252  -0.154193
1.027271  -0.172578
1.002990  -0.190033
0.978435  -0.206555
1.413119  0.360321
0.973926  0.226865
0.994216  0.231592
1.014506  0.236318
1.034797  0.241044
1.055087  0.245771
1.075377  0.250497
1.095667  0.255223
1.115957  0.259950
1.136247  0.264676
1.156537  0.269402
1.176827  0.274129
1.197118  0.278855
1.217408  0.283581
1.237698  0.288308
1.257988  0.293034
1.278278  0.297761
1.298568  0.302487
1.318858  0.307213
1.339148  0.311940
1.359439  0.316666
1.365732  0.288316
1.350966  0.255963
1.335453  0.224351
1.319218  0.193497
1.302287  0.163416
1.284684  0.134125
1.266435  0.105638
1.247566  0.077969
1.228103  0.051131
1.208072  0.025138
1.187500  -0.000000
1.166414  -0.024271
1.144842  -0.047665
1.122809  -0.070172
1.100345  -0.091784
1.077477  -0.112492
1.054232  -0.132289
1.030639  -0.151169
1.006726  -0.169126
0.982520  -0.186155
1.379729  0.321392
0.978435  0.206555
0.998819  0.210858
1.019203  0.215161
1.039587  0.219464
1.059971  0.223768
1.080355  0.228071
1.100739  0.232374
1.121123  0.236677
1.141508  0.240981
1.161892  0.245284
1.182276  0.249587
1.202660  0.253890
1.223044  0.258193
1.243428  0.262497
1.263812  0.266800
1.284196  0.271103
1.304580  0.275406
1.324964  0.279710
1.330496  0.252085
1.314907  0.220899
1.298605  0.190473
1.281616  0.160822
1.263963  0.131962
1.245674  0.103906
1.226773  0.076670
1.207287  0.050265
1.187243  0.024704
1.166667  -0.000000
1.145585  -0.023838
1.124026  -0.046798
1.102017  -0.068873
1.079584  -0.090052
1.056756  -0.110329
1.033561  -0.129695
1.010026  -0.148146
0.986180  -0.165675
1.345348  0.284013
0.982520  0.186155
1.002990  0.190033
1.023459  0.193911
1.043928  0.197790
1.064397  0.201668
1.084866  0.205546
1.105335  0.209424
1.125805  0.213303
1.146274  0.217181
1.166743  0.221059
1.187212  0.224937
1.207681  0.228815
1.228150  0.232694
1.248620  0.236572
1.269089  0.240450
1.289558  0.244328
1.294362  0.217448
1.277993  0.187450
1.260945  0.158228
1.243243  0.129798
1.224913  0.102174
1.205980  0.075370
1.186472  0.049398
1.166414  0.024271
1.145833  -0.000000
1.124757  -0.023404
1.103211  -0.045932
1.081224  -0.067573
1.058823  -0.088320
1.036036  -0.108165
1.012890  -0.127101
0.989414  -0.145122
1.310027  0.248207
0.986180  0.165675
1.006726  0.169126
1.027271  0.172578
1.047817  0.176029
1.068362  0.179481
1.088908  0.182932
1.109453  0.186384
1.129998  0.189835
1.150544  0.193287
1.171089  0.196739
1.191635  0.200190
1.212180  0.203642
1.232726  0.207093
1.253271  0.210545
1.257380  0.184426
1.240273  0.155634
1.222522  0.127635
1.204151  0.100443
1.185188  0.074071
1.165657  0.048532
1.145585  0.023838
1.125000  -0.000000
1.103928  -0.022971
1.082396  -0.045065
1.060431  -0.066274
1.038062  -0.086589
1.015315  -0.106002
0.992219  -0.124508
1.273816  0.213996
0.989414  0.145122
1.010026  0.148146
1.030639  0.151169
1.051252  0.154193
1.071865  0.157216
1.092478  0.160239
1.113090  0.163263
1.133703  0.166286
1.154316  0.169310
1.174929  0.172333
1.195542  0.175356
1.216154  0.178380
1.219602  0.153041
1.201801  0.125472
1.183390  0.098711
1.164395  0.072771
1.144842  0.047665
1.124757  0.023404
1.104167  -0.000000
1.083099  -0.022537
1.061580  -0.044198
1.039638  -0.064974
1.017300  -0.084857
0.994594  -0.103839
1.236767  0.181403
0.992219  0.124508
1.012890  0.127101
1.033561  0.129695
1.054232  0.132289
1.074904  0.134883
1.095575  0.137477
1.116246  0.140071
1.136917  0.142665
1.157588  0.145259
1.178260  0.147853
1.181081  0.123308
1.162629  0.096979
1.143602  0.071472
1.124026  0.046798
1.103928  0.022971
1.083333  -0.000000
1.062270  -0.022104
1.040765  -0.043332
1.018846  -0.063675
0.996539  -0.083125
1.198931  0.150447
0.994594  0.103839
1.015315  0.106002
1.036036  0.108165
1.056756  0.110329
1.077477  0.112492
1.098198  0.114655
1.118918  0.116819
1.139639  0.118982
1.141868  0.095247
1.122809  0.070172
1.103211  0.045932
1.083099  0.022537
1.062500  -0.000000
1.041441  -0.021671
1.019950  -0.042465
0.998053  -0.062375
1.160360  0.121145
0.996539  0.083125
1.017300  0.084857
1.038062  0.086589
1.058823  0.088320
1.079584  0.090052
1.100345  0.091784
1.102017  0.068873
1.082396  0.045065
1.062270  0.022104
1.041667  -0.000000
1.020612  -0.021237
0.999134  -0.041598
1.121107  0.093516
0.998053  0.062375
1.018846  0.063675
1.039638  0.064974
1.060431  0.066274
1.061580  0.044198
1.041441  0.021671
1.020833  -0.000000
0.999784  -0.020804
1.081224  0.067573
0.999134  0.041598
1.019950  0.042465
1.020612  0.021237
1.000000  -0.000000
1.040765  0.043332
0.999784  0.020804
