-1.735508  -0.993988   -0.70833320
-1.737521  -0.947692   -0.56148510
-1.755811  -0.957668   -0.68144422
-1.717430  -0.983634   -0.52470588
-1.714454  -1.029878   -0.67096771
-1.738368  -0.901747   -0.46022899
-1.756861  -0.911340   -0.54058911
-1.775354  -0.920933   -0.59652018
-1.719232  -0.937716   -0.41657781
-1.699352  -0.973280   -0.31852528
-1.696595  -1.019150   -0.42817204
-1.692657  -1.065322   -0.56803126
-1.738062  -0.856181   -0.41663604
-1.756751  -0.865387   -0.45189941
-1.775440  -0.874594   -0.46810890
-1.794129  -0.883800   -0.46321971
-1.719874  -0.892154   -0.36107043
-1.700942  -0.927741   -0.25582930
-1.681273  -0.962926   -0.10207064
-1.678736  -1.008422   -0.16802580
-1.675025  -1.054225   -0.27504073
-1.670128  -1.100305   -0.40444956
-1.736622  -0.811022   -0.43510887
-1.755498  -0.819838   -0.42503736
-1.774374  -0.828653   -0.39732649
-1.793250  -0.837468   -0.35286705
-1.812127  -0.846284   -0.29314103
-1.719373  -0.846975   -0.36504214
-1.701381  -0.882561   -0.24939563
-1.682652  -0.917765   -0.08881309
-1.663195  -0.952572    0.11220065
-1.660877  -0.997694    0.09451715
-1.657394  -1.043128    0.02767885
-1.652731  -1.088844   -0.07460981
-1.646876  -1.134812   -0.19216247
-1.734062  -0.766297   -0.51214283
-1.753118  -0.774718   -0.46203689
-1.772174  -0.783139   -0.39151273
-1.791229  -0.791560   -0.30441231
-1.810285  -0.799981   -0.20514458
-1.829340  -0.808402   -0.09850606
-1.717745  -0.802207   -0.42724352
-1.700685  -0.837769   -0.30032967
-1.682888  -0.872968   -0.13170917
-1.664363  -0.907789    0.07501436
-1.645117  -0.942218    0.31244470
-1.643018  -0.986966    0.34475963
-1.639762  -1.032031    0.32323004
-1.635334  -1.077382    0.25565101
-1.629721  -1.122991    0.15742116
-1.622912  -1.168828    0.04970874
-1.730402  -0.722034   -0.63698010
-1.749629  -0.730057   -0.55731194
-1.768856  -0.738079   -0.45052974
-1.788082  -0.746102   -0.32306044
-1.807309  -0.754124   -0.18217074
-1.826536  -0.762147   -0.03558451
-1.845762  -0.770170    0.10894570
-1.715007  -0.757877   -0.53877749
-1.698869  -0.793391   -0.40174650
-1.681996  -0.828562   -0.22597940
-1.664394  -0.863375   -0.01436366
-1.646073  -0.897814    0.22689699
-1.627039  -0.931864    0.48805372
-1.625159  -0.976239    0.56909913
-1.622130  -1.020934    0.59538439
-1.617937  -1.065921    0.56825247
-1.612566  -1.111170    0.49731055
-1.606006  -1.156652    0.39926006
-1.598244  -1.202337    0.29577693
-1.725659  -0.678258   -0.79297982
-1.745049  -0.685879   -0.69845800
-1.764438  -0.693500   -0.56694102
-1.783828  -0.701121   -0.40672696
-1.803217  -0.708742   -0.22752676
-1.822606  -0.716362   -0.03983160
-1.841996  -0.723983    0.14568057
-1.861385  -0.731604    0.31871358
-1.711176  -0.714011   -0.68434632
-1.695951  -0.749456   -0.53986587
-1.679993  -0.784576   -0.35949584
-1.663307  -0.819356   -0.14556600
-1.645901  -0.853782    0.09676043
-1.627783  -0.887838    0.35918585
-1.608960  -0.921510    0.63024278
-1.607300  -0.965511    0.75577885
-1.604498  -1.009837    0.82954987
-1.600540  -1.054459    0.84630811
-1.595411  -1.099349    0.80919615
-1.589101  -1.144477    0.72932808
-1.581596  -1.189813    0.62442143
-1.572885  -1.235327    0.51614955
-1.719852  -0.634995   -0.95950829
-1.739396  -0.642211   -0.86769094
-1.758940  -0.649427   -0.72691512
-1.778484  -0.656643   -0.54638975
-1.798027  -0.663859   -0.33746838
-1.817571  -0.671075   -0.11289767
-1.837115  -0.678290    0.11389987
-1.856659  -0.685506    0.32966385
-1.876203  -0.692722    0.52205469
-1.706270  -0.670637   -0.84409980
-1.691949  -0.705989   -0.69579451
-1.676895  -0.741035   -0.51444557
-1.661116  -0.775760   -0.30194274
-1.644618  -0.810150   -0.06259050
-1.627408  -0.844189    0.19658930
-1.609493  -0.877862    0.46576928
-1.590882  -0.911156    0.73245278
-1.589441  -0.954783    0.89551156
-1.586866  -0.998740    1.01355438
-1.583142  -1.042998    1.07504686
-1.578256  -1.087528    1.07637024
-1.572196  -1.132302    1.02230446
-1.564948  -1.177289    0.92539403
-1.556501  -1.222459    0.80402740
-1.546845  -1.267781    0.67963792
-1.713001  -0.592271   -1.11414593
-1.732690  -0.599078   -1.04375496
-1.752380  -0.605886   -0.91174373
-1.772070  -0.612694   -0.72704463
-1.791759  -0.619502   -0.50161751
-1.811449  -0.626309   -0.24964225
-1.831139  -0.633117    0.01331662
-1.850828  -0.639925    0.27128269
-1.870518  -0.646732    0.50888536
-1.890208  -0.653540    0.71219289
-1.700309  -0.627779   -0.99589122
-1.686880  -0.663016   -0.84775730
-1.672722  -0.697966   -0.66955014
-1.657840  -0.732614   -0.46279392
-1.642240  -0.766945   -0.23108124
-1.625929  -0.800944    0.01966041
-1.608915  -0.834596    0.28104424
-1.591204  -0.867886    0.54232097
-1.572804  -0.900802    0.79069640
-1.571583  -0.944055    0.98193854
-1.569234  -0.987642    1.13828678
-1.565745  -1.031536    1.24258649
-1.561102  -1.075707    1.28463802
-1.555290  -1.120126    1.26249974
-1.548299  -1.164764    1.18259235
-1.540117  -1.209591    1.05874049
-1.530733  -1.254575    0.90999623
-1.520136  -1.299687    0.75757586
-1.705124  -0.550109   -1.23497313
-1.724951  -0.556506   -1.20407898
-1.744779  -0.562902   -1.09970960
-1.764606  -0.569299   -0.92924933
-1.784433  -0.575696   -0.70403419
-1.804260  -0.582092   -0.43860791
-1.824087  -0.588489   -0.14977746
-1.843914  -0.594885    0.14443099
-1.863741  -0.601282    0.42591009
-1.883568  -0.607679    0.67757073
-1.903395  -0.614075    0.88438379
-1.693311  -0.585463   -1.11761708
-1.680765  -0.620564   -0.97354025
-1.667491  -0.655395   -0.80253235
-1.653495  -0.689944   -0.60583212
-1.638784  -0.724193   -0.38646254
-1.623364  -0.758129   -0.14941349
-1.607240  -0.791737    0.09820952
-1.590421  -0.825003    0.34719312
-1.572914  -0.857911    0.58647784
-1.554726  -0.890448    0.80364566
-1.553724  -0.933327    1.01193257
-1.551603  -0.976545    1.19815696
-1.548348  -1.020075    1.34063046
-1.543947  -1.063886    1.42313424
-1.538385  -1.107951    1.43697805
-1.531651  -1.152240    1.38197839
-1.523733  -1.196723    1.26635805
-1.514620  -1.241369    1.10538717
-1.504301  -1.286149    0.91894853
-1.492769  -1.331030    0.72836996
-1.696244  -0.508534   -1.30267002
-1.716200  -0.514517   -1.32696661
-1.736156  -0.520500   -1.26820541
-1.756111  -0.526483   -1.13099645
-1.776067  -0.532465   -0.92476836
-1.796023  -0.538448   -0.66315206
-1.815979  -0.544431   -0.36308250
-1.835935  -0.550414   -0.04369975
-1.855890  -0.556396    0.27484855
-1.875846  -0.562379    0.57274039
-1.895802  -0.568362    0.83160981
-1.915758  -0.574345    1.03574367
-1.685297  -0.543712   -1.18947912
-1.673621  -0.578655   -1.05285233
-1.661221  -0.613348   -0.89260783
-1.648102  -0.647775   -0.70979812
-1.634269  -0.681921   -0.50695530
-1.619729  -0.715772   -0.28830910
-1.604487  -0.749314   -0.05988130
-1.588551  -0.782531    0.17047351
-1.571928  -0.815410    0.39328464
-1.554624  -0.847935    0.59780265
-1.536648  -0.880094    0.77260538
-1.535865  -0.922599    0.98563915
-1.533971  -0.965448    1.19134478
-1.530951  -1.008613    1.36483200
-1.526792  -1.052065    1.48484168
-1.521480  -1.095776    1.53636592
-1.515002  -1.139716    1.51247390
-1.507348  -1.183855    1.41507738
-1.498507  -1.228163    1.25449752
-1.488467  -1.272610    1.04781912
-1.477219  -1.317165    0.81624067
-1.464755  -1.361797    0.58182809
-1.686380  -0.467570   -1.30230886
-1.706456  -0.473136   -1.39356968
-1.726532  -0.478702   -1.39578489
-1.746608  -0.484269   -1.30968812
-1.766684  -0.489835   -1.14158721
-1.786760  -0.495401   -0.90290018
-1.806836  -0.500968   -0.60939273
-1.826912  -0.506534   -0.28015093
-1.846988  -0.512100    0.06367055
-1.867064  -0.517666    0.40019262
-1.887140  -0.523233    0.70820352
-1.907216  -0.528799    0.96848913
-1.927292  -0.534365    1.16503396
-1.676288  -0.502552   -1.19589220
-1.665470  -0.537316   -1.06938706
-1.653932  -0.571848   -0.92269980
-1.641677  -0.606132   -0.75674829
-1.628712  -0.640154   -0.57372573
-1.615042  -0.673898   -0.37722931
-1.600673  -0.707352   -0.17238147
-1.585611  -0.740498    0.03414288
-1.569863  -0.773325    0.23426508
-1.553435  -0.805816    0.41875956
-1.536335  -0.837959    0.57774231
-1.518569  -0.869740    0.70131926
-1.518006  -0.911871    0.90639457
-1.516339  -0.954351    1.11979524
-1.513554  -0.997152    1.31500776
-1.509637  -1.040244    1.46700292
-1.504574  -1.083601    1.55530976
-1.498354  -1.127191    1.56651031
-1.490964  -1.170987    1.49589765
-1.482394  -1.214957    1.34796941
-1.472632  -1.259072    1.13567235
-1.461669  -1.303300    0.87849639
-1.449497  -1.347612    0.59963103
-1.436108  -1.391975    0.32270351
-1.675555  -0.427238   -1.22468668
-1.695743  -0.432385   -1.38956403
-1.715930  -0.437533   -1.46403856
-1.736117  -0.442680   -1.44415825
-1.756305  -0.447828   -1.33200559
-1.776492  -0.452975   -1.13556082
-1.796680  -0.458123   -0.86808486
-1.816867  -0.463270   -0.54731617
-1.837054  -0.468418   -0.19420536
-1.857242  -0.473565    0.16840027
-1.877429  -0.478712    0.51718880
-1.897617  -0.483860    0.82998559
-1.917804  -0.489007    1.08703246
-1.937991  -0.494155    1.27234421
-1.666304  -0.462003   -1.12693349
-1.656332  -0.496569   -1.01241501
-1.645643  -0.530919   -0.88115095
-1.634242  -0.565040   -0.73403416
-1.622133  -0.598916   -0.57298424
-1.609323  -0.632533   -0.40113387
-1.595815  -0.665876   -0.22284970
-1.581617  -0.698931   -0.04383923
-1.566735  -0.731683    0.12901019
-1.551174  -0.764119    0.28783836
-1.534942  -0.796223    0.42415131
-1.518045  -0.827984    0.52940414
-1.500491  -0.859385    0.59564473
-1.500147  -0.901143    0.78042297
-1.498707  -0.943254    0.98904450
-1.496157  -0.985690    1.19506533
-1.492482  -1.028423    1.37123089
-1.487669  -1.071425    1.49278719
-1.481706  -1.114667    1.54052863
-1.474580  -1.158119    1.50320909
-1.466281  -1.201751    1.37898100
-1.456797  -1.245533    1.17558191
-1.446120  -1.289435    0.90928907
-1.434240  -1.333427    0.60271063
-1.421148  -1.377475    0.28180999
-1.406839  -1.421550   -0.02747456
-1.663791  -0.387561   -1.06708850
-1.684081  -0.392288   -1.30633521
-1.704371  -0.397014   -1.45915974
-1.724661  -0.401740   -1.51639665
-1.744951  -0.406467   -1.47511142
-1.765241  -0.411193   -1.33874907
-1.785531  -0.415920   -1.11685430
-1.805821  -0.420646   -0.82442476
-1.826112  -0.425372   -0.48087352
-1.846402  -0.430099   -0.10881850
-1.866692  -0.434825    0.26749017
-1.886982  -0.439551    0.62369592
-1.907272  -0.444278    0.93691504
-1.927562  -0.449004    1.18720175
-1.947852  -0.453730    1.35882087
-1.655368  -0.422091   -0.97924206
-1.646228  -0.456437   -0.87778112
-1.636377  -0.490586   -0.76292525
-1.625816  -0.524523   -0.63554061
-1.614552  -0.558232   -0.49743466
-1.602590  -0.591700   -0.35136438
-1.589933  -0.624912   -0.20111732
-1.576589  -0.657853   -0.05161040
-1.562562  -0.690510    0.09128610
-1.547858  -0.722868    0.22085270
-1.532485  -0.754912    0.32983707
-1.516448  -0.786630    0.41091910
-1.499755  -0.818008    0.45724492
-1.482413  -0.849031    0.46312231
-1.482288  -0.890415    0.61638185
-1.481075  -0.932157    0.80781347
-1.478759  -0.974229    1.01274085
-1.475327  -1.016602    1.20338549
-1.470764  -1.059250    1.35218314
-1.465057  -1.102143    1.43518790
-1.458196  -1.145251    1.43514565
-1.450168  -1.188545    1.34371773
-1.440962  -1.231995    1.16267990
-1.430570  -1.275571    0.90380980
-1.418982  -1.319241    0.58746961
-1.406189  -1.362976    0.24010031
-1.392184  -1.406742   -0.10895479
-1.376961  -1.450510   -0.43098055
-1.651109  -0.348561   -0.83349930
-1.671493  -0.352864   -1.14169912
-1.691877  -0.357168   -1.37303176
-1.712261  -0.361471   -1.51301791
-1.732645  -0.365774   -1.55322560
-1.753029  -0.370077   -1.49177227
-1.773414  -0.374381   -1.33339079
-1.793798  -0.378684   -1.08911700
-1.814182  -0.382987   -0.77547578
-1.834566  -0.387290   -0.41340065
-1.854950  -0.391593   -0.02683652
-1.875334  -0.395897    0.35883938
-1.895718  -0.400200    0.71847127
-1.916102  -0.404503    1.02877109
-1.936486  -0.408806    1.26981524
-1.956870  -0.413110    1.42632211
-1.643500  -0.382835   -0.75625703
-1.635180  -0.416943   -0.66829532
-1.626152  -0.450871   -0.56999267
-1.616421  -0.484603   -0.46235089
-1.605989  -0.518126   -0.34703700
-1.594863  -0.551424   -0.22659473
-1.583046  -0.584484   -0.10437564
-1.570544  -0.617291    0.01535257
-1.557362  -0.649831    0.12751766
-1.543506  -0.682089    0.22636372
-1.528982  -0.714052    0.30570827
-1.513796  -0.745706    0.35929821
-1.497955  -0.777037    0.38127499
-1.481466  -0.808032    0.36675029
-1.464335  -0.838677    0.31243240
-1.464429  -0.879687    0.42477998
-1.463443  -0.921060    0.58743417
-1.461362  -0.962767    0.77909832
-1.458172  -1.004781    0.97321266
-1.453858  -1.047075    1.14107070
-1.448409  -1.089618    1.25538991
-1.441812  -1.132383    1.29377201
-1.434055  -1.175339    1.24169187
-1.425128  -1.218457    1.09459815
-1.415020  -1.261706    0.85874187
-1.403724  -1.305056    0.55072209
-1.391229  -1.348476    0.19562659
-1.377530  -1.391935   -0.17574998
-1.362617  -1.435401   -0.53052385
-1.346487  -1.478842   -0.83731123
-1.637534  -0.310258   -0.53438615
-1.658003  -0.314137   -0.90010206
-1.678472  -0.318015   -1.20389763
-1.698942  -0.321893   -1.42630281
-1.719411  -0.325771   -1.55328552
-1.739880  -0.329649   -1.57719826
-1.760349  -0.333528   -1.49718784
-1.780818  -0.337406   -1.31922351
-1.801287  -0.341284   -1.05565597
-1.821757  -0.345162   -0.72435385
-1.842226  -0.349041   -0.34756121
-1.862695  -0.352919    0.04967421
-1.883164  -0.356797    0.44111144
-1.903633  -0.360675    0.80105086
-1.924102  -0.364553    1.10601826
-1.944572  -0.368432    1.33630092
-1.965041  -0.372310    1.47717715
-1.630725  -0.344258   -0.46805263
-1.623210  -0.378109   -0.39349213
-1.614993  -0.411796   -0.31131581
-1.606076  -0.445304   -0.22259083
-1.596465  -0.478621   -0.12904454
-1.586162  -0.511729   -0.03298001
-1.575173  -0.544617    0.06251450
-1.563502  -0.577268    0.15368716
-1.551154  -0.609670    0.23610214
-1.538135  -0.641808    0.30478344
-1.524450  -0.673668    0.35443226
-1.510106  -0.705237    0.37969912
-1.495107  -0.736500    0.37560178
-1.479462  -0.767444    0.33796977
-1.463176  -0.798057    0.26400502
-1.446257  -0.828323    0.15284892
-1.446570  -0.868960    0.21730881
-1.445811  -0.909963    0.34113950
-1.443965  -0.951306    0.50784991
-1.441017  -0.992961    0.69377411
-1.436953  -1.034899    0.87083658
-1.431761  -1.077094    1.01003017
-1.425427  -1.119515    1.08503697
-1.417942  -1.162133    1.07588646
-1.409293  -1.204918    0.97169654
-1.399471  -1.247841    0.77258000
-1.388466  -1.290870    0.49006918
-1.376270  -1.333976    0.14617774
-1.362875  -1.377127   -0.22887997
-1.348274  -1.420291   -0.60001368
-1.332461  -1.463437   -0.93119422
-1.315430  -1.506534   -1.18947017
-1.623089  -0.272673   -0.18587565
-1.643634  -0.276124   -0.59229390
-1.664180  -0.279576   -0.95652542
-1.684725  -0.283027   -1.25477473
-1.705270  -0.286479   -1.46782087
-1.725816  -0.289930   -1.58217586
-1.746361  -0.293382   -1.59094116
-1.766907  -0.296834   -1.49424387
-1.787452  -0.300285   -1.29918226
-1.807998  -0.303737   -1.01927449
-1.828543  -0.307188   -0.67360656
-1.849088  -0.310640   -0.28544712
-1.869634  -0.314091    0.11927048
-1.890179  -0.317543    0.51362204
-1.910725  -0.320994    0.87159473
-1.931270  -0.324446    1.16966768
-1.951816  -0.327898    1.38847245
-1.972361  -0.331349    1.51394631
-1.617065  -0.306380   -0.13045897
-1.610341  -0.339955   -0.06887725
-1.602920  -0.373382   -0.00193155
-1.594805  -0.406648    0.06915996
-1.586001  -0.439738    0.14266618
-1.576509  -0.472638    0.21638739
-1.566335  -0.505333    0.28746650
-1.555483  -0.537809    0.35251035
-1.543958  -0.570053    0.40758575
-1.531765  -0.602049    0.44835202
-1.518909  -0.633785    0.47021238
-1.505395  -0.665247    0.46857563
-1.491229  -0.696421    0.43917051
-1.476418  -0.727294    0.37845176
-1.460968  -0.757851    0.28406454
-1.444886  -0.788081    0.15531511
-1.428178  -0.817969   -0.00634668
-1.428711  -0.858232    0.00611449
-1.428180  -0.898866    0.08327403
-1.426568  -0.939844    0.21452362
-1.423862  -0.981140    0.38066865
-1.420048  -1.022724    0.55601365
-1.415112  -1.064569    0.71152484
-1.409043  -1.106647    0.81857096
-1.401829  -1.148927    0.85271013
-1.393458  -1.191380    0.79723789
-1.383921  -1.233976    0.64587975
-1.373208  -1.276685    0.40418657
-1.361311  -1.319476    0.08956029
-1.348220  -1.362319   -0.27031587
-1.333931  -1.405182   -0.64026538
-1.318435  -1.448033   -0.98161328
-1.301727  -1.490841   -1.25653751
-1.283804  -1.533574   -1.43249642
-1.607797  -0.235824    0.19134458
-1.628410  -0.238847   -0.23465318
-1.649023  -0.241871   -0.64189217
-1.669636  -0.244894   -1.00343963
-1.690248  -0.247918   -1.29557421
-1.710861  -0.250941   -1.49937743
-1.731474  -0.253964   -1.60187886
-1.752087  -0.256988   -1.59693210
-1.772700  -0.260011   -1.48556602
-1.793312  -0.263034   -1.27588254
-1.813925  -0.266058   -0.98243150
-1.834538  -0.269081   -0.62527167
-1.855151  -0.272105   -0.22856315
-1.875763  -0.275128    0.18102205
-1.896376  -0.278151    0.57617291
-1.916989  -0.281175    0.93063479
-1.937602  -0.284198    1.22102267
-1.958215  -0.287222    1.42834650
-1.978827  -0.290245    1.53924062
-1.602543  -0.269221    0.23604014
-1.596596  -0.302502    0.28527987
-1.589957  -0.335652    0.33811899
-1.582630  -0.368656    0.39320626
-1.574618  -0.401501    0.44880459
-1.565925  -0.434172    0.50272212
-1.556553  -0.466655    0.55233355
-1.546508  -0.498936    0.59449121
-1.535794  -0.531001    0.62567118
-1.524415  -0.562837    0.64202448
-1.512376  -0.594428    0.63952781
-1.499682  -0.625763    0.61417960
-1.486339  -0.656826    0.56230334
-1.472353  -0.687606    0.48085869
-1.457730  -0.718087    0.36785740
-1.442475  -0.748258    0.22273632
-1.426596  -0.778105    0.04681068
-1.410100  -0.807615   -0.15637425
-1.410852  -0.847504   -0.19690262
-1.410548  -0.887768   -0.17160338
-1.409171  -0.928383   -0.08440662
-1.406707  -0.969319    0.05117450
-1.403142  -1.010549    0.21346473
-1.398464  -1.052045    0.37524524
-1.392659  -1.093779    0.50716390
-1.385716  -1.135721    0.58175954
-1.377623  -1.177841    0.57734578
-1.368371  -1.220111    0.48145684
-1.357950  -1.262500    0.29313471
-1.346351  -1.304977    0.02393919
-1.333566  -1.347511   -0.30268688
-1.319587  -1.390072   -0.65364877
-1.304409  -1.432628   -0.98973755
-1.288025  -1.475148   -1.27021268
-1.270431  -1.517599   -1.45771621
-1.251622  -1.559950   -1.52310464
-1.591684  -0.199731    0.57333884
-1.612355  -0.202325    0.15189172
-1.633027  -0.204919   -0.27662003
-1.653698  -0.207513   -0.68348134
-1.674369  -0.210106   -1.04168292
-1.695040  -0.212700   -1.32762876
-1.715711  -0.215294   -1.52269764
-1.736383  -0.217888   -1.61445690
-1.757054  -0.220482   -1.59743739
-1.777725  -0.223076   -1.47348068
-1.798396  -0.225670   -1.25154899
-1.819068  -0.228264   -0.94707576
-1.839739  -0.230858   -0.58096002
-1.860410  -0.233452   -0.17805416
-1.881081  -0.236046    0.23446213
-1.901752  -0.238639    0.62891995
-1.922424  -0.241233    0.97903025
-1.943095  -0.243827    1.26156050
-1.963766  -0.246421    1.45797433
-1.984437  -0.249015    1.55557444
-1.587184  -0.232801    0.60772716
-1.581998  -0.265770    0.64545730
-1.576126  -0.298624    0.68547062
-1.569573  -0.331348    0.72631530
-1.562340  -0.363930    0.76626574
-1.554431  -0.396353    0.80318660
-1.545849  -0.428606    0.83456387
-1.536597  -0.460672    0.85753093
-1.526681  -0.492540    0.86883817
-1.516104  -0.524194    0.86505333
-1.504871  -0.555621    0.84259617
-1.492986  -0.586808    0.79796134
-1.480455  -0.617740    0.72793639
-1.467284  -0.648406    0.62988313
-1.453477  -0.678790    0.50209528
-1.439041  -0.708881    0.34410304
-1.423982  -0.738665    0.15706999
-1.408307  -0.768129   -0.05589534
-1.392022  -0.797261   -0.28949437
-1.392994  -0.836776   -0.38076815
-1.392916  -0.876671   -0.40947260
-1.391774  -0.916921   -0.37249884
-1.389552  -0.957498   -0.27674751
-1.386237  -0.998374   -0.13847051
-1.381815  -1.039521    0.01856749
-1.376275  -1.080911    0.16616915
-1.369603  -1.122515    0.27539785
-1.361789  -1.164303    0.32082823
-1.352822  -1.206246    0.28438712
-1.342692  -1.248314    0.15853280
-1.331392  -1.290477   -0.05180875
-1.318911  -1.332703   -0.32896288
-1.305244  -1.374963   -0.64380551
-1.290383  -1.417224   -0.95882237
-1.274323  -1.459455   -1.23244577
-1.257058  -1.501624   -1.42425760
-1.238584  -1.543700   -1.50042304
-1.218898  -1.585651   -1.43869637
-1.574774  -0.164411    0.93461157
-1.595495  -0.166575    0.54314836
-1.616215  -0.168738    0.11813208
-1.636936  -0.170901   -0.31171719
-1.657657  -0.173065   -0.71750259
-1.678378  -0.175228   -1.07215816
-1.699098  -0.177391   -1.35222041
-1.719819  -0.179554   -1.53941746
-1.740540  -0.181718   -1.62177845
-1.761260  -0.183881   -1.59445512
-1.781981  -0.186044   -1.45997705
-1.802702  -0.188208   -1.22804363
-1.823423  -0.190371   -0.91483518
-1.844143  -0.192534   -0.54190504
-1.864864  -0.194698   -0.13463314
-1.885585  -0.196861    0.27938587
-1.906305  -0.199024    0.67226109
-1.927026  -0.201188    1.01772972
-1.947747  -0.203351    1.29279488
-1.968468  -0.205514    1.47933179
-1.989188  -0.207677    1.56525381
-1.571013  -0.197137    0.95933320
-1.566572  -0.229777    0.98653832
-1.561452  -0.262318    1.01508530
-1.555657  -0.294745    1.04351475
-1.549189  -0.327045    1.07010079
-1.542050  -0.359203    1.09280650
-1.534243  -0.391206    1.10925711
-1.525773  -0.423039    1.11675871
-1.516642  -0.454689    1.11239325
-1.506854  -0.486143    1.09303217
-1.496414  -0.517386    1.05547643
-1.485327  -0.548405    0.99660930
-1.473597  -0.579187    0.91360278
-1.461229  -0.609718    0.80414865
-1.448228  -0.639985    0.66673317
-1.434600  -0.669975    0.50094253
-1.420352  -0.699675    0.30777605
-1.405489  -0.729072    0.08991845
-1.390017  -0.758154   -0.14802762
-1.373944  -0.786907   -0.39937219
-1.375135  -0.826048   -0.53607083
-1.375284  -0.865574   -0.61769592
-1.374376  -0.905460   -0.63424744
-1.372397  -0.945677   -0.58544989
-1.369332  -0.986198   -0.48108895
-1.365167  -1.026996   -0.33992202
-1.359890  -1.068043   -0.18731012
-1.353490  -1.109308   -0.05183718
-1.345954  -1.150764    0.03875908
-1.337272  -1.192381    0.06184737
-1.327434  -1.234129    0.00365375
-1.316432  -1.275977   -0.13792890
-1.304257  -1.317895   -0.35204453
-1.290901  -1.359853   -0.61527201
-1.276357  -1.401819   -0.89385027
-1.260620  -1.443762   -1.14757776
-1.243685  -1.485650   -1.33493549
-1.225546  -1.527451   -1.41885636
-1.206201  -1.569133   -1.37245351
-1.185647  -1.610665   -1.18389434
-1.557092  -0.129883    1.24972723
-1.577854  -0.131615    0.91326884
-1.598615  -0.133346    0.51778246
-1.619376  -0.135078    0.09032379
-1.640137  -0.136810   -0.34008770
-1.660899  -0.138542   -0.74446287
-1.681660  -0.140273   -1.09570888
-1.702421  -0.142005   -1.37055111
-1.723182  -0.143737   -1.55098566
-1.743943  -0.145469   -1.62547648
-1.764705  -0.147200   -1.58968369
-1.785466  -0.148932   -1.44672163
-1.806227  -0.150664   -1.20689472
-1.826988  -0.152396   -0.88696366
-1.847750  -0.154128   -0.50896321
-1.868511  -0.155859   -0.09876596
-1.889272  -0.157591    0.31578998
-1.910033  -0.159323    0.70670917
-1.930795  -0.161055    1.04775758
-1.951556  -0.162786    1.31615488
-1.972317  -0.164518    1.49418843
-1.993078  -0.166250    1.57030861
-1.554053  -0.162248    1.26578475
-1.550342  -0.194543    1.28363413
-1.545959  -0.226754    1.30216872
-1.540907  -0.258867    1.31998699
-1.535188  -0.290867    1.33543547
-1.528805  -0.322742    1.34656851
-1.521760  -0.354477    1.35118660
-1.514056  -0.386058    1.34682617
-1.505697  -0.417473    1.33080076
-1.496686  -0.448707    1.30030052
-1.487027  -0.479746    1.25246319
-1.476725  -0.510578    1.18450758
-1.465783  -0.541189    1.09392843
-1.454207  -0.571566    0.97867127
-1.442002  -0.601695    0.83739177
-1.429172  -0.631564    0.66968791
-1.415724  -0.661159    0.47638772
-1.401663  -0.690469    0.25976420
-1.386995  -0.719479    0.02378263
-1.371727  -0.748178   -0.22579971
-1.355866  -0.776553   -0.48137841
-1.357276  -0.815320   -0.65538077
-1.357652  -0.854477   -0.78567483
-1.356979  -0.893998   -0.85590005
-1.355242  -0.933856   -0.85856953
-1.352426  -0.974023   -0.79627932
-1.348519  -1.014472   -0.68152262
-1.343506  -1.055175   -0.53524675
-1.337377  -1.096102   -0.38393321
-1.330119  -1.137226   -0.25591773
-1.321722  -1.178516   -0.17706396
-1.312177  -1.219943   -0.16657060
-1.301473  -1.261477   -0.23350736
-1.289602  -1.303088   -0.37448508
-1.276557  -1.344744   -0.57308490
-1.262331  -1.386414   -0.80116178
-1.246918  -1.428069   -1.02202115
-1.230312  -1.469675   -1.19511657
-1.212508  -1.511201   -1.28189297
-1.193504  -1.552616   -1.25191215
-1.173296  -1.593887   -1.08843518
-1.151882  -1.634982   -0.79273884
-1.538665  -0.096162    1.49504474
-1.559457  -0.097461    1.23636080
-1.580250  -0.098761    0.89602973
-1.601043  -0.100060    0.49767350
-1.621836  -0.101360    0.06862787
-1.642629  -0.102659   -0.36190486
-1.663421  -0.103959   -0.76481844
-1.684214  -0.105258   -1.11312740
-1.705007  -0.106558   -1.38365722
-1.725800  -0.107857   -1.55865184
-1.746592  -0.109157   -1.62691576
-1.767385  -0.110456   -1.58453139
-1.788178  -0.111756   -1.43505876
-1.808971  -0.113055   -1.18926886
-1.829763  -0.114355   -0.86438440
-1.850556  -0.115654   -0.48281910
-1.871349  -0.116954   -0.07072617
-1.892142  -0.118253    0.34383999
-1.912934  -0.119553    0.73279942
-1.933727  -0.120852    1.07000816
-1.954520  -0.122151    1.33290467
-1.975313  -0.123451    1.50408704
-1.996106  -0.124750    1.57244132
-1.536331  -0.128151    1.50383838
-1.533333  -0.160085    1.51380536
-1.529670  -0.191949    1.52394927
-1.525346  -0.223730    1.53298010
-1.520362  -0.255415    1.53938653
-1.514719  -0.286989    1.54140849
-1.508421  -0.318439    1.53702120
-1.501470  -0.349751    1.52400208
-1.493868  -0.380911    1.49995152
-1.485621  -0.411907    1.46233371
-1.476730  -0.442724    1.40861833
-1.467200  -0.473350    1.33634030
-1.457035  -0.503770    1.24328253
-1.446239  -0.533973    1.12762163
-1.434818  -0.563945    0.98815175
-1.422775  -0.593672    0.82448409
-1.410117  -0.623143    0.63727029
-1.396848  -0.652344    0.42841993
-1.382974  -0.681262    0.20128331
-1.368502  -0.709886   -0.03922962
-1.353438  -0.738202   -0.28659331
-1.337787  -0.766199   -0.53276742
-1.339417  -0.804592   -0.73364058
-1.340020  -0.843380   -0.90539481
-1.339582  -0.882536   -1.02625874
-1.338087  -0.922035   -1.08191335
-1.335521  -0.961848   -1.06748978
-1.331870  -1.001948   -0.98840882
-1.327122  -1.042307   -0.85974502
-1.321264  -1.082896   -0.70425419
-1.314284  -1.123688   -0.54908988
-1.306173  -1.164651   -0.42174971
-1.296919  -1.205758   -0.34572687
-1.286513  -1.246978   -0.33643863
-1.274948  -1.288280   -0.39813398
-1.262214  -1.329634   -0.52231610
-1.248305  -1.371010   -0.68797079
-1.233215  -1.412376   -0.86382158
-1.216939  -1.453700   -1.01241502
-1.199471  -1.494952   -1.09561373
-1.180807  -1.536099   -1.08080985
-1.160946  -1.577110   -0.94707768
-1.139883  -1.617951   -0.69011724
-1.117619  -1.658592   -0.32544443
-1.519517  -0.063264    1.65048800
-1.540332  -0.064131    1.48822477
-1.561148  -0.064998    1.22633739
-1.581963  -0.065864    0.88336251
-1.602778  -0.066731    0.48312265
-1.623593  -0.067598    0.05313233
-1.644409  -0.068464   -0.37731166
-1.665224  -0.069331   -0.77903530
-1.686039  -0.070197   -1.12507059
-1.706855  -0.071064   -1.39238890
-1.727670  -0.071931   -1.56339780
-1.748485  -0.072797   -1.62716943
-1.769301  -0.073664   -1.58007467
-1.790116  -0.074531   -1.42601088
-1.810931  -0.075397   -1.17608008
-1.831746  -0.076264   -0.84779884
-1.852562  -0.077131   -0.46386053
-1.873377  -0.077997   -0.05064777
-1.894192  -0.078864    0.36368149
-1.915008  -0.079730    0.75104992
-1.935823  -0.080597    1.08530610
-1.956638  -0.081464    1.34408971
-1.977454  -0.082330    1.51025471
-1.998269  -0.083197    1.57299448
-1.517872  -0.094862    1.65384834
-1.515570  -0.126419    1.65772024
-1.512612  -0.157921    1.66126759
-1.508999  -0.189355    1.66341338
-1.504733  -0.220707    1.66283822
-1.499816  -0.251963    1.65799211
-1.494250  -0.283111    1.64710719
-1.488037  -0.314135    1.62822740
-1.481179  -0.345024    1.59923914
-1.473681  -0.375764    1.55793388
-1.465545  -0.406340    1.50209184
-1.456774  -0.436741    1.42956543
-1.447373  -0.466953    1.33841970
-1.437345  -0.496963    1.22706553
-1.426696  -0.526757    1.09444368
-1.415428  -0.556324    0.94016804
-1.403548  -0.585650    0.76476886
-1.391061  -0.614722    0.56983144
-1.377971  -0.643528    0.35815124
-1.364285  -0.672056    0.13387671
-1.350009  -0.700293   -0.09746349
-1.335148  -0.728227   -0.32901117
-1.319709  -0.755845   -0.55270400
-1.321558  -0.793864   -0.76834781
-1.322389  -0.832283   -0.97179656
-1.322185  -0.871075   -1.13720592
-1.320932  -0.910214   -1.24420986
-1.318616  -0.949672   -1.28069190
-1.315222  -0.989423   -1.24452980
-1.310738  -1.029439   -1.14393012
-1.305151  -1.069690   -0.99639305
-1.298450  -1.110149   -0.82615761
-1.290623  -1.150787   -0.66063966
-1.281661  -1.191573   -0.52610951
-1.271554  -1.232478   -0.44336425
-1.260293  -1.273472   -0.42397032
-1.247871  -1.314525   -0.46772936
-1.234279  -1.355605   -0.56185330
-1.219513  -1.396683   -0.68216603
-1.203566  -1.437725   -0.79623399
-1.186433  -1.478702   -0.86831803
-1.168110  -1.519582   -0.86533534
-1.148595  -1.560332   -0.76317591
-1.127885  -1.600920   -0.55226732
-1.105977  -1.641315   -0.24146028
-1.082872  -1.681484    0.14063419
-1.499675  -0.031206    1.70108470
-1.520504  -0.031639    1.64823594
-1.541333  -0.032072    1.48391017
-1.562162  -0.032506    1.22015510
-1.582991  -0.032939    0.87563197
-1.603819  -0.033373    0.47432781
-1.624648  -0.033806    0.04382313
-1.645477  -0.034240   -0.38647964
-1.666306  -0.034673   -0.78742318
-1.687135  -0.035106   -1.13204312
-1.707964  -0.035540   -1.39737091
-1.728792  -0.035973   -1.56595096
-1.749621  -0.036407   -1.62701086
-1.770450  -0.036840   -1.57709696
-1.791279  -0.037273   -1.42029916
-1.812108  -0.037707   -1.16791739
-1.832937  -0.038140   -0.83765523
-1.853765  -0.038574   -0.45240399
-1.874594  -0.039007   -0.03859079
-1.895423  -0.039440    0.37551989
-1.916252  -0.039874    0.76181889
-1.937081  -0.040307    1.09423552
-1.957910  -0.040741    1.35049211
-1.978738  -0.041174    1.51358530
-1.999567  -0.041607    1.57293728
-1.498702  -0.062398    1.70124983
-1.497079  -0.093563    1.70112320
-1.494809  -0.124687    1.70010575
-1.491891  -0.155758    1.69736088
-1.488328  -0.186761    1.69182590
-1.484121  -0.217684    1.68221896
-1.479271  -0.248512    1.66705736
-1.473781  -0.279232    1.64468866
-1.467653  -0.309832    1.61332262
-1.460889  -0.340298    1.57108460
-1.453494  -0.370616    1.51609680
-1.445469  -0.400774    1.44653333
-1.436818  -0.430758    1.36075636
-1.427546  -0.460556    1.25743068
-1.417656  -0.490155    1.13564602
-1.407152  -0.519542    0.99508409
-1.396039  -0.548703    0.83617924
-1.384322  -0.577627    0.66025146
-1.372005  -0.606301    0.46964196
-1.359095  -0.634713    0.26783450
-1.345597  -0.662850    0.05946849
-1.331516  -0.690700   -0.14967616
-1.316858  -0.718251   -0.35278421
-1.301631  -0.745491   -0.54222874
-1.303699  -0.783136   -0.75959005
-1.304757  -0.821186   -0.98299405
-1.304788  -0.859613   -1.18408766
-1.303777  -0.898393   -1.33768581
-1.301710  -0.937497   -1.42506820
-1.298574  -0.976899   -1.43655528
-1.294354  -1.016571   -1.37287523
-1.289038  -1.056484   -1.24505448
-1.282615  -1.096611   -1.07282491
-1.275073  -1.136922   -0.88172562
-1.266403  -1.177387   -0.69911920
-1.256594  -1.217978   -0.54982496
-1.245638  -1.258664   -0.45191525
-1.233527  -1.299415   -0.41338579
-1.220253  -1.340201   -0.43029496
-1.205811  -1.380989   -0.48680028
-1.190193  -1.421751   -0.55724533
-1.173395  -1.462453   -0.61018096
-1.155414  -1.503065   -0.61387245
-1.136245  -1.543554   -0.54237749
-1.115886  -1.583889   -0.38152722
-1.094335  -1.624038   -0.13341555
-1.071592  -1.663968    0.18136244
-1.047657  -1.703648    0.52464950
-1.479167  0.000000    1.63845919
-1.500000  0.000000    1.70098964
-1.520833  0.000000    1.64744603
-1.541667  0.000000    1.48243286
-1.562500  0.000000    1.21806508
-1.583333  0.000000    0.87304650
-1.604167  0.000000    0.47136581
-1.625000  0.000000    0.04071428
-1.645833  0.000000   -0.38952220
-1.666667  0.000000   -0.79020034
-1.687500  0.000000   -1.13432719
-1.708333  0.000000   -1.39898096
-1.729167  0.000000   -1.56675829
-1.750000  0.000000   -1.62690618
-1.770833  0.000000   -1.57605342
-1.791667  0.000000   -1.41834528
-1.812500  0.000000   -1.16516249
-1.833333  0.000000   -0.83426335
-1.854167  0.000000   -0.44855094
-1.875000  0.000000   -0.03456495
-1.895833  0.000000    0.37944459
-1.916667  0.000000    0.76538439
-1.937500  0.000000    1.09716410
-1.958333  0.000000    1.35256206
-1.979167  0.000000    1.51463941
-2.000000  0.000000    1.57285334
-1.478847  -0.030772    1.63789676
-1.477886  -0.061531    1.63608836
-1.476286  -0.092263    1.63270095
-1.474047  -0.122956    1.62716562
-1.471171  -0.153595    1.61870857
-1.467657  -0.184167    1.60633346
-1.463508  -0.214660    1.58888509
-1.458725  -0.245060    1.56503577
-1.453311  -0.275354    1.53334976
-1.447268  -0.305529    1.49230826
-1.440599  -0.335571    1.44038389
-1.433306  -0.365469    1.37609809
-1.425393  -0.395208    1.29813488
-1.416863  -0.424776    1.20541756
-1.407719  -0.454160    1.09723160
-1.397966  -0.483347    0.97336993
-1.387608  -0.512326    0.83422794
-1.376650  -0.541082    0.68095317
-1.365095  -0.569605    0.51551309
-1.352950  -0.597880    0.34085087
-1.340219  -0.625897    0.16083843
-1.326908  -0.653644   -0.01968055
-1.313022  -0.681107   -0.19499969
-1.298569  -0.708275   -0.35872211
-1.283553  -0.735137   -0.50405272
-1.285840  -0.772408   -0.70992569
-1.287125  -0.810089   -0.94024104
-1.287391  -0.848152   -1.16591400
-1.286622  -0.886572   -1.35843812
-1.284805  -0.925322   -1.49356619
-1.281925  -0.964375   -1.55455383
-1.277969  -1.003703   -1.53441860
-1.272925  -1.043278   -1.43688889
-1.266780  -1.083072   -1.27584400
-1.259524  -1.123057   -1.07321161
-1.251145  -1.163202   -0.85567221
-1.241635  -1.203478   -0.65041985
-1.230984  -1.243856   -0.48080738
-1.219184  -1.284306   -0.36240546
-1.206228  -1.324796   -0.30020781
-1.192108  -1.365296   -0.28749448
-1.176820  -1.405776   -0.30677978
-1.160358  -1.446203   -0.33266764
-1.142717  -1.486547   -0.33654787
-1.123894  -1.526776   -0.29231734
-1.103887  -1.566858   -0.18227256
-1.082693  -1.606761   -0.00208007
-1.060312  -1.646453    0.23613751
-1.036744  -1.685901    0.50366096
-1.011988  -1.725074    0.75835941
-1.458018  0.030339    1.46195317
-1.478847  0.030772    1.63789676
-1.499675  0.031206    1.70108470
-1.520504  0.031639    1.64823594
-1.541333  0.032072    1.48391017
-1.562162  0.032506    1.22015510
-1.582991  0.032939    0.87563197
-1.603819  0.033373    0.47432781
-1.624648  0.033806    0.04382313
-1.645477  0.034240   -0.38647964
-1.666306  0.034673   -0.78742318
-1.687135  0.035106   -1.13204312
-1.707964  0.035540   -1.39737091
-1.728792  0.035973   -1.56595096
-1.749621  0.036407   -1.62701086
-1.770450  0.036840   -1.57709696
-1.791279  0.037273   -1.42029916
-1.812108  0.037707   -1.16791739
-1.832937  0.038140   -0.83765523
-1.853765  0.038574   -0.45240399
-1.874594  0.039007   -0.03859079
-1.895423  0.039440    0.37551989
-1.916252  0.039874    0.76181889
-1.937081  0.040307    1.09423552
-1.957910  0.040741    1.35049211
-1.978738  0.041174    1.51358530
-1.999567  0.041607    1.57293728
-1.458333  0.000000    1.46308616
-1.458018  -0.030339    1.46195317
-1.457071  -0.060664    1.45842920
-1.455494  -0.090964    1.45223094
-1.453286  -0.121224    1.44284420
-1.450450  -0.151431    1.42961563
-1.446986  -0.181573    1.41169225
-1.442895  -0.211637    1.38808926
-1.438180  -0.241609    1.35773507
-1.432842  -0.271476    1.31946677
-1.426884  -0.301226    1.27213063
-1.420309  -0.330845    1.21461811
-1.413119  -0.360321    1.14593015
-1.405317  -0.389641    1.06528494
-1.396907  -0.418793    0.97221456
-1.387892  -0.447763    0.86663726
-1.378276  -0.476540    0.74898992
-1.368064  -0.505110    0.62032345
-1.357260  -0.533461    0.48236549
-1.345868  -0.561582    0.33759763
-1.333894  -0.589460    0.18930918
-1.321342  -0.617082    0.04154120
-1.308219  -0.644437   -0.10094465
-1.294529  -0.671514   -0.23285407
-1.280279  -0.698299   -0.34852829
-1.265475  -0.724783   -0.44229305
-1.267981  -0.761681   -0.62412976
-1.269493  -0.798992   -0.84778363
-1.269993  -0.836690   -1.08529228
-1.269467  -0.874751   -1.30658357
-1.267900  -0.913147   -1.48328865
-1.265277  -0.951850   -1.59249566
-1.261585  -0.990835   -1.61980300
-1.256812  -1.030072   -1.56123497
-1.250945  -1.069534   -1.42375930
-1.243974  -1.109192   -1.22420598
-1.235887  -1.149016   -0.98674148
-1.226675  -1.188979   -0.73912581
-1.216329  -1.229049   -0.50844457
-1.204841  -1.269196   -0.31675904
-1.192202  -1.309391   -0.17754099
-1.178406  -1.349603   -0.09351026
-1.163447  -1.389801   -0.05625952
-1.147320  -1.429954   -0.04794426
-1.130020  -1.470030   -0.04484377
-1.111544  -1.509999   -0.02239958
-1.091888  -1.549827    0.03926090
-1.071052  -1.589484    0.15001359
-1.049033  -1.628937    0.30616799
-1.025831  -1.668155    0.48913184
-1.001446  -1.707105    0.66732613
-0.975881  -1.745754    0.80130885
-1.436256  0.059798    1.17936094
-1.457071  0.060664    1.45842920
-1.477886  0.061531    1.63608836
-1.498702  0.062398    1.70124983
-1.519517  0.063264    1.65048800
-1.540332  0.064131    1.48822477
-1.561148  0.064998    1.22633739
-1.581963  0.065864    0.88336251
-1.602778  0.066731    0.48312265
-1.623593  0.067598    0.05313233
-1.644409  0.068464   -0.37731166
-1.665224  0.069331   -0.77903530
-1.686039  0.070197   -1.12507059
-1.706855  0.071064   -1.39238890
-1.727670  0.071931   -1.56339780
-1.748485  0.072797   -1.62716943
-1.769301  0.073664   -1.58007467
-1.790116  0.074531   -1.42601088
-1.810931  0.075397   -1.17608008
-1.831746  0.076264   -0.84779884
-1.852562  0.077131   -0.46386053
-1.873377  0.077997   -0.05064777
-1.894192  0.078864    0.36368149
-1.915008  0.079730    0.75104992
-1.935823  0.080597    1.08530610
-1.956638  0.081464    1.34408971
-1.977454  0.082330    1.51025471
-1.998269  0.083197    1.57299448
-1.437189  0.029905    1.18423640
-1.437500  0.000000    1.18583372
-1.437189  -0.029905    1.18423640
-1.436256  -0.059798    1.17936094
-1.434701  -0.089664    1.17095765
-1.432525  -0.119492    1.15863747
-1.429729  -0.149268    1.14186786
-1.426314  -0.178980    1.11999685
-1.422282  -0.208614    1.09229351
-1.417634  -0.238157    1.05795470
-1.412373  -0.267598    1.01620014
-1.406500  -0.296923    0.96625288
-1.400019  -0.326119    0.90748829
-1.392931  -0.355174    0.83940567
-1.385241  -0.384075    0.76181644
-1.376951  -0.412810    0.67481322
-1.368065  -0.441367    0.57893146
-1.358587  -0.469732    0.47519105
-1.348521  -0.497894    0.36517045
-1.337871  -0.525841    0.25104999
-1.326642  -0.553559    0.13564640
-1.314838  -0.581039    0.02237639
-1.302466  -0.608267   -0.08477203
-1.289530  -0.635231   -0.18141213
-1.276036  -0.661921   -0.26289710
-1.261989  -0.688324   -0.32458143
-1.247396  -0.714429   -0.36212956
-1.250122  -0.750953   -0.50879273
-1.251861  -0.787895   -0.71251035
-1.252596  -0.825229   -0.94823612
-1.252312  -0.862930   -1.18618172
-1.250994  -0.900971   -1.39556393
-1.248628  -0.939326   -1.54861054
-1.245201  -0.977967   -1.62420621
-1.240699  -1.016866   -1.61072805
-1.235111  -1.055996   -1.50760056
-1.228424  -1.095327   -1.32531612
-1.220629  -1.134831   -1.08384867
-1.211716  -1.174479   -0.80967076
-1.201675  -1.214241   -0.53176081
-1.190497  -1.254087   -0.27718591
-1.178176  -1.293987   -0.06700100
-1.164703  -1.333910    0.08692588
-1.150074  -1.373827    0.18341476
-1.134282  -1.413705    0.23170452
-1.117323  -1.453513    0.24905360
-1.099193  -1.493221    0.25676932
-1.079890  -1.532796    0.27520009
-1.059410  -1.572207    0.31864880
-1.037753  -1.611422    0.39116366
-1.014917  -1.650409    0.48441531
-0.990905  -1.689135    0.57820315
-0.965715  -1.727569    0.64406952
-0.939351  -1.765678    0.65159261
-1.413908  0.088365    0.80708025
-1.434701  0.089664    1.17095765
-1.455494  0.090964    1.45223094
-1.476286  0.092263    1.63270095
-1.497079  0.093563    1.70112320
-1.517872  0.094862    1.65384834
-1.538665  0.096162    1.49504474
-1.559457  0.097461    1.23636080
-1.580250  0.098761    0.89602973
-1.601043  0.100060    0.49767350
-1.621836  0.101360    0.06862787
-1.642629  0.102659   -0.36190486
-1.663421  0.103959   -0.76481844
-1.684214  0.105258   -1.11312740
-1.705007  0.106558   -1.38365722
-1.725800  0.107857   -1.55865184
-1.746592  0.109157   -1.62691576
-1.767385  0.110456   -1.58453139
-1.788178  0.111756   -1.43505876
-1.808971  0.113055   -1.18926886
-1.829763  0.114355   -0.86438440
-1.850556  0.115654   -0.48281910
-1.871349  0.116954   -0.07072617
-1.892142  0.118253    0.34383999
-1.912934  0.119553    0.73279942
-1.933727  0.120852    1.07000816
-1.954520  0.122151    1.33290467
-1.975313  0.123451    1.50408704
-1.996106  0.124750    1.57244132
-1.415440  0.058931    0.81693652
-1.416360  0.029472    0.82274678
-1.416667  0.000000    0.82466968
-1.416360  -0.029472    0.82274678
-1.415440  -0.058931    0.81693652
-1.413908  -0.088365    0.80708025
-1.411764  -0.117760    0.79289077
-1.409008  -0.147105    0.77399107
-1.405643  -0.176386    0.74998907
-1.401669  -0.205590    0.72039564
-1.397089  -0.234706    0.68477944
-1.391904  -0.263720    0.64270581
-1.386116  -0.292619    0.59385133
-1.379729  -0.321392    0.53808232
-1.372744  -0.350026    0.47541211
-1.365165  -0.378509    0.40618498
-1.356995  -0.406827    0.33105660
-1.348238  -0.434970    0.25110393
-1.338897  -0.462924    0.16782063
-1.328977  -0.490678    0.08321648
-1.318481  -0.518220   -0.00024383
-1.307415  -0.545537   -0.07958872
-1.295783  -0.572618   -0.15146083
-1.283590  -0.599451   -0.21218543
-1.270841  -0.626025   -0.25793355
-1.257542  -0.652328   -0.28492754
-1.243699  -0.678348   -0.28970711
-1.229318  -0.704075   -0.26943318
-1.232264  -0.740225   -0.37189230
-1.234229  -0.776797   -0.54346436
-1.235199  -0.813767   -0.76369340
-1.235157  -0.851109   -1.00493976
-1.234089  -0.888796   -1.23586689
-1.231980  -0.926802   -1.42543835
-1.228817  -0.965099   -1.54698158
-1.224586  -1.003660   -1.58173844
-1.219276  -1.042457   -1.52140990
-1.212875  -1.081462   -1.36926250
-1.205372  -1.120646   -1.13964882
-1.196757  -1.159979   -0.85592657
-1.187020  -1.199433   -0.54702498
-1.176154  -1.238977   -0.24325519
-1.164150  -1.278582    0.02816379
-1.151001  -1.318217    0.24694276
-1.136701  -1.357852    0.40241510
-1.121244  -1.397455    0.49452207
-1.104626  -1.436996    0.53282258
-1.086843  -1.476443    0.53374611
-1.067891  -1.515765    0.51643774
-1.047768  -1.554930    0.49801084
-1.026473  -1.593906    0.48921941
-1.004004  -1.632662    0.49152210
-0.980363  -1.671166    0.49636126
-0.955550  -1.709384    0.48714224
-0.929566  -1.747286    0.44378876
-0.902415  -1.784838    0.34914480
-1.391003  0.116029    0.36962400
-1.411764  0.117760    0.79289077
-1.432525  0.119492    1.15863747
-1.453286  0.121224    1.44284420
-1.474047  0.122956    1.62716562
-1.494809  0.124687    1.70010575
-1.515570  0.126419    1.65772024
-1.536331  0.128151    1.50383838
-1.557092  0.129883    1.24972723
-1.577854  0.131615    0.91326884
-1.598615  0.133346    0.51778246
-1.619376  0.135078    0.09032379
-1.640137  0.136810   -0.34008770
-1.660899  0.138542   -0.74446287
-1.681660  0.140273   -1.09570888
-1.702421  0.142005   -1.37055111
-1.723182  0.143737   -1.55098566
-1.743943  0.145469   -1.62547648
-1.764705  0.147200   -1.58968369
-1.785466  0.148932   -1.44672163
-1.806227  0.150664   -1.20689472
-1.826988  0.152396   -0.88696366
-1.847750  0.154128   -0.50896321
-1.868511  0.155859   -0.09876596
-1.889272  0.157591    0.31578998
-1.910033  0.159323    0.70670917
-1.930795  0.161055    1.04775758
-1.951556  0.162786    1.31615488
-1.972317  0.164518    1.49418843
-1.993078  0.166250    1.57030861
-1.393115  0.087065    0.38455140
-1.394625  0.058065    0.39508862
-1.395531  0.029039    0.40134449
-1.395833  0.000000    0.40341837
-1.395531  -0.029039    0.40134449
-1.394625  -0.058065    0.39508862
-1.393115  -0.087065    0.38455140
-1.391003  -0.116029    0.36962400
-1.388288  -0.144942    0.35009071
-1.384972  -0.173792    0.32578583
-1.381057  -0.202567    0.29655683
-1.376544  -0.231254    0.26227580
-1.371435  -0.259841    0.22292577
-1.365732  -0.288316    0.17862292
-1.359439  -0.316666    0.12970201
-1.352557  -0.344879    0.07666891
-1.345089  -0.372942    0.02034588
-1.337039  -0.400845   -0.03809600
-1.328411  -0.428573   -0.09714860
-1.319207  -0.456117   -0.15494239
-1.309433  -0.483462   -0.20918537
-1.299092  -0.510599   -0.25726295
-1.288188  -0.537514   -0.29626184
-1.276727  -0.564197   -0.32303370
-1.264713  -0.590636   -0.33439027
-1.252152  -0.616819   -0.32723780
-1.239049  -0.642735   -0.29881784
-1.225410  -0.668372   -0.24695809
-1.211240  -0.693721   -0.17035120
-1.214405  -0.729497   -0.22221933
-1.216597  -0.765700   -0.35127545
-1.217802  -0.802306   -0.54301755
-1.218002  -0.839288   -0.77372029
-1.217184  -0.876621   -1.01343471
-1.215332  -0.914277   -1.22967302
-1.212432  -0.952231   -1.39170807
-1.208473  -0.990454   -1.47461360
-1.203441  -1.028919   -1.46262299
-1.197325  -1.067597   -1.35134889
-1.190114  -1.106460   -1.14840271
-1.181797  -1.145479   -0.87236223
-1.172366  -1.184625   -0.55019318
-1.161811  -1.223868   -0.21342813
-1.150124  -1.263178    0.10625310
-1.137299  -1.302524    0.38139436
-1.123328  -1.341877    0.59242722
-1.108207  -1.381206    0.72981880
-1.091929  -1.420479    0.79462292
-1.074492  -1.459665    0.79694730
-1.055892  -1.498734    0.75299586
-1.036126  -1.537653    0.68099067
-1.015193  -1.576391    0.59689340
-0.993091  -1.614916    0.51097665
-0.969822  -1.653196    0.42598352
-0.945384  -1.691199    0.33752415
-0.919782  -1.728893    0.23684372
-0.893015  -1.766246    0.11528907
-0.865089  -1.803225   -0.03027665
-1.367567  0.142778   -0.10179909
-1.388288  0.144942    0.35009071
-1.409008  0.147105    0.77399107
-1.429729  0.149268    1.14186786
-1.450450  0.151431    1.42961563
-1.471171  0.153595    1.61870857
-1.491891  0.155758    1.69736088
-1.512612  0.157921    1.66126759
-1.533333  0.160085    1.51380536
-1.554053  0.162248    1.26578475
-1.574774  0.164411    0.93461157
-1.595495  0.166575    0.54314836
-1.616215  0.168738    0.11813208
-1.636936  0.170901   -0.31171719
-1.657657  0.173065   -0.71750259
-1.678378  0.175228   -1.07215816
-1.699098  0.177391   -1.35222041
-1.719819  0.179554   -1.53941746
-1.740540  0.181718   -1.62177845
-1.761260  0.183881   -1.59445512
-1.781981  0.186044   -1.45997705
-1.802702  0.188208   -1.22804363
-1.823423  0.190371   -0.91483518
-1.844143  0.192534   -0.54190504
-1.864864  0.194698   -0.13463314
-1.885585  0.196861    0.27938587
-1.906305  0.199024    0.67226109
-1.927026  0.201188    1.01772972
-1.947747  0.203351    1.29279488
-1.968468  0.205514    1.47933179
-1.989188  0.207677    1.56525381
-1.370241  0.114297   -0.08306001
-1.372323  0.085766   -0.06845346
-1.373810  0.057198   -0.05804285
-1.374702  0.028605   -0.05181194
-1.375000  0.000000   -0.04972235
-1.374702  -0.028605   -0.05181194
-1.373810  -0.057198   -0.05804285
-1.372323  -0.085766   -0.06845346
-1.370241  -0.114297   -0.08306001
-1.367567  -0.142778   -0.10179909
-1.364301  -0.171198   -0.12463430
-1.360444  -0.199543   -0.15144967
-1.355998  -0.227803   -0.18200645
-1.350966  -0.255963   -0.21592835
-1.345348  -0.284013   -0.25272596
-1.339148  -0.311940   -0.29163158
-1.332369  -0.339731   -0.33166421
-1.325013  -0.367376   -0.37158514
-1.317084  -0.394862   -0.40983860
-1.308584  -0.422177   -0.44460250
-1.299518  -0.449309   -0.47371235
-1.289889  -0.476246   -0.49477463
-1.279702  -0.502978   -0.50515294
-1.268962  -0.529492   -0.50210933
-1.257672  -0.555776   -0.48292007
-1.245837  -0.581820   -0.44498658
-1.233464  -0.607612   -0.38606265
-1.220556  -0.633142   -0.30447595
-1.207120  -0.658397   -0.19936466
-1.193162  -0.683367   -0.07092626
-1.196546  -0.718769   -0.06886438
-1.198966  -0.754603   -0.14747766
-1.200405  -0.790844   -0.29922357
-1.200847  -0.827467   -0.50588415
-1.200278  -0.864445   -0.74072124
-1.198683  -0.901753   -0.97179085
-1.196048  -0.939363   -1.16604224
-1.192360  -0.977248   -1.29370858
-1.187606  -1.015380   -1.33231537
-1.181775  -1.053732   -1.26983310
-1.174856  -1.092275   -1.10641092
-1.166838  -1.130980   -0.85449260
-1.157711  -1.169817   -0.53722256
-1.147467  -1.208758   -0.18532215
-1.136098  -1.247773    0.16706860
-1.123596  -1.286831    0.48700120
-1.109955  -1.325902    0.74703031
-1.095169  -1.364956    0.92856262
-1.079233  -1.403961    1.02367145
-1.062142  -1.442887    1.03511918
-1.043893  -1.481703    0.97457885
-1.024484  -1.520376    0.85952714
-1.003913  -1.558876    0.70936946
-0.982178  -1.597170    0.54175270
-0.959280  -1.635227    0.36982442
-0.935219  -1.673014    0.20120249
-0.909997  -1.710501    0.03887448
-0.883615  -1.747654   -0.11622649
-0.856077  -1.784442   -0.26161035
-0.827388  -1.820832   -0.38998643
-1.343629  0.168604   -0.57129330
-1.364301  0.171198   -0.12463430
-1.384972  0.173792    0.32578583
-1.405643  0.176386    0.74998907
-1.426314  0.178980    1.11999685
-1.446986  0.181573    1.41169225
-1.467657  0.184167    1.60633346
-1.488328  0.186761    1.69182590
-1.508999  0.189355    1.66341338
-1.529670  0.191949    1.52394927
-1.550342  0.194543    1.28363413
-1.571013  0.197137    0.95933320
-1.591684  0.199731    0.57333884
-1.612355  0.202325    0.15189172
-1.633027  0.204919   -0.27662003
-1.653698  0.207513   -0.68348134
-1.674369  0.210106   -1.04168292
-1.695040  0.212700   -1.32762876
-1.715711  0.215294   -1.52269764
-1.736383  0.217888   -1.61445690
-1.757054  0.220482   -1.59743739
-1.777725  0.223076   -1.47348068
-1.798396  0.225670   -1.25154899
-1.819068  0.228264   -0.94707576
-1.839739  0.230858   -0.58096002
-1.860410  0.233452   -0.17805416
-1.881081  0.236046    0.23446213
-1.901752  0.238639    0.62891995
-1.922424  0.241233    0.97903025
-1.943095  0.243827    1.26156050
-1.963766  0.246421    1.45797433
-1.984437  0.249015    1.55557444
-1.346846  0.140615   -0.55142946
-1.349480  0.112565   -0.53473324
-1.351530  0.084466   -0.52149060
-1.352995  0.056331   -0.51190303
-1.353874  0.028172   -0.50610803
-1.354167  0.000000   -0.50416975
-1.353874  -0.028172   -0.50610803
-1.352995  -0.056331   -0.51190303
-1.351530  -0.084466   -0.52149060
-1.349480  -0.112565   -0.53473324
-1.346846  -0.140615   -0.55142946
-1.343629  -0.168604   -0.57129330
-1.339831  -0.196520   -0.59391187
-1.335453  -0.224351   -0.61876170
-1.330496  -0.252085   -0.64515999
-1.324964  -0.279710   -0.67217894
-1.318858  -0.307213   -0.69874391
-1.312182  -0.334584   -0.72348354
-1.304937  -0.361810   -0.74484866
-1.297128  -0.388879   -0.76097395
-1.288757  -0.415780   -0.76981161
-1.279828  -0.442501   -0.76908809
-1.270345  -0.469031   -0.75638549
-1.260313  -0.495357   -0.72922645
-1.249735  -0.521469   -0.68518886
-1.238616  -0.547355   -0.62202702
-1.226961  -0.573005   -0.53784377
-1.214775  -0.598406   -0.43130483
-1.202063  -0.623548   -0.30181823
-1.188830  -0.648421   -0.14976543
-1.175083  -0.673013    0.02326741
-1.178687  -0.708041    0.07934253
-1.181334  -0.743506    0.05619285
-1.183008  -0.779383   -0.04626365
-1.183692  -0.815646   -0.21650868
-1.183373  -0.852270   -0.43275198
-1.182035  -0.889229   -0.66548405
-1.179664  -0.926495   -0.88127924
-1.176247  -0.964042   -1.04720123
-1.171772  -1.001842   -1.13522725
-1.166226  -1.039867   -1.12614442
-1.159598  -1.078090   -1.01238055
-1.151878  -1.116480   -0.79925879
-1.143056  -1.155010   -0.50448520
-1.133124  -1.193649   -0.15598297
-1.122072  -1.232368    0.21180273
-1.109894  -1.271138    0.56236754
-1.096582  -1.309928    0.86193783
-1.082131  -1.348707    1.08367826
-1.066536  -1.387444    1.21079882
-1.049791  -1.426110    1.23800189
-1.031894  -1.464672    1.17109554
-1.012842  -1.503099    1.02503375
-0.992633  -1.541360    0.82071657
-0.971265  -1.579423    0.58134562
-0.948739  -1.617257    0.32909082
-0.925054  -1.654829    0.08278971
-0.900212  -1.692108   -0.14287787
-0.874215  -1.729062   -0.33674716
-0.847066  -1.765658   -0.48950404
-0.818769  -1.801865   -0.59184369
-0.789328  -1.837651   -0.63358124
-1.319218  0.193497   -1.00122284
-1.339831  0.196520   -0.59391187
-1.360444  0.199543   -0.15144967
-1.381057  0.202567    0.29655683
-1.401669  0.205590    0.72039564
-1.422282  0.208614    1.09229351
-1.442895  0.211637    1.38808926
-1.463508  0.214660    1.58888509
-1.484121  0.217684    1.68221896
-1.504733  0.220707    1.66283822
-1.525346  0.223730    1.53298010
-1.545959  0.226754    1.30216872
-1.566572  0.229777    0.98653832
-1.587184  0.232801    0.60772716
-1.607797  0.235824    0.19134458
-1.628410  0.238847   -0.23465318
-1.649023  0.241871   -0.64189217
-1.669636  0.244894   -1.00343963
-1.690248  0.247918   -1.29557421
-1.710861  0.250941   -1.49937743
-1.731474  0.253964   -1.60187886
-1.752087  0.256988   -1.59693210
-1.772700  0.260011   -1.48556602
-1.793312  0.263034   -1.27588254
-1.813925  0.266058   -0.98243150
-1.834538  0.269081   -0.62527167
-1.855151  0.272105   -0.22856315
-1.875763  0.275128    0.18102205
-1.896376  0.278151    0.57617291
-1.916989  0.281175    0.93063479
-1.937602  0.284198    1.22102267
-1.958215  0.287222    1.42834650
-1.978827  0.290245    1.53924062
-1.322958  0.166010   -0.98410764
-1.326126  0.138452   -0.96841005
-1.328719  0.110833   -0.95479900
-1.330737  0.083167   -0.94374041
-1.332179  0.055465   -0.93559855
-1.333045  0.027738   -0.93060799
-1.333333  0.000000   -0.92894223
-1.333045  -0.027738   -0.93060799
-1.332179  -0.055465   -0.93559855
-1.330737  -0.083167   -0.94374041
-1.328719  -0.110833   -0.95479900
-1.326126  -0.138452   -0.96841005
-1.322958  -0.166010   -0.98410764
-1.319218  -0.193497   -1.00122284
-1.314907  -0.220899   -1.01897118
-1.310027  -0.248207   -1.03636078
-1.304580  -0.275406   -1.05221941
-1.298568  -0.302487   -1.06515217
-1.291994  -0.329437   -1.07354725
-1.284861  -0.356244   -1.07558548
-1.277172  -0.382896   -1.06926068
-1.268930  -0.409384   -1.05239945
-1.260138  -0.435693   -1.02275264
-1.250802  -0.461815   -0.97798671
-1.240924  -0.487736   -0.91591316
-1.230508  -0.513446   -0.83450055
-1.219560  -0.538935   -0.73205782
-1.208085  -0.564189   -0.60744657
-1.196086  -0.589200   -0.46019678
-1.183569  -0.613955   -0.29075519
-1.170541  -0.638445   -0.10063859
-1.157005  -0.662659    0.10739673
-1.160828  -0.697313    0.21432567
-1.163702  -0.732409    0.24841921
-1.165610  -0.767921    0.20182491
-1.166537  -0.803825    0.07847128
-1.166468  -0.840095   -0.10617190
-1.165387  -0.876704   -0.32685713
-1.163280  -0.913627   -0.55178350
-1.160134  -0.950836   -0.74670092
-1.155937  -0.988304   -0.87954984
-1.150676  -1.026002   -0.92488351
-1.144340  -1.063904   -0.86761995
-1.136919  -1.101980   -0.70537786
-1.128402  -1.140202   -0.44915108
-1.118781  -1.178539   -0.12221661
-1.108046  -1.216964    0.24280266
-1.096191  -1.255445    0.60798755
-1.083209  -1.293953    0.93509892
-1.069093  -1.332457    1.19040932
-1.053839  -1.370927    1.34883583
-1.037441  -1.409332    1.39678245
-1.019896  -1.447641    1.33319187
-1.001200  -1.485822    1.16887352
-0.981353  -1.523845    0.92421112
-0.960352  -1.561677    0.62592061
-0.938197  -1.599287    0.30337073
-0.914888  -1.636644   -0.01467597
-0.890427  -1.673716   -0.30242328
-0.864815  -1.710470   -0.53833079
-0.838055  -1.746875   -0.70533715
-0.810150  -1.782898   -0.79068355
-0.781106  -1.818509   -0.78591829
-0.750928  -1.853674   -0.68797963
-1.294362  0.217448   -1.35566281
-1.314907  0.220899   -1.01897118
-1.335453  0.224351   -0.61876170
-1.355998  0.227803   -0.18200645
-1.376544  0.231254    0.26227580
-1.397089  0.234706    0.68477944
-1.417634  0.238157    1.05795470
-1.438180  0.241609    1.35773507
-1.458725  0.245060    1.56503577
-1.479271  0.248512    1.66705736
-1.499816  0.251963    1.65799211
-1.520362  0.255415    1.53938653
-1.540907  0.258867    1.31998699
-1.561452  0.262318    1.01508530
-1.581998  0.265770    0.64545730
-1.602543  0.269221    0.23604014
-1.623089  0.272673   -0.18587565
-1.643634  0.276124   -0.59229390
-1.664180  0.279576   -0.95652542
-1.684725  0.283027   -1.25477473
-1.705270  0.286479   -1.46782087
-1.725816  0.289930   -1.58217586
-1.746361  0.293382   -1.59094116
-1.766907  0.296834   -1.49424387
-1.787452  0.300285   -1.29918226
-1.807998  0.303737   -1.01927449
-1.828543  0.307188   -0.67360656
-1.849088  0.310640   -0.28544712
-1.869634  0.314091    0.11927048
-1.890179  0.317543    0.51362204
-1.910725  0.320994    0.87159473
-1.931270  0.324446    1.16966768
-1.951816  0.327898    1.38847245
-1.972361  0.331349    1.51394631
-1.298605  0.190473   -1.34581535
-1.302287  0.163416   -1.33501747
-1.305405  0.136288   -1.32429301
-1.307958  0.109102   -1.31445583
-1.309944  0.081867   -1.30617226
-1.311364  0.054598   -1.29990151
-1.312216  0.027305   -1.29600864
-1.312500  0.000000   -1.29468947
-1.312216  -0.027305   -1.29600864
-1.311364  -0.054598   -1.29990151
-1.309944  -0.081867   -1.30617226
-1.307958  -0.109102   -1.31445583
-1.305405  -0.136288   -1.32429301
-1.302287  -0.163416   -1.33501747
-1.298605  -0.190473   -1.34581535
-1.294362  -0.217448   -1.35566281
-1.289558  -0.244328   -1.36339537
-1.284196  -0.271103   -1.36760576
-1.278278  -0.297761   -1.36671198
-1.271807  -0.324289   -1.35893974
-1.264785  -0.350677   -1.34235459
-1.257216  -0.376914   -1.31487374
-1.249103  -0.402987   -1.27435798
-1.240449  -0.428886   -1.21864811
-1.231258  -0.454599   -1.14566898
-1.221534  -0.480115   -1.05353786
-1.211282  -0.505424   -0.94069155
-1.200505  -0.530514   -0.80606031
-1.189208  -0.555374   -0.64920243
-1.177397  -0.579994   -0.47048414
-1.165076  -0.604362   -0.27125604
-1.152251  -0.628470   -0.05397272
-1.138927  -0.652305    0.17764139
-1.142969  -0.686585    0.32919123
-1.146070  -0.721312    0.41896099
-1.148213  -0.756460    0.43161852
-1.149382  -0.792004    0.36314977
-1.149562  -0.827920    0.22161984
-1.148738  -0.864180    0.02640027
-1.146896  -0.900759   -0.19422707
-1.144021  -0.937630   -0.40667107
-1.140102  -0.974765   -0.57662409
-1.135126  -1.012138   -0.67375245
-1.129082  -1.049719   -0.67611515
-1.121959  -1.087480   -0.57353804
-1.113747  -1.125394   -0.36945109
-1.104437  -1.163430   -0.08091945
-1.094020  -1.201559    0.26324272
-1.082489  -1.239752    0.62597768
-1.069836  -1.277978    0.96669150
-1.056056  -1.316208    1.24645312
-1.041142  -1.354410    1.43297050
-1.025090  -1.392554    1.50458743
-1.007897  -1.430610    1.45277896
-0.989559  -1.468545    1.28285381
-0.970073  -1.506329    1.01278602
-0.949439  -1.543931    0.67059783
-0.927655  -1.581318    0.29074699
-0.904723  -1.618459   -0.08981034
-0.880642  -1.655323   -0.43532304
-0.855415  -1.691878   -0.71415235
-0.829043  -1.728091   -0.90100632
-0.801532  -1.763931   -0.97835981
-0.772884  -1.799366   -0.93779795
-0.743105  -1.834365   -0.78127269
-0.712202  -1.868895   -0.52277158
-1.269089  0.240450   -1.60403467
-1.289558  0.244328   -1.36339537
-1.310027  0.248207   -1.03636078
-1.330496  0.252085   -0.64515999
-1.350966  0.255963   -0.21592835
-1.371435  0.259841    0.22292577
-1.391904  0.263720    0.64270581
-1.412373  0.267598    1.01620014
-1.432842  0.271476    1.31946677
-1.453311  0.275354    1.53334976
-1.473781  0.279232    1.64468866
-1.494250  0.283111    1.64710719
-1.514719  0.286989    1.54140849
-1.535188  0.290867    1.33543547
-1.555657  0.294745    1.04351475
-1.576126  0.298624    0.68547062
-1.596596  0.302502    0.28527987
-1.617065  0.306380   -0.13045897
-1.637534  0.310258   -0.53438615
-1.658003  0.314137   -0.90010206
-1.678472  0.318015   -1.20389763
-1.698942  0.321893   -1.42630281
-1.719411  0.325771   -1.55328552
-1.739880  0.329649   -1.57719826
-1.760349  0.333528   -1.49718784
-1.780818  0.337406   -1.31922351
-1.801287  0.341284   -1.05565597
-1.821757  0.345162   -0.72435385
-1.842226  0.349041   -0.34756121
-1.862695  0.352919    0.04967421
-1.883164  0.356797    0.44111144
-1.903633  0.360675    0.80105086
-1.924102  0.364553    1.10601826
-1.944572  0.368432    1.33630092
-1.965041  0.372310    1.47717715
-1.273816  0.213996   -1.60585379
-1.277993  0.187450   -1.60398889
-1.281616  0.160822   -1.59978529
-1.284684  0.134125   -1.59436919
-1.287196  0.107370   -1.58868306
-1.289151  0.080568   -1.58348736
-1.290549  0.053731   -1.57935540
-1.291387  0.026872   -1.57672452
-1.291667  0.000000   -1.57581374
-1.291387  -0.026872   -1.57672452
-1.290549  -0.053731   -1.57935540
-1.289151  -0.080568   -1.58348736
-1.287196  -0.107370   -1.58868306
-1.284684  -0.134125   -1.59436919
-1.281616  -0.160822   -1.59978529
-1.277993  -0.187450   -1.60398889
-1.273816  -0.213996   -1.60585379
-1.269089  -0.240450   -1.60403467
-1.263812  -0.266800   -1.59704458
-1.257988  -0.293034   -1.58319829
-1.251620  -0.319142   -1.56065803
-1.244709  -0.345111   -1.52749147
-1.237260  -0.370931   -1.48166266
-1.229276  -0.396590   -1.42115284
-1.220759  -0.422078   -1.34401435
-1.211714  -0.447383   -1.24847071
-1.202145  -0.472494   -1.13304014
-1.192055  -0.497401   -0.99665829
-1.181449  -0.522093   -0.83883043
-1.170332  -0.546558   -0.65978750
-1.158708  -0.570787   -0.46060286
-1.146583  -0.594769   -0.24336697
-1.133961  -0.618494   -0.01126402
-1.120849  -0.641951    0.23131792
-1.125110  -0.675857    0.41856270
-1.128438  -0.710215    0.55917986
-1.130816  -0.744998    0.63112293
-1.132227  -0.780183    0.62251270
-1.132657  -0.815744    0.53337183
-1.132090  -0.851656    0.37594943
-1.130511  -0.887891    0.17330444
-1.127908  -0.924424   -0.04369640
-1.124267  -0.961227   -0.24038762
-1.119577  -0.998273   -0.38321493
-1.113824  -1.035533   -0.44446156
-1.107000  -1.072981   -0.40659838
-1.099093  -1.110586   -0.26504770
-1.090094  -1.148320   -0.02951351
-1.079994  -1.186155    0.27681889
-1.068787  -1.224059    0.61986807
-1.056463  -1.262003    0.95896835
-1.043018  -1.299958    1.25200195
-1.028445  -1.337893    1.46093555
-1.012740  -1.375776    1.55679105
-0.995898  -1.413579    1.52344884
-0.977917  -1.451268    1.35971166
-0.958793  -1.488814    1.07942784
-0.938526  -1.526184    0.70978323
-0.917114  -1.563348    0.28798150
-0.894557  -1.600274   -0.14296344
-0.870857  -1.636931   -0.53886115
-0.846014  -1.673286   -0.85885140
-0.820032  -1.709307   -1.06927994
-0.792913  -1.744964   -1.14699034
-0.764662  -1.780224   -1.08185986
-0.735283  -1.815056   -0.87879468
-0.704783  -1.849427   -0.55905368
-0.673168  -1.883307   -0.16052932
-1.243428  0.262497   -1.72459225
-1.263812  0.266800   -1.59704458
-1.284196  0.271103   -1.36760576
-1.304580  0.275406   -1.05221941
-1.324964  0.279710   -0.67217894
-1.345348  0.284013   -0.25272596
-1.365732  0.288316    0.17862292
-1.386116  0.292619    0.59385133
-1.406500  0.296923    0.96625288
-1.426884  0.301226    1.27213063
-1.447268  0.305529    1.49230826
-1.467653  0.309832    1.61332262
-1.488037  0.314135    1.62822740
-1.508421  0.318439    1.53702120
-1.528805  0.322742    1.34656851
-1.549189  0.327045    1.07010079
-1.569573  0.331348    0.72631530
-1.589957  0.335652    0.33811899
-1.610341  0.339955   -0.06887725
-1.630725  0.344258   -0.46805263
-1.651109  0.348561   -0.83349930
-1.671493  0.352864   -1.14169912
-1.691877  0.357168   -1.37303176
-1.712261  0.361471   -1.51301791
-1.732645  0.365774   -1.55322560
-1.753029  0.370077   -1.49177227
-1.773414  0.374381   -1.33339079
-1.793798  0.378684   -1.08911700
-1.814182  0.382987   -0.77547578
-1.834566  0.387290   -0.41340065
-1.854950  0.391593   -0.02683652
-1.875334  0.395897    0.35883938
-1.895718  0.400200    0.71847127
-1.916102  0.404503    1.02877109
-1.936486  0.408806    1.26981524
-1.956870  0.413110    1.42632211
-1.248620  0.236572   -1.74147765
-1.253271  0.210545   -1.75196140
-1.257380  0.184426   -1.75756949
-1.260945  0.158228   -1.75966556
-1.263963  0.131962   -1.75944525
-1.266435  0.105638   -1.75790193
-1.268359  0.079269   -1.75585785
-1.269733  0.052865   -1.75395334
-1.270558  0.026438   -1.75262939
-1.270833  0.000000   -1.75215846
-1.270558  -0.026438   -1.75262939
-1.269733  -0.052865   -1.75395334
-1.268359  -0.079269   -1.75585785
-1.266435  -0.105638   -1.75790193
-1.263963  -0.131962   -1.75944525
-1.260945  -0.158228   -1.75966556
-1.257380  -0.184426   -1.75756949
-1.253271  -0.210545   -1.75196140
-1.248620  -0.236572   -1.74147765
-1.243428  -0.262497   -1.72459225
-1.237698  -0.288308   -1.69963152
-1.231432  -0.313994   -1.66481279
-1.224633  -0.339545   -1.61827937
-1.217304  -0.364948   -1.55816973
-1.209449  -0.390194   -1.48267136
-1.201070  -0.415270   -1.39012867
-1.192170  -0.440167   -1.27911610
-1.182755  -0.464874   -1.14858014
-1.172828  -0.489379   -0.99795399
-1.162393  -0.513672   -0.82727813
-1.151456  -0.537743   -0.63734591
-1.140019  -0.561581   -0.42980389
-1.128090  -0.585176   -0.20729063
-1.115672  -0.608518    0.02654132
-1.102771  -0.631597    0.26695394
-1.107251  -0.665130    0.47881553
-1.110806  -0.699118    0.66246026
-1.113419  -0.733537    0.79033346
-1.115073  -0.768362    0.84321786
-1.115752  -0.803569    0.81297469
-1.115441  -0.839131    0.70386453
-1.114127  -0.875023    0.53219290
-1.111795  -0.911218    0.32436528
-1.108433  -0.947688    0.11331630
-1.104027  -0.984408   -0.06599655
-1.098566  -1.021348   -0.18163746
-1.092040  -1.058481   -0.20950241
-1.084438  -1.095778   -0.13713799
-1.075751  -1.133211    0.03383951
-1.065969  -1.170750    0.28731215
-1.055084  -1.208366    0.59421472
-1.043090  -1.246029    0.91600636
-1.029980  -1.283709    1.20960448
-1.015748  -1.321376    1.43306726
-1.000389  -1.358999    1.55128191
-0.983899  -1.396547    1.54086369
-0.966275  -1.433991    1.39355393
-0.947513  -1.471298    1.11768323
-0.927613  -1.508438    0.73753973
-0.906572  -1.545379    0.29071954
-0.884392  -1.582089   -0.17602894
-0.861072  -1.618538   -0.61212815
-0.836614  -1.654694   -0.96873134
-0.811021  -1.690524   -1.20426114
-0.784295  -1.725997   -1.28933447
-0.756440  -1.761082   -1.21070957
-0.727461  -1.795747   -0.97414820
-0.697364  -1.829960   -0.60580195
-0.666155  -1.863689   -0.15169145
-0.633842  -1.896904    0.32529114
-1.217408  0.283581   -1.70730421
-1.237698  0.288308   -1.69963152
-1.257988  0.293034   -1.58319829
-1.278278  0.297761   -1.36671198
-1.298568  0.302487   -1.06515217
-1.318858  0.307213   -0.69874391
-1.339148  0.311940   -0.29163158
-1.359439  0.316666    0.12970201
-1.379729  0.321392    0.53808232
-1.400019  0.326119    0.90748829
-1.420309  0.330845    1.21461811
-1.440599  0.335571    1.44038389
-1.460889  0.340298    1.57108460
-1.481179  0.345024    1.59923914
-1.501470  0.349751    1.52400208
-1.521760  0.354477    1.35118660
-1.542050  0.359203    1.09280650
-1.562340  0.363930    0.76626574
-1.582630  0.368656    0.39320626
-1.602920  0.373382   -0.00193155
-1.623210  0.378109   -0.39349213
-1.643500  0.382835   -0.75625703
-1.663791  0.387561   -1.06708850
-1.684081  0.392288   -1.30633521
-1.704371  0.397014   -1.45915974
-1.724661  0.401740   -1.51639665
-1.744951  0.406467   -1.47511142
-1.765241  0.411193   -1.33874907
-1.785531  0.415920   -1.11685430
-1.805821  0.420646   -0.82442476
-1.826112  0.425372   -0.48087352
-1.846402  0.430099   -0.10881850
-1.866692  0.434825    0.26749017
-1.886982  0.439551    0.62369592
-1.907272  0.444278    0.93691504
-1.927562  0.449004    1.18720175
-1.947852  0.453730    1.35882087
-1.223044  0.258193   -1.74073941
-1.228150  0.232694   -1.76548504
-1.232726  0.207093   -1.78311378
-1.236767  0.181403   -1.79507828
-1.240273  0.155634   -1.80270328
-1.243243  0.129798   -1.80715414
-1.245674  0.103906   -1.80942630
-1.247566  0.077969   -1.81034065
-1.248918  0.051998   -1.81053662
-1.249729  0.026005   -1.81047127
-1.250000  0.000000   -1.81041913
-1.249729  -0.026005   -1.81047127
-1.248918  -0.051998   -1.81053662
-1.247566  -0.077969   -1.81034065
-1.245674  -0.103906   -1.80942630
-1.243243  -0.129798   -1.80715414
-1.240273  -0.155634   -1.80270328
-1.236767  -0.181403   -1.79507828
-1.232726  -0.207093   -1.78311378
-1.228150  -0.232694   -1.76548504
-1.223044  -0.258193   -1.74073941
-1.217408  -0.283581   -1.70730421
-1.211245  -0.308847   -1.66353993
-1.204557  -0.333978   -1.60778303
-1.197349  -0.358965   -1.53841217
-1.189622  -0.383797   -1.45390359
-1.181380  -0.408463   -1.35293968
-1.172627  -0.432951   -1.23450002
-1.163366  -0.457253   -1.09794534
-1.153601  -0.481356   -0.94316754
-1.143338  -0.505251   -0.77067978
-1.132579  -0.528927   -0.58170706
-1.121330  -0.552375   -0.37830968
-1.109596  -0.575583   -0.16344843
-1.097382  -0.598542    0.05900780
-1.084692  -0.621243    0.28427975
-1.089392  -0.654402    0.50816363
-1.093174  -0.688021    0.72449727
-1.096022  -0.722075    0.90172762
-1.097918  -0.756541    1.01432350
-1.098846  -0.791394    1.04627508
-1.098793  -0.826607    0.99343295
-1.097743  -0.862155    0.86435925
-1.095682  -0.898012    0.67930072
-1.092598  -0.934150    0.46754748
-1.088477  -0.970543    0.26343410
-1.083309  -1.007163    0.10136197
-1.077081  -1.043981    0.01076449
-1.069784  -1.080970    0.01137367
-1.061407  -1.118101    0.10990173
-1.051943  -1.155345    0.29829440
-1.041382  -1.192673    0.55418661
-1.029717  -1.230054    0.84332675
-1.016943  -1.267459    1.12392775
-1.003051  -1.304858    1.35222092
-0.988039  -1.342221    1.48852904
-0.971901  -1.379516    1.50300559
-0.954633  -1.416714    1.38024044
-0.936233  -1.453783    1.12204633
-0.916700  -1.490692    0.74805082
-0.896031  -1.527409    0.29394152
-0.874227  -1.563905   -0.19232663
-0.851287  -1.600146   -0.65599850
-0.827214  -1.636101   -1.04197675
-0.802009  -1.671740   -1.30164971
-0.775676  -1.707030   -1.39924971
-0.748218  -1.741940   -1.31732487
-0.719639  -1.776438   -1.06057643
-0.689945  -1.810492   -0.65762918
-0.659143  -1.844072   -0.16011914
-0.627239  -1.877144    0.36143974
-0.594242  -1.909680    0.82543599
-1.191057  0.303699   -1.55559532
-1.211245  0.308847   -1.66353993
-1.231432  0.313994   -1.66481279
-1.251620  0.319142   -1.56065803
-1.271807  0.324289   -1.35893974
-1.291994  0.329437   -1.07354725
-1.312182  0.334584   -0.72348354
-1.332369  0.339731   -0.33166421
-1.352557  0.344879    0.07666891
-1.372744  0.350026    0.47541211
-1.392931  0.355174    0.83940567
-1.413119  0.360321    1.14593015
-1.433306  0.365469    1.37609809
-1.453494  0.370616    1.51609680
-1.473681  0.375764    1.55793388
-1.493868  0.380911    1.49995152
-1.514056  0.386058    1.34682617
-1.534243  0.391206    1.10925711
-1.554431  0.396353    0.80318660
-1.574618  0.401501    0.44880459
-1.594805  0.406648    0.06915996
-1.614993  0.411796   -0.31131581
-1.635180  0.416943   -0.66829532
-1.655368  0.422091   -0.97924206
-1.675555  0.427238   -1.22468668
-1.695743  0.432385   -1.38956403
-1.715930  0.437533   -1.46403856
-1.736117  0.442680   -1.44415825
-1.756305  0.447828   -1.33200559
-1.776492  0.452975   -1.13556082
-1.796680  0.458123   -0.86808486
-1.816867  0.463270   -0.54731617
-1.837054  0.468418   -0.19420536
-1.857242  0.473565    0.16840027
-1.877429  0.478712    0.51718880
-1.897617  0.483860    0.82998559
-1.917804  0.489007    1.08703246
-1.937991  0.494155    1.27234421
-1.197118  0.278855   -1.60438202
-1.202660  0.253890   -1.64308287
-1.207681  0.228815   -1.67311297
-1.212180  0.203642   -1.69585950
-1.216154  0.178380   -1.71261851
-1.219602  0.153041   -1.72459467
-1.222522  0.127635   -1.73285484
-1.224913  0.102174   -1.73832640
-1.226773  0.076670   -1.74177148
-1.228103  0.051131   -1.74380343
-1.228901  0.025571   -1.74484744
-1.229167  0.000000   -1.74516619
-1.228901  -0.025571   -1.74484744
-1.228103  -0.051131   -1.74380343
-1.226773  -0.076670   -1.74177148
-1.224913  -0.102174   -1.73832640
-1.222522  -0.127635   -1.73285484
-1.219602  -0.153041   -1.72459467
-1.216154  -0.178380   -1.71261851
-1.212180  -0.203642   -1.69585950
-1.207681  -0.228815   -1.67311297
-1.202660  -0.253890   -1.64308287
-1.197118  -0.278855   -1.60438202
-1.191057  -0.303699   -1.55559532
-1.184481  -0.328412   -1.49533828
-1.177393  -0.352983   -1.42229426
-1.169795  -0.377400   -1.33528525
-1.161690  -0.401655   -1.23336312
-1.153083  -0.425735   -1.11591635
-1.143976  -0.449632   -0.98270623
-1.134375  -0.473333   -0.83403934
-1.124282  -0.496830   -0.67076644
-1.113703  -0.520112   -0.49445017
-1.102642  -0.543169   -0.30736683
-1.091103  -0.565990   -0.11257034
-1.079092  -0.588567    0.08611501
-1.066614  -0.610888    0.28411568
-1.071534  -0.643674    0.50669258
-1.075543  -0.676923    0.74342915
-1.078625  -0.710614    0.96061494
-1.080763  -0.744720    1.12774151
-1.081941  -0.779218    1.22173507
-1.082145  -0.814083    1.23015581
-1.081359  -0.849287    1.15313154
-1.079569  -0.884806    1.00347801
-1.076763  -0.920612    0.80507302
-1.072928  -0.956678    0.58961385
-1.068051  -0.992977    0.39207888
-1.062121  -1.029482    0.24552130
-1.055129  -1.066163    0.17597896
-1.047064  -1.102992    0.19818390
-1.037917  -1.139941    0.31272030
-1.027679  -1.176980    0.50518648
-1.016344  -1.214079    0.74751751
-1.003905  -1.251210    1.00145114
-0.990355  -1.288341    1.22358554
-0.975688  -1.325443    1.37155321
-0.959902  -1.362485    1.41030756
-0.942991  -1.399437    1.31767023
-0.924953  -1.436267    1.08839511
-0.905787  -1.472945    0.73602696
-0.885489  -1.509440    0.29222468
-0.864061  -1.545720   -0.19625660
-0.841502  -1.581753   -0.67297443
-0.817814  -1.617509   -1.07864888
-0.792998  -1.652957   -1.35891178
-0.767057  -1.688063   -1.47198237
-0.739995  -1.722798   -1.39547106
-0.711817  -1.757129   -1.13137774
-0.682527  -1.791024   -0.70848153
-0.652131  -1.824454   -0.18140412
-0.620637  -1.857385    0.37412897
-0.588052  -1.889787    0.87034370
-0.554385  -1.921629    1.22018225
-1.164405  0.322846   -1.28666813
-1.184481  0.328412   -1.49533828
-1.204557  0.333978   -1.60778303
-1.224633  0.339545   -1.61827937
-1.244709  0.345111   -1.52749147
-1.264785  0.350677   -1.34235459
-1.284861  0.356244   -1.07558548
-1.304937  0.361810   -0.74484866
-1.325013  0.367376   -0.37158514
-1.345089  0.372942    0.02034588
-1.365165  0.378509    0.40618498
-1.385241  0.384075    0.76181644
-1.405317  0.389641    1.06528494
-1.425393  0.395208    1.29813488
-1.445469  0.400774    1.44653333
-1.465545  0.406340    1.50209184
-1.485621  0.411907    1.46233371
-1.505697  0.417473    1.33080076
-1.525773  0.423039    1.11675871
-1.545849  0.428606    0.83456387
-1.565925  0.434172    0.50272212
-1.586001  0.439738    0.14266618
-1.606076  0.445304   -0.22259083
-1.626152  0.450871   -0.56999267
-1.646228  0.456437   -0.87778112
-1.666304  0.462003   -1.12693349
-1.686380  0.467570   -1.30230886
-1.706456  0.473136   -1.39356968
-1.726532  0.478702   -1.39578489
-1.746608  0.484269   -1.30968812
-1.766684  0.489835   -1.14158721
-1.786760  0.495401   -0.90290018
-1.806836  0.500968   -0.60939273
-1.826912  0.506534   -0.28015093
-1.846988  0.512100    0.06367055
-1.867064  0.517666    0.40019262
-1.887140  0.523233    0.70820352
-1.907216  0.528799    0.96848913
-1.927292  0.534365    1.16503396
-1.170870  0.298552   -1.34648941
-1.176827  0.274129   -1.39608634
-1.182276  0.249587   -1.43655653
-1.187212  0.224937   -1.46898316
-1.191635  0.200190   -1.49451014
-1.195542  0.175356   -1.51420191
-1.198931  0.150447   -1.52906412
-1.201801  0.125472   -1.54001254
-1.204151  0.100443   -1.54784782
-1.205980  0.075370   -1.55323655
-1.207287  0.050265   -1.55670431
-1.208072  0.025138   -1.55863813
-1.208333  0.000000   -1.55924884
-1.208072  -0.025138   -1.55863813
-1.207287  -0.050265   -1.55670431
-1.205980  -0.075370   -1.55323655
-1.204151  -0.100443   -1.54784782
-1.201801  -0.125472   -1.54001254
-1.198931  -0.150447   -1.52906412
-1.195542  -0.175356   -1.51420191
-1.191635  -0.200190   -1.49451014
-1.187212  -0.224937   -1.46898316
-1.182276  -0.249587   -1.43655653
-1.176827  -0.274129   -1.39608634
-1.170870  -0.298552   -1.34648941
-1.164405  -0.322846   -1.28666813
-1.157437  -0.347000   -1.21568881
-1.149968  -0.371004   -1.13274731
-1.142001  -0.394847   -1.03728771
-1.133539  -0.418520   -0.92906452
-1.124587  -0.442011   -0.80824189
-1.115148  -0.465311   -0.67541794
-1.105227  -0.488409   -0.53173857
-1.094827  -0.511297   -0.37890055
-1.083953  -0.533962   -0.21924478
-1.072610  -0.556397   -0.05571103
-1.060802  -0.578591    0.10815964
-1.048536  -0.600534    0.26828488
-1.053675  -0.632946    0.47624268
-1.057911  -0.665826    0.71988654
-1.061227  -0.699152    0.96527144
-1.063608  -0.732899    1.17864786
-1.065036  -0.767043    1.33107709
-1.065496  -0.801558    1.40239864
-1.064974  -0.836419    1.38412421
-1.063456  -0.871600    1.28075189
-1.060928  -0.907073    1.10929101
-1.057378  -0.942813    0.89689997
-1.052793  -0.978792    0.67708172
-1.047162  -1.014982    0.48469449
-1.040474  -1.051355    0.35063916
-1.032720  -1.087883    0.29688611
-1.023891  -1.124536    0.33266984
-1.013977  -1.161287    0.45240553
-1.002971  -1.198105    0.63575455
-0.990867  -1.234960    0.84997959
-0.977658  -1.271824    1.05431685
-0.963338  -1.308665    1.20576596
-0.947903  -1.345454    1.26567210
-0.931349  -1.382160    1.20596184
-0.913673  -1.418752    1.01427232
-0.894873  -1.455199    0.69708013
-0.874948  -1.491470    0.28029379
-0.853896  -1.527535   -0.19294450
-0.831717  -1.563361   -0.66698333
-0.808414  -1.598917   -1.08061790
-0.783987  -1.634173   -1.37544085
-0.758439  -1.669096   -1.50444931
-0.731773  -1.703655   -1.44007504
-0.703995  -1.737820   -1.18031893
-0.675108  -1.771557   -0.75200331
-0.645119  -1.804836   -0.21019885
-0.614034  -1.837626    0.36681825
-0.581862  -1.869895    0.88720513
-0.548610  -1.901612    1.25946739
-0.514288  -1.932746    1.40897572
-1.137481  0.341017   -0.93012501
-1.157437  0.347000   -1.21568881
-1.177393  0.352983   -1.42229426
-1.197349  0.358965   -1.53841217
-1.217304  0.364948   -1.55816973
-1.237260  0.370931   -1.48166266
-1.257216  0.376914   -1.31487374
-1.277172  0.382896   -1.06926068
-1.297128  0.388879   -0.76097395
-1.317084  0.394862   -0.40983860
-1.337039  0.400845   -0.03809600
-1.356995  0.406827    0.33105660
-1.376951  0.412810    0.67481322
-1.396907  0.418793    0.97221456
-1.416863  0.424776    1.20541756
-1.436818  0.430758    1.36075636
-1.456774  0.436741    1.42956543
-1.476730  0.442724    1.40861833
-1.496686  0.448707    1.30030052
-1.516642  0.454689    1.11239325
-1.536597  0.460672    0.85753093
-1.556553  0.466655    0.55233355
-1.576509  0.472638    0.21638739
-1.596465  0.478621   -0.12904454
-1.616421  0.484603   -0.46235089
-1.636377  0.490586   -0.76292525
-1.656332  0.496569   -1.01241501
-1.676288  0.502552   -1.19589220
-1.696244  0.508534   -1.30267002
-1.716200  0.514517   -1.32696661
-1.736156  0.520500   -1.26820541
-1.756111  0.526483   -1.13099645
-1.776067  0.532465   -0.92476836
-1.796023  0.538448   -0.66315206
-1.815979  0.544431   -0.36308250
-1.835935  0.550414   -0.04369975
-1.855890  0.556396    0.27484855
-1.875846  0.562379    0.57274039
-1.895802  0.568362    0.83160981
-1.915758  0.574345    1.03574367
-1.144330  0.317279   -0.99359323
-1.150682  0.293404   -1.04816800
-1.156537  0.269402   -1.09446713
-1.161892  0.245284   -1.13318134
-1.166743  0.221059   -1.16505028
-1.171089  0.196739   -1.19089701
-1.174929  0.172333   -1.21153026
-1.178260  0.147853   -1.22769155
-1.181081  0.123308   -1.24008660
-1.183390  0.098711   -1.24932634
-1.185188  0.074071   -1.25596704
-1.186472  0.049398   -1.26039046
-1.187243  0.024704   -1.26292790
-1.187500  0.000000   -1.26375261
-1.187243  -0.024704   -1.26292790
-1.186472  -0.049398   -1.26039046
-1.185188  -0.074071   -1.25596704
-1.183390  -0.098711   -1.24932634
-1.181081  -0.123308   -1.24008660
-1.178260  -0.147853   -1.22769155
-1.174929  -0.172333   -1.21153026
-1.171089  -0.196739   -1.19089701
-1.166743  -0.221059   -1.16505028
-1.161892  -0.245284   -1.13318134
-1.156537  -0.269402   -1.09446713
-1.150682  -0.293404   -1.04816800
-1.144330  -0.317279   -0.99359323
-1.137481  -0.341017   -0.93012501
-1.130141  -0.364607   -0.85741001
-1.122311  -0.388039   -0.77524612
-1.113995  -0.411304   -0.68376297
-1.105198  -0.434390   -0.58343793
-1.095921  -0.457288   -0.47508969
-1.086171  -0.479989   -0.36003917
-1.075950  -0.502481   -0.24000619
-1.065264  -0.524756   -0.11721144
-1.054116  -0.546804    0.00570473
-1.042513  -0.568615    0.12567929
-1.030458  -0.590180    0.23935618
-1.035816  -0.622218    0.42018540
-1.040279  -0.654729    0.65677869
-1.043830  -0.687691    0.91695928
-1.046453  -0.721078    1.16563966
-1.048130  -0.754868    1.36959896
-1.048848  -0.789034    1.50193987
-1.048590  -0.823551    1.54591649
-1.047343  -0.858393    1.49729140
-1.045094  -0.893535    1.36503550
-1.041828  -0.928948    1.17018062
-1.037535  -0.964606    0.94273523
-1.032202  -1.000482    0.71735924
-1.025820  -1.036547    0.52805861
-1.018377  -1.072773    0.40286689
-1.009865  -1.109132    0.35915855
-1.000275  -1.145594    0.40047864
-0.989599  -1.182130    0.51531941
-0.977829  -1.218711    0.67822338
-0.964961  -1.255307    0.85314903
-0.950987  -1.291888    0.99865220
-0.935904  -1.328423    1.07433930
-0.919707  -1.364883    1.04751447
-0.902394  -1.401236    0.89915524
-0.883960  -1.437453    0.62815536
-0.864406  -1.473501    0.25329058
-0.843730  -1.509350   -0.18790483
-0.821932  -1.544968   -0.64302637
-0.799014  -1.580325   -1.05139289
-0.774975  -1.615389   -1.35251939
-0.749820  -1.650129   -1.49540011
-0.723551  -1.684513   -1.44751054
-0.696172  -1.718510   -1.20201821
-0.667689  -1.752089   -0.78201495
-0.638107  -1.785218   -0.24057396
-0.607432  -1.817866    0.34408124
-0.575672  -1.850002    0.87847601
-0.542835  -1.881595    1.26831735
-0.508931  -1.912613    1.43576507
-0.473968  -1.943027    1.33691456
-1.110314  0.358211   -0.52495946
-1.130141  0.364607   -0.85741001
-1.149968  0.371004   -1.13274731
-1.169795  0.377400   -1.33528525
-1.189622  0.383797   -1.45390359
-1.209449  0.390194   -1.48267136
-1.229276  0.396590   -1.42115284
-1.249103  0.402987   -1.27435798
-1.268930  0.409384   -1.05239945
-1.288757  0.415780   -0.76981161
-1.308584  0.422177   -0.44460250
-1.328411  0.428573   -0.09714860
-1.348238  0.434970    0.25110393
-1.368065  0.441367    0.57893146
-1.387892  0.447763    0.86663726
-1.407719  0.454160    1.09723160
-1.427546  0.460556    1.25743068
-1.447373  0.466953    1.33841970
-1.467200  0.473350    1.33634030
-1.487027  0.479746    1.25246319
-1.506854  0.486143    1.09303217
-1.526681  0.492540    0.86883817
-1.546508  0.498936    0.59449121
-1.566335  0.505333    0.28746650
-1.586162  0.511729   -0.03298001
-1.605989  0.518126   -0.34703700
-1.625816  0.524523   -0.63554061
-1.645643  0.530919   -0.88115095
-1.665470  0.537316   -1.06938706
-1.685297  0.543712   -1.18947912
-1.705124  0.550109   -1.23497313
-1.724951  0.556506   -1.20407898
-1.744779  0.562902   -1.09970960
-1.764606  0.569299   -0.92924933
-1.784433  0.575696   -0.70403419
-1.804260  0.582092   -0.43860791
-1.824087  0.588489   -0.14977746
-1.843914  0.594885    0.14443099
-1.863741  0.601282    0.42591009
-1.883568  0.607679    0.67757073
-1.903395  0.614075    0.88438379
-1.117525  0.335034   -0.58213974
-1.124254  0.311713   -0.63330288
-1.130495  0.288257   -0.67840339
-1.136247  0.264676   -0.71765130
-1.141508  0.240981   -0.75136569
-1.146274  0.217181   -0.77990568
-1.150544  0.193287   -0.80374609
-1.154316  0.169310   -0.82336234
-1.157588  0.145259   -0.83921918
-1.160360  0.121145   -0.85179856
-1.162629  0.096979   -0.86147442
-1.164395  0.072771   -0.86861879
-1.165657  0.048532   -0.87351246
-1.166414  0.024271   -0.87635441
-1.166667  0.000000   -0.87730037
-1.166414  -0.024271   -0.87635441
-1.165657  -0.048532   -0.87351246
-1.164395  -0.072771   -0.86861879
-1.162629  -0.096979   -0.86147442
-1.160360  -0.121145   -0.85179856
-1.157588  -0.145259   -0.83921918
-1.154316  -0.169310   -0.82336234
-1.150544  -0.193287   -0.80374609
-1.146274  -0.217181   -0.77990568
-1.141508  -0.240981   -0.75136569
-1.136247  -0.264676   -0.71765130
-1.130495  -0.288257   -0.67840339
-1.124254  -0.311713   -0.63330288
-1.117525  -0.335034   -0.58213974
-1.110314  -0.358211   -0.52495946
-1.102621  -0.381232   -0.46189432
-1.094452  -0.404088   -0.39342734
-1.085808  -0.426769   -0.32023192
-1.076695  -0.449266   -0.24335682
-1.067115  -0.471568   -0.16410638
-1.057074  -0.493666   -0.08415057
-1.046575  -0.515550   -0.00542158
-1.035623  -0.537211    0.06987174
-1.024223  -0.558640    0.13933275
-1.012380  -0.579826    0.20045932
-1.017957  -0.611490    0.34316599
-1.022647  -0.643632    0.55908574
-1.026433  -0.676229    0.81973316
-1.029298  -0.709258    1.09072316
-1.031225  -0.742693    1.33633937
-1.032199  -0.776510    1.52440715
-1.032206  -0.810683    1.63068066
-1.031230  -0.845187    1.64226564
-1.029259  -0.879996    1.55944293
-1.026279  -0.915083    1.39570688
-1.022277  -0.950421    1.17583189
-1.017243  -0.985982    0.93222319
-1.011165  -1.021739    0.70005206
-1.004034  -1.057664    0.51178926
-0.995839  -1.093727    0.39200696
-0.986572  -1.129900    0.35315822
-0.976226  -1.166155    0.39318100
-0.964792  -1.202461    0.49523864
-0.952264  -1.238790    0.62989376
-0.938637  -1.275110    0.75939547
-0.923905  -1.311392    0.84364400
-0.908066  -1.347606    0.84695808
-0.891114  -1.383721    0.74451247
-0.873047  -1.419706    0.52771835
-0.853865  -1.455531    0.20729395
-0.833565  -1.491165   -0.18654228
-0.812147  -1.526576   -0.60685295
-0.789613  -1.561733   -0.99586189
-0.765964  -1.596606   -1.29320465
-0.741201  -1.631162   -1.44546358
-0.715329  -1.665371   -1.41583787
-0.688350  -1.699201   -1.19229832
-0.660270  -1.732621   -0.79283824
-0.631095  -1.765600   -0.26639897
-0.600829  -1.798107    0.31142331
-0.569482  -1.830110    0.84797084
-0.537060  -1.861578    1.24817859
-0.503574  -1.892481    1.43209313
-0.469031  -1.922787    1.35280642
-0.433443  -1.952467    1.01084853
-1.082932  0.374424   -0.11514501
-1.102621  0.381232   -0.46189432
-1.122311  0.388039   -0.77524612
-1.142001  0.394847   -1.03728771
-1.161690  0.401655   -1.23336312
-1.181380  0.408463   -1.35293968
-1.201070  0.415270   -1.39012867
-1.220759  0.422078   -1.34401435
-1.240449  0.428886   -1.21864811
-1.260138  0.435693   -1.02275264
-1.279828  0.442501   -0.76908809
-1.299518  0.449309   -0.47371235
-1.319207  0.456117   -0.15494239
-1.338897  0.462924    0.16782063
-1.358587  0.469732    0.47519105
-1.378276  0.476540    0.74898992
-1.397966  0.483347    0.97336993
-1.417656  0.490155    1.13564602
-1.437345  0.496963    1.22706553
-1.457035  0.503770    1.24328253
-1.476725  0.510578    1.18450758
-1.496414  0.517386    1.05547643
-1.516104  0.524194    0.86505333
-1.535794  0.531001    0.62567118
-1.555483  0.537809    0.35251035
-1.575173  0.544617    0.06251450
-1.594863  0.551424   -0.22659473
-1.614552  0.558232   -0.49743466
-1.634242  0.565040   -0.73403416
-1.653932  0.571848   -0.92269980
-1.673621  0.578655   -1.05285233
-1.693311  0.585463   -1.11761708
-1.713001  0.592271   -1.11414593
-1.732690  0.599078   -1.04375496
-1.752380  0.605886   -0.91174373
-1.772070  0.612694   -0.72704463
-1.791759  0.619502   -0.50161751
-1.811449  0.626309   -0.24964225
-1.831139  0.633117    0.01331662
-1.850828  0.639925    0.27128269
-1.870518  0.646732    0.50888536
-1.890208  0.653540    0.71219289
-1.090487  0.351814   -0.15473250
-1.097570  0.329052   -0.19232943
-1.104178  0.306147   -0.22741395
-1.110308  0.283110   -0.25963573
-1.115957  0.259950   -0.28877752
-1.121123  0.236677   -0.31476474
-1.125805  0.213303   -0.33764503
-1.129998  0.189835   -0.35743011
-1.133703  0.166286   -0.37432870
-1.136917  0.142665   -0.38847411
-1.139639  0.118982   -0.40005495
-1.141868  0.095247   -0.40925234
-1.143602  0.071472   -0.41620671
-1.144842  0.047665   -0.42109022
-1.145585  0.023838   -0.42395067
-1.145833  0.000000   -0.42490362
-1.145585  -0.023838   -0.42395067
-1.144842  -0.047665   -0.42109022
-1.143602  -0.071472   -0.41620671
-1.141868  -0.095247   -0.40925234
-1.139639  -0.118982   -0.40005495
-1.136917  -0.142665   -0.38847411
-1.133703  -0.166286   -0.37432870
-1.129998  -0.189835   -0.35743011
-1.125805  -0.213303   -0.33764503
-1.121123  -0.236677   -0.31476474
-1.115957  -0.259950   -0.28877752
-1.110308  -0.283110   -0.25963573
-1.104178  -0.306147   -0.22741395
-1.097570  -0.329052   -0.19232943
-1.090487  -0.351814   -0.15473250
-1.082932  -0.374424   -0.11514501
-1.074908  -0.396872   -0.07426664
-1.066419  -0.419148   -0.03300543
-1.057468  -0.441243    0.00754730
-1.048060  -0.463147    0.04609308
-1.038198  -0.484850    0.08119483
-1.027886  -0.506344    0.11127282
-1.017130  -0.527618    0.13467755
-1.005933  -0.548664    0.14978042
-0.994301  -0.569472    0.15504620
-1.000098  -0.600762    0.25076879
-1.005015  -0.632535    0.43348618
-1.009036  -0.664768    0.68016278
-1.012143  -0.697437    0.95908065
-1.014320  -0.730517    1.23406793
-1.015551  -0.763985    1.46937405
-1.015822  -0.797815    1.63449476
-1.015117  -0.831981    1.70840590
-1.013424  -0.866458    1.68250199
-1.010729  -0.901218    1.56182761
-1.007019  -0.936236    1.36433849
-1.002284  -0.971483    1.11827396
-0.996511  -1.006931    0.85792334
-0.989690  -1.042554    0.61832888
-0.981813  -1.078322    0.42983335
-0.972870  -1.114207    0.31310276
-0.962853  -1.150180    0.27558499
-0.951754  -1.186212    0.30995085
-0.939567  -1.222272    0.39490578
-0.926286  -1.258332    0.49837746
-0.911907  -1.294361    0.58267538
-0.896424  -1.330329    0.61092182
-0.879834  -1.366206    0.55388961
-0.862134  -1.401960    0.39598604
-0.843323  -1.437562    0.13950985
-0.823399  -1.472980   -0.19383766
-0.802363  -1.508183   -0.56449715
-0.780213  -1.543141   -0.91993048
-0.756953  -1.577822   -1.20212458
-0.732583  -1.612195   -1.35711332
-0.707107  -1.646229   -1.34491228
-0.680528  -1.679892   -1.14843609
-0.652852  -1.713154   -0.77970320
-0.624082  -1.745983   -0.28171928
-0.594227  -1.778347    0.27478913
-0.563292  -1.810217    0.80058502
-0.531286  -1.841561    1.20195545
-0.498216  -1.872348    1.39833028
-0.464094  -1.902547    1.34028182
-0.428928  -1.932129    1.02428789
-0.392731  -1.961062    0.50011988
-1.055364  0.389656    0.25556201
-1.074908  0.396872   -0.07426664
-1.094452  0.404088   -0.39342734
-1.113995  0.411304   -0.68376297
-1.133539  0.418520   -0.92906452
-1.153083  0.425735   -1.11591635
-1.172627  0.432951   -1.23450002
-1.192170  0.440167   -1.27911610
-1.211714  0.447383   -1.24847071
-1.231258  0.454599   -1.14566898
-1.250802  0.461815   -0.97798671
-1.270345  0.469031   -0.75638549
-1.289889  0.476246   -0.49477463
-1.309433  0.483462   -0.20918537
-1.328977  0.490678    0.08321648
-1.348521  0.497894    0.36517045
-1.368064  0.505110    0.62032345
-1.387608  0.512326    0.83422794
-1.407152  0.519542    0.99508409
-1.426696  0.526757    1.09444368
-1.446239  0.533973    1.12762163
-1.465783  0.541189    1.09392843
-1.485327  0.548405    0.99660930
-1.504871  0.555621    0.84259617
-1.524415  0.562837    0.64202448
-1.543958  0.570053    0.40758575
-1.563502  0.577268    0.15368716
-1.583046  0.584484   -0.10437564
-1.602590  0.591700   -0.35136438
-1.622133  0.598916   -0.57298424
-1.641677  0.606132   -0.75674829
-1.661221  0.613348   -0.89260783
-1.680765  0.620564   -0.97354025
-1.700309  0.627779   -0.99589122
-1.719852  0.634995   -0.95950829
-1.739396  0.642211   -0.86769094
-1.758940  0.649427   -0.72691512
-1.778484  0.656643   -0.54638975
-1.798027  0.663859   -0.33746838
-1.817571  0.671075   -0.11289767
-1.837115  0.678290    0.11389987
-1.856659  0.685506    0.32966385
-1.876203  0.692722    0.52205469
-1.063242  0.367616    0.24491978
-1.070660  0.345417    0.23141023
-1.077614  0.323069    0.21596720
-1.084102  0.300581    0.19937961
-1.090120  0.277962    0.18235756
-1.095667  0.255223    0.16542823
-1.100739  0.232374    0.14908175
-1.105335  0.209424    0.13365461
-1.109453  0.186384    0.11941579
-1.113090  0.163263    0.10659804
-1.116246  0.140071    0.09530753
-1.118918  0.116819    0.08567662
-1.121107  0.093516    0.07771923
-1.122809  0.070172    0.07154419
-1.124026  0.046798    0.06710580
-1.124757  0.023404    0.06442577
-1.125000  0.000000    0.06354872
-1.124757  -0.023404    0.06442577
-1.124026  -0.046798    0.06710580
-1.122809  -0.070172    0.07154419
-1.121107  -0.093516    0.07771923
-1.118918  -0.116819    0.08567662
-1.116246  -0.140071    0.09530753
-1.113090  -0.163263    0.10659804
-1.109453  -0.186384    0.11941579
-1.105335  -0.209424    0.13365461
-1.100739  -0.232374    0.14908175
-1.095667  -0.255223    0.16542823
-1.090120  -0.277962    0.18235756
-1.084102  -0.300581    0.19937961
-1.077614  -0.323069    0.21596720
-1.070660  -0.345417    0.23141023
-1.063242  -0.367616    0.24491978
-1.055364  -0.389656    0.25556201
-1.047029  -0.411527    0.26231705
-1.038241  -0.433220    0.26406172
-1.029004  -0.454726    0.25962352
-1.019321  -0.476035    0.24783443
-1.009197  -0.497137    0.22755470
-0.998637  -0.518025    0.19775981
-0.987644  -0.538688    0.15764416
-0.976223  -0.559118    0.10667535
-0.982239  -0.590034    0.14915952
-0.987383  -0.621438    0.28792398
-0.991639  -0.653306    0.50684033
-0.994988  -0.685616    0.77875006
-0.997414  -0.718342    1.06905354
-0.998903  -0.751461    1.34036960
-0.999438  -0.784947    1.55750820
-0.999004  -0.818775    1.69233759
-0.997589  -0.852920    1.72764905
-0.995179  -0.887353    1.65955500
-0.991761  -0.922050    1.49802001
-0.987324  -0.956983    1.26537486
-0.981856  -0.992124    0.99297833
-0.975347  -1.027445    0.71644339
-0.967787  -1.062918    0.47012893
-0.959168  -1.098514    0.28172299
-0.949480  -1.134206    0.16772514
-0.938716  -1.169962    0.13067634
-0.926870  -1.205755    0.15857175
-0.913936  -1.241554    0.22670267
-0.899908  -1.277330    0.30178583
-0.884782  -1.313052    0.34781285
-0.868554  -1.348690    0.33274643
-0.851221  -1.384214    0.23501036
-0.832782  -1.419592    0.04864834
-0.813234  -1.454795   -0.21389651
-0.792578  -1.489791   -0.52194355
-0.770813  -1.524549   -0.83017005
-0.747941  -1.559039   -1.08519845
-0.723964  -1.593228   -1.23450614
-0.698885  -1.627087   -1.23640868
-0.672706  -1.660583   -1.06935712
-0.645433  -1.693686   -0.73902027
-0.617070  -1.726365   -0.28120983
-0.587624  -1.758588    0.24032659
-0.557102  -1.790325    0.74202067
-0.525511  -1.821544    1.13384669
-0.492859  -1.852215    1.33636594
-0.459157  -1.882307    1.29858234
-0.424413  -1.911790    1.01286031
-0.388640  -1.940634    0.52284774
-0.351849  -1.968807   -0.07914486
-1.027640  0.403906    0.54907528
-1.047029  0.411527    0.26231705
-1.066419  0.419148   -0.03300543
-1.085808  0.426769   -0.32023192
-1.105198  0.434390   -0.58343793
-1.124587  0.442011   -0.80824189
-1.143976  0.449632   -0.98270623
-1.163366  0.457253   -1.09794534
-1.182755  0.464874   -1.14858014
-1.202145  0.472494   -1.13304014
-1.221534  0.480115   -1.05353786
-1.240924  0.487736   -0.91591316
-1.260313  0.495357   -0.72922645
-1.279702  0.502978   -0.50515294
-1.299092  0.510599   -0.25726295
-1.318481  0.518220   -0.00024383
-1.337871  0.525841    0.25104999
-1.357260  0.533461    0.48236549
-1.376650  0.541082    0.68095317
-1.396039  0.548703    0.83617924
-1.415428  0.556324    0.94016804
-1.434818  0.563945    0.98815175
-1.454207  0.571566    0.97867127
-1.473597  0.579187    0.91360278
-1.492986  0.586808    0.79796134
-1.512376  0.594428    0.63952781
-1.531765  0.602049    0.44835202
-1.551154  0.609670    0.23610214
-1.570544  0.617291    0.01535257
-1.589933  0.624912   -0.20111732
-1.609323  0.632533   -0.40113387
-1.628712  0.640154   -0.57372573
-1.648102  0.647775   -0.70979812
-1.667491  0.655395   -0.80253235
-1.686880  0.663016   -0.84775730
-1.706270  0.670637   -0.84409980
-1.725659  0.678258   -0.79297982
-1.745049  0.685879   -0.69845800
-1.764438  0.693500   -0.56694102
-1.783828  0.701121   -0.40672696
-1.803217  0.708742   -0.22752676
-1.822606  0.716362   -0.03983160
-1.841996  0.723983    0.14568057
-1.861385  0.731604    0.31871358
-1.035820  0.382440    0.57706325
-1.043552  0.360809    0.59713233
-1.050833  0.339021    0.61038753
-1.057658  0.317086    0.61794297
-1.064026  0.295014    0.62080258
-1.069933  0.272815    0.61995734
-1.075377  0.250497    0.61629253
-1.080355  0.228071    0.61061151
-1.084866  0.205546    0.60359629
-1.088908  0.182932    0.59585661
-1.092478  0.160239    0.58794177
-1.095575  0.137477    0.58027941
-1.098198  0.114655    0.57322737
-1.100345  0.091784    0.56709658
-1.102017  0.068873    0.56207512
-1.103211  0.045932    0.55838779
-1.103928  0.022971    0.55611940
-1.104167  0.000000    0.55535631
-1.103928  -0.022971    0.55611940
-1.103211  -0.045932    0.55838779
-1.102017  -0.068873    0.56207512
-1.100345  -0.091784    0.56709658
-1.098198  -0.114655    0.57322737
-1.095575  -0.137477    0.58027941
-1.092478  -0.160239    0.58794177
-1.088908  -0.182932    0.59585661
-1.084866  -0.205546    0.60359629
-1.080355  -0.228071    0.61061151
-1.075377  -0.250497    0.61629253
-1.069933  -0.272815    0.61995734
-1.064026  -0.295014    0.62080258
-1.057658  -0.317086    0.61794297
-1.050833  -0.339021    0.61038753
-1.043552  -0.360809    0.59713233
-1.035820  -0.382440    0.57706325
-1.027640  -0.403906    0.54907528
-1.019015  -0.425198    0.51209340
-1.009948  -0.446305    0.46512720
-1.000445  -0.467219    0.40728199
-0.990509  -0.487931    0.33790648
-0.980143  -0.508432    0.25662713
-0.969354  -0.528712    0.16344183
-0.958145  -0.548764    0.05880374
-0.964380  -0.579306    0.04472323
-0.969752  -0.610341    0.13113915
-0.974241  -0.641845    0.30990833
-0.977833  -0.673795    0.56009257
-0.980509  -0.706167    0.85063798
-0.982254  -0.738936    1.14455633
-0.983053  -0.772079    1.40387354
-0.982891  -0.805569    1.59472836
-0.981755  -0.839381    1.69207046
-0.979630  -0.873489    1.68308360
-0.976504  -0.907865    1.56898925
-0.972365  -0.942483    1.36479398
-0.967202  -0.977316    1.09703453
-0.961004  -1.012335    0.79979075
-0.953761  -1.047513    0.50945732
-0.945465  -1.082821    0.25915412
-0.936107  -1.118231    0.07350374
-0.925678  -1.153713   -0.03526906
-0.914173  -1.189238   -0.06924694
-0.901585  -1.224777   -0.04442668
-0.887909  -1.260299    0.01216183
-0.873140  -1.295775    0.06738307
-0.857274  -1.331175    0.08826858
-0.840308  -1.366467    0.04863860
-0.822240  -1.401623   -0.06503176
-0.803069  -1.436610   -0.24971176
-0.782793  -1.471398   -0.48463221
-0.761413  -1.505957   -0.73337566
-0.738930  -1.540255   -0.94924022
-0.715346  -1.574261   -1.08325999
-0.690662  -1.607944   -1.09372691
-0.664884  -1.641274   -0.95572234
-0.638014  -1.674218   -0.66866753
-0.610058  -1.706747   -0.26040968
-0.581022  -1.738829    0.21386345
-0.550912  -1.770432    0.67839093
-0.519736  -1.801527    1.04905317
-0.487502  -1.832082    1.24949340
-0.454220  -1.862068    1.22846813
-0.419898  -1.891452    0.97465762
-0.384549  -1.920206    0.52510313
-0.348183  -1.948299   -0.03644520
-0.310814  -1.975701   -0.59274937
-0.999788  0.417175    0.73787753
-1.019015  0.425198    0.51209340
-1.038241  0.433220    0.26406172
-1.057468  0.441243    0.00754730
-1.076695  0.449266   -0.24335682
-1.095921  0.457288   -0.47508969
-1.115148  0.465311   -0.67541794
-1.134375  0.473333   -0.83403934
-1.153601  0.481356   -0.94316754
-1.172828  0.489379   -0.99795399
-1.192055  0.497401   -0.99665829
-1.211282  0.505424   -0.94069155
-1.230508  0.513446   -0.83450055
-1.249735  0.521469   -0.68518886
-1.268962  0.529492   -0.50210933
-1.288188  0.537514   -0.29626184
-1.307415  0.545537   -0.07958872
-1.326642  0.553559    0.13564640
-1.345868  0.561582    0.33759763
-1.365095  0.569605    0.51551309
-1.384322  0.577627    0.66025146
-1.403548  0.585650    0.76476886
-1.422775  0.593672    0.82448409
-1.442002  0.601695    0.83739177
-1.461229  0.609718    0.80414865
-1.480455  0.617740    0.72793639
-1.499682  0.625763    0.61417960
-1.518909  0.633785    0.47021238
-1.538135  0.641808    0.30478344
-1.557362  0.649831    0.12751766
-1.576589  0.657853   -0.05161040
-1.595815  0.665876   -0.22284970
-1.615042  0.673898   -0.37722931
-1.634269  0.681921   -0.50695530
-1.653495  0.689944   -0.60583212
-1.672722  0.697966   -0.66955014
-1.691949  0.705989   -0.69579451
-1.711176  0.714011   -0.68434632
-1.730402  0.722034   -0.63698010
-1.749629  0.730057   -0.55731194
-1.768856  0.738079   -0.45052974
-1.788082  0.746102   -0.32306044
-1.807309  0.754124   -0.18217074
-1.826536  0.762147   -0.03558451
-1.845762  0.770170    0.10894570
-1.008250  0.396286    0.81093516
-1.016276  0.375224    0.87150410
-1.023863  0.354001    0.92056882
-1.031005  0.332624    0.95931827
-1.037702  0.311103    0.98891243
-1.043950  0.289448    1.01058820
-1.049745  0.267667    1.02558418
-1.055087  0.245771    1.03500922
-1.059971  0.223768    1.04000882
-1.064397  0.201668    1.04154618
-1.068362  0.179481    1.04054957
-1.071865  0.157216    1.03781595
-1.074904  0.134883    1.03406007
-1.077477  0.112492    1.02989993
-1.079584  0.090052    1.02581863
-1.081224  0.067573    1.02222399
-1.082396  0.045065    1.01943431
-1.083099  0.022537    1.01768143
-1.083333  0.000000    1.01709005
-1.083099  -0.022537    1.01768143
-1.082396  -0.045065    1.01943431
-1.081224  -0.067573    1.02222399
-1.079584  -0.090052    1.02581863
-1.077477  -0.112492    1.02989993
-1.074904  -0.134883    1.03406007
-1.071865  -0.157216    1.03781595
-1.068362  -0.179481    1.04054957
-1.064397  -0.201668    1.04154618
-1.059971  -0.223768    1.04000882
-1.055087  -0.245771    1.03500922
-1.049745  -0.267667    1.02558418
-1.043950  -0.289448    1.01058820
-1.037702  -0.311103    0.98891243
-1.031005  -0.332624    0.95931827
-1.023863  -0.354001    0.92056882
-1.016276  -0.375224    0.87150410
-1.008250  -0.396286    0.81093516
-0.999788  -0.417175    0.73787753
-0.990893  -0.437884    0.65150316
-0.981569  -0.458404    0.55125814
-0.971820  -0.478725    0.43694777
-0.961650  -0.498839    0.30879930
-0.951064  -0.518737    0.16756988
-0.940067  -0.538410    0.01462389
-0.946521  -0.568578   -0.05627951
-0.952120  -0.599244   -0.02784900
-0.956844  -0.630383    0.10044969
-0.960678  -0.661974    0.31519327
-0.963604  -0.693991    0.59067442
-0.965606  -0.726412    0.89237529
-0.966669  -0.759211    1.18149952
-0.966778  -0.792363    1.42022099
-0.965920  -0.825843    1.57683933
-0.964080  -0.859624    1.63010130
-0.961246  -0.893679    1.57219470
-0.957405  -0.927983    1.40975810
-0.952547  -0.962508    1.16288124
-0.946660  -0.997226    0.86207207
-0.939735  -1.032109    0.54367490
-0.931763  -1.067128    0.24434285
-0.922734  -1.102256   -0.00460158
-0.912641  -1.137463   -0.18190786
-0.901477  -1.172721   -0.27963956
-0.889235  -1.207999   -0.30418011
-0.875910  -1.243268   -0.27476152
-0.861498  -1.278498   -0.21971809
-0.845994  -1.313659   -0.17098077
-0.829395  -1.348721   -0.15760495
-0.811699  -1.383653   -0.19956568
-0.792903  -1.418425   -0.30289806
-0.773008  -1.453006   -0.45717828
-0.752013  -1.487365   -0.63615562
-0.729919  -1.521471   -0.80159918
-0.706727  -1.555294   -0.91010913
-0.682440  -1.588802   -0.92186441
-0.657062  -1.621965   -0.80991712
-0.630595  -1.654751   -0.56811601
-0.603046  -1.687129   -0.21608333
-0.574419  -1.719069    0.20065667
-0.544722  -1.750540    0.61588974
-0.513961  -1.781510    0.95348620
-0.482145  -1.811950    1.14221530
-0.449282  -1.841828    1.13215677
-0.415383  -1.871114    0.90923531
-0.380458  -1.899778    0.50388008
-0.344518  -1.927791   -0.00950932
-0.307576  -1.955121   -0.52413981
-0.269645  -1.981740   -0.92287138
-0.971837  0.429463    0.80856397
-0.990893  0.437884    0.65150316
-1.009948  0.446305    0.46512720
-1.029004  0.454726    0.25962352
-1.048060  0.463147    0.04609308
-1.067115  0.471568   -0.16410638
-1.086171  0.479989   -0.36003917
-1.105227  0.488409   -0.53173857
-1.124282  0.496830   -0.67076644
-1.143338  0.505251   -0.77067978
-1.162393  0.513672   -0.82727813
-1.181449  0.522093   -0.83883043
-1.200505  0.530514   -0.80606031
-1.219560  0.538935   -0.73205782
-1.238616  0.547355   -0.62202702
-1.257672  0.555776   -0.48292007
-1.276727  0.564197   -0.32303370
-1.295783  0.572618   -0.15146083
-1.314838  0.581039    0.02237639
-1.333894  0.589460    0.18930918
-1.352950  0.597880    0.34085087
-1.372005  0.606301    0.46964196
-1.391061  0.614722    0.56983144
-1.410117  0.623143    0.63727029
-1.429172  0.631564    0.66968791
-1.448228  0.639985    0.66673317
-1.467284  0.648406    0.62988313
-1.486339  0.656826    0.56230334
-1.505395  0.665247    0.46857563
-1.524450  0.673668    0.35443226
-1.543506  0.682089    0.22636372
-1.562562  0.690510    0.09128610
-1.581617  0.698931   -0.04383923
-1.600673  0.707352   -0.17238147
-1.619729  0.715772   -0.28830910
-1.638784  0.724193   -0.38646254
-1.657840  0.732614   -0.46279392
-1.676895  0.741035   -0.51444557
-1.695951  0.749456   -0.53986587
-1.715007  0.757877   -0.53877749
-1.734062  0.766297   -0.51214283
-1.753118  0.774718   -0.46203689
-1.772174  0.783139   -0.39151273
-1.791229  0.791560   -0.30441231
-1.810285  0.799981   -0.20514458
-1.829340  0.808402   -0.09850606
-0.980561  0.409153    0.92867273
-0.988861  0.388665    1.03277585
-0.996733  0.368009    1.12150491
-1.004173  0.347193    1.19580393
-1.011178  0.326227    1.25680980
-1.017746  0.305121    1.30579168
-1.023874  0.283882    1.34412819
-1.029558  0.262520    1.37322484
-1.034797  0.241044    1.39443984
-1.039587  0.219464    1.40912281
-1.043928  0.197790    1.41849198
-1.047817  0.176029    1.42372833
-1.051252  0.154193    1.42587621
-1.054232  0.132289    1.42586384
-1.056756  0.110329    1.42448744
-1.058823  0.088320    1.42243179
-1.060431  0.066274    1.42026811
-1.061580  0.044198    1.41841842
-1.062270  0.022104    1.41717878
-1.062500  0.000000    1.41674587
-1.062270  -0.022104    1.41717878
-1.061580  -0.044198    1.41841842
-1.060431  -0.066274    1.42026811
-1.058823  -0.088320    1.42243179
-1.056756  -0.110329    1.42448744
-1.054232  -0.132289    1.42586384
-1.051252  -0.154193    1.42587621
-1.047817  -0.176029    1.42372833
-1.043928  -0.197790    1.41849198
-1.039587  -0.219464    1.40912281
-1.034797  -0.241044    1.39443984
-1.029558  -0.262520    1.37322484
-1.023874  -0.283882    1.34412819
-1.017746  -0.305121    1.30579168
-1.011178  -0.326227    1.25680980
-1.004173  -0.347193    1.19580393
-0.996733  -0.368009    1.12150491
-0.988861  -0.388665    1.03277585
-0.980561  -0.409153    0.92867273
-0.971837  -0.429463    0.80856397
-0.962692  -0.449588    0.67217861
-0.953131  -0.469519    0.51972427
-0.943157  -0.489246    0.35197872
-0.932775  -0.508761    0.17034415
-0.921989  -0.528056   -0.02306254
-0.928662  -0.557851   -0.14802326
-0.934488  -0.588147   -0.18017732
-0.939447  -0.618922   -0.11010687
-0.943523  -0.650153    0.05718974
-0.946698  -0.681816    0.30288616
-0.948958  -0.713888    0.59686307
-0.950285  -0.746343    0.90156666
-0.950665  -0.779157    1.17716220
-0.950085  -0.812304    1.38685480
-0.948530  -0.845759    1.50191676
-0.945988  -0.879494    1.50568870
-0.942446  -0.913484    1.39586335
-0.937892  -0.947700    1.18477286
-0.932317  -0.982116    0.89753656
-0.925710  -1.016704    0.56830425
-0.918060  -1.051435    0.23515911
-0.909361  -1.086281   -0.06557854
-0.899603  -1.121214   -0.30485585
-0.888780  -1.156204   -0.46509421
-0.876884  -1.191221   -0.54266274
-0.863912  -1.226237   -0.54781684
-0.849856  -1.261221   -0.50244828
-0.834714  -1.296144   -0.43541593
-0.818482  -1.330975   -0.37677291
-0.801157  -1.365684   -0.35141026
-0.782738  -1.400240   -0.37353464
-0.763223  -1.434613   -0.44303085
-0.742613  -1.468773   -0.54453810
-0.720907  -1.502688   -0.64971384
-0.698108  -1.536327   -0.72256059
-0.674218  -1.569660   -0.72708035
-0.649239  -1.602656   -0.63593040
-0.623176  -1.635283   -0.43849396
-0.596034  -1.667511   -0.14641639
-0.567817  -1.699310    0.20498666
-0.538532  -1.730647    0.56037283
-0.508186  -1.761493    0.85340925
-0.476788  -1.791817    1.01995833
-0.444345  -1.821588    1.01323136
-0.410868  -1.850776    0.81763083
-0.376367  -1.879351    0.45752202
-0.340853  -1.907282   -0.00233872
-0.304339  -1.934541   -0.46664537
-0.266836  -1.961096   -0.82924742
-0.228359  -1.986920   -0.99923150
-0.943816  0.440773    0.76355550
-0.962692  0.449588    0.67217861
-0.981569  0.458404    0.55125814
-1.000445  0.467219    0.40728199
-1.019321  0.476035    0.24783443
-1.038198  0.484850    0.08119483
-1.057074  0.493666   -0.08415057
-1.075950  0.502481   -0.24000619
-1.094827  0.511297   -0.37890055
-1.113703  0.520112   -0.49445017
-1.132579  0.528927   -0.58170706
-1.151456  0.537743   -0.63734591
-1.170332  0.546558   -0.65978750
-1.189208  0.555374   -0.64920243
-1.208085  0.564189   -0.60744657
-1.226961  0.573005   -0.53784377
-1.245837  0.581820   -0.44498658
-1.264713  0.590636   -0.33439027
-1.283590  0.599451   -0.21218543
-1.302466  0.608267   -0.08477203
-1.321342  0.617082    0.04154120
-1.340219  0.625897    0.16083843
-1.359095  0.634713    0.26783450
-1.377971  0.643528    0.35815124
-1.396848  0.652344    0.42841993
-1.415724  0.661159    0.47638772
-1.434600  0.669975    0.50094253
-1.453477  0.678790    0.50209528
-1.472353  0.687606    0.48085869
-1.491229  0.696421    0.43917051
-1.510106  0.705237    0.37969912
-1.528982  0.714052    0.30570827
-1.547858  0.722868    0.22085270
-1.566735  0.731683    0.12901019
-1.585611  0.740498    0.03414288
-1.604487  0.749314   -0.05988130
-1.623364  0.758129   -0.14941349
-1.642240  0.766945   -0.23108124
-1.661116  0.775760   -0.30194274
-1.679993  0.784576   -0.35949584
-1.698869  0.793391   -0.40174650
-1.717745  0.802207   -0.42724352
-1.736622  0.811022   -0.43510887
-1.755498  0.819838   -0.42503736
-1.774374  0.828653   -0.39732649
-1.793250  0.837468   -0.35286705
-1.812127  0.846284   -0.29314103
-0.952782  0.421043    0.92758274
-0.961335  0.401130    1.07359972
-0.969472  0.381044    1.20161985
-0.977189  0.360793    1.31213784
-0.984483  0.340385    1.40601268
-0.991351  0.319831    1.48436392
-0.997791  0.299138    1.54852884
-1.003798  0.278315    1.59998382
-1.009371  0.257372    1.64023382
-1.014506  0.236318    1.67082926
-1.019203  0.215161    1.69325262
-1.023459  0.193911    1.70894345
-1.027271  0.172578    1.71925270
-1.030639  0.151169    1.72539260
-1.033561  0.129695    1.72846243
-1.036036  0.108165    1.72941969
-1.038062  0.086589    1.72909142
-1.039638  0.064974    1.72815115
-1.040765  0.043332    1.72709706
-1.041441  0.021671    1.72632084
-1.041667  0.000000    1.72602962
-1.041441  -0.021671    1.72632084
-1.040765  -0.043332    1.72709706
-1.039638  -0.064974    1.72815115
-1.038062  -0.086589    1.72909142
-1.036036  -0.108165    1.72941969
-1.033561  -0.129695    1.72846243
-1.030639  -0.151169    1.72539260
-1.027271  -0.172578    1.71925270
-1.023459  -0.193911    1.70894345
-1.019203  -0.215161    1.69325262
-1.014506  -0.236318    1.67082926
-1.009371  -0.257372    1.64023382
-1.003798  -0.278315    1.59998382
-0.997791  -0.299138    1.54852884
-0.991351  -0.319831    1.48436392
-0.984483  -0.340385    1.40601268
-0.977189  -0.360793    1.31213784
-0.969472  -0.381044    1.20161985
-0.961335  -0.401130    1.07359972
-0.952782  -0.421043    0.92758274
-0.943816  -0.440773    0.76355550
-0.934442  -0.460312    0.58204365
-0.924664  -0.479653    0.38421413
-0.914485  -0.498785    0.17199411
-0.903910  -0.517702   -0.05193283
-0.910804  -0.547123   -0.22534891
-0.916856  -0.577050   -0.31759420
-0.922050  -0.607460   -0.31058673
-0.926368  -0.638332   -0.20042415
-0.929793  -0.669641    0.00211808
-0.932309  -0.701363    0.27296726
-0.933901  -0.733475    0.57792726
-0.934552  -0.765951    0.87714550
-0.934250  -0.798766    1.13059781
-0.932980  -0.831894    1.30342253
-0.930730  -0.865309    1.37080548
-0.927486  -0.898984    1.32137043
-0.923238  -0.932892    1.15882190
-0.917974  -0.967007    0.90130629
-0.911684  -1.001299    0.57881269
-0.904358  -1.035742    0.22868729
-0.895988  -1.070307   -0.10981829
-0.886565  -1.104964   -0.40137999
-0.876083  -1.139686   -0.61972015
-0.864534  -1.174443   -0.75127450
-0.851913  -1.209206   -0.79667529
-0.838214  -1.243944   -0.76989456
-0.823434  -1.278628   -0.69493293
-0.807569  -1.313228   -0.60081391
-0.790615  -1.347714   -0.51553738
-0.772572  -1.382055   -0.46017034
-0.753438  -1.416221   -0.44428590
-0.733212  -1.450181   -0.46362196
-0.711896  -1.483904   -0.50069767
-0.689490  -1.517360   -0.52847674
-0.665996  -1.550518   -0.51661010
-0.641417  -1.583347   -0.43920222
-0.615758  -1.615816   -0.28256897
-0.589022  -1.647894   -0.05114557
-0.561214  -1.679550    0.22995098
-0.532342  -1.710755    0.51705038
-0.502411  -1.741476    0.75506976
-0.471431  -1.771684    0.88878593
-0.439408  -1.801348    0.87638697
-0.406353  -1.830438    0.70230548
-0.372276  -1.858923    0.38581684
-0.337188  -1.886774   -0.01773485
-0.301101  -1.913960   -0.42507460
-0.264027  -1.940453   -0.74225853
-0.225980  -1.966223   -0.88807999
-0.186974  -1.991241   -0.81814092
-0.915753  0.451106    0.62071088
-0.934442  0.460312    0.58204365
-0.953131  0.469519    0.51972427
-0.971820  0.478725    0.43694777
-0.990509  0.487931    0.33790648
-1.009197  0.497137    0.22755470
-1.027886  0.506344    0.11127282
-1.046575  0.515550   -0.00542158
-1.065264  0.524756   -0.11721144
-1.083953  0.533962   -0.21924478
-1.102642  0.543169   -0.30736683
-1.121330  0.552375   -0.37830968
-1.140019  0.561581   -0.42980389
-1.158708  0.570787   -0.46060286
-1.177397  0.579994   -0.47048414
-1.196086  0.589200   -0.46019678
-1.214775  0.598406   -0.43130483
-1.233464  0.607612   -0.38606265
-1.252152  0.616819   -0.32723780
-1.270841  0.626025   -0.25793355
-1.289530  0.635231   -0.18141213
-1.308219  0.644437   -0.10094465
-1.326908  0.653644   -0.01968055
-1.345597  0.662850    0.05946849
-1.364285  0.672056    0.13387671
-1.382974  0.681262    0.20128331
-1.401663  0.690469    0.25976420
-1.420352  0.699675    0.30777605
-1.439041  0.708881    0.34410304
-1.457730  0.718087    0.36785740
-1.476418  0.727294    0.37845176
-1.495107  0.736500    0.37560178
-1.513796  0.745706    0.35929821
-1.532485  0.754912    0.32983707
-1.551174  0.764119    0.28783836
-1.569863  0.773325    0.23426508
-1.588551  0.782531    0.17047351
-1.607240  0.791737    0.09820952
-1.625929  0.800944    0.01966041
-1.644618  0.810150   -0.06259050
-1.663307  0.819356   -0.14556600
-1.681996  0.828562   -0.22597940
-1.700685  0.837769   -0.30032967
-1.719373  0.846975   -0.36504214
-1.738062  0.856181   -0.41663604
-1.756751  0.865387   -0.45189941
-1.775440  0.874594   -0.46810890
-1.794129  0.883800   -0.46321971
-0.924940  0.431957    0.82046797
-0.933726  0.412622    1.00188219
-0.942108  0.393107    1.16423662
-0.950082  0.373423    1.30738157
-0.957645  0.353577    1.43171348
-0.964794  0.333578    1.53802838
-0.971524  0.313434    1.62745739
-0.977835  0.293155    1.70134240
-0.983722  0.272749    1.76120841
-0.989183  0.252225    1.80865345
-0.994216  0.231592    1.84530359
-0.998819  0.210858    1.87276652
-1.002990  0.190033    1.89258433
-1.006726  0.169126    1.90621686
-1.010026  0.148146    1.91499705
-1.012890  0.127101    1.92011907
-1.015315  0.106002    1.92264692
-1.017300  0.084857    1.92348218
-1.018846  0.063675    1.92335359
-1.019950  0.042465    1.92285347
-1.020612  0.021237    1.92239174
-1.020833  0.000000    1.92220832
-1.020612  -0.021237    1.92239174
-1.019950  -0.042465    1.92285347
-1.018846  -0.063675    1.92335359
-1.017300  -0.084857    1.92348218
-1.015315  -0.106002    1.92264692
-1.012890  -0.127101    1.92011907
-1.010026  -0.148146    1.91499705
-1.006726  -0.169126    1.90621686
-1.002990  -0.190033    1.89258433
-0.998819  -0.210858    1.87276652
-0.994216  -0.231592    1.84530359
-0.989183  -0.252225    1.80865345
-0.983722  -0.272749    1.76120841
-0.977835  -0.293155    1.70134240
-0.971524  -0.313434    1.62745739
-0.964794  -0.333578    1.53802838
-0.957645  -0.353577    1.43171348
-0.950082  -0.373423    1.30738157
-0.942108  -0.393107    1.16423662
-0.933726  -0.412622    1.00188219
-0.924940  -0.431957    0.82046797
-0.915753  -0.451106    0.62071088
-0.906170  -0.470060    0.40406027
-0.896195  -0.488810    0.17274852
-0.885832  -0.507348   -0.07015739
-0.892945  -0.536395   -0.28400447
-0.899224  -0.565952   -0.43281604
-0.904653  -0.595999   -0.49058946
-0.909213  -0.626511   -0.44447944
-0.912888  -0.657466   -0.29646624
-0.915661  -0.688839   -0.06316650
-0.917516  -0.720607    0.22635098
-0.918440  -0.752745    0.53441081
-0.918416  -0.785228    0.81967898
-0.917431  -0.818029    1.04286984
-0.915472  -0.851123    1.17211615
-0.912527  -0.884484    1.18738166
-0.908583  -0.918084    1.08326641
-0.903630  -0.951897    0.86981518
-0.897658  -0.985895    0.57104333
-0.890656  -1.020049    0.22146389
-0.882615  -1.054332   -0.13893138
-0.873528  -1.088715   -0.47045340
-0.863386  -1.123169   -0.73949102
-0.852184  -1.157666   -0.92314712
-0.839914  -1.192175   -1.01222735
-0.826572  -1.226667   -1.01178487
-0.812154  -1.261113   -0.93934043
-0.796656  -1.295482   -0.82093800
-0.780074  -1.329745   -0.68568231
-0.762407  -1.363870   -0.55983711
-0.743653  -1.397828   -0.46154543
-0.723812  -1.431589   -0.39730677
-0.702885  -1.465121   -0.36097361
-0.680871  -1.498393   -0.33562791
-0.657774  -1.531376   -0.29827410
-0.633595  -1.564038   -0.22627558
-0.608339  -1.596348   -0.10455394
-0.582009  -1.628276    0.06842001
-0.554612  -1.659791    0.27721673
-0.526152  -1.690862    0.49014241
-0.496637  -1.721459    0.66433678
-0.466073  -1.751551    0.75502605
-0.434471  -1.781108    0.72718715
-0.401838  -1.810099    0.56699681
-0.368185  -1.838495    0.29000540
-0.333523  -1.866265   -0.05713901
-0.297863  -1.893380   -0.40321912
-0.261218  -1.919810   -0.66726468
-0.223601  -1.945526   -0.77918916
-0.185026  -1.970499   -0.70124559
-0.145508  -1.994700   -0.44387340
-0.887677  0.460467    0.41073172
-0.906170  0.470060    0.40406027
-0.924664  0.479653    0.38421413
-0.943157  0.489246    0.35197872
-0.961650  0.498839    0.30879930
-0.980143  0.508432    0.25662713
-0.998637  0.518025    0.19775981
-1.017130  0.527618    0.13467755
-1.035623  0.537211    0.06987174
-1.054116  0.546804    0.00570473
-1.072610  0.556397   -0.05571103
-1.091103  0.565990   -0.11257034
-1.109596  0.575583   -0.16344843
-1.128090  0.585176   -0.20729063
-1.146583  0.594769   -0.24336697
-1.165076  0.604362   -0.27125604
-1.183569  0.613955   -0.29075519
-1.202063  0.623548   -0.30181823
-1.220556  0.633142   -0.30447595
-1.239049  0.642735   -0.29881784
-1.257542  0.652328   -0.28492754
-1.276036  0.661921   -0.26289710
-1.294529  0.671514   -0.23285407
-1.313022  0.681107   -0.19499969
-1.331516  0.690700   -0.14967616
-1.350009  0.700293   -0.09746349
-1.368502  0.709886   -0.03922962
-1.386995  0.719479    0.02378263
-1.405489  0.729072    0.08991845
-1.423982  0.738665    0.15706999
-1.442475  0.748258    0.22273632
-1.460968  0.757851    0.28406454
-1.479462  0.767444    0.33796977
-1.497955  0.777037    0.38127499
-1.516448  0.786630    0.41091910
-1.534942  0.796223    0.42415131
-1.553435  0.805816    0.41875956
-1.571928  0.815410    0.39328464
-1.590421  0.825003    0.34719312
-1.608915  0.834596    0.28104424
-1.627408  0.844189    0.19658930
-1.645901  0.853782    0.09676043
-1.664394  0.863375   -0.01436366
-1.682888  0.872968   -0.13170917
-1.701381  0.882561   -0.24939563
-1.719874  0.892154   -0.36107043
-1.738368  0.901747   -0.46022899
-1.756861  0.911340   -0.54058911
-1.775354  0.920933   -0.59652018
-0.897064  0.441900    0.63379945
-0.906063  0.423142    0.83978679
-0.914670  0.404201    1.02716187
-0.922881  0.385085    1.19511364
-0.930693  0.365802    1.34346235
-0.938101  0.346361    1.47254797
-0.945104  0.326770    1.58315839
-0.951697  0.307038    1.67640455
-0.957879  0.287172    1.75365906
-0.963646  0.267183    1.81644233
-0.968996  0.247077    1.86638813
-0.973926  0.226865    1.90514982
-0.978435  0.206555    1.93437202
-0.982520  0.186155    1.95563806
-0.986180  0.165675    1.97043770
-0.989414  0.145122    1.98014541
-0.992219  0.124508    1.98599709
-0.994594  0.103839    1.98908158
-0.996539  0.083125    1.99032772
-0.998053  0.062375    1.99050031
-0.999134  0.041598    1.99019629
-0.999784  0.020804    1.98984286
-1.000000  0.000000    1.98969653
-0.999784  -0.020804    1.98984286
-0.999134  -0.041598    1.99019629
-0.998053  -0.062375    1.99050031
-0.996539  -0.083125    1.99032772
-0.994594  -0.103839    1.98908158
-0.992219  -0.124508    1.98599709
-0.989414  -0.145122    1.98014541
-0.986180  -0.165675    1.97043770
-0.982520  -0.186155    1.95563806
-0.978435  -0.206555    1.93437202
-0.973926  -0.226865    1.90514982
-0.968996  -0.247077    1.86638813
-0.963646  -0.267183    1.81644233
-0.957879  -0.287172    1.75365906
-0.951697  -0.307038    1.67640455
-0.945104  -0.326770    1.58315839
-0.938101  -0.346361    1.47254797
-0.930693  -0.365802    1.34346235
-0.922881  -0.385085    1.19511364
-0.914670  -0.404201    1.02716187
-0.906063  -0.423142    0.83978679
-0.897064  -0.441900    0.63379945
-0.887677  -0.460467    0.41073172
-0.877906  -0.478834    0.17292639
-0.867754  -0.496994   -0.07643864
-0.875086  -0.525667   -0.32071319
-0.881592  -0.554855   -0.51983394
-0.887256  -0.584537   -0.64096337
-0.892058  -0.614690   -0.66276101
-0.895982  -0.645290   -0.57812027
-0.899012  -0.676315   -0.39516060
-0.901132  -0.707739   -0.13623076
-0.902327  -0.739539    0.16504963
-0.902581  -0.771689    0.46819586
-0.901881  -0.804164    0.73141227
-0.900214  -0.836938    0.91725017
-0.897567  -0.869984    0.99781206
-0.893929  -0.903277    0.95871284
-0.889287  -0.936788    0.80109090
-0.883632  -0.970490    0.54156818
-0.876953  -1.004356    0.20982829
-0.869242  -1.038357   -0.15554760
-0.860490  -1.072465   -0.51267334
-0.850689  -1.106652   -0.82231048
-0.839833  -1.140888   -1.05335177
-0.827915  -1.175144   -1.18702525
-0.814931  -1.209390   -1.21895111
-0.800874  -1.243597   -1.15890753
-0.785743  -1.277736   -1.02809336
-0.769532  -1.311775   -0.85471188
-0.752241  -1.345685   -0.66824065
-0.733868  -1.379436   -0.49389597
-0.714412  -1.412997   -0.34808319
-0.693873  -1.446337   -0.23590831
-0.672252  -1.479426   -0.15133787
-0.649552  -1.512234   -0.08007199
-0.625773  -1.544728   -0.00449775
-0.600920  -1.576880    0.09001332
-0.574997  -1.608658    0.20940789
-0.548009  -1.640031    0.34697478
-0.519962  -1.670970    0.48266513
-0.490862  -1.701442    0.58636821
-0.460716  -1.731418    0.62493117
-0.429534  -1.760868    0.57174004
-0.397323  -1.789761    0.41652108
-0.364094  -1.818067    0.17270891
-0.329858  -1.845757   -0.12056466
-0.294626  -1.872800   -0.40365012
-0.258409  -1.899167   -0.60886057
-0.221222  -1.924829   -0.67823831
-0.183079  -1.949757   -0.58230851
-0.143992  -1.973922   -0.33390183
-0.103979  -1.997295    0.00841884
-0.877906  0.478834    0.17292639
-0.896195  0.488810    0.17274852
-0.914485  0.498785    0.17199411
-0.932775  0.508761    0.17034415
-0.951064  0.518737    0.16756988
-0.969354  0.528712    0.16344183
-0.987644  0.538688    0.15764416
-1.005933  0.548664    0.14978042
-1.024223  0.558640    0.13933275
-1.042513  0.568615    0.12567929
-1.060802  0.578591    0.10815964
-1.079092  0.588567    0.08611501
-1.097382  0.598542    0.05900780
-1.115672  0.608518    0.02654132
-1.133961  0.618494   -0.01126402
-1.152251  0.628470   -0.05397272
-1.170541  0.638445   -0.10063859
-1.188830  0.648421   -0.14976543
-1.207120  0.658397   -0.19936466
-1.225410  0.668372   -0.24695809
-1.243699  0.678348   -0.28970711
-1.261989  0.688324   -0.32458143
-1.280279  0.698299   -0.34852829
-1.298569  0.708275   -0.35872211
-1.316858  0.718251   -0.35278421
-1.335148  0.728227   -0.32901117
-1.353438  0.738202   -0.28659331
-1.371727  0.748178   -0.22579971
-1.390017  0.758154   -0.14802762
-1.408307  0.768129   -0.05589534
-1.426596  0.778105    0.04681068
-1.444886  0.788081    0.15531511
-1.463176  0.798057    0.26400502
-1.481466  0.808032    0.36675029
-1.499755  0.818008    0.45724492
-1.518045  0.827984    0.52940414
-1.536335  0.837959    0.57774231
-1.554624  0.847935    0.59780265
-1.572914  0.857911    0.58647784
-1.591204  0.867886    0.54232097
-1.609493  0.877862    0.46576928
-1.627783  0.887838    0.35918585
-1.646073  0.897814    0.22689699
-1.664363  0.907789    0.07501436
-1.682652  0.917765   -0.08881309
-1.700942  0.927741   -0.25582930
-1.719232  0.937716   -0.41657781
-1.737521  0.947692   -0.56148510
-1.755811  0.957668   -0.68144422
-0.857227  -0.514939   -0.33326349
-0.863960  -0.543758   -0.57408499
-0.869858  -0.573076   -0.75419102
-0.874903  -0.602869   -0.84455222
-0.879077  -0.633115   -0.82915319
-0.882364  -0.663790   -0.70706792
-0.884748  -0.694871   -0.49265872
-0.886214  -0.726333   -0.21372664
-0.886746  -0.758151    0.09213044
-0.886331  -0.790299    0.38262558
-0.884956  -0.822753    0.61652912
-0.882608  -0.855485    0.75932696
-0.879274  -0.888469    0.78812874
-0.874944  -0.921678    0.69496794
-0.869606  -0.955085    0.48796010
-0.863251  -0.988663    0.19029713
-0.855869  -1.022383   -0.16300889
-0.847452  -1.056216   -0.53004663
-0.837992  -1.090135   -0.86797903
-0.827483  -1.124110   -1.13899641
-0.815917  -1.158113   -1.31555184
-0.803289  -1.192113   -1.38377848
-0.789594  -1.226082   -1.34477468
-0.774829  -1.259989   -1.21340792
-0.758991  -1.293806   -1.01491731
-0.742076  -1.327500   -0.77997818
-0.724083  -1.361044   -0.53898305
-0.705012  -1.394405   -0.31693444
-0.684862  -1.427553   -0.12961384
-0.663634  -1.460459    0.01790280
-0.641329  -1.493091    0.13024287
-0.617951  -1.525419    0.21834373
-0.593501  -1.557413    0.29461123
-0.567985  -1.589040    0.36759515
-0.541407  -1.620272    0.43785913
-0.513772  -1.651077    0.49623842
-0.485087  -1.681425    0.52531796
-0.455359  -1.711286    0.50431002
-0.424597  -1.740628    0.41635355
-0.392808  -1.769423    0.25647247
-0.360003  -1.797640    0.03777870
-0.326193  -1.825249   -0.20660025
-0.291388  -1.852220   -0.42761109
-0.255601  -1.878524   -0.57061135
-0.218844  -1.904132   -0.59039324
-0.181131  -1.929015   -0.46704274
-0.142477  -1.953144   -0.21764406
-0.102896  -1.976490    0.10131225
-0.062406  -1.999026    0.40394036
-0.867754  0.496994   -0.07643864
-0.885832  0.507348   -0.07015739
-0.903910  0.517702   -0.05193283
-0.921989  0.528056   -0.02306254
-0.940067  0.538410    0.01462389
-0.958145  0.548764    0.05880374
-0.976223  0.559118    0.10667535
-0.994301  0.569472    0.15504620
-1.012380  0.579826    0.20045932
-1.030458  0.590180    0.23935618
-1.048536  0.600534    0.26828488
-1.066614  0.610888    0.28411568
-1.084692  0.621243    0.28427975
-1.102771  0.631597    0.26695394
-1.120849  0.641951    0.23131792
-1.138927  0.652305    0.17764139
-1.157005  0.662659    0.10739673
-1.175083  0.673013    0.02326741
-1.193162  0.683367   -0.07092626
-1.211240  0.693721   -0.17035120
-1.229318  0.704075   -0.26943318
-1.247396  0.714429   -0.36212956
-1.265475  0.724783   -0.44229305
-1.283553  0.735137   -0.50405272
-1.301631  0.745491   -0.54222874
-1.319709  0.755845   -0.55270400
-1.337787  0.766199   -0.53276742
-1.355866  0.776553   -0.48137841
-1.373944  0.786907   -0.39937219
-1.392022  0.797261   -0.28949437
-1.410100  0.807615   -0.15637425
-1.428178  0.817969   -0.00634668
-1.446257  0.828323    0.15284892
-1.464335  0.838677    0.31243240
-1.482413  0.849031    0.46312231
-1.500491  0.859385    0.59564473
-1.518569  0.869740    0.70131926
-1.536648  0.880094    0.77260538
-1.554726  0.890448    0.80364566
-1.572804  0.900802    0.79069640
-1.590882  0.911156    0.73245278
-1.608960  0.921510    0.63024278
-1.627039  0.931864    0.48805372
-1.645117  0.942218    0.31244470
-1.663195  0.952572    0.11220065
-1.681273  0.962926   -0.10207064
-1.699352  0.973280   -0.31852528
-1.717430  0.983634   -0.52470588
-1.735508  0.993988   -0.70833320
-0.846329  -0.532661   -0.59256489
-0.852461  -0.561614   -0.82458240
-0.857748  -0.591048   -0.98106933
-0.862172  -0.620940   -1.03764371
-0.865716  -0.651266   -0.98421000
-0.868364  -0.682003   -0.82632157
-0.870101  -0.713127   -0.58449130
-0.870911  -0.744612   -0.29155862
-0.870782  -0.776434    0.01180577
-0.869698  -0.808567    0.28247094
-0.867648  -0.840985    0.48094923
-0.864620  -0.873661    0.57683893
-0.860600  -0.906569    0.55318216
-0.855580  -0.939681    0.40907345
-0.849548  -0.972970    0.15981730
-0.842496  -1.006408   -0.16501321
-0.834414  -1.039967   -0.52573551
-0.825295  -1.073618   -0.87805912
-0.815132  -1.107332   -1.17933151
-0.803918  -1.141081   -1.39444069
-0.791647  -1.174836   -1.50046746
-0.778314  -1.208566   -1.48942505
-0.763916  -1.242243   -1.36859771
-0.748449  -1.275836   -1.15851401
-0.731911  -1.309315   -0.88886329
-0.714298  -1.342651   -0.59317726
-0.695612  -1.375813   -0.30332580
-0.675851  -1.408770   -0.04470692
-0.655015  -1.441492    0.16678109
-0.633107  -1.473949    0.32547892
-0.610129  -1.506110    0.43445785
-0.586083  -1.537945    0.50207361
-0.560973  -1.569423    0.53758212
-0.534804  -1.600513    0.54708391
-0.507582  -1.631185    0.53101196
-0.479312  -1.661408    0.48411452
-0.450002  -1.691153    0.39820478
-0.419659  -1.720389    0.26717915
-0.388293  -1.749085    0.09292250
-0.355912  -1.777212   -0.10994531
-0.322528  -1.804740   -0.31250345
-0.288150  -1.831640   -0.47491064
-0.252792  -1.857881   -0.55486355
-0.216465  -1.883435   -0.52000198
-0.179183  -1.908273   -0.36093500
-0.140961  -1.932365   -0.10059477
-0.101813  -1.955685    0.20456233
-0.061756  -1.978203    0.47433484
-0.020805  -1.999892    0.62523373
-0.857227  0.514939   -0.33326349
-0.875086  0.525667   -0.32071319
-0.892945  0.536395   -0.28400447
-0.910804  0.547123   -0.22534891
-0.928662  0.557851   -0.14802326
-0.946521  0.568578   -0.05627951
-0.964380  0.579306    0.04472323
-0.982239  0.590034    0.14915952
-1.000098  0.600762    0.25076879
-1.017957  0.611490    0.34316599
-1.035816  0.622218    0.42018540
-1.053675  0.632946    0.47624268
-1.071534  0.643674    0.50669258
-1.089392  0.654402    0.50816363
-1.107251  0.665130    0.47881553
-1.125110  0.675857    0.41856270
-1.142969  0.686585    0.32919123
-1.160828  0.697313    0.21432567
-1.178687  0.708041    0.07934253
-1.196546  0.718769   -0.06886438
-1.214405  0.729497   -0.22221933
-1.232264  0.740225   -0.37189230
-1.250122  0.750953   -0.50879273
-1.267981  0.761681   -0.62412976
-1.285840  0.772408   -0.70992569
-1.303699  0.783136   -0.75959005
-1.321558  0.793864   -0.76834781
-1.339417  0.804592   -0.73364058
-1.357276  0.815320   -0.65538077
-1.375135  0.826048   -0.53607083
-1.392994  0.836776   -0.38076815
-1.410852  0.847504   -0.19690262
-1.428711  0.858232    0.00611449
-1.446570  0.868960    0.21730881
-1.464429  0.879687    0.42477998
-1.482288  0.890415    0.61638185
-1.500147  0.901143    0.78042297
-1.518006  0.911871    0.90639457
-1.535865  0.922599    0.98563915
-1.553724  0.933327    1.01193257
-1.571583  0.944055    0.98193854
-1.589441  0.954783    0.89551156
-1.607300  0.965511    0.75577885
-1.625159  0.976239    0.56909913
-1.643018  0.986966    0.34475963
-1.660877  0.997694    0.09451715
-1.678736  1.008422   -0.16802580
-1.696595  1.019150   -0.42817204
-1.714454  1.029878   -0.67096771
-0.835064  -0.550153   -0.84851948
-0.840593  -0.579227   -1.06576792
-0.845266  -0.608764   -1.19385766
-0.849067  -0.638742   -1.21380970
-0.851980  -0.669135   -1.12194230
-0.853988  -0.699921   -0.93042653
-0.855077  -0.731074   -0.66566640
-0.855232  -0.762569   -0.36483420
-0.854441  -0.794382   -0.07077200
-0.852689  -0.826485    0.17376153
-0.849965  -0.858853    0.33223535
-0.846257  -0.891459    0.37943782
-0.841554  -0.924276    0.30522497
-0.835846  -0.957277    0.11613729
-0.829123  -0.990433   -0.16532854
-0.821377  -1.023717   -0.50374019
-0.812599  -1.057100   -0.85563403
-0.802782  -1.090555   -1.17558247
-0.791919  -1.124050   -1.42249324
-0.780005  -1.157559   -1.56530164
-0.767035  -1.191051   -1.58698427
-0.753003  -1.224497   -1.48646088
-0.737908  -1.257867   -1.27798708
-0.721745  -1.291131   -0.98826833
-0.704513  -1.324259   -0.65179338
-0.686212  -1.357221   -0.30528991
-0.666839  -1.389986    0.01774865
-0.646397  -1.422525    0.29131950
-0.624885  -1.454807    0.49945729
-0.602306  -1.486801    0.63642776
-0.578664  -1.518477    0.70496741
-0.553961  -1.549805    0.71311597
-0.528202  -1.580753    0.67055121
-0.501392  -1.611292    0.58566486
-0.473537  -1.641391    0.46430912
-0.444645  -1.671020    0.31064483
-0.414722  -1.700149    0.12989162
-0.383778  -1.728747   -0.06792354
-0.351822  -1.756784   -0.26487553
-0.318863  -1.784232   -0.43434962
-0.284913  -1.811059   -0.54397259
-0.249983  -1.837238   -0.56261263
-0.214086  -1.862738   -0.47037512
-0.177236  -1.887531   -0.26891456
-0.139445  -1.911587    0.01168287
-0.100730  -1.934880    0.31309472
-0.061106  -1.957380    0.55873205
-0.020588  -1.979060    0.67278060
0.020805  -1.999892    0.60452050
-0.846329  0.532661   -0.59256489
-0.863960  0.543758   -0.57408499
-0.881592  0.554855   -0.51983394
-0.899224  0.565952   -0.43281604
-0.916856  0.577050   -0.31759420
-0.934488  0.588147   -0.18017732
-0.952120  0.599244   -0.02784900
-0.969752  0.610341    0.13113915
-0.987383  0.621438    0.28792398
-1.005015  0.632535    0.43348618
-1.022647  0.643632    0.55908574
-1.040279  0.654729    0.65677869
-1.057911  0.665826    0.71988654
-1.075543  0.676923    0.74342915
-1.093174  0.688021    0.72449727
-1.110806  0.699118    0.66246026
-1.128438  0.710215    0.55917986
-1.146070  0.721312    0.41896099
-1.163702  0.732409    0.24841921
-1.181334  0.743506    0.05619285
-1.198966  0.754603   -0.14747766
-1.216597  0.765700   -0.35127545
-1.234229  0.776797   -0.54346436
-1.251861  0.787895   -0.71251035
-1.269493  0.798992   -0.84778363
-1.287125  0.810089   -0.94024104
-1.304757  0.821186   -0.98299405
-1.322389  0.832283   -0.97179656
-1.340020  0.843380   -0.90539481
-1.357652  0.854477   -0.78567483
-1.375284  0.865574   -0.61769592
-1.392916  0.876671   -0.40947260
-1.410548  0.887768   -0.17160338
-1.428180  0.898866    0.08327403
-1.445811  0.909963    0.34113950
-1.463443  0.921060    0.58743417
-1.481075  0.932157    0.80781347
-1.498707  0.943254    0.98904450
-1.516339  0.954351    1.11979524
-1.533971  0.965448    1.19134478
-1.551603  0.976545    1.19815696
-1.569234  0.987642    1.13828678
-1.586866  0.998740    1.01355438
-1.604498  1.009837    0.82954987
-1.622130  1.020934    0.59538439
-1.639762  1.032031    0.32323004
-1.657394  1.043128    0.02767885
-1.675025  1.054225   -0.27504073
-1.692657  1.065322   -0.56803126
-0.823438  -0.567406   -1.09451155
-0.828361  -0.596589   -1.29057939
-0.832419  -0.626217   -1.38544982
-0.835595  -0.656267   -1.36626380
-0.837875  -0.686715   -1.23610285
-0.839242  -0.717535   -1.01369919
-0.839682  -0.748704   -0.73085876
-0.839183  -0.780196   -0.42821609
-0.837730  -0.811985   -0.14972572
-0.835310  -0.844045    0.06353309
-0.831914  -0.876350    0.17920220
-0.827528  -0.908872    0.17823867
-0.822144  -0.941584    0.05796245
-0.815750  -0.974458   -0.16743743
-0.808339  -1.007468   -0.46861813
-0.799902  -1.040583   -0.80507592
-0.790431  -1.073777   -1.13080764
-0.779920  -1.107019   -1.40066894
-0.768363  -1.140282   -1.57675200
-0.755755  -1.173536   -1.63352833
-0.742090  -1.206750   -1.56119251
-0.727366  -1.239897   -1.36656600
-0.711580  -1.272946   -1.07156146
-0.694729  -1.305866   -0.70944437
-0.676811  -1.338628   -0.31959476
-0.657828  -1.371203    0.05819914
-0.637778  -1.403558    0.38911531
-0.616663  -1.435665    0.64722187
-0.594484  -1.467492    0.81753492
-0.571245  -1.499010    0.89592965
-0.546949  -1.530187    0.88739233
-0.521599  -1.560994    0.80310448
-0.495202  -1.591400    0.65748296
-0.467762  -1.621374    0.46600737
-0.439288  -1.650887    0.24442036
-0.409785  -1.679909    0.00936059
-0.379263  -1.708408   -0.22007375
-0.347731  -1.736357   -0.42104592
-0.315198  -1.763723   -0.56728822
-0.281675  -1.790479   -0.63193689
-0.247174  -1.816595   -0.59346742
-0.211707  -1.842041   -0.44359602
-0.175288  -1.866788   -0.19505083
-0.137930  -1.890809    0.11393302
-0.099647  -1.914075    0.42155001
-0.060455  -1.936557    0.65272329
-0.020371  -1.958227    0.73730942
0.020588  -1.979060    0.63247009
0.062406  -1.999026    0.34257186
-0.835064  0.550153   -0.84851948
-0.852461  0.561614   -0.82458240
-0.869858  0.573076   -0.75419102
-0.887256  0.584537   -0.64096337
-0.904653  0.595999   -0.49058946
-0.922050  0.607460   -0.31058673
-0.939447  0.618922   -0.11010687
-0.956844  0.630383    0.10044969
-0.974241  0.641845    0.30990833
-0.991639  0.653306    0.50684033
-1.009036  0.664768    0.68016278
-1.026433  0.676229    0.81973316
-1.043830  0.687691    0.91695928
-1.061227  0.699152    0.96527144
-1.078625  0.710614    0.96061494
-1.096022  0.722075    0.90172762
-1.113419  0.733537    0.79033346
-1.130816  0.744998    0.63112293
-1.148213  0.756460    0.43161852
-1.165610  0.767921    0.20182491
-1.183008  0.779383   -0.04626365
-1.200405  0.790844   -0.29922357
-1.217802  0.802306   -0.54301755
-1.235199  0.813767   -0.76369340
-1.252596  0.825229   -0.94823612
-1.269993  0.836690   -1.08529228
-1.287391  0.848152   -1.16591400
-1.304788  0.859613   -1.18408766
-1.322185  0.871075   -1.13720592
-1.339582  0.882536   -1.02625874
-1.356979  0.893998   -0.85590005
-1.374376  0.905460   -0.63424744
-1.391774  0.916921   -0.37249884
-1.409171  0.928383   -0.08440662
-1.426568  0.939844    0.21452362
-1.443965  0.951306    0.50784991
-1.461362  0.962767    0.77909832
-1.478759  0.974229    1.01274085
-1.496157  0.985690    1.19506533
-1.513554  0.997152    1.31500776
-1.530951  1.008613    1.36483200
-1.548348  1.020075    1.34063046
-1.565745  1.031536    1.24258649
-1.583142  1.042998    1.07504686
-1.600540  1.054459    0.84630811
-1.617937  1.065921    0.56825247
-1.635334  1.077382    0.25565101
-1.652731  1.088844   -0.07460981
-1.670128  1.100305   -0.40444956
-0.811456  -0.584414   -1.32335131
-0.815771  -0.613693   -1.49153360
-0.819211  -0.643399   -1.54853952
-0.821762  -0.673509   -1.48816034
-0.823407  -0.703997   -1.32047466
-0.824133  -0.734840   -1.07043584
-0.823925  -0.766011   -0.77461684
-0.822770  -0.797486   -0.47612684
-0.820656  -0.829238   -0.21869523
-0.817570  -0.861240   -0.04048905
-0.813502  -0.893467    0.03144508
-0.808441  -0.925891   -0.01485722
-0.802377  -0.958484   -0.17426616
-0.795301  -0.991218   -0.42502111
-0.787205  -1.024066   -0.73160345
-0.778081  -1.056999   -1.04959996
-0.767921  -1.089988   -1.33192819
-0.756721  -1.123005   -1.53548016
-0.744475  -1.156020   -1.62719803
-0.731177  -1.189004   -1.58867089
-0.716825  -1.221928   -1.41854784
-0.701414  -1.254761   -1.13242686
-0.684944  -1.287474   -0.76030876
-0.667411  -1.320036   -0.34200561
-0.648817  -1.352419    0.07854840
-0.629159  -1.384591    0.45931616
-0.608441  -1.416523    0.76526309
-0.586662  -1.448183    0.97214738
-0.563826  -1.479542    1.06810246
-0.539936  -1.510569    1.05344461
-0.514997  -1.541234    0.93881875
-0.489012  -1.571507    0.74254505
-0.461987  -1.601357    0.48788565
-0.433930  -1.630755    0.20094436
-0.404848  -1.659669   -0.09058816
-0.374748  -1.688070   -0.35805531
-0.343640  -1.715929   -0.57240070
-0.311533  -1.743215   -0.70578864
-0.278437  -1.769899   -0.73482050
-0.244365  -1.795952   -0.64568492
-0.209329  -1.821344   -0.44042612
-0.173340  -1.846046   -0.14239233
-0.136414  -1.870031    0.20151376
-0.098564  -1.893269    0.52459420
-0.059805  -1.915733    0.75135540
-0.020155  -1.937395    0.81523562
0.020371  -1.958227    0.67950766
0.061756  -1.978203    0.35514710
0.103979  -1.997295   -0.09133829
-0.823438  0.567406   -1.09451155
-0.840593  0.579227   -1.06576792
-0.857748  0.591048   -0.98106933
-0.874903  0.602869   -0.84455222
-0.892058  0.614690   -0.66276101
-0.909213  0.626511   -0.44447944
-0.926368  0.638332   -0.20042415
-0.943523  0.650153    0.05718974
-0.960678  0.661974    0.31519327
-0.977833  0.673795    0.56009257
-0.994988  0.685616    0.77875006
-1.012143  0.697437    0.95908065
-1.029298  0.709258    1.09072316
-1.046453  0.721078    1.16563966
-1.063608  0.732899    1.17864786
-1.080763  0.744720    1.12774151
-1.097918  0.756541    1.01432350
-1.115073  0.768362    0.84321786
-1.132227  0.780183    0.62251270
-1.149382  0.792004    0.36314977
-1.166537  0.803825    0.07847128
-1.183692  0.815646   -0.21650868
-1.200847  0.827467   -0.50588415
-1.218002  0.839288   -0.77372029
-1.235157  0.851109   -1.00493976
-1.252312  0.862930   -1.18618172
-1.269467  0.874751   -1.30658357
-1.286622  0.886572   -1.35843812
-1.303777  0.898393   -1.33768581
-1.320932  0.910214   -1.24420986
-1.338087  0.922035   -1.08191335
-1.355242  0.933856   -0.85856953
-1.372397  0.945677   -0.58544989
-1.389552  0.957498   -0.27674751
-1.406707  0.969319    0.05117450
-1.423862  0.981140    0.38066865
-1.441017  0.992961    0.69377411
-1.458172  1.004781    0.97321266
-1.475327  1.016602    1.20338549
-1.492482  1.028423    1.37123089
-1.509637  1.040244    1.46700292
-1.526792  1.052065    1.48484168
-1.543947  1.063886    1.42313424
-1.561102  1.075707    1.28463802
-1.578256  1.087528    1.07637024
-1.595411  1.099349    0.80919615
-1.612566  1.111170    0.49731055
-1.629721  1.122991    0.15742116
-1.646876  1.134812   -0.19216247
-0.799122  -0.601169   -1.52742938
-0.802827  -0.630531   -1.66099455
-0.805649  -0.660303   -1.67585714
-0.807572  -0.690459   -1.57292016
-0.808583  -0.720975   -1.36914903
-0.808667  -0.751826   -1.09532622
-0.807811  -0.782986   -0.79183597
-0.806001  -0.814430   -0.50309904
-0.803227  -0.846131   -0.27131436
-0.799476  -0.878062   -0.13046104
-0.794739  -0.910198   -0.10123779
-0.789004  -0.942509   -0.18793591
-0.782263  -0.974969   -0.37746513
-0.774508  -1.007549   -0.64097754
-0.765730  -1.040221   -0.93777566
-0.755923  -1.072957   -1.22098883
-0.745079  -1.105728   -1.44423307
-0.733195  -1.138505   -1.56827551
-0.720264  -1.171258   -1.56668318
-0.706283  -1.203958   -1.42964028
-0.691249  -1.236576   -1.16530823
-0.675159  -1.269081   -0.79860136
-0.658011  -1.301444   -0.36756445
-0.639805  -1.333635    0.08196401
-0.620541  -1.365624    0.50261969
-0.600218  -1.397380    0.85164886
-0.578840  -1.428874    1.09592526
-0.556408  -1.460074    1.21541737
-0.532924  -1.490951    1.20448453
-0.508394  -1.521475    1.07131124
-0.482822  -1.551615    0.83592691
-0.456213  -1.581340    0.52729690
-0.428573  -1.610622    0.18023942
-0.399911  -1.639429   -0.16736607
-0.370233  -1.667732   -0.47723426
-0.339549  -1.695501   -0.71313668
-0.307868  -1.722706   -0.84399282
-0.275200  -1.749319   -0.84776068
-0.241557  -1.775308   -0.71629048
-0.206950  -1.800647   -0.46025286
-0.171393  -1.825304   -0.11276796
-0.134898  -1.849253    0.27059413
-0.097481  -1.872464    0.61720241
-0.059155  -1.894910    0.84943828
-0.019938  -1.916563    0.90224532
0.020155  -1.937395    0.74302327
0.061106  -1.957380    0.38796069
0.102896  -1.976490   -0.09161218
0.145508  -1.994700   -0.57840491
-0.811456  0.584414   -1.32335131
-0.828361  0.596589   -1.29057939
-0.845266  0.608764   -1.19385766
-0.862172  0.620940   -1.03764371
-0.879077  0.633115   -0.82915319
-0.895982  0.645290   -0.57812027
-0.912888  0.657466   -0.29646624
-0.929793  0.669641    0.00211808
-0.946698  0.681816    0.30288616
-0.963604  0.693991    0.59067442
-0.980509  0.706167    0.85063798
-0.997414  0.718342    1.06905354
-1.014320  0.730517    1.23406793
-1.031225  0.742693    1.33633937
-1.048130  0.754868    1.36959896
-1.065036  0.767043    1.33107709
-1.081941  0.779218    1.22173507
-1.098846  0.791394    1.04627508
-1.115752  0.803569    0.81297469
-1.132657  0.815744    0.53337183
-1.149562  0.827920    0.22161984
-1.166468  0.840095   -0.10617190
-1.183373  0.852270   -0.43275198
-1.200278  0.864445   -0.74072124
-1.217184  0.876621   -1.01343471
-1.234089  0.888796   -1.23586689
-1.250994  0.900971   -1.39556393
-1.267900  0.913147   -1.48328865
-1.284805  0.925322   -1.49356619
-1.301710  0.937497   -1.42506820
-1.318616  0.949672   -1.28069190
-1.335521  0.961848   -1.06748978
-1.352426  0.974023   -0.79627932
-1.369332  0.986198   -0.48108895
-1.386237  0.998374   -0.13847051
-1.403142  1.010549    0.21346473
-1.420048  1.022724    0.55601365
-1.436953  1.034899    0.87083658
-1.453858  1.047075    1.14107070
-1.470764  1.059250    1.35218314
-1.487669  1.071425    1.49278719
-1.504574  1.083601    1.55530976
-1.521480  1.095776    1.53636592
-1.538385  1.107951    1.43697805
-1.555290  1.120126    1.26249974
-1.572196  1.132302    1.02230446
-1.589101  1.144477    0.72932808
-1.606006  1.156652    0.39926006
-1.622912  1.168828    0.04970874
-0.786443  -0.617663   -1.69898074
-0.789536  -0.647097   -1.79145907
-0.791738  -0.676920   -1.76056152
-0.793033  -0.707110   -1.61451075
-0.793409  -0.737640   -1.37694255
-0.792851  -0.768486   -1.08372241
-0.791347  -0.799622   -0.77799201
-0.788884  -0.831021   -0.50417766
-0.785451  -0.862658   -0.30162485
-0.781036  -0.894505   -0.19894356
-0.775631  -0.926534   -0.20964340
-0.769226  -0.958719   -0.32996575
-0.761811  -0.991032   -0.53911589
-0.753380  -1.023443   -0.80196791
-0.743924  -1.055926   -1.07401107
-0.733438  -1.088451   -1.30764188
-0.721915  -1.120989   -1.45911691
-0.709351  -1.153511   -1.49500494
-0.695742  -1.185988   -1.39719242
-0.681083  -1.218391   -1.16568187
-0.665374  -1.250689   -0.81885545
-0.648611  -1.282852   -0.39094645
-0.630794  -1.314852    0.07257878
-0.611922  -1.346657    0.52119187
-0.591996  -1.378238    0.90601072
-0.571018  -1.409565    1.18600884
-0.548989  -1.440607    1.33293944
-0.525912  -1.471334    1.33428296
-0.501792  -1.501716    1.19411791
-0.476632  -1.531722    0.93202604
-0.450438  -1.561323    0.58041482
-0.423216  -1.590489    0.18091274
-0.394974  -1.619189   -0.21973784
-0.365718  -1.647394   -0.57403242
-0.335458  -1.675073   -0.83802767
-0.304202  -1.702198   -0.97600744
-0.271962  -1.728738   -0.96530786
-0.238748  -1.754665   -0.80123376
-0.204571  -1.779949   -0.50117982
-0.169445  -1.804562   -0.10667891
-0.133382  -1.828475    0.31840169
-0.096398  -1.851659    0.69496447
-0.058505  -1.874087    0.94183977
-0.019721  -1.895731    0.99352666
0.019938  -1.916563    0.81950999
0.060455  -1.936557    0.43948757
0.101813  -1.955685   -0.07141013
0.143992  -1.973922   -0.59232713
0.186974  -1.991241   -0.98272346
-0.799122  0.601169   -1.52742938
-0.815771  0.613693   -1.49153360
-0.832419  0.626217   -1.38544982
-0.849067  0.638742   -1.21380970
-0.865716  0.651266   -0.98421000
-0.882364  0.663790   -0.70706792
-0.899012  0.676315   -0.39516060
-0.915661  0.688839   -0.06316650
-0.932309  0.701363    0.27296726
-0.948958  0.713888    0.59686307
-0.965606  0.726412    0.89237529
-0.982254  0.738936    1.14455633
-0.998903  0.751461    1.34036960
-1.015551  0.763985    1.46937405
-1.032199  0.776510    1.52440715
-1.048848  0.789034    1.50193987
-1.065496  0.801558    1.40239864
-1.082145  0.814083    1.23015581
-1.098793  0.826607    0.99343295
-1.115441  0.839131    0.70386453
-1.132090  0.851656    0.37594943
-1.148738  0.864180    0.02640027
-1.165387  0.876704   -0.32685713
-1.182035  0.889229   -0.66548405
-1.198683  0.901753   -0.97179085
-1.215332  0.914277   -1.22967302
-1.231980  0.926802   -1.42543835
-1.248628  0.939326   -1.54861054
-1.265277  0.951850   -1.59249566
-1.281925  0.964375   -1.55455383
-1.298574  0.976899   -1.43655528
-1.315222  0.989423   -1.24452980
-1.331870  1.001948   -0.98840882
-1.348519  1.014472   -0.68152262
-1.365167  1.026996   -0.33992202
-1.381815  1.039521    0.01856749
-1.398464  1.052045    0.37524524
-1.415112  1.064569    0.71152484
-1.431761  1.077094    1.01003017
-1.448409  1.089618    1.25538991
-1.465057  1.102143    1.43518790
-1.481706  1.114667    1.54052863
-1.498354  1.127191    1.56651031
-1.515002  1.139716    1.51247390
-1.531651  1.152240    1.38197839
-1.548299  1.164764    1.18259235
-1.564948  1.177289    0.92539403
-1.581596  1.189813    0.62442143
-1.598244  1.202337    0.29577693
-0.773423  -0.633891   -1.83045264
-0.775903  -0.663382   -1.87594097
-0.777484  -0.693245   -1.79658254
-0.778151  -0.723455   -1.60790172
-0.777892  -0.753986   -1.33971547
-0.776692  -0.784814   -1.03205008
-0.774540  -0.815912   -0.72959196
-0.771425  -0.847253   -0.47538743
-0.767334  -0.878811   -0.30465035
-0.762258  -0.910559   -0.23956339
-0.756188  -0.942470   -0.28586853
-0.749114  -0.974514   -0.43174122
-0.741029  -1.006666   -0.64926174
-0.731925  -1.038895   -0.89821829
-0.721796  -1.071174   -1.13192399
-0.710635  -1.103474   -1.30401217
-0.698438  -1.135765   -1.37540734
-0.685200  -1.168019   -1.32032084
-0.670918  -1.200206   -1.13039125
-0.655589  -1.232296   -0.81633146
-0.639211  -1.264260   -0.40681198
-0.621782  -1.296068    0.05525026
-0.603303  -1.327690    0.51839112
-0.583774  -1.359096    0.92955444
-0.563196  -1.390256    1.24110996
-0.541570  -1.421139    1.41704849
-0.518900  -1.451716    1.43748253
-0.495189  -1.481956    1.30103151
-0.470442  -1.511830    1.02483955
-0.444663  -1.541306    0.64251109
-0.417859  -1.570356    0.20029843
-0.390036  -1.598949   -0.24787162
-0.361203  -1.627056   -0.64610600
-0.331367  -1.654646   -0.94269135
-0.300537  -1.681690   -1.09623968
-0.268724  -1.708158   -1.08169817
-0.235939  -1.734022   -0.89566355
-0.202193  -1.759252   -0.56012234
-0.167497  -1.783820   -0.12334325
-0.131867  -1.807697    0.34334177
-0.095314  -1.830854    0.75431781
-0.057855  -1.853264    1.02376259
-0.019505  -1.874899    1.08405413
0.019721  -1.895731    0.90473623
0.059805  -1.915733    0.50712953
0.100730  -1.934880   -0.03116780
0.142477  -1.953144   -0.58635581
0.185026  -1.970499   -1.01431548
0.228359  -1.986920   -1.18832043
-0.786443  0.617663   -1.69898074
-0.802827  0.630531   -1.66099455
-0.819211  0.643399   -1.54853952
-0.835595  0.656267   -1.36626380
-0.851980  0.669135   -1.12194230
-0.868364  0.682003   -0.82632157
-0.884748  0.694871   -0.49265872
-0.901132  0.707739   -0.13623076
-0.917516  0.720607    0.22635098
-0.933901  0.733475    0.57792726
-0.950285  0.746343    0.90156666
-0.966669  0.759211    1.18149952
-0.983053  0.772079    1.40387354
-0.999438  0.784947    1.55750820
-1.015822  0.797815    1.63449476
-1.032206  0.810683    1.63068066
-1.048590  0.823551    1.54591649
-1.064974  0.836419    1.38412421
-1.081359  0.849287    1.15313154
-1.097743  0.862155    0.86435925
-1.114127  0.875023    0.53219290
-1.130511  0.887891    0.17330444
-1.146896  0.900759   -0.19422707
-1.163280  0.913627   -0.55178350
-1.179664  0.926495   -0.88127924
-1.196048  0.939363   -1.16604224
-1.212432  0.952231   -1.39170807
-1.228817  0.965099   -1.54698158
-1.245201  0.977967   -1.62420621
-1.261585  0.990835   -1.61980300
-1.277969  1.003703   -1.53441860
-1.294354  1.016571   -1.37287523
-1.310738  1.029439   -1.14393012
-1.327122  1.042307   -0.85974502
-1.343506  1.055175   -0.53524675
-1.359890  1.068043   -0.18731012
-1.376275  1.080911    0.16616915
-1.392659  1.093779    0.50716390
-1.409043  1.106647    0.81857096
-1.425427  1.119515    1.08503697
-1.441812  1.132383    1.29377201
-1.458196  1.145251    1.43514565
-1.474580  1.158119    1.50320909
-1.490964  1.170987    1.49589765
-1.507348  1.183855    1.41507738
-1.523733  1.196723    1.26635805
-1.540117  1.209591    1.05874049
-1.556501  1.222459    0.80402740
-1.572885  1.235327    0.51614955
-0.760068  -0.649843   -1.91480022
-0.761934  -0.679380   -1.90836052
-0.762893  -0.709269   -1.77905051
-0.762932  -0.739487   -1.54943919
-0.762038  -0.770006   -1.25480824
-0.760197  -0.800802   -0.93822942
-0.757399  -0.831849   -0.64457648
-0.753632  -0.863118   -0.41417390
-0.748885  -0.894585   -0.27686538
-0.743150  -0.926220   -0.24762430
-0.736417  -0.957997   -0.32410565
-0.728679  -0.989888   -0.48677059
-0.719926  -1.021864   -0.70150201
-0.710154  -1.053897   -0.92454325
-0.699355  -1.085958   -1.10890856
-0.687525  -1.118019   -1.21155035
-0.674659  -1.150049   -1.20001634
-0.660753  -1.182021   -1.05778200
-0.645804  -1.213904   -0.78726399
-0.629811  -1.245668   -0.41015610
-0.612771  -1.277285    0.03517062
-0.594685  -1.308723    0.49854597
-0.575552  -1.339954    0.92487148
-0.555374  -1.370946    1.26151289
-0.534151  -1.401671    1.46559963
-0.511888  -1.432098    1.50983486
-0.488587  -1.462197    1.38641724
-0.464252  -1.491937    1.10834984
-0.438888  -1.521289    0.70821250
-0.412502  -1.550224    0.23462256
-0.385099  -1.578709   -0.25324608
-0.356688  -1.606718   -0.69244614
-0.327276  -1.634218   -1.02382271
-0.296872  -1.661181   -1.19971753
-0.265487  -1.687578   -1.19121692
-0.233130  -1.713379   -0.99418539
-0.199814  -1.738555   -0.63298462
-0.165550  -1.763078   -0.16072986
-0.130351  -1.786919    0.34511948
-0.094231  -1.810049    0.79269888
-0.057205  -1.832441    1.09101327
-0.019288  -1.854066    1.16887841
0.019505  -1.874899    0.99400641
0.059155  -1.894910    0.58741946
0.099647  -1.914075    0.02755446
0.140961  -1.932365   -0.55982366
0.183079  -1.949757   -1.02729050
0.225980  -1.966223   -1.24292124
0.269645  -1.981740   -1.13042672
-0.773423  0.633891   -1.83045264
-0.789536  0.647097   -1.79145907
-0.805649  0.660303   -1.67585714
-0.821762  0.673509   -1.48816034
-0.837875  0.686715   -1.23610285
-0.853988  0.699921   -0.93042653
-0.870101  0.713127   -0.58449130
-0.886214  0.726333   -0.21372664
-0.902327  0.739539    0.16504963
-0.918440  0.752745    0.53441081
-0.934552  0.765951    0.87714550
-0.950665  0.779157    1.17716220
-0.966778  0.792363    1.42022099
-0.982891  0.805569    1.59472836
-0.999004  0.818775    1.69233759
-1.015117  0.831981    1.70840590
-1.031230  0.845187    1.64226564
-1.047343  0.858393    1.49729140
-1.063456  0.871600    1.28075189
-1.079569  0.884806    1.00347801
-1.095682  0.898012    0.67930072
-1.111795  0.911218    0.32436528
-1.127908  0.924424   -0.04369640
-1.144021  0.937630   -0.40667107
-1.160134  0.950836   -0.74670092
-1.176247  0.964042   -1.04720123
-1.192360  0.977248   -1.29370858
-1.208473  0.990454   -1.47461360
-1.224586  1.003660   -1.58173844
-1.240699  1.016866   -1.61072805
-1.256812  1.030072   -1.56123497
-1.272925  1.043278   -1.43688889
-1.289038  1.056484   -1.24505448
-1.305151  1.069690   -0.99639305
-1.321264  1.082896   -0.70425419
-1.337377  1.096102   -0.38393321
-1.353490  1.109308   -0.05183718
-1.369603  1.122515    0.27539785
-1.385716  1.135721    0.58175954
-1.401829  1.148927    0.85271013
-1.417942  1.162133    1.07588646
-1.434055  1.175339    1.24169187
-1.450168  1.188545    1.34371773
-1.466281  1.201751    1.37898100
-1.482394  1.214957    1.34796941
-1.498507  1.228163    1.25449752
-1.514620  1.241369    1.10538717
-1.530733  1.254575    0.90999623
-1.546845  1.267781    0.67963792
-0.746384  -0.665515   -1.94595086
-0.747636  -0.695084   -1.88395660
-0.747973  -0.724987   -1.70467517
-0.747383  -0.755199   -1.43723388
-0.745854  -0.785693   -1.12139188
-0.743373  -0.816444   -0.80199995
-0.739929  -0.847425   -0.52273319
-0.735512  -0.878610   -0.31981855
-0.730113  -0.909971   -0.21675501
-0.723721  -0.941480   -0.22071458
-0.716328  -0.973110   -0.32132448
-0.707928  -1.004833   -0.49201881
-0.698512  -1.036620   -0.69380888
-0.688075  -1.068443   -0.88113402
-0.676612  -1.100272   -1.00878275
-0.664117  -1.132080   -1.03903211
-0.650587  -1.163836   -0.94783594
-0.636019  -1.195511   -0.72914806
-0.620411  -1.227076   -0.39663059
-0.603760  -1.258501    0.01755654
-0.586066  -1.289756    0.46668636
-0.567330  -1.320812    0.89573919
-0.547551  -1.351637    1.24901323
-0.526732  -1.382204    1.47799583
-0.504876  -1.412480    1.54841967
-0.481984  -1.442437    1.44553379
-0.458062  -1.472045    1.17680924
-0.433113  -1.501273    0.77181491
-0.407145  -1.530091    0.27926046
-0.380162  -1.558470   -0.23861442
-0.352173  -1.586379   -0.71340018
-0.323185  -1.613790   -1.07933275
-0.293207  -1.640673   -1.28231395
-0.262249  -1.666998   -1.28848990
-0.230321  -1.692736   -1.09117152
-0.197435  -1.717858   -0.71493842
-0.163602  -1.742336   -0.21565095
-0.128835  -1.766140    0.32466493
-0.093148  -1.789244    0.80873404
-0.056555  -1.811617    1.14022996
-0.019071  -1.833234    1.24338180
0.019288  -1.854066    1.08245087
0.058505  -1.874087    0.67620600
0.098564  -1.893269    0.10217630
0.139445  -1.911587   -0.51324991
0.181131  -1.929015   -1.01998304
0.223601  -1.945526   -1.28086152
0.266836  -1.961096   -1.21168091
0.310814  -1.975701   -0.81260806
-0.760068  0.649843   -1.91480022
-0.775903  0.663382   -1.87594097
-0.791738  0.676920   -1.76056152
-0.807572  0.690459   -1.57292016
-0.823407  0.703997   -1.32047466
-0.839242  0.717535   -1.01369919
-0.855077  0.731074   -0.66566640
-0.870911  0.744612   -0.29155862
-0.886746  0.758151    0.09213044
-0.902581  0.771689    0.46819586
-0.918416  0.785228    0.81967898
-0.934250  0.798766    1.13059781
-0.950085  0.812304    1.38685480
-0.965920  0.825843    1.57683933
-0.981755  0.839381    1.69207046
-0.997589  0.852920    1.72764905
-1.013424  0.866458    1.68250199
-1.029259  0.879996    1.55944293
-1.045094  0.893535    1.36503550
-1.060928  0.907073    1.10929101
-1.076763  0.920612    0.80507302
-1.092598  0.934150    0.46754748
-1.108433  0.947688    0.11331630
-1.124267  0.961227   -0.24038762
-1.140102  0.974765   -0.57662409
-1.155937  0.988304   -0.87954984
-1.171772  1.001842   -1.13522725
-1.187606  1.015380   -1.33231537
-1.203441  1.028919   -1.46262299
-1.219276  1.042457   -1.52140990
-1.235111  1.055996   -1.50760056
-1.250945  1.069534   -1.42375930
-1.266780  1.083072   -1.27584400
-1.282615  1.096611   -1.07282491
-1.298450  1.110149   -0.82615761
-1.314284  1.123688   -0.54908988
-1.330119  1.137226   -0.25591773
-1.345954  1.150764    0.03875908
-1.361789  1.164303    0.32082823
-1.377623  1.177841    0.57734578
-1.393458  1.191380    0.79723789
-1.409293  1.204918    0.97169654
-1.425128  1.218457    1.09459815
-1.440962  1.231995    1.16267990
-1.456797  1.245533    1.17558191
-1.472632  1.259072    1.13567235
-1.488467  1.272610    1.04781912
-1.504301  1.286149    0.91894853
-1.520136  1.299687    0.75757586
-0.732378  -0.680899   -1.91918617
-0.733013  -0.710487   -1.79970923
-0.732728  -0.740391   -1.57218245
-0.731510  -0.770583   -1.27153520
-0.729347  -0.801039   -0.94081455
-0.726227  -0.831732   -0.62527092
-0.722139  -0.862635   -0.36595375
-0.717075  -0.893721   -0.19382281
-0.711024  -0.924963   -0.12517260
-0.703978  -0.956332   -0.15915545
-0.695929  -0.987802   -0.27777615
-0.686870  -1.019343   -0.44846343
-0.676795  -1.050927   -0.62897271
-0.665699  -1.082526   -0.77389332
-0.653575  -1.114110   -0.84180593
-0.640422  -1.145651   -0.80222978
-0.626234  -1.177119   -0.64086558
-0.611010  -1.208484   -0.36280686
-0.594748  -1.239717    0.00732593
-0.577448  -1.270789    0.42812463
-0.559108  -1.301669    0.84684502
-0.539729  -1.332328    1.20671299
-0.519314  -1.362736    1.45515476
-0.497863  -1.392863    1.55176065
-0.475381  -1.422678    1.47474607
-0.451872  -1.452152    1.22509875
-0.427338  -1.481256    0.82763372
-0.401787  -1.509958    0.32897268
-0.375225  -1.538230   -0.20775445
-0.347658  -1.566041   -0.71062776
-0.319094  -1.593363   -1.10844933
-0.289542  -1.620164   -1.34098553
-0.259012  -1.646418   -1.36876935
-0.227513  -1.672093   -1.18107774
-0.195056  -1.697161   -0.80067023
-0.161654  -1.721594   -0.28402396
-0.127320  -1.745362    0.28410636
-0.092065  -1.768438    0.80225712
-0.055905  -1.790794    1.16905040
-0.018854  -1.812402    1.30355828
0.019071  -1.833234    1.16525202
0.057855  -1.853264    0.76889352
0.097481  -1.872464    0.18924321
0.137930  -1.890809   -0.44826167
0.179183  -1.908273   -0.99187306
0.221222  -1.924829   -1.29960144
0.264027  -1.940453   -1.27898572
0.307576  -1.955121   -0.91943508
0.351849  -1.968807   -0.30531176
-0.746384  0.665515   -1.94595086
-0.761934  0.679380   -1.90836052
-0.777484  0.693245   -1.79658254
-0.793033  0.707110   -1.61451075
-0.808583  0.720975   -1.36914903
-0.824133  0.734840   -1.07043584
-0.839682  0.748704   -0.73085876
-0.855232  0.762569   -0.36483420
-0.870782  0.776434    0.01180577
-0.886331  0.790299    0.38262558
-0.901881  0.804164    0.73141227
-0.917431  0.818029    1.04286984
-0.932980  0.831894    1.30342253
-0.948530  0.845759    1.50191676
-0.964080  0.859624    1.63010130
-0.979630  0.873489    1.68308360
-0.995179  0.887353    1.65955500
-1.010729  0.901218    1.56182761
-1.026279  0.915083    1.39570688
-1.041828  0.928948    1.17018062
-1.057378  0.942813    0.89689997
-1.072928  0.956678    0.58961385
-1.088477  0.970543    0.26343410
-1.104027  0.984408   -0.06599655
-1.119577  0.998273   -0.38321493
-1.135126  1.012138   -0.67375245
-1.150676  1.026002   -0.92488351
-1.166226  1.039867   -1.12614442
-1.181775  1.053732   -1.26983310
-1.197325  1.067597   -1.35134889
-1.212875  1.081462   -1.36926250
-1.228424  1.095327   -1.32531612
-1.243974  1.109192   -1.22420598
-1.259524  1.123057   -1.07321161
-1.275073  1.136922   -0.88172562
-1.290623  1.150787   -0.66063966
-1.306173  1.164651   -0.42174971
-1.321722  1.178516   -0.17706396
-1.337272  1.192381    0.06184737
-1.352822  1.206246    0.28438712
-1.368371  1.220111    0.48145684
-1.383921  1.233976    0.64587975
-1.399471  1.247841    0.77258000
-1.415020  1.261706    0.85874187
-1.430570  1.275571    0.90380980
-1.446120  1.289435    0.90928907
-1.461669  1.303300    0.87849639
-1.477219  1.317165    0.81624067
-1.492769  1.331030    0.72836996
-0.718054  -0.695987   -1.83157666
-0.718074  -0.725583   -1.65471388
-0.717167  -0.755474   -1.38262006
-0.715321  -0.785635   -1.05496636
-0.712524  -0.816039   -0.71680432
-0.708767  -0.846661   -0.41230053
-0.704037  -0.877472   -0.17852354
-0.698327  -0.908446   -0.04011050
-0.691627  -0.939555   -0.00563462
-0.683930  -0.970771   -0.06631664
-0.675228  -1.002066   -0.19727463
-0.665515  -1.033412   -0.36132324
-0.654785  -1.064780   -0.51473043
-0.643034  -1.096141   -0.61423800
-0.630256  -1.127466   -0.62418211
-0.616449  -1.158726   -0.52279487
-0.601610  -1.189892   -0.30644182
-0.585737  -1.220934    0.00873211
-0.568829  -1.251822    0.38821654
-0.550885  -1.282527    0.78351591
-0.531907  -1.313019    1.13885492
-0.511895  -1.343268    1.39943184
-0.490851  -1.373245    1.51986617
-0.468779  -1.402918    1.47172598
-0.445682  -1.432260    1.24895462
-0.421564  -1.461239    0.87029585
-0.396430  -1.489825    0.37828377
-0.370288  -1.517990   -0.16526918
-0.343143  -1.545703   -0.68696636
-0.315003  -1.572935   -1.11172108
-0.285877  -1.599656   -1.37389169
-0.255774  -1.625837   -1.42818684
-0.224704  -1.651450   -1.25872290
-0.192678  -1.676464   -0.88469725
-0.159707  -1.700852   -0.36107677
-0.125804  -1.724584    0.22666599
-0.090982  -1.747633    0.77431599
-0.055255  -1.769971    1.17624103
-0.018638  -1.791570    1.34620803
0.018854  -1.812402    1.23795739
0.057205  -1.832441    0.86070712
0.096398  -1.851659    0.28464864
0.136414  -1.870031   -0.36744533
0.177236  -1.887531   -0.94357853
0.218844  -1.904132   -1.29764642
0.261218  -1.919810   -1.32906201
0.304339  -1.934541   -1.01587031
0.348183  -1.948299   -0.43009552
0.392731  -1.961062    0.27318814
-0.732378  0.680899   -1.91918617
-0.747636  0.695084   -1.88395660
-0.762893  0.709269   -1.77905051
-0.778151  0.723455   -1.60790172
-0.793409  0.737640   -1.37694255
-0.808667  0.751826   -1.09532622
-0.823925  0.766011   -0.77461684
-0.839183  0.780196   -0.42821609
-0.854441  0.794382   -0.07077200
-0.869698  0.808567    0.28247094
-0.884956  0.822753    0.61652912
-0.900214  0.836938    0.91725017
-0.915472  0.851123    1.17211615
-0.930730  0.865309    1.37080548
-0.945988  0.879494    1.50568870
-0.961246  0.893679    1.57219470
-0.976504  0.907865    1.56898925
-0.991761  0.922050    1.49802001
-1.007019  0.936236    1.36433849
-1.022277  0.950421    1.17583189
-1.037535  0.964606    0.94273523
-1.052793  0.978792    0.67708172
-1.068051  0.992977    0.39207888
-1.083309  1.007163    0.10136197
-1.098566  1.021348   -0.18163746
-1.113824  1.035533   -0.44446156
-1.129082  1.049719   -0.67611515
-1.144340  1.063904   -0.86761995
-1.159598  1.078090   -1.01238055
-1.174856  1.092275   -1.10641092
-1.190114  1.106460   -1.14840271
-1.205372  1.120646   -1.13964882
-1.220629  1.134831   -1.08384867
-1.235887  1.149016   -0.98674148
-1.251145  1.163202   -0.85567221
-1.266403  1.177387   -0.69911920
-1.281661  1.191573   -0.52610951
-1.296919  1.205758   -0.34572687
-1.312177  1.219943   -0.16657060
-1.327434  1.234129    0.00365375
-1.342692  1.248314    0.15853280
-1.357950  1.262500    0.29313471
-1.373208  1.276685    0.40418657
-1.388466  1.290870    0.49006918
-1.403724  1.305056    0.55072209
-1.418982  1.319241    0.58746961
-1.434240  1.333427    0.60271063
-1.449497  1.347612    0.59963103
-1.464755  1.361797    0.58182809
-0.703419  -0.710775   -1.68234658
-0.702824  -0.740364   -1.45053108
-0.701295  -0.770230   -1.13961255
-0.698822  -0.800346   -0.79280668
-0.695394  -0.830686   -0.45567488
-0.690999  -0.861222   -0.16984549
-0.685630  -0.891928    0.03282853
-0.679277  -0.922777    0.13485136
-0.671931  -0.953740    0.13559703
-0.663586  -0.984789    0.05134551
-0.654235  -1.015896   -0.08722310
-0.643872  -1.047033   -0.23988307
-0.632492  -1.078171   -0.36333302
-0.620091  -1.109281   -0.41839453
-0.606664  -1.140334   -0.37679196
-0.592210  -1.171300   -0.22654076
-0.576726  -1.202150    0.02516996
-0.560210  -1.232855    0.35195682
-0.542663  -1.263385    0.71131408
-0.524085  -1.293710    1.05051402
-0.504476  -1.323801    1.31442765
-0.483839  -1.353627    1.45419004
-0.462176  -1.383159    1.43551122
-0.439492  -1.412367    1.24522280
-0.415789  -1.441222    0.89500973
-0.391073  -1.469692    0.42171046
-0.365351  -1.497750   -0.11629645
-0.338628  -1.525365   -0.64625148
-0.310912  -1.552507   -1.09095876
-0.282212  -1.579148   -1.38048234
-0.252536  -1.605257   -1.46393075
-0.221895  -1.630807   -1.31959216
-0.190299  -1.655767   -0.96162730
-0.157759  -1.680110   -0.44157755
-0.124288  -1.703806    0.15639385
-0.089899  -1.726828    0.72709112
-0.054605  -1.749148    1.16173857
-0.018421  -1.770738    1.36911298
0.018638  -1.791570    1.29669446
0.056555  -1.811617    0.94696393
0.095314  -1.830854    0.38387560
0.134898  -1.849253   -0.27426911
0.175288  -1.866788   -0.87676749
0.216465  -1.883435   -1.27459802
0.258409  -1.899167   -1.35954167
0.301101  -1.913960   -1.09808764
0.344518  -1.927791   -0.54892877
0.388640  -1.940634    0.14444279
0.433443  -1.952467    0.78801082
-0.718054  0.695987   -1.83157666
-0.733013  0.710487   -1.79970923
-0.747973  0.724987   -1.70467517
-0.762932  0.739487   -1.54943919
-0.777892  0.753986   -1.33971547
-0.792851  0.768486   -1.08372241
-0.807811  0.782986   -0.79183597
-0.822770  0.797486   -0.47612684
-0.837730  0.811985   -0.14972572
-0.852689  0.826485    0.17376153
-0.867648  0.840985    0.48094923
-0.882608  0.855485    0.75932696
-0.897567  0.869984    0.99781206
-0.912527  0.884484    1.18738166
-0.927486  0.898984    1.32137043
-0.942446  0.913484    1.39586335
-0.957405  0.927983    1.40975810
-0.972365  0.942483    1.36479398
-0.987324  0.956983    1.26537486
-1.002284  0.971483    1.11827396
-1.017243  0.985982    0.93222319
-1.032202  1.000482    0.71735924
-1.047162  1.014982    0.48469449
-1.062121  1.029482    0.24552130
-1.077081  1.043981    0.01076449
-1.092040  1.058481   -0.20950241
-1.107000  1.072981   -0.40659838
-1.121959  1.087480   -0.57353804
-1.136919  1.101980   -0.70537786
-1.151878  1.116480   -0.79925879
-1.166838  1.130980   -0.85449260
-1.181797  1.145479   -0.87236223
-1.196757  1.159979   -0.85592657
-1.211716  1.174479   -0.80967076
-1.226675  1.188979   -0.73912581
-1.241635  1.203478   -0.65041985
-1.256594  1.217978   -0.54982496
-1.271554  1.232478   -0.44336425
-1.286513  1.246978   -0.33643863
-1.301473  1.261477   -0.23350736
-1.316432  1.275977   -0.13792890
-1.331392  1.290477   -0.05180875
-1.346351  1.304977    0.02393919
-1.361311  1.319476    0.08956029
-1.376270  1.333976    0.14617774
-1.391229  1.348476    0.19562659
-1.406189  1.362976    0.24010031
-1.421148  1.377475    0.28180999
-1.436108  1.391975    0.32270351
-0.688480  -0.725255   -1.47322964
-0.687269  -0.754826   -1.19137411
-0.685120  -0.784653   -0.84953166
-0.682021  -0.814711   -0.49297373
-0.677962  -0.844973   -0.16625896
-0.672933  -0.875411    0.09292502
-0.666926  -0.905999    0.25902171
-0.659932  -0.936709    0.32220021
-0.651944  -0.967512    0.28967478
-0.642955  -0.998381    0.18447816
-0.632959  -1.029287    0.04175090
-0.621951  -1.060202   -0.09699086
-0.609925  -1.091096   -0.19072745
-0.596879  -1.121941   -0.20610551
-0.582810  -1.152708   -0.12347143
-0.567714  -1.183367    0.05897780
-0.551592  -1.213888    0.32373108
-0.534441  -1.244243    0.63579239
-0.516263  -1.274401    0.94729988
-0.497057  -1.304333    1.20475265
-0.476827  -1.334009    1.35751864
-0.455574  -1.363400    1.36657545
-0.433302  -1.392475    1.21198024
-0.410014  -1.421205    0.89788110
-0.385716  -1.449560    0.45411268
-0.360413  -1.477510   -0.06622980
-0.334113  -1.505027   -0.59308024
-0.306821  -1.532079   -1.04910459
-0.278547  -1.558639   -1.36148614
-0.249299  -1.584677   -1.47439271
-0.219086  -1.610163   -1.36004881
-0.187920  -1.635070   -1.02650708
-0.155812  -1.659368   -0.52021704
-0.122772  -1.683028    0.07798538
-0.088816  -1.706023    0.66376101
-0.053955  -1.728325    1.12663752
-0.018204  -1.749905    1.37113360
0.018421  -1.770738    1.33839736
0.055905  -1.790794    1.02331584
0.094231  -1.810049    0.48219957
0.133382  -1.828475   -0.17282416
0.173340  -1.846046   -0.79412179
0.214086  -1.862738   -1.23118546
0.255601  -1.878524   -1.36908822
0.297863  -1.893380   -1.16297202
0.340853  -1.907282   -0.65761716
0.384549  -1.920206    0.01645613
0.428928  -1.932129    0.67320088
0.473968  -1.943027    1.12224927
-0.703419  0.710775   -1.68234658
-0.718074  0.725583   -1.65471388
-0.732728  0.740391   -1.57218245
-0.747383  0.755199   -1.43723388
-0.762038  0.770006   -1.25480824
-0.776692  0.784814   -1.03205008
-0.791347  0.799622   -0.77799201
-0.806001  0.814430   -0.50309904
-0.820656  0.829238   -0.21869523
-0.835310  0.844045    0.06353309
-0.849965  0.858853    0.33223535
-0.864620  0.873661    0.57683893
-0.879274  0.888469    0.78812874
-0.893929  0.903277    0.95871284
-0.908583  0.918084    1.08326641
-0.923238  0.932892    1.15882190
-0.937892  0.947700    1.18477286
-0.952547  0.962508    1.16288124
-0.967202  0.977316    1.09703453
-0.981856  0.992124    0.99297833
-0.996511  1.006931    0.85792334
-1.011165  1.021739    0.70005206
-1.025820  1.036547    0.52805861
-1.040474  1.051355    0.35063916
-1.055129  1.066163    0.17597896
-1.069784  1.080970    0.01137367
-1.084438  1.095778   -0.13713799
-1.099093  1.110586   -0.26504770
-1.113747  1.125394   -0.36945109
-1.128402  1.140202   -0.44915108
-1.143056  1.155010   -0.50448520
-1.157711  1.169817   -0.53722256
-1.172366  1.184625   -0.55019318
-1.187020  1.199433   -0.54702498
-1.201675  1.214241   -0.53176081
-1.216329  1.229049   -0.50844457
-1.230984  1.243856   -0.48080738
-1.245638  1.258664   -0.45191525
-1.260293  1.273472   -0.42397032
-1.274948  1.288280   -0.39813398
-1.289602  1.303088   -0.37448508
-1.304257  1.317895   -0.35204453
-1.318911  1.332703   -0.32896288
-1.333566  1.347511   -0.30268688
-1.348220  1.362319   -0.27031587
-1.362875  1.377127   -0.22887997
-1.377530  1.391935   -0.17574998
-1.392184  1.406742   -0.10895479
-1.406839  1.421550   -0.02747456
-0.673243  -0.739421   -1.20867220
-0.671417  -0.768960   -0.88433294
-0.668648  -0.798736   -0.52149754
-0.664924  -0.828723   -0.16597324
-0.660236  -0.858894    0.14022893
-0.654576  -0.889221    0.36464238
-0.647934  -0.919678    0.48885852
-0.640303  -0.950235    0.51094019
-0.631676  -0.980866    0.44552689
-0.622046  -1.011541    0.32136634
-0.611409  -1.042232    0.17650933
-0.599760  -1.072911    0.05199091
-0.587095  -1.103549   -0.01523486
-0.573410  -1.134116    0.00106816
-0.558703  -1.164583    0.11125153
-0.542973  -1.194921    0.30710131
-0.526219  -1.225101    0.56214298
-0.508441  -1.255092    0.83503674
-0.489639  -1.284865    1.07578005
-0.469815  -1.314391    1.23379062
-0.448971  -1.343640    1.26672045
-0.427112  -1.372582    1.14863533
-0.404239  -1.401188    0.87606317
-0.380359  -1.429427    0.47097692
-0.355476  -1.457270   -0.02035913
-0.329598  -1.484688   -0.53253529
-0.302730  -1.511652   -0.99004933
-0.274882  -1.538131   -1.31885099
-0.246061  -1.564097   -1.45921286
-0.216277  -1.589520   -1.37750473
-0.185541  -1.614373   -1.07503907
-0.153864  -1.638625   -0.59179387
-0.121257  -1.662250   -0.00351119
-0.087733  -1.685218    0.58831260
-0.053305  -1.707502    1.07311128
-0.017988  -1.729073    1.35225645
0.018204  -1.749905    1.36093473
0.055255  -1.769971    1.08600574
0.093148  -1.789244    0.57503576
0.131867  -1.807697   -0.06761700
0.171393  -1.825304   -0.69913186
0.211707  -1.842041   -1.16919164
0.252792  -1.857881   -1.35745896
0.294626  -1.872800   -1.20832753
0.337188  -1.886774   -0.75249630
0.380458  -1.899778   -0.10642664
0.424413  -1.911790    0.55363727
0.469031  -1.922787    1.03911413
0.514288  -1.932746    1.20573249
-0.688480  0.725255   -1.47322964
-0.702824  0.740364   -1.45053108
-0.717167  0.755474   -1.38262006
-0.731510  0.770583   -1.27153520
-0.745854  0.785693   -1.12139188
-0.760197  0.800802   -0.93822942
-0.774540  0.815912   -0.72959196
-0.788884  0.831021   -0.50417766
-0.803227  0.846131   -0.27131436
-0.817570  0.861240   -0.04048905
-0.831914  0.876350    0.17920220
-0.846257  0.891459    0.37943782
-0.860600  0.906569    0.55318216
-0.874944  0.921678    0.69496794
-0.889287  0.936788    0.80109090
-0.903630  0.951897    0.86981518
-0.917974  0.967007    0.90130629
-0.932317  0.982116    0.89753656
-0.946660  0.997226    0.86207207
-0.961004  1.012335    0.79979075
-0.975347  1.027445    0.71644339
-0.989690  1.042554    0.61832888
-1.004034  1.057664    0.51178926
-1.018377  1.072773    0.40286689
-1.032720  1.087883    0.29688611
-1.047064  1.102992    0.19818390
-1.061407  1.118101    0.10990173
-1.075751  1.133211    0.03383951
-1.090094  1.148320   -0.02951351
-1.104437  1.163430   -0.08091945
-1.118781  1.178539   -0.12221661
-1.133124  1.193649   -0.15598297
-1.147467  1.208758   -0.18532215
-1.161811  1.223868   -0.21342813
-1.176154  1.238977   -0.24325519
-1.190497  1.254087   -0.27718591
-1.204841  1.269196   -0.31675904
-1.219184  1.284306   -0.36240546
-1.233527  1.299415   -0.41338579
-1.247871  1.314525   -0.46772936
-1.262214  1.329634   -0.52231610
-1.276557  1.344744   -0.57308490
-1.290901  1.359853   -0.61527201
-1.305244  1.374963   -0.64380551
-1.319587  1.390072   -0.65364877
-1.333931  1.405182   -0.64026538
-1.348274  1.420291   -0.60001368
-1.362617  1.435401   -0.53052385
-1.376961  1.450510   -0.43098055
-0.657715  -0.753267   -0.89596501
-0.655275  -0.782762   -0.53923739
-0.651886  -0.812474   -0.16721253
-0.647540  -0.842377    0.17535607
-0.642225  -0.872444    0.45053353
-0.635935  -0.902647    0.63217833
-0.628661  -0.932958    0.70956374
-0.620396  -0.963350    0.68858957
-0.611133  -0.993794    0.59060536
-0.600868  -1.024263    0.44873202
-0.589595  -1.054726    0.30237547
-0.577310  -1.085156    0.19036538
-0.564010  -1.115524    0.14414640
-0.549692  -1.145799    0.18188651
-0.534354  -1.175954    0.30457499
-0.517997  -1.205958    0.49493098
-0.500618  -1.235783    0.71945021
-0.482220  -1.265398    0.93333254
-0.462803  -1.294774    1.08787008
-0.442369  -1.323881    1.13901490
-0.420921  -1.352690    1.05591410
-0.398464  -1.381171    0.82790143
-0.375002  -1.409294    0.46861715
-0.350539  -1.437030    0.01633090
-0.325083  -1.464350   -0.46992018
-0.298639  -1.491224   -0.91837843
-0.271217  -1.517622   -1.25559323
-0.242823  -1.543516   -1.41926957
-0.213469  -1.568877   -1.37055530
-0.183163  -1.593676   -1.10381592
-0.151916  -1.617883   -0.65156440
-0.119741  -1.641472   -0.08291320
-0.086649  -1.664413    0.50532557
-0.052655  -1.686678    1.00427144
-0.017771  -1.708241    1.31358695
0.017988  -1.729073    1.36322255
0.054605  -1.749148    1.13204758
0.092065  -1.768438    0.65813570
0.130351  -1.786919    0.03674448
0.169445  -1.804562   -0.59585905
0.209329  -1.821344   -1.09134972
0.249983  -1.837238   -1.32549227
0.291388  -1.852220   -1.23299114
0.333523  -1.866265   -0.83065453
0.376367  -1.879351   -0.22019241
0.419898  -1.891452    0.43355215
0.464094  -1.902547    0.94602165
0.508931  -1.912613    1.16723904
0.554385  -1.921629    1.03083641
-0.673243  0.739421   -1.20867220
-0.687269  0.754826   -1.19137411
-0.701295  0.770230   -1.13961255
-0.715321  0.785635   -1.05496636
-0.729347  0.801039   -0.94081455
-0.743373  0.816444   -0.80199995
-0.757399  0.831849   -0.64457648
-0.771425  0.847253   -0.47538743
-0.785451  0.862658   -0.30162485
-0.799476  0.878062   -0.13046104
-0.813502  0.893467    0.03144508
-0.827528  0.908872    0.17823867
-0.841554  0.924276    0.30522497
-0.855580  0.939681    0.40907345
-0.869606  0.955085    0.48796010
-0.883632  0.970490    0.54156818
-0.897658  0.985895    0.57104333
-0.911684  1.001299    0.57881269
-0.925710  1.016704    0.56830425
-0.939735  1.032109    0.54367490
-0.953761  1.047513    0.50945732
-0.967787  1.062918    0.47012893
-0.981813  1.078322    0.42983335
-0.995839  1.093727    0.39200696
-1.009865  1.109132    0.35915855
-1.023891  1.124536    0.33266984
-1.037917  1.139941    0.31272030
-1.051943  1.155345    0.29829440
-1.065969  1.170750    0.28731215
-1.079994  1.186155    0.27681889
-1.094020  1.201559    0.26324272
-1.108046  1.216964    0.24280266
-1.122072  1.232368    0.21180273
-1.136098  1.247773    0.16706860
-1.150124  1.263178    0.10625310
-1.164150  1.278582    0.02816379
-1.178176  1.293987   -0.06700100
-1.192202  1.309391   -0.17754099
-1.206228  1.324796   -0.30020781
-1.220253  1.340201   -0.43029496
-1.234279  1.355605   -0.56185330
-1.248305  1.371010   -0.68797079
-1.262331  1.386414   -0.80116178
-1.276357  1.401819   -0.89385027
-1.290383  1.417224   -0.95882237
-1.304409  1.432628   -0.98973755
-1.318435  1.448033   -0.98161328
-1.332461  1.463437   -0.93119422
-1.346487  1.478842   -0.83731123
-0.641902  -0.766787   -0.54519073
-0.638849  -0.796224   -0.16854715
-0.634843  -0.825860    0.19930023
-0.629875  -0.855666    0.51631331
-0.623936  -0.885615    0.74991392
-0.617019  -0.915681    0.88120852
-0.609116  -0.945835    0.90740694
-0.600220  -0.976048    0.84186178
-0.590326  -1.006293    0.71160971
-0.579429  -1.036541    0.55279576
-0.567525  -1.066764    0.40446340
-0.554609  -1.096932    0.30177126
-0.540680  -1.127016    0.26955364
-0.525736  -1.156987    0.31753204
-0.509775  -1.186816    0.43789525
-0.492796  -1.216474    0.60586716
-0.474801  -1.245930    0.78334533
-0.455791  -1.275156    0.92524952
-0.435766  -1.304121    0.98753515
-0.414731  -1.332797    0.93583410
-0.392689  -1.361154    0.75299784
-0.369644  -1.389161    0.44436348
-0.345602  -1.416791    0.03947464
-0.320568  -1.444012   -0.41043398
-0.294548  -1.470796   -0.83913687
-0.267552  -1.497114   -1.17563183
-0.239586  -1.522936   -1.35660976
-0.210660  -1.548234   -1.33899102
-0.180784  -1.572979   -1.11043892
-0.149969  -1.597141   -0.69547190
-0.118225  -1.620694   -0.15526838
-0.085566  -1.643608    0.41966309
-0.052005  -1.665855    0.92399788
-0.017554  -1.687409    1.25724943
0.017771  -1.708241    1.34527642
0.053955  -1.728325    1.15937857
0.090982  -1.747633    0.72781436
0.128835  -1.766140    0.13571999
0.167497  -1.783820   -0.48877538
0.206950  -1.800647   -1.00114543
0.247174  -1.816595   -1.27504916
0.288150  -1.831640   -1.23683509
0.329858  -1.845757   -0.89006002
0.372276  -1.858923   -0.32138038
0.415383  -1.871114    0.31706365
0.459157  -1.882307    0.84681530
0.503574  -1.892481    1.11463749
0.548610  -1.901612    1.04142556
0.594242  -1.909680    0.65181618
-0.657715  0.753267   -0.89596501
-0.671417  0.768960   -0.88433294
-0.685120  0.784653   -0.84953166
-0.698822  0.800346   -0.79280668
-0.712524  0.816039   -0.71680432
-0.726227  0.831732   -0.62527092
-0.739929  0.847425   -0.52273319
-0.753632  0.863118   -0.41417390
-0.767334  0.878811   -0.30465035
-0.781036  0.894505   -0.19894356
-0.794739  0.910198   -0.10123779
-0.808441  0.925891   -0.01485722
-0.822144  0.941584    0.05796245
-0.835846  0.957277    0.11613729
-0.849548  0.972970    0.15981730
-0.863251  0.988663    0.19029713
-0.876953  1.004356    0.20982829
-0.890656  1.020049    0.22146389
-0.904358  1.035742    0.22868729
-0.918060  1.051435    0.23515911
-0.931763  1.067128    0.24434285
-0.945465  1.082821    0.25915412
-0.959168  1.098514    0.28172299
-0.972870  1.114207    0.31310276
-0.986572  1.129900    0.35315822
-1.000275  1.145594    0.40047864
-1.013977  1.161287    0.45240553
-1.027679  1.176980    0.50518648
-1.041382  1.192673    0.55418661
-1.055084  1.208366    0.59421472
-1.068787  1.224059    0.61986807
-1.082489  1.239752    0.62597768
-1.096191  1.255445    0.60798755
-1.109894  1.271138    0.56236754
-1.123596  1.286831    0.48700120
-1.137299  1.302524    0.38139436
-1.151001  1.318217    0.24694276
-1.164703  1.333910    0.08692588
-1.178406  1.349603   -0.09351026
-1.192108  1.365296   -0.28749448
-1.205811  1.380989   -0.48680028
-1.219513  1.396683   -0.68216603
-1.233215  1.412376   -0.86382158
-1.246918  1.428069   -1.02202115
-1.260620  1.443762   -1.14757776
-1.274323  1.459455   -1.23244577
-1.288025  1.475148   -1.27021268
-1.301727  1.490841   -1.25653751
-1.315430  1.506534   -1.18947017
-0.625811  -0.779975   -0.16904358
-0.622146  -0.809343    0.21309238
-0.617524  -0.838888    0.56232521
-0.611937  -0.868584    0.84093273
-0.605377  -0.898404    1.02286152
-0.597836  -0.928319    1.09704540
-0.589307  -0.958302    1.06860161
-0.579785  -0.988324    0.95762587
-0.569264  -1.018356    0.79570393
-0.557740  -1.048371    0.62045411
-0.545209  -1.078340    0.46908586
-0.531669  -1.108232    0.37180049
-0.517117  -1.138020    0.34620000
-0.501552  -1.167674    0.39375672
-0.484974  -1.197165    0.49897600
-0.467382  -1.226462    0.63161127
-0.448778  -1.255538    0.75178851
-0.429164  -1.284362    0.81722033
-0.408541  -1.312905    0.79152636
-0.386915  -1.341137    0.65221689
-0.364287  -1.369029    0.39672766
-0.340665  -1.396551    0.04554549
-0.316053  -1.423674   -0.35891983
-0.290457  -1.450368   -0.75753069
-0.263886  -1.476606   -1.08353625
-0.236348  -1.502356   -1.27429773
-0.207851  -1.527591   -1.28381269
-0.178405  -1.552281   -1.09367909
-0.148021  -1.576399   -0.72028475
-0.116710  -1.599915   -0.21607153
-0.084483  -1.622802    0.33628192
-0.051355  -1.645032    0.83669478
-0.017337  -1.666576    1.18626125
0.017554  -1.687409    1.30816608
0.053305  -1.707502    1.16695288
0.089899  -1.726828    0.78115864
0.127320  -1.745362    0.22511215
0.165550  -1.763078   -0.38247745
0.204571  -1.779949   -0.90265533
0.244365  -1.795952   -1.20889113
0.284913  -1.811059   -1.22077926
0.326193  -1.825249   -0.92966594
0.368185  -1.838495   -0.40724202
0.410868  -1.850776    0.20796912
0.454220  -1.862068    0.74546581
0.498216  -1.872348    1.05113097
0.542835  -1.881595    1.03548141
0.588052  -1.889787    0.70568019
0.633842  -1.896904    0.16877181
-0.641902  0.766787   -0.54519073
-0.655275  0.782762   -0.53923739
-0.668648  0.798736   -0.52149754
-0.682021  0.814711   -0.49297373
-0.695394  0.830686   -0.45567488
-0.708767  0.846661   -0.41230053
-0.722139  0.862635   -0.36595375
-0.735512  0.878610   -0.31981855
-0.748885  0.894585   -0.27686538
-0.762258  0.910559   -0.23956339
-0.775631  0.926534   -0.20964340
-0.789004  0.942509   -0.18793591
-0.802377  0.958484   -0.17426616
-0.815750  0.974458   -0.16743743
-0.829123  0.990433   -0.16532854
-0.842496  1.006408   -0.16501321
-0.855869  1.022383   -0.16300889
-0.869242  1.038357   -0.15554760
-0.882615  1.054332   -0.13893138
-0.895988  1.070307   -0.10981829
-0.909361  1.086281   -0.06557854
-0.922734  1.102256   -0.00460158
-0.936107  1.118231    0.07350374
-0.949480  1.134206    0.16772514
-0.962853  1.150180    0.27558499
-0.976226  1.166155    0.39318100
-0.989599  1.182130    0.51531941
-1.002971  1.198105    0.63575455
-1.016344  1.214079    0.74751751
-1.029717  1.230054    0.84332675
-1.043090  1.246029    0.91600636
-1.056463  1.262003    0.95896835
-1.069836  1.277978    0.96669150
-1.083209  1.293953    0.93509892
-1.096582  1.309928    0.86193783
-1.109955  1.325902    0.74703031
-1.123328  1.341877    0.59242722
-1.136701  1.357852    0.40241510
-1.150074  1.373827    0.18341476
-1.163447  1.389801   -0.05625952
-1.176820  1.405776   -0.30677978
-1.190193  1.421751   -0.55724533
-1.203566  1.437725   -0.79623399
-1.216939  1.453700   -1.01241502
-1.230312  1.469675   -1.19511657
-1.243685  1.485650   -1.33493549
-1.257058  1.501624   -1.42425760
-1.270431  1.517599   -1.45771621
-1.283804  1.533574   -1.43249642
-0.609449  -0.792825    0.21756424
-0.605174  -0.822110    0.58927573
-0.599939  -0.851553    0.90501837
-0.593735  -0.881127    1.13277937
-0.586556  -0.910804    1.25393253
-0.578394  -0.940555    1.26553717
-0.569243  -0.970354    1.18025614
-0.559098  -1.000172    1.02402630
-0.547955  -1.029979    0.83162048
-0.535809  -1.059748    0.64068185
-0.522658  -1.089449    0.48524036
-0.508499  -1.119053    0.38966241
-0.493330  -1.148532    0.36414536
-0.477152  -1.177855    0.40261024
-0.459964  -1.206995    0.48348644
-0.441766  -1.235920    0.57341371
-0.422561  -1.264603    0.63351492
-0.402351  -1.293012    0.62706705
-0.381140  -1.321120    0.52756482
-0.358930  -1.348896    0.32537593
-0.335728  -1.376311    0.03199303
-0.311537  -1.403336   -0.31962484
-0.286366  -1.429941   -0.67865846
-0.260221  -1.456097   -0.98425885
-0.233110  -1.481776   -1.17623270
-0.205042  -1.506948   -1.20712374
-0.176026  -1.531584   -1.05346920
-0.146073  -1.555657   -0.72382809
-0.115194  -1.579137   -0.26143190
-0.083400  -1.601997    0.25993564
-0.050705  -1.624209    0.74705936
-0.017121  -1.645744    1.10435934
0.017337  -1.666576    1.25394714
0.052655  -1.686678    1.15477552
0.088816  -1.706023    0.81615522
0.125804  -1.724584    0.30135094
0.163602  -1.742336   -0.28139422
0.202193  -1.759252   -0.80030935
0.241557  -1.775308   -1.13051301
0.281675  -1.790479   -1.18673653
0.322528  -1.804740   -0.94943821
0.364094  -1.818067   -0.47588415
0.406353  -1.830438    0.10954534
0.449282  -1.841828    0.64583336
0.492859  -1.852215    0.98027717
0.537060  -1.861578    1.01537895
0.581862  -1.869895    0.74271522
0.627239  -1.877144    0.25081059
0.673168  -1.883307   -0.29880702
-0.625811  0.779975   -0.16904358
-0.638849  0.796224   -0.16854715
-0.651886  0.812474   -0.16721253
-0.664924  0.828723   -0.16597324
-0.677962  0.844973   -0.16625896
-0.690999  0.861222   -0.16984549
-0.704037  0.877472   -0.17852354
-0.717075  0.893721   -0.19382281
-0.730113  0.909971   -0.21675501
-0.743150  0.926220   -0.24762430
-0.756188  0.942470   -0.28586853
-0.769226  0.958719   -0.32996575
-0.782263  0.974969   -0.37746513
-0.795301  0.991218   -0.42502111
-0.808339  1.007468   -0.46861813
-0.821377  1.023717   -0.50374019
-0.834414  1.039967   -0.52573551
-0.847452  1.056216   -0.53004663
-0.860490  1.072465   -0.51267334
-0.873528  1.088715   -0.47045340
-0.886565  1.104964   -0.40137999
-0.899603  1.121214   -0.30485585
-0.912641  1.137463   -0.18190786
-0.925678  1.153713   -0.03526906
-0.938716  1.169962    0.13067634
-0.951754  1.186212    0.30995085
-0.964792  1.202461    0.49523864
-0.977829  1.218711    0.67822338
-0.990867  1.234960    0.84997959
-1.003905  1.251210    1.00145114
-1.016943  1.267459    1.12392775
-1.029980  1.283709    1.20960448
-1.043018  1.299958    1.25200195
-1.056056  1.316208    1.24645312
-1.069093  1.332457    1.19040932
-1.082131  1.348707    1.08367826
-1.095169  1.364956    0.92856262
-1.108207  1.381206    0.72981880
-1.121244  1.397455    0.49452207
-1.134282  1.413705    0.23170452
-1.147320  1.429954   -0.04794426
-1.160358  1.446203   -0.33266764
-1.173395  1.462453   -0.61018096
-1.186433  1.478702   -0.86831803
-1.199471  1.494952   -1.09561373
-1.212508  1.511201   -1.28189297
-1.225546  1.527451   -1.41885636
-1.238584  1.543700   -1.50042304
-1.251622  1.559950   -1.52310464
-0.592823  -0.805333    0.59809218
-0.587940  -0.834522    0.94272241
-0.582093  -0.863850    1.21037409
-0.575276  -0.893288    1.37588826
-0.567481  -0.922809    1.42874575
-0.558702  -0.952385    1.37406310
-0.548933  -0.981987    1.23143461
-0.538170  -1.011586    1.03152077
-0.526409  -1.041155    0.81087074
-0.513646  -1.070665    0.60576771
-0.499880  -1.100086    0.44599029
-0.485108  -1.129390    0.34958257
-0.469330  -1.158546    0.31962533
-0.452545  -1.187527    0.34362179
-0.434754  -1.216302    0.39580942
-0.415959  -1.244843    0.44216128
-0.396161  -1.273120    0.44727149
-0.375365  -1.301103    0.38212834
-0.353573  -1.328763    0.23116171
-0.330790  -1.356071   -0.00264502
-0.307022  -1.382997   -0.29595178
-0.282275  -1.409513   -0.60722797
-0.256556  -1.435589   -0.88291247
-0.229873  -1.461196   -1.06692011
-0.202233  -1.486305   -1.11199380
-0.173648  -1.510887   -0.99089519
-0.144126  -1.534915   -0.70502711
-0.113678  -1.558359   -0.28836839
-0.082317  -1.581192    0.19491623
-0.050055  -1.603386    0.65982453
-0.016904  -1.624912    1.01578548
0.017121  -1.645744    1.18553686
0.052005  -1.665855    1.12388295
0.087733  -1.685218    0.83178232
0.124288  -1.703806    0.36157119
0.161654  -1.721594   -0.18963115
0.199814  -1.738555   -0.69859217
0.238748  -1.754665   -1.04393885
0.278437  -1.769899   -1.13745176
0.318863  -1.784232   -0.95034069
0.360003  -1.797640   -0.52634859
0.401838  -1.810099    0.02438414
0.444345  -1.821588    0.55151711
0.487502  -1.832082    0.90576168
0.531286  -1.841561    0.98401894
0.575672  -1.850002    0.76433976
0.620637  -1.857385    0.31778905
0.666155  -1.863689   -0.20955693
0.712202  -1.868895   -0.64167134
-0.609449  0.792825    0.21756424
-0.622146  0.809343    0.21309238
-0.634843  0.825860    0.19930023
-0.647540  0.842377    0.17535607
-0.660236  0.858894    0.14022893
-0.672933  0.875411    0.09292502
-0.685630  0.891928    0.03282853
-0.698327  0.908446   -0.04011050
-0.711024  0.924963   -0.12517260
-0.723721  0.941480   -0.22071458
-0.736417  0.957997   -0.32410565
-0.749114  0.974514   -0.43174122
-0.761811  0.991032   -0.53911589
-0.774508  1.007549   -0.64097754
-0.787205  1.024066   -0.73160345
-0.799902  1.040583   -0.80507592
-0.812599  1.057100   -0.85563403
-0.825295  1.073618   -0.87805912
-0.837992  1.090135   -0.86797903
-0.850689  1.106652   -0.82231048
-0.863386  1.123169   -0.73949102
-0.876083  1.139686   -0.61972015
-0.888780  1.156204   -0.46509421
-0.901477  1.172721   -0.27963956
-0.914173  1.189238   -0.06924694
-0.926870  1.205755    0.15857175
-0.939567  1.222272    0.39490578
-0.952264  1.238790    0.62989376
-0.964961  1.255307    0.85314903
-0.977658  1.271824    1.05431685
-0.990355  1.288341    1.22358554
-1.003051  1.304858    1.35222092
-1.015748  1.321376    1.43306726
-1.028445  1.337893    1.46093555
-1.041142  1.354410    1.43297050
-1.053839  1.370927    1.34883583
-1.066536  1.387444    1.21079882
-1.079233  1.403961    1.02367145
-1.091929  1.420479    0.79462292
-1.104626  1.436996    0.53282258
-1.117323  1.453513    0.24905360
-1.130020  1.470030   -0.04484377
-1.142717  1.486547   -0.33654787
-1.155414  1.503065   -0.61387245
-1.168110  1.519582   -0.86533534
-1.180807  1.536099   -1.08080985
-1.193504  1.552616   -1.25191215
-1.206201  1.569133   -1.37245351
-1.218898  1.585651   -1.43869637
-0.575941  -0.817491    0.95502904
-0.570451  -0.846573    1.25603731
-0.563996  -0.875773    1.46204366
-0.556568  -0.905063    1.55575128
-0.548160  -0.934415    1.53498912
-0.538767  -0.963802    1.41260750
-0.528385  -0.993194    1.21422777
-0.517009  -1.022563    0.97396512
-0.504635  -1.051881    0.72878900
-0.491261  -1.081119    0.51239098
-0.476886  -1.110247    0.34952188
-0.461508  -1.139237    0.25179636
-0.445126  -1.168059    0.21583920
-0.427742  -1.196685    0.22418618
-0.409356  -1.225084    0.24887625
-0.389971  -1.253227    0.25739768
-0.369590  -1.281086    0.21984238
-0.348216  -1.308630    0.11603926
-0.325853  -1.335831   -0.05866219
-0.302507  -1.362659   -0.29038728
-0.278184  -1.389085   -0.54735903
-0.252891  -1.415080   -0.78444523
-0.226635  -1.440615   -0.95121253
-0.199425  -1.465662   -1.00227507
-0.171269  -1.490190   -0.90806597
-0.142178  -1.514173   -0.66389483
-0.112162  -1.537581   -0.29486524
-0.081234  -1.560387    0.14486192
-0.049404  -1.582562    0.57951647
-0.016687  -1.604080    0.92503443
0.016904  -1.624912    1.10652588
0.051355  -1.645032    1.07625883
0.086649  -1.664413    0.82805140
0.122772  -1.683028    0.40381064
0.159707  -1.700852   -0.11071855
0.197435  -1.717858   -0.60187192
0.235939  -1.734022   -0.95349403
0.275200  -1.749319   -1.07635841
0.315198  -1.763723   -0.93425249
0.355912  -1.777212   -0.55863935
0.397323  -1.789761   -0.04572512
0.439408  -1.801348    0.46559962
0.482145  -1.811950    0.83120438
0.525511  -1.821544    0.94465737
0.569482  -1.830110    0.77265327
0.614034  -1.837626    0.37019280
0.659143  -1.844072   -0.13203711
0.704783  -1.849427   -0.56694136
0.750928  -1.853674   -0.78616380
-0.592823  0.805333    0.59809218
-0.605174  0.822110    0.58927573
-0.617524  0.838888    0.56232521
-0.629875  0.855666    0.51631331
-0.642225  0.872444    0.45053353
-0.654576  0.889221    0.36464238
-0.666926  0.905999    0.25902171
-0.679277  0.922777    0.13485136
-0.691627  0.939555   -0.00563462
-0.703978  0.956332   -0.15915545
-0.716328  0.973110   -0.32132448
-0.728679  0.989888   -0.48677059
-0.741029  1.006666   -0.64926174
-0.753380  1.023443   -0.80196791
-0.765730  1.040221   -0.93777566
-0.778081  1.056999   -1.04959996
-0.790431  1.073777   -1.13080764
-0.802782  1.090555   -1.17558247
-0.815132  1.107332   -1.17933151
-0.827483  1.124110   -1.13899641
-0.839833  1.140888   -1.05335177
-0.852184  1.157666   -0.92314712
-0.864534  1.174443   -0.75127450
-0.876884  1.191221   -0.54266274
-0.889235  1.207999   -0.30418011
-0.901585  1.224777   -0.04442668
-0.913936  1.241554    0.22670267
-0.926286  1.258332    0.49837746
-0.938637  1.275110    0.75939547
-0.950987  1.291888    0.99865220
-0.963338  1.308665    1.20576596
-0.975688  1.325443    1.37155321
-0.988039  1.342221    1.48852904
-1.000389  1.358999    1.55128191
-1.012740  1.375776    1.55679105
-1.025090  1.392554    1.50458743
-1.037441  1.409332    1.39678245
-1.049791  1.426110    1.23800189
-1.062142  1.442887    1.03511918
-1.074492  1.459665    0.79694730
-1.086843  1.476443    0.53374611
-1.099193  1.493221    0.25676932
-1.111544  1.509999   -0.02239958
-1.123894  1.526776   -0.29231734
-1.136245  1.543554   -0.54237749
-1.148595  1.560332   -0.76317591
-1.160946  1.577110   -0.94707768
-1.173296  1.593887   -1.08843518
-1.185647  1.610665   -1.18389434
-0.558810  -0.829296    1.27090251
-0.552716  -0.858257    1.51270423
-0.545655  -0.887316    1.64548038
-0.537619  -0.916446    1.66034154
-0.528602  -0.945617    1.56341717
-0.518600  -0.974801    1.37466715
-0.507609  -1.003971    1.12462445
-0.495624  -1.033098    0.84951599
-0.482643  -1.062152    0.58543133
-0.468664  -1.091105    0.36245244
-0.453685  -1.119928    0.19981940
-0.437707  -1.148592    0.10296948
-0.420730  -1.177067    0.06303638
-0.402754  -1.205324    0.05910316
-0.383781  -1.233335    0.06292344
-0.363815  -1.261069    0.04528021
-0.342859  -1.288497   -0.01707257
-0.320916  -1.315591   -0.13527532
-0.297992  -1.342321   -0.30434480
-0.274094  -1.368658   -0.50237028
-0.249226  -1.394572   -0.69344105
-0.223397  -1.420035   -0.83407424
-0.196616  -1.445018   -0.88235370
-0.168890  -1.469493   -0.80802681
-0.140230  -1.493431   -0.60156939
-0.110647  -1.516803   -0.27997746
-0.080151  -1.539582    0.11258326
-0.048754  -1.561739    0.51020214
-0.016471  -1.583248    0.83662277
0.016687  -1.604080    1.02097769
0.050705  -1.624209    1.01470762
0.085566  -1.643608    0.80593949
0.121257  -1.662250    0.42706517
0.157759  -1.680110   -0.04739951
0.195056  -1.697161   -0.51412989
0.233130  -1.713379   -0.86356750
0.271962  -1.728738   -1.00737495
0.311533  -1.743215   -0.90385604
0.351822  -1.756784   -0.57368688
0.392808  -1.769423   -0.09987733
0.434471  -1.781108    0.39053439
0.476788  -1.791817    0.75995125
0.519736  -1.801527    0.90069404
0.563292  -1.810217    0.77027454
0.607432  -1.817866    0.40923222
0.652131  -1.824454   -0.06661618
0.697364  -1.829960   -0.49997334
0.743105  -1.834365   -0.74302675
0.789328  -1.837651   -0.70935479
-0.575941  0.817491    0.95502904
-0.587940  0.834522    0.94272241
-0.599939  0.851553    0.90501837
-0.611937  0.868584    0.84093273
-0.623936  0.885615    0.74991392
-0.635935  0.902647    0.63217833
-0.647934  0.919678    0.48885852
-0.659932  0.936709    0.32220021
-0.671931  0.953740    0.13559703
-0.683930  0.970771   -0.06631664
-0.695929  0.987802   -0.27777615
-0.707928  1.004833   -0.49201881
-0.719926  1.021864   -0.70150201
-0.731925  1.038895   -0.89821829
-0.743924  1.055926   -1.07401107
-0.755923  1.072957   -1.22098883
-0.767921  1.089988   -1.33192819
-0.779920  1.107019   -1.40066894
-0.791919  1.124050   -1.42249324
-0.803918  1.141081   -1.39444069
-0.815917  1.158113   -1.31555184
-0.827915  1.175144   -1.18702525
-0.839914  1.192175   -1.01222735
-0.851913  1.209206   -0.79667529
-0.863912  1.226237   -0.54781684
-0.875910  1.243268   -0.27476152
-0.887909  1.260299    0.01216183
-0.899908  1.277330    0.30178583
-0.911907  1.294361    0.58267538
-0.923905  1.311392    0.84364400
-0.935904  1.328423    1.07433930
-0.947903  1.345454    1.26567210
-0.959902  1.362485    1.41030756
-0.971901  1.379516    1.50300559
-0.983899  1.396547    1.54086369
-0.995898  1.413579    1.52344884
-1.007897  1.430610    1.45277896
-1.019896  1.447641    1.33319187
-1.031894  1.464672    1.17109554
-1.043893  1.481703    0.97457885
-1.055892  1.498734    0.75299586
-1.067891  1.515765    0.51643774
-1.079890  1.532796    0.27520009
-1.091888  1.549827    0.03926090
-1.103887  1.566858   -0.18227256
-1.115886  1.583889   -0.38152722
-1.127885  1.600920   -0.55226732
-1.139883  1.617951   -0.69011724
-1.151882  1.634982   -0.79273884
-0.541436  -0.840742    1.52917291
-0.534741  -0.869570    1.69818513
-0.527077  -0.898476    1.74891018
-0.518437  -0.927432    1.68109162
-0.508815  -0.956409    1.50877502
-0.498208  -0.985379    1.25809763
-0.486612  -1.014314    0.96326510
-0.474024  -1.043185    0.66125995
-0.460442  -1.071963    0.38606983
-0.445863  -1.100619    0.16338767
-0.430289  -1.129124    0.00679876
-0.413718  -1.157449   -0.08399424
-0.396151  -1.185565   -0.12224249
-0.377591  -1.213442   -0.13077047
-0.358040  -1.241052   -0.13659260
-0.337501  -1.268365   -0.16447457
-0.315979  -1.295351   -0.23065968
-0.293477  -1.321983   -0.33815984
-0.270003  -1.348230   -0.47465724
-0.245561  -1.374063   -0.61386108
-0.220160  -1.399455   -0.72029361
-0.193807  -1.424375   -0.75695747
-0.166511  -1.448796   -0.69453521
-0.138283  -1.472689   -0.52018017
-0.109131  -1.496025   -0.24379512
-0.079068  -1.518777    0.09994424
-0.048104  -1.540916    0.45532617
-0.016254  -1.562415    0.75486648
0.016471  -1.583248    0.93320443
0.050055  -1.603386    0.94268471
0.084483  -1.622802    0.76737165
0.119741  -1.641472    0.43136585
0.155812  -1.659368   -0.00159364
0.192678  -1.676464   -0.43877828
0.230321  -1.692736   -0.77837660
0.268724  -1.708158   -0.93468645
0.307868  -1.722706   -0.86245555
0.347731  -1.736357   -0.57331893
0.388293  -1.749085   -0.13806954
0.429534  -1.760868    0.32802184
0.471431  -1.771684    0.69491174
0.513961  -1.781510    0.85548620
0.557102  -1.790325    0.76018233
0.600829  -1.798107    0.43682701
0.645119  -1.804836   -0.01285819
0.689945  -1.810492   -0.44176587
0.735283  -1.815056   -0.70415348
0.781106  -1.818509   -0.70596639
0.827388  -1.820832   -0.44121141
-0.558810  0.829296    1.27090251
-0.570451  0.846573    1.25603731
-0.582093  0.863850    1.21037409
-0.593735  0.881127    1.13277937
-0.605377  0.898404    1.02286152
-0.617019  0.915681    0.88120852
-0.628661  0.932958    0.70956374
-0.640303  0.950235    0.51094019
-0.651944  0.967512    0.28967478
-0.663586  0.984789    0.05134551
-0.675228  1.002066   -0.19727463
-0.686870  1.019343   -0.44846343
-0.698512  1.036620   -0.69380888
-0.710154  1.053897   -0.92454325
-0.721796  1.071174   -1.13192399
-0.733438  1.088451   -1.30764188
-0.745079  1.105728   -1.44423307
-0.756721  1.123005   -1.53548016
-0.768363  1.140282   -1.57675200
-0.780005  1.157559   -1.56530164
-0.791647  1.174836   -1.50046746
-0.803289  1.192113   -1.38377848
-0.814931  1.209390   -1.21895111
-0.826572  1.226667   -1.01178487
-0.838214  1.243944   -0.76989456
-0.849856  1.261221   -0.50244828
-0.861498  1.278498   -0.21971809
-0.873140  1.295775    0.06738307
-0.884782  1.313052    0.34781285
-0.896424  1.330329    0.61092182
-0.908066  1.347606    0.84695808
-0.919707  1.364883    1.04751447
-0.931349  1.382160    1.20596184
-0.942991  1.399437    1.31767023
-0.954633  1.416714    1.38024044
-0.966275  1.433991    1.39355393
-0.977917  1.451268    1.35971166
-0.989559  1.468545    1.28285381
-1.001200  1.485822    1.16887352
-1.012842  1.503099    1.02503375
-1.024484  1.520376    0.85952714
-1.036126  1.537653    0.68099067
-1.047768  1.554930    0.49801084
-1.059410  1.572207    0.31864880
-1.071052  1.589484    0.15001359
-1.082693  1.606761   -0.00208007
-1.094335  1.624038   -0.13341555
-1.105977  1.641315   -0.24146028
-1.117619  1.658592   -0.32544443
-0.523828  -0.851824    1.71526748
-0.516535  -0.880507    1.80085475
-0.508271  -0.909247    1.76426569
-0.499030  -0.938016    1.61373244
-0.488808  -0.966787    1.37048514
-0.477601  -0.995531    1.06569867
-0.465406  -1.024218    0.73590096
-0.452219  -1.052821    0.41746494
-0.438041  -1.081310    0.14126428
-0.422870  -1.109656   -0.07194852
-0.406705  -1.137831   -0.21425071
-0.389549  -1.165806   -0.29094339
-0.371401  -1.193550   -0.31859717
-0.352265  -1.221035   -0.32067370
-0.332144  -1.248232   -0.32188557
-0.311042  -1.275111   -0.34209503
-0.288962  -1.301645   -0.39111518
-0.265912  -1.327802   -0.46559737
-0.241896  -1.353555   -0.54890723
-0.216922  -1.378875   -0.61426372
-0.190998  -1.403732   -0.63085451
-0.164133  -1.428099   -0.57186143
-0.136335  -1.451947   -0.42267368
-0.107615  -1.475247   -0.18747693
-0.077985  -1.497971    0.10779849
-0.047454  -1.520093    0.41753135
-0.016037  -1.541583    0.68364720
0.016254  -1.562415    0.84752880
0.049404  -1.582562    0.86409748
0.083400  -1.601997    0.71506098
0.118225  -1.620694    0.41767461
0.153864  -1.638625    0.02578023
0.190299  -1.655767   -0.37845635
0.227513  -1.672093   -0.70175383
0.265487  -1.687578   -0.86250233
0.304202  -1.702198   -0.81380915
0.343640  -1.715929   -0.56006152
0.383778  -1.728747   -0.16117559
0.424597  -1.740628    0.27893990
0.466073  -1.751551    0.63839525
0.508186  -1.761493    0.81215515
0.550912  -1.770432    0.74550861
0.594227  -1.778347    0.45536310
0.638107  -1.785218    0.03041677
0.682527  -1.791024   -0.39252081
0.727461  -1.795747   -0.67088279
0.772884  -1.799366   -0.70476356
0.818769  -1.801865   -0.47475291
0.865089  -1.803225   -0.05437214
-0.541436  0.840742    1.52917291
-0.552716  0.858257    1.51270423
-0.563996  0.875773    1.46204366
-0.575276  0.893288    1.37588826
-0.586556  0.910804    1.25393253
-0.597836  0.928319    1.09704540
-0.609116  0.945835    0.90740694
-0.620396  0.963350    0.68858957
-0.631676  0.980866    0.44552689
-0.642955  0.998381    0.18447816
-0.654235  1.015896   -0.08722310
-0.665515  1.033412   -0.36132324
-0.676795  1.050927   -0.62897271
-0.688075  1.068443   -0.88113402
-0.699355  1.085958   -1.10890856
-0.710635  1.103474   -1.30401217
-0.721915  1.120989   -1.45911691
-0.733195  1.138505   -1.56827551
-0.744475  1.156020   -1.62719803
-0.755755  1.173536   -1.63352833
-0.767035  1.191051   -1.58698427
-0.778314  1.208566   -1.48942505
-0.789594  1.226082   -1.34477468
-0.800874  1.243597   -1.15890753
-0.812154  1.261113   -0.93934043
-0.823434  1.278628   -0.69493293
-0.834714  1.296144   -0.43541593
-0.845994  1.313659   -0.17098077
-0.857274  1.331175    0.08826858
-0.868554  1.348690    0.33274643
-0.879834  1.366206    0.55388961
-0.891114  1.383721    0.74451247
-0.902394  1.401236    0.89915524
-0.913673  1.418752    1.01427232
-0.924953  1.436267    1.08839511
-0.936233  1.453783    1.12204633
-0.947513  1.471298    1.11768323
-0.958793  1.488814    1.07942784
-0.970073  1.506329    1.01278602
-0.981353  1.523845    0.92421112
-0.992633  1.541360    0.82071657
-1.003913  1.558876    0.70936946
-1.015193  1.576391    0.59689340
-1.026473  1.593906    0.48921941
-1.037753  1.611422    0.39116366
-1.049033  1.628937    0.30616799
-1.060312  1.646453    0.23613751
-1.071592  1.663968    0.18136244
-1.082872  1.681484    0.14063419
-0.505994  -0.862537    1.81764339
-0.498106  -0.891062    1.81299229
-0.489245  -0.919624    1.68801983
-0.479408  -0.948195    1.45892307
-0.468590  -0.976747    1.15311553
-0.456787  -1.005251    0.80547134
-0.443997  -1.033679    0.45339308
-0.430219  -1.062001    0.13146545
-0.415451  -1.090189   -0.13351267
-0.399693  -1.118214   -0.32606877
-0.382946  -1.146046   -0.44368162
-0.365211  -1.173657   -0.49603540
-0.346491  -1.201018   -0.50196577
-0.326787  -1.228099   -0.48470433
-0.306104  -1.254872   -0.46614252
-0.284447  -1.281306   -0.46152851
-0.261821  -1.307374   -0.47553721
-0.238231  -1.333047   -0.50086655
-0.213685  -1.358294   -0.51978343
-0.188189  -1.383089   -0.50863665
-0.161754  -1.407402   -0.44452051
-0.134387  -1.431204   -0.31269205
-0.106100  -1.454469   -0.11311303
-0.076901  -1.477166    0.13599110
-0.046804  -1.499270    0.39855584
-0.015820  -1.520751    0.62622435
0.016037  -1.541583    0.76807826
0.048754  -1.561739    0.78308673
0.082317  -1.581192    0.65234029
0.116710  -1.599915    0.38784279
0.151916  -1.617883    0.03473838
0.187920  -1.635070   -0.33497204
0.224704  -1.651450   -0.63693356
0.262249  -1.666998   -0.79484300
0.300537  -1.681690   -0.76187352
0.339549  -1.695501   -0.53703903
0.379263  -1.708408   -0.17086921
0.419659  -1.720389    0.24331104
0.460716  -1.731418    0.59202965
0.502411  -1.741476    0.77341523
0.544722  -1.750540    0.72936386
0.587624  -1.758588    0.46761544
0.631095  -1.765600    0.06501877
0.675108  -1.771557   -0.35163809
0.719639  -1.776438   -0.64379903
0.764662  -1.780224   -0.70715879
0.810150  -1.782898   -0.51039715
0.856077  -1.784442   -0.11173846
0.902415  -1.784838    0.35510556
-0.523828  0.851824    1.71526748
-0.534741  0.869570    1.69818513
-0.545655  0.887316    1.64548038
-0.556568  0.905063    1.55575128
-0.567481  0.922809    1.42874575
-0.578394  0.940555    1.26553717
-0.589307  0.958302    1.06860161
-0.600220  0.976048    0.84186178
-0.611133  0.993794    0.59060536
-0.622046  1.011541    0.32136634
-0.632959  1.029287    0.04175090
-0.643872  1.047033   -0.23988307
-0.654785  1.064780   -0.51473043
-0.665699  1.082526   -0.77389332
-0.676612  1.100272   -1.00878275
-0.687525  1.118019   -1.21155035
-0.698438  1.135765   -1.37540734
-0.709351  1.153511   -1.49500494
-0.720264  1.171258   -1.56668318
-0.731177  1.189004   -1.58867089
-0.742090  1.206750   -1.56119251
-0.753003  1.224497   -1.48646088
-0.763916  1.242243   -1.36859771
-0.774829  1.259989   -1.21340792
-0.785743  1.277736   -1.02809336
-0.796656  1.295482   -0.82093800
-0.807569  1.313228   -0.60081391
-0.818482  1.330975   -0.37677291
-0.829395  1.348721   -0.15760495
-0.840308  1.366467    0.04863860
-0.851221  1.384214    0.23501036
-0.862134  1.401960    0.39598604
-0.873047  1.419706    0.52771835
-0.883960  1.437453    0.62815536
-0.894873  1.455199    0.69708013
-0.905787  1.472945    0.73602696
-0.916700  1.490692    0.74805082
-0.927613  1.508438    0.73753973
-0.938526  1.526184    0.70978323
-0.949439  1.543931    0.67059783
-0.960352  1.561677    0.62592061
-0.971265  1.579423    0.58134562
-0.982178  1.597170    0.54175270
-0.993091  1.614916    0.51097665
-1.004004  1.632662    0.49152210
-1.014917  1.650409    0.48441531
-1.025831  1.668155    0.48913184
-1.036744  1.685901    0.50366096
-1.047657  1.703648    0.52464950
-0.487940  -0.872877    1.82869899
-0.479461  -0.901232    1.73152753
-0.470008  -0.929603    1.52174332
-0.459578  -0.957963    1.22261989
-0.448168  -0.986284    0.86648503
-0.435775  -1.014536    0.49047435
-0.422397  -1.042692    0.13145080
-0.408032  -1.070721   -0.17901010
-0.392681  -1.098596   -0.41883102
-0.376344  -1.126287   -0.57804275
-0.359021  -1.153765   -0.65925880
-0.340716  -1.181001   -0.67584346
-0.321430  -1.207966   -0.64823176
-0.301167  -1.234632   -0.59884695
-0.279932  -1.260968   -0.54687417
-0.257730  -1.286947   -0.50382257
-0.234566  -1.312538   -0.47105794
-0.210447  -1.337714   -0.43989323
-0.185381  -1.362446   -0.39449978
-0.159375  -1.386705   -0.31708363
-0.132440  -1.410462   -0.19434630
-0.104584  -1.433691   -0.02355373
-0.075818  -1.456361    0.18336371
-0.046154  -1.478446    0.39917739
-0.015604  -1.499919    0.58509615
0.015820  -1.520751    0.69855356
0.048104  -1.540916    0.70380758
0.081234  -1.560387    0.58297744
0.115194  -1.579137    0.34452514
0.149969  -1.597141    0.02624106
0.185541  -1.614373   -0.30919390
0.221895  -1.630807   -0.58643225
0.259012  -1.646418   -0.73533037
0.296872  -1.661181   -0.71062776
0.335458  -1.675073   -0.50776832
0.374748  -1.688070   -0.16951569
0.414722  -1.700149    0.22037256
0.455359  -1.711286    0.55665525
0.496637  -1.721459    0.74143289
0.538532  -1.730647    0.71463389
0.581022  -1.738829    0.47647248
0.624082  -1.745983    0.09325340
0.667689  -1.752089   -0.31784964
0.711817  -1.757129   -0.62272631
0.756440  -1.761082   -0.71388260
0.801532  -1.763931   -0.54942256
0.847066  -1.765658   -0.17309365
0.893015  -1.766246    0.29408176
0.939351  -1.765678    0.69070974
-0.505994  0.862537    1.81764339
-0.516535  0.880507    1.80085475
-0.527077  0.898476    1.74891018
-0.537619  0.916446    1.66034154
-0.548160  0.934415    1.53498912
-0.558702  0.952385    1.37406310
-0.569243  0.970354    1.18025614
-0.579785  0.988324    0.95762587
-0.590326  1.006293    0.71160971
-0.600868  1.024263    0.44873202
-0.611409  1.042232    0.17650933
-0.621951  1.060202   -0.09699086
-0.632492  1.078171   -0.36333302
-0.643034  1.096141   -0.61423800
-0.653575  1.114110   -0.84180593
-0.664117  1.132080   -1.03903211
-0.674659  1.150049   -1.20001634
-0.685200  1.168019   -1.32032084
-0.695742  1.185988   -1.39719242
-0.706283  1.203958   -1.42964028
-0.716825  1.221928   -1.41854784
-0.727366  1.239897   -1.36656600
-0.737908  1.257867   -1.27798708
-0.748449  1.275836   -1.15851401
-0.758991  1.293806   -1.01491731
-0.769532  1.311775   -0.85471188
-0.780074  1.329745   -0.68568231
-0.790615  1.347714   -0.51553738
-0.801157  1.365684   -0.35141026
-0.811699  1.383653   -0.19956568
-0.822240  1.401623   -0.06503176
-0.832782  1.419592    0.04864834
-0.843323  1.437562    0.13950985
-0.853865  1.455531    0.20729395
-0.864406  1.473501    0.25329058
-0.874948  1.491470    0.28029379
-0.885489  1.509440    0.29222468
-0.896031  1.527409    0.29394152
-0.906572  1.545379    0.29071954
-0.917114  1.563348    0.28798150
-0.927655  1.581318    0.29074699
-0.938197  1.599287    0.30337073
-0.948739  1.617257    0.32909082
-0.959280  1.635227    0.36982442
-0.969822  1.653196    0.42598352
-0.980363  1.671166    0.49636126
-0.990905  1.689135    0.57820315
-1.001446  1.707105    0.66732613
-1.011988  1.725074    0.75835941
-0.469676  -0.882839    1.74552050
-0.460608  -0.911011    1.55857494
-0.450567  -0.939180    1.27236555
-0.439550  -0.967317    0.91607090
-0.427553  -0.995394    0.52544562
-0.414575  -1.023383    0.13834349
-0.400613  -1.051253   -0.21027641
-0.385669  -1.078978   -0.49285240
-0.369741  -1.106527   -0.69266420
-0.352831  -1.133872   -0.80531415
-0.334941  -1.160984   -0.83820295
-0.316073  -1.187834   -0.80790519
-0.296230  -1.214392   -0.73597019
-0.275417  -1.240630   -0.64396953
-0.253639  -1.266519   -0.54889082
-0.230901  -1.292030   -0.45981648
-0.207209  -1.317134   -0.37675656
-0.182572  -1.341803   -0.29202920
-0.156997  -1.366008   -0.19392416
-0.130492  -1.389720   -0.07193762
-0.103068  -1.412912    0.07770719
-0.074735  -1.435556    0.24791393
-0.045504  -1.457623    0.41921020
-0.015387  -1.479087    0.56191216
0.015604  -1.499919    0.64207008
0.047454  -1.520093    0.63021238
0.080151  -1.539582    0.51096381
0.113678  -1.558359    0.29093975
0.148021  -1.576399    0.00213951
0.183163  -1.593676   -0.30105422
0.219086  -1.610163   -0.55191711
0.255774  -1.625837   -0.68700440
0.293207  -1.640673   -0.66384833
0.331367  -1.654646   -0.47596162
0.370233  -1.667732   -0.16000860
0.409785  -1.679909    0.20858141
0.450002  -1.691153    0.53232900
0.490862  -1.701442    0.71771265
0.532342  -1.710755    0.70383016
0.574419  -1.719069    0.48482403
0.617070  -1.726365    0.11770171
0.660270  -1.732621   -0.28929680
0.703995  -1.737820   -0.60677122
0.748218  -1.741940   -0.72495315
0.792913  -1.744964   -0.59253700
0.838055  -1.746875   -0.23954375
0.883615  -1.747654    0.22580484
0.929566  -1.747286    0.64827569
0.975881  -1.745754    0.87659281
-0.487940  0.872877    1.82869899
-0.498106  0.891062    1.81299229
-0.508271  0.909247    1.76426569
-0.518437  0.927432    1.68109162
-0.528602  0.945617    1.56341717
-0.538767  0.963802    1.41260750
-0.548933  0.981987    1.23143461
-0.559098  1.000172    1.02402630
-0.569264  1.018356    0.79570393
-0.579429  1.036541    0.55279576
-0.589595  1.054726    0.30237547
-0.599760  1.072911    0.05199091
-0.609925  1.091096   -0.19072745
-0.620091  1.109281   -0.41839453
-0.630256  1.127466   -0.62418211
-0.640422  1.145651   -0.80222978
-0.650587  1.163836   -0.94783594
-0.660753  1.182021   -1.05778200
-0.670918  1.200206   -1.13039125
-0.681083  1.218391   -1.16568187
-0.691249  1.236576   -1.16530823
-0.701414  1.254761   -1.13242686
-0.711580  1.272946   -1.07156146
-0.721745  1.291131   -0.98826833
-0.731911  1.309315   -0.88886329
-0.742076  1.327500   -0.77997818
-0.752241  1.345685   -0.66824065
-0.762407  1.363870   -0.55983711
-0.772572  1.382055   -0.46017034
-0.782738  1.400240   -0.37353464
-0.792903  1.418425   -0.30289806
-0.803069  1.436610   -0.24971176
-0.813234  1.454795   -0.21389651
-0.823399  1.472980   -0.19383766
-0.833565  1.491165   -0.18654228
-0.843730  1.509350   -0.18790483
-0.853896  1.527535   -0.19294450
-0.864061  1.545720   -0.19625660
-0.874227  1.563905   -0.19232663
-0.884392  1.582089   -0.17602894
-0.894557  1.600274   -0.14296344
-0.904723  1.618459   -0.08981034
-0.914888  1.636644   -0.01467597
-0.925054  1.654829    0.08278971
-0.935219  1.673014    0.20120249
-0.945384  1.691199    0.33752415
-0.955550  1.709384    0.48714224
-0.965715  1.727569    0.64406952
-0.975881  1.745754    0.80130885
-0.451208  -0.892419    1.57040376
-0.441556  -0.920396    1.30166517
-0.430931  -0.948350    0.95213465
-0.419331  -0.976252    0.55543328
-0.406752  -1.004073    0.14915325
-0.393195  -1.031786   -0.22966557
-0.378657  -1.059360   -0.54928651
-0.363139  -1.086768   -0.78710592
-0.346641  -1.113980   -0.93216187
-0.329166  -1.140967   -0.98566126
-0.310716  -1.167701   -0.95953985
-0.291293  -1.194152   -0.87321164
-0.270902  -1.220292   -0.74916444
-0.249548  -1.246091   -0.60839456
-0.227236  -1.271521   -0.46652637
-0.203972  -1.296554   -0.33161162
-0.179763  -1.321160   -0.20408844
-0.154618  -1.345311   -0.07898449
-0.128544  -1.368978    0.05019385
-0.101553  -1.392134    0.18675199
-0.073652  -1.414751    0.32689097
-0.044854  -1.436800    0.45755201
-0.015170  -1.458254    0.55739787
0.015387  -1.479087    0.60101736
0.046804  -1.499270    0.56585602
0.079068  -1.518777    0.44030052
0.112162  -1.537581    0.23073177
0.146073  -1.555657   -0.03501267
0.180784  -1.572979   -0.30955028
0.216277  -1.589520   -0.53415520
0.252536  -1.605257   -0.65219363
0.289542  -1.620164   -0.62489841
0.327276  -1.634218   -0.44530729
0.365718  -1.647394   -0.14560113
0.404848  -1.659669    0.20576799
0.444645  -1.671020    0.51834135
0.485087  -1.681425    0.70304082
0.526152  -1.690862    0.69893526
0.567817  -1.699310    0.49532024
0.610058  -1.706747    0.14111023
0.652852  -1.713154   -0.26369874
0.696172  -1.718510   -0.59440477
0.739995  -1.722798   -0.73968454
0.784295  -1.725997   -0.63977210
0.829043  -1.728091   -0.31168212
0.874215  -1.729062    0.14929195
0.919782  -1.728893    0.59509837
0.965715  -1.727569    0.87169628
1.011988  -1.725074    0.87243882
-0.469676  0.882839    1.74552050
-0.479461  0.901232    1.73152753
-0.489245  0.919624    1.68801983
-0.499030  0.938016    1.61373244
-0.508815  0.956409    1.50877502
-0.518600  0.974801    1.37466715
-0.528385  0.993194    1.21422777
-0.538170  1.011586    1.03152077
-0.547955  1.029979    0.83162048
-0.557740  1.048371    0.62045411
-0.567525  1.066764    0.40446340
-0.577310  1.085156    0.19036538
-0.587095  1.103549   -0.01523486
-0.596879  1.121941   -0.20610551
-0.606664  1.140334   -0.37679196
-0.616449  1.158726   -0.52279487
-0.626234  1.177119   -0.64086558
-0.636019  1.195511   -0.72914806
-0.645804  1.213904   -0.78726399
-0.655589  1.232296   -0.81633146
-0.665374  1.250689   -0.81885545
-0.675159  1.269081   -0.79860136
-0.684944  1.287474   -0.76030876
-0.694729  1.305866   -0.70944437
-0.704513  1.324259   -0.65179338
-0.714298  1.342651   -0.59317726
-0.724083  1.361044   -0.53898305
-0.733868  1.379436   -0.49389597
-0.743653  1.397828   -0.46154543
-0.753438  1.416221   -0.44428590
-0.763223  1.434613   -0.44303085
-0.773008  1.453006   -0.45717828
-0.782793  1.471398   -0.48463221
-0.792578  1.489791   -0.52194355
-0.802363  1.508183   -0.56449715
-0.812147  1.526576   -0.60685295
-0.821932  1.544968   -0.64302637
-0.831717  1.563361   -0.66698333
-0.841502  1.581753   -0.67297443
-0.851287  1.600146   -0.65599850
-0.861072  1.618538   -0.61212815
-0.870857  1.636931   -0.53886115
-0.880642  1.655323   -0.43532304
-0.890427  1.673716   -0.30242328
-0.900212  1.692108   -0.14287787
-0.909997  1.710501    0.03887448
-0.919782  1.728893    0.23684372
-0.929566  1.747286    0.44378876
-0.939351  1.765678    0.65159261
-0.432544  -0.901613    1.31106683
-0.422312  -0.929383    0.97360769
-0.411109  -0.957110    0.57814459
-0.398930  -0.984764    0.16104249
-0.385776  -1.012318   -0.23988290
-0.371645  -1.039742   -0.58997359
-0.356536  -1.067008   -0.86189211
-0.340451  -1.094087   -1.03873879
-0.323391  -1.120950   -1.11566625
-0.305358  -1.147568   -1.09948239
-0.286356  -1.173912   -1.00643158
-0.266387  -1.199954   -0.85855657
-0.245457  -1.225663   -0.67937127
-0.223570  -1.251013   -0.48970335
-0.200734  -1.275974   -0.30473727
-0.176954  -1.300517   -0.13269304
-0.152239  -1.324614    0.02434922
-0.126597  -1.348236    0.16791878
-0.100037  -1.371356    0.29950347
-0.072569  -1.393946    0.41697701
-0.044204  -1.415977    0.51228024
-0.014954  -1.437422    0.57137063
0.015170  -1.458254    0.57696492
0.046154  -1.478446    0.51372722
0.077985  -1.497971    0.37478934
0.110647  -1.516803    0.16774814
0.144126  -1.534915   -0.08208450
0.178405  -1.552281   -0.33288271
0.213469  -1.568877   -0.53300390
0.249299  -1.584677   -0.63240190
0.285877  -1.599656   -0.59658516
0.323185  -1.613790   -0.41929012
0.361203  -1.627056   -0.12971404
0.399911  -1.639429    0.20926788
0.439288  -1.650887    0.51328156
0.479312  -1.661408    0.69745642
0.519962  -1.670970    0.70131065
0.561214  -1.679550    0.51025698
0.603046  -1.687129    0.16615581
0.645433  -1.693686   -0.23849437
0.688350  -1.699201   -0.58360170
0.731773  -1.703655   -0.75674536
0.775676  -1.707030   -0.69051350
0.820032  -1.709307   -0.38949106
0.864815  -1.710470    0.06399568
0.909997  -1.710501    0.53007811
0.955550  -1.709384    0.85362975
1.001446  -1.707105    0.91610492
1.047657  -1.703648    0.67942653
-0.451208  0.892419    1.57040376
-0.460608  0.911011    1.55857494
-0.470008  0.929603    1.52174332
-0.479408  0.948195    1.45892307
-0.488808  0.966787    1.37048514
-0.498208  0.985379    1.25809763
-0.507609  1.003971    1.12462445
-0.517009  1.022563    0.97396512
-0.526409  1.041155    0.81087074
-0.535809  1.059748    0.64068185
-0.545209  1.078340    0.46908586
-0.554609  1.096932    0.30177126
-0.564010  1.115524    0.14414640
-0.573410  1.134116    0.00106816
-0.582810  1.152708   -0.12347143
-0.592210  1.171300   -0.22654076
-0.601610  1.189892   -0.30644182
-0.611010  1.208484   -0.36280686
-0.620411  1.227076   -0.39663059
-0.629811  1.245668   -0.41015610
-0.639211  1.264260   -0.40681198
-0.648611  1.282852   -0.39094645
-0.658011  1.301444   -0.36756445
-0.667411  1.320036   -0.34200561
-0.676811  1.338628   -0.31959476
-0.686212  1.357221   -0.30528991
-0.695612  1.375813   -0.30332580
-0.705012  1.394405   -0.31693444
-0.714412  1.412997   -0.34808319
-0.723812  1.431589   -0.39730677
-0.733212  1.450181   -0.46362196
-0.742613  1.468773   -0.54453810
-0.752013  1.487365   -0.63615562
-0.761413  1.505957   -0.73337566
-0.770813  1.524549   -0.83017005
-0.780213  1.543141   -0.91993048
-0.789613  1.561733   -0.99586189
-0.799014  1.580325   -1.05139289
-0.808414  1.598917   -1.08061790
-0.817814  1.617509   -1.07864888
-0.827214  1.636101   -1.04197675
-0.836614  1.654694   -0.96873134
-0.846014  1.673286   -0.85885140
-0.855415  1.691878   -0.71415235
-0.864815  1.710470   -0.53833079
-0.874215  1.729062   -0.33674716
-0.883615  1.747654   -0.11622649
-0.893015  1.766246    0.11528907
-0.902415  1.784838    0.34914480
-0.413694  -0.910416    0.98055928
-0.402886  -0.937968    0.59205303
-0.391108  -0.965455    0.17149786
-0.378357  -0.992851   -0.24371475
-0.364632  -1.020125   -0.61728398
-0.349934  -1.047249   -0.91830125
-0.334261  -1.074195   -1.12491260
-0.317616  -1.100933   -1.22656811
-0.300001  -1.127435   -1.22476789
-0.281419  -1.153672   -1.13185292
-0.261872  -1.179615   -0.96821321
-0.241366  -1.205236   -0.75842776
-0.219905  -1.230505   -0.52714869
-0.197496  -1.255393   -0.29553108
-0.174145  -1.279873   -0.07896370
-0.149860  -1.303916    0.11341959
-0.124649  -1.327494    0.27754025
-0.098521  -1.350578    0.41186775
-0.071486  -1.373140    0.51448421
-0.043554  -1.395154    0.58078473
-0.014737  -1.416590    0.60279068
0.014954  -1.437422    0.57061865
0.045504  -1.457623    0.47612891
0.076901  -1.477166    0.31786726
0.109131  -1.496025    0.10586798
0.142178  -1.514173   -0.13552474
0.176026  -1.531584   -0.36853538
0.210660  -1.548234   -0.54743603
0.246061  -1.564097   -0.62826454
0.282212  -1.579148   -0.58101083
0.319094  -1.593363   -0.40099950
0.356688  -1.606718   -0.11574198
0.394974  -1.619189    0.21608741
0.433930  -1.630755    0.51513228
0.473537  -1.641391    0.70027322
0.513772  -1.651077    0.71162240
0.554612  -1.659791    0.53139549
0.596034  -1.667511    0.19528095
0.638014  -1.674218   -0.21106613
0.680528  -1.679892   -0.57196809
0.723551  -1.684513   -0.77424596
0.767057  -1.688063   -0.74348767
0.811021  -1.690524   -0.47235202
0.855415  -1.691878   -0.03010236
0.900212  -1.692108    0.45251777
0.945384  -1.691199    0.82093086
0.990905  -1.689135    0.94646839
1.036744  -1.685901    0.77199854
1.082872  -1.681484    0.33698378
-0.432544  0.901613    1.31106683
-0.441556  0.920396    1.30166517
-0.450567  0.939180    1.27236555
-0.459578  0.957963    1.22261989
-0.468590  0.976747    1.15311553
-0.477601  0.995531    1.06569867
-0.486612  1.014314    0.96326510
-0.495624  1.033098    0.84951599
-0.504635  1.051881    0.72878900
-0.513646  1.070665    0.60576771
-0.522658  1.089449    0.48524036
-0.531669  1.108232    0.37180049
-0.540680  1.127016    0.26955364
-0.549692  1.145799    0.18188651
-0.558703  1.164583    0.11125153
-0.567714  1.183367    0.05897780
-0.576726  1.202150    0.02516996
-0.585737  1.220934    0.00873211
-0.594748  1.239717    0.00732593
-0.603760  1.258501    0.01755654
-0.612771  1.277285    0.03517062
-0.621782  1.296068    0.05525026
-0.630794  1.314852    0.07257878
-0.639805  1.333635    0.08196401
-0.648817  1.352419    0.07854840
-0.657828  1.371203    0.05819914
-0.666839  1.389986    0.01774865
-0.675851  1.408770   -0.04470692
-0.684862  1.427553   -0.12961384
-0.693873  1.446337   -0.23590831
-0.702885  1.465121   -0.36097361
-0.711896  1.483904   -0.50069767
-0.720907  1.502688   -0.64971384
-0.729919  1.521471   -0.80159918
-0.738930  1.540255   -0.94924022
-0.747941  1.559039   -1.08519845
-0.756953  1.577822   -1.20212458
-0.765964  1.596606   -1.29320465
-0.774975  1.615389   -1.35251939
-0.783987  1.634173   -1.37544085
-0.792998  1.652957   -1.35891178
-0.802009  1.671740   -1.30164971
-0.811021  1.690524   -1.20426114
-0.820032  1.709307   -1.06927994
-0.829043  1.728091   -0.90100632
-0.838055  1.746875   -0.70533715
-0.847066  1.765658   -0.48950404
-0.856077  1.784442   -0.26161035
-0.865089  1.803225   -0.03027665
-0.394664  -0.918825    0.59664637
-0.383286  -0.946146    0.17856938
-0.370938  -0.973383   -0.24382893
-0.357620  -1.000507   -0.63384720
-0.343331  -1.027490   -0.95832687
-0.328071  -1.054302   -1.19143594
-0.311842  -1.080916   -1.31763670
-0.294644  -1.107303   -1.33324722
-0.276481  -1.133432   -1.24623525
-0.257357  -1.159277   -1.07435543
-0.237275  -1.184808   -0.84196243
-0.216240  -1.209996   -0.57608020
-0.194259  -1.234813   -0.30257981
-0.171337  -1.259230   -0.04313878
-0.147482  -1.283219    0.18635860
-0.122702  -1.306752    0.37589075
-0.097005  -1.329800    0.51997801
-0.070403  -1.352335    0.61553971
-0.042904  -1.374330    0.65993482
-0.014520  -1.395758    0.64984072
0.014737  -1.416590    0.58182334
0.044854  -1.436800    0.45457513
0.075818  -1.456361    0.27239617
0.107615  -1.475247    0.04874965
0.140230  -1.493431   -0.19161592
0.173648  -1.510887   -0.41346111
0.207851  -1.527591   -0.57565385
0.242823  -1.543516   -0.63954966
0.278547  -1.558639   -0.57949551
0.315003  -1.572935   -0.39297015
0.352173  -1.586379   -0.10686525
0.390036  -1.598949    0.22307308
0.428573  -1.610622    0.52143972
0.467762  -1.621374    0.71014108
0.507582  -1.631185    0.72982362
0.548009  -1.640031    0.55990557
0.589022  -1.647894    0.23053730
0.630595  -1.654751   -0.17889207
0.672706  -1.660583   -0.55692795
0.715329  -1.665371   -0.78987604
0.758439  -1.669096   -0.79684852
0.802009  -1.671740   -0.55901771
0.846014  -1.673286   -0.13244149
0.890427  -1.673716    0.36218794
0.935219  -1.673014    0.77246689
0.980363  -1.671166    0.96144510
1.025831  -1.668155    0.85421244
1.071592  -1.663968    0.46778238
1.117619  -1.658592   -0.08796193
-0.413694  0.910416    0.98055928
-0.422312  0.929383    0.97360769
-0.430931  0.948350    0.95213465
-0.439550  0.967317    0.91607090
-0.448168  0.986284    0.86648503
-0.456787  1.005251    0.80547134
-0.465406  1.024218    0.73590096
-0.474024  1.043185    0.66125995
-0.482643  1.062152    0.58543133
-0.491261  1.081119    0.51239098
-0.499880  1.100086    0.44599029
-0.508499  1.119053    0.38966241
-0.517117  1.138020    0.34620000
-0.525736  1.156987    0.31753204
-0.534354  1.175954    0.30457499
-0.542973  1.194921    0.30710131
-0.551592  1.213888    0.32373108
-0.560210  1.232855    0.35195682
-0.568829  1.251822    0.38821654
-0.577448  1.270789    0.42812463
-0.586066  1.289756    0.46668636
-0.594685  1.308723    0.49854597
-0.603303  1.327690    0.51839112
-0.611922  1.346657    0.52119187
-0.620541  1.365624    0.50261969
-0.629159  1.384591    0.45931616
-0.637778  1.403558    0.38911531
-0.646397  1.422525    0.29131950
-0.655015  1.441492    0.16678109
-0.663634  1.460459    0.01790280
-0.672252  1.479426   -0.15133787
-0.680871  1.498393   -0.33562791
-0.689490  1.517360   -0.52847674
-0.698108  1.536327   -0.72256059
-0.706727  1.555294   -0.91010913
-0.715346  1.574261   -1.08325999
-0.723964  1.593228   -1.23450614
-0.732583  1.612195   -1.35711332
-0.741201  1.631162   -1.44546358
-0.749820  1.650129   -1.49540011
-0.758439  1.669096   -1.50444931
-0.767057  1.688063   -1.47198237
-0.775676  1.707030   -1.39924971
-0.784295  1.725997   -1.28933447
-0.792913  1.744964   -1.14699034
-0.801532  1.763931   -0.97835981
-0.810150  1.782898   -0.79068355
-0.818769  1.801865   -0.59184369
-0.827388  1.820832   -0.38998643
-0.375464  -0.926837    0.18104966
-0.363520  -0.953915   -0.24257902
-0.350608  -0.980889   -0.64247068
-0.336729  -1.007730   -0.98440924
-0.321881  -1.034410   -1.23983887
-0.306067  -1.060899   -1.38907187
-0.289287  -1.087170   -1.42364928
-0.271544  -1.113193   -1.34700788
-0.252842  -1.138939   -1.17358146
-0.233184  -1.164380   -0.92634066
-0.212575  -1.189488   -0.63331729
-0.191021  -1.214233   -0.32375719
-0.168528  -1.238587   -0.02456983
-0.145103  -1.262522    0.24219270
-0.120754  -1.286010    0.46053336
-0.095490  -1.309022    0.62035742
-0.069320  -1.331530    0.71631357
-0.042254  -1.353507    0.74624677
-0.014303  -1.374926    0.71006299
0.014520  -1.395758    0.60960573
0.044204  -1.415977    0.44976027
0.074735  -1.435556    0.24059960
0.106100  -1.454469   -0.00032082
0.138283  -1.472689   -0.24664426
0.171269  -1.490190   -0.46422314
0.205042  -1.506948   -0.61519260
0.239586  -1.522936   -0.66519606
0.274882  -1.538131   -0.59253398
0.310912  -1.552507   -0.39707771
0.347658  -1.566041   -0.10589118
0.385099  -1.578709    0.22713052
0.423216  -1.590489    0.52941575
0.461987  -1.601357    0.72514360
0.501392  -1.611292    0.75517220
0.541407  -1.620272    0.59625772
0.582009  -1.628276    0.27345860
0.623176  -1.635283   -0.13973293
0.664884  -1.641274   -0.53589832
0.707107  -1.646229   -0.80105356
0.749820  -1.650129   -0.84828682
0.792998  -1.652957   -0.64762671
0.836614  -1.654694   -0.24181349
0.880642  -1.655323    0.25942047
0.925054  -1.654829    0.70751827
0.969822  -1.653196    0.95918225
1.014917  -1.650409    0.92320989
1.060312  -1.646453    0.59436801
1.105977  -1.641315    0.06138822
1.151882  -1.634982   -0.51606894
-0.394664  0.918825    0.59664637
-0.402886  0.937968    0.59205303
-0.411109  0.957110    0.57814459
-0.419331  0.976252    0.55543328
-0.427553  0.995394    0.52544562
-0.435775  1.014536    0.49047435
-0.443997  1.033679    0.45339308
-0.452219  1.052821    0.41746494
-0.460442  1.071963    0.38606983
-0.468664  1.091105    0.36245244
-0.476886  1.110247    0.34952188
-0.485108  1.129390    0.34958257
-0.493330  1.148532    0.36414536
-0.501552  1.167674    0.39375672
-0.509775  1.186816    0.43789525
-0.517997  1.205958    0.49493098
-0.526219  1.225101    0.56214298
-0.534441  1.244243    0.63579239
-0.542663  1.263385    0.71131408
-0.550885  1.282527    0.78351591
-0.559108  1.301669    0.84684502
-0.567330  1.320812    0.89573919
-0.575552  1.339954    0.92487148
-0.583774  1.359096    0.92955444
-0.591996  1.378238    0.90601072
-0.600218  1.397380    0.85164886
-0.608441  1.416523    0.76526309
-0.616663  1.435665    0.64722187
-0.624885  1.454807    0.49945729
-0.633107  1.473949    0.32547892
-0.641329  1.493091    0.13024287
-0.649552  1.512234   -0.08007199
-0.657774  1.531376   -0.29827410
-0.665996  1.550518   -0.51661010
-0.674218  1.569660   -0.72708035
-0.682440  1.588802   -0.92186441
-0.690662  1.607944   -1.09372691
-0.698885  1.627087   -1.23640868
-0.707107  1.646229   -1.34491228
-0.715329  1.665371   -1.41583787
-0.723551  1.684513   -1.44751054
-0.731773  1.703655   -1.44007504
-0.739995  1.722798   -1.39547106
-0.748218  1.741940   -1.31732487
-0.756440  1.761082   -1.21070957
-0.764662  1.780224   -1.08185986
-0.772884  1.799366   -0.93779795
-0.781106  1.818509   -0.78591829
-0.789328  1.837651   -0.63358124
-0.356101  -0.934448   -0.24187029
-0.343596  -0.961271   -0.64587232
-0.330126  -0.987971   -0.99938694
-0.315691  -1.014517   -1.27230546
-0.300292  -1.040882   -1.44190369
-0.283930  -1.067037   -1.49558366
-0.266607  -1.092953   -1.43239364
-0.248327  -1.118601   -1.26300583
-0.229093  -1.143953   -1.00810241
-0.208910  -1.168979   -0.69549584
-0.187783  -1.193653   -0.35642931
-0.165719  -1.217944   -0.02187386
-0.142724  -1.241825    0.28076589
-0.118806  -1.265268    0.52977651
-0.093974  -1.288244    0.71010379
-0.068236  -1.310725    0.81319735
-0.041604  -1.332684    0.83609753
-0.014087  -1.354093    0.78051595
0.014303  -1.374926    0.65226706
0.043554  -1.395154    0.46155946
0.073652  -1.414751    0.22394697
0.104584  -1.433691   -0.03855275
0.136335  -1.451947   -0.29706291
0.168890  -1.469493   -0.51723303
0.202233  -1.486305   -0.66307925
0.236348  -1.502356   -0.70340274
0.271217  -1.517622   -0.61979568
0.306821  -1.532079   -0.41445030
0.343143  -1.545703   -0.11509699
0.380162  -1.558470    0.22534034
0.417859  -1.570356    0.53614179
0.456213  -1.581340    0.74292905
0.495202  -1.591400    0.78628730
0.534804  -1.600513    0.64024859
0.574997  -1.608658    0.32493635
0.615758  -1.615816   -0.09177949
0.657062  -1.621965   -0.50646599
0.698885  -1.627087   -0.80509544
0.741201  -1.631162   -0.89514525
0.783987  -1.634173   -0.73583557
0.827214  -1.636101   -0.35644288
0.870857  -1.636931    0.14515162
0.914888  -1.636644    0.62588580
0.959280  -1.635227    0.93817817
1.004004  -1.632662    0.97622752
1.049033  -1.628937    0.71312234
1.094335  -1.624038    0.21527645
1.139883  -1.617951   -0.37296398
1.185647  -1.610665   -0.87158685
-0.375464  0.926837    0.18104966
-0.383286  0.946146    0.17856938
-0.391108  0.965455    0.17149786
-0.398930  0.984764    0.16104249
-0.406752  1.004073    0.14915325
-0.414575  1.023383    0.13834349
-0.422397  1.042692    0.13145080
-0.430219  1.062001    0.13146545
-0.438041  1.081310    0.14126428
-0.445863  1.100619    0.16338767
-0.453685  1.119928    0.19981940
-0.461508  1.139237    0.25179636
-0.469330  1.158546    0.31962533
-0.477152  1.177855    0.40261024
-0.484974  1.197165    0.49897600
-0.492796  1.216474    0.60586716
-0.500618  1.235783    0.71945021
-0.508441  1.255092    0.83503674
-0.516263  1.274401    0.94729988
-0.524085  1.293710    1.05051402
-0.531907  1.313019    1.13885492
-0.539729  1.332328    1.20671299
-0.547551  1.351637    1.24901323
-0.555374  1.370946    1.26151289
-0.563196  1.390256    1.24110996
-0.571018  1.409565    1.18600884
-0.578840  1.428874    1.09592526
-0.586662  1.448183    0.97214738
-0.594484  1.467492    0.81753492
-0.602306  1.486801    0.63642776
-0.610129  1.506110    0.43445785
-0.617951  1.525419    0.21834373
-0.625773  1.544728   -0.00449775
-0.633595  1.564038   -0.22627558
-0.641417  1.583347   -0.43920222
-0.649239  1.602656   -0.63593040
-0.657062  1.621965   -0.80991712
-0.664884  1.641274   -0.95572234
-0.672706  1.660583   -1.06935712
-0.680528  1.679892   -1.14843609
-0.688350  1.699201   -1.19229832
-0.696172  1.718510   -1.20201821
-0.703995  1.737820   -1.18031893
-0.711817  1.757129   -1.13137774
-0.719639  1.776438   -1.06057643
-0.727461  1.795747   -0.97414820
-0.735283  1.815056   -0.87879468
-0.743105  1.834365   -0.78127269
-0.750928  1.853674   -0.68797963
-0.336584  -0.941654   -0.64652525
-0.323524  -0.968211   -1.00619054
-0.309501  -0.994625   -1.29154277
-0.294517  -1.020865   -1.47793794
-0.278573  -1.046904   -1.54954552
-0.261670  -1.072713   -1.50143844
-0.243812  -1.098263   -1.34039514
-0.225002  -1.123525   -1.08415614
-0.205245  -1.148471   -0.75922613
-0.184546  -1.173073   -0.39760459
-0.162910  -1.197301   -0.03301282
-0.140345  -1.221128    0.30273790
-0.116859  -1.244526    0.58273927
-0.092458  -1.267466    0.78695320
-0.067153  -1.289920    0.90295284
-0.040954  -1.311861    0.92589980
-0.013870  -1.333261    0.85793107
0.014087  -1.354093    0.70750186
0.042904  -1.374330    0.48907626
0.072569  -1.393946    0.22312210
0.103068  -1.412912   -0.06382491
0.134387  -1.431204   -0.33972046
0.166511  -1.448796   -0.56891189
0.199425  -1.465662   -0.71601107
0.233110  -1.481776   -0.75175216
0.267552  -1.497114   -0.66017202
0.302730  -1.511652   -0.44543504
0.338628  -1.525365   -0.13613146
0.375225  -1.538230    0.21516151
0.412502  -1.550224    0.53872909
0.450438  -1.561323    0.76084315
0.489012  -1.571507    0.82124941
0.528202  -1.580753    0.69097523
0.567985  -1.589040    0.38521332
0.608339  -1.596348   -0.03374734
0.649239  -1.602656   -0.46654157
0.690662  -1.607944   -0.79938820
0.732583  -1.612195   -0.93458703
0.774975  -1.615389   -0.82089489
0.817814  -1.617509   -0.47399065
0.861072  -1.618538    0.02093747
0.904723  -1.618459    0.52799503
0.948739  -1.617257    0.89742130
0.993091  -1.614916    1.01076784
1.037753  -1.611422    0.82038833
1.082693  -1.606761    0.36958844
1.127885  -1.600920   -0.21520950
1.173296  -1.593887   -0.75983537
1.218898  -1.585651   -1.09587710
-0.356101  0.934448   -0.24187029
-0.363520  0.953915   -0.24257902
-0.370938  0.973383   -0.24382893
-0.378357  0.992851   -0.24371475
-0.385776  1.012318   -0.23988290
-0.393195  1.031786   -0.22966557
-0.400613  1.051253   -0.21027641
-0.408032  1.070721   -0.17901010
-0.415451  1.090189   -0.13351267
-0.422870  1.109656   -0.07194852
-0.430289  1.129124    0.00679876
-0.437707  1.148592    0.10296948
-0.445126  1.168059    0.21583920
-0.452545  1.187527    0.34362179
-0.459964  1.206995    0.48348644
-0.467382  1.226462    0.63161127
-0.474801  1.245930    0.78334533
-0.482220  1.265398    0.93333254
-0.489639  1.284865    1.07578005
-0.497057  1.304333    1.20475265
-0.504476  1.323801    1.31442765
-0.511895  1.343268    1.39943184
-0.519314  1.362736    1.45515476
-0.526732  1.382204    1.47799583
-0.534151  1.401671    1.46559963
-0.541570  1.421139    1.41704849
-0.548989  1.440607    1.33293944
-0.556408  1.460074    1.21541737
-0.563826  1.479542    1.06810246
-0.571245  1.499010    0.89592965
-0.578664  1.518477    0.70496741
-0.586083  1.537945    0.50207361
-0.593501  1.557413    0.29461123
-0.600920  1.576880    0.09001332
-0.608339  1.596348   -0.10455394
-0.615758  1.615816   -0.28256897
-0.623176  1.635283   -0.43849396
-0.630595  1.654751   -0.56811601
-0.638014  1.674218   -0.66866753
-0.645433  1.693686   -0.73902027
-0.652852  1.713154   -0.77970320
-0.660270  1.732621   -0.79283824
-0.667689  1.752089   -0.78201495
-0.675108  1.771557   -0.75200331
-0.682527  1.791024   -0.70848153
-0.689945  1.810492   -0.65762918
-0.697364  1.829960   -0.60580195
-0.704783  1.849427   -0.55905368
-0.712202  1.868895   -0.52277158
-0.316921  -0.948452   -1.00782933
-0.303311  -0.974732   -1.30062674
-0.288742  -1.000848   -1.49964764
-0.273215  -1.026771   -1.58687080
-0.256733  -1.052473   -1.55405943
-0.239297  -1.077924   -1.40426791
-0.220911  -1.103097   -1.15189718
-0.201580  -1.127963   -0.82130690
-0.181308  -1.152492   -0.44407730
-0.160101  -1.176658   -0.05544868
-0.137967  -1.200431    0.30947734
-0.114911  -1.223784    0.61938110
-0.090943  -1.246687    0.84938081
-0.066070  -1.269115    0.98288760
-0.040304  -1.291038    1.01228301
-0.013653  -1.312429    0.93891602
0.013870  -1.333261    0.77255167
0.042254  -1.353507    0.53072172
0.071486  -1.373140    0.23802792
0.101553  -1.392134   -0.07472946
0.132440  -1.410462   -0.37196707
0.164133  -1.428099   -0.61588801
0.196616  -1.445018   -0.77052517
0.229873  -1.461196   -0.80735872
0.263886  -1.476606   -0.71186961
0.298639  -1.491224   -0.48960629
0.334113  -1.505027   -0.16994130
0.370288  -1.517990    0.19454055
0.407145  -1.530091    0.53449179
0.444663  -1.541306    0.77611207
0.482822  -1.551615    0.85771377
0.521599  -1.560994    0.74693822
0.560973  -1.569423    0.45383050
0.600920  -1.576880    0.03498325
0.641417  -1.583347   -0.41454099
0.682440  -1.588802   -0.78157293
0.723964  -1.593228   -0.96375865
0.765964  -1.596606   -0.89977340
0.808414  -1.598917   -0.59165491
0.851287  -1.600146   -0.11106826
0.894557  -1.600274    0.41487303
0.938197  -1.599287    0.83645606
0.982178  -1.597170    1.02472293
1.026473  -1.593906    0.91257646
1.071052  -1.589484    0.51990519
1.115886  -1.583889   -0.04695812
1.160946  -1.577110   -0.62356886
1.206201  -1.569133   -1.03617968
1.251622  -1.559950   -1.15632737
-0.336584  0.941654   -0.64652525
-0.343596  0.961271   -0.64587232
-0.350608  0.980889   -0.64247068
-0.357620  1.000507   -0.63384720
-0.364632  1.020125   -0.61728398
-0.371645  1.039742   -0.58997359
-0.378657  1.059360   -0.54928651
-0.385669  1.078978   -0.49285240
-0.392681  1.098596   -0.41883102
-0.399693  1.118214   -0.32606877
-0.406705  1.137831   -0.21425071
-0.413718  1.157449   -0.08399424
-0.420730  1.177067    0.06303638
-0.427742  1.196685    0.22418618
-0.434754  1.216302    0.39580942
-0.441766  1.235920    0.57341371
-0.448778  1.255538    0.75178851
-0.455791  1.275156    0.92524952
-0.462803  1.294774    1.08787008
-0.469815  1.314391    1.23379062
-0.476827  1.334009    1.35751864
-0.483839  1.353627    1.45419004
-0.490851  1.373245    1.51986617
-0.497863  1.392863    1.55176065
-0.504876  1.412480    1.54841967
-0.511888  1.432098    1.50983486
-0.518900  1.451716    1.43748253
-0.525912  1.471334    1.33428296
-0.532924  1.490951    1.20448453
-0.539936  1.510569    1.05344461
-0.546949  1.530187    0.88739233
-0.553961  1.549805    0.71311597
-0.560973  1.569423    0.53758212
-0.567985  1.589040    0.36759515
-0.574997  1.608658    0.20940789
-0.582009  1.628276    0.06842001
-0.589022  1.647894   -0.05114557
-0.596034  1.667511   -0.14641639
-0.603046  1.687129   -0.21608333
-0.610058  1.706747   -0.26040968
-0.617070  1.726365   -0.28120983
-0.624082  1.745983   -0.28171928
-0.631095  1.765600   -0.26639897
-0.638107  1.785218   -0.24057396
-0.645119  1.804836   -0.21019885
-0.652131  1.824454   -0.18140412
-0.659143  1.844072   -0.16011914
-0.666155  1.863689   -0.15169145
-0.673168  1.883307   -0.16052932
-0.297121  -0.954840   -1.30289131
-0.282967  -0.980831   -1.51006732
-0.267858  -1.006639   -1.60966220
-0.251796  -1.032233   -1.59103632
-0.234782  -1.057586   -1.45393989
-0.216820  -1.082669   -1.20935185
-0.197915  -1.107454   -0.87887564
-0.178070  -1.131912   -0.49266171
-0.157293  -1.156015   -0.08631970
-0.135588  -1.179734    0.30300091
-0.112963  -1.203041    0.64039048
-0.089427  -1.225909    0.89665387
-0.064987  -1.248310    1.05093613
-0.039654  -1.270215    1.09225033
-0.013436  -1.291597    1.02011835
0.013653  -1.312429    0.84435868
0.041604  -1.332684    0.58433714
0.070403  -1.352335    0.26782972
0.100037  -1.371356   -0.07058633
0.130492  -1.389720   -0.39175167
0.161754  -1.407402   -0.65512811
0.193807  -1.424375   -0.82319515
0.226635  -1.440615   -0.86703825
0.260221  -1.456097   -0.77251485
0.294548  -1.470796   -0.54581371
0.329598  -1.484688   -0.21674099
0.365351  -1.497750    0.16202188
0.401787  -1.509958    0.52107215
0.438888  -1.521289    0.78599104
0.476632  -1.531722    0.89306554
0.514997  -1.541234    0.80609571
0.553961  -1.549805    0.52966252
0.593501  -1.557413    0.11435399
0.633595  -1.564038   -0.34944028
0.674218  -1.569660   -0.74967929
0.715346  -1.574261   -0.97996175
0.756953  -1.577822   -0.96935520
0.799014  -1.580325   -0.70628327
0.841502  -1.581753   -0.24817486
0.884392  -1.582089    0.28823628
0.927655  -1.581318    0.75549031
0.971265  -1.579423    1.01650535
1.015193  -1.576391    0.98636074
1.059410  -1.572207    0.66171882
1.103887  -1.566858    0.12703355
1.148595  -1.560332   -0.46643594
1.193504  -1.552616   -0.94407840
1.238584  -1.543700   -1.16124502
1.283804  -1.533574   -1.04947154
-0.316921  0.948452   -1.00782933
-0.323524  0.968211   -1.00619054
-0.330126  0.987971   -0.99938694
-0.336729  1.007730   -0.98440924
-0.343331  1.027490   -0.95832687
-0.349934  1.047249   -0.91830125
-0.356536  1.067008   -0.86189211
-0.363139  1.086768   -0.78710592
-0.369741  1.106527   -0.69266420
-0.376344  1.126287   -0.57804275
-0.382946  1.146046   -0.44368162
-0.389549  1.165806   -0.29094339
-0.396151  1.185565   -0.12224249
-0.402754  1.205324    0.05910316
-0.409356  1.225084    0.24887625
-0.415959  1.244843    0.44216128
-0.422561  1.264603    0.63351492
-0.429164  1.284362    0.81722033
-0.435766  1.304121    0.98753515
-0.442369  1.323881    1.13901490
-0.448971  1.343640    1.26672045
-0.455574  1.363400    1.36657545
-0.462176  1.383159    1.43551122
-0.468779  1.402918    1.47172598
-0.475381  1.422678    1.47474607
-0.481984  1.442437    1.44553379
-0.488587  1.462197    1.38641724
-0.495189  1.481956    1.30103151
-0.501792  1.501716    1.19411791
-0.508394  1.521475    1.07131124
-0.514997  1.541234    0.93881875
-0.521599  1.560994    0.80310448
-0.528202  1.580753    0.67055121
-0.534804  1.600513    0.54708391
-0.541407  1.620272    0.43785913
-0.548009  1.640031    0.34697478
-0.554612  1.659791    0.27721673
-0.561214  1.679550    0.22995098
-0.567817  1.699310    0.20498666
-0.574419  1.719069    0.20065667
-0.581022  1.738829    0.21386345
-0.587624  1.758588    0.24032659
-0.594227  1.778347    0.27478913
-0.600829  1.798107    0.31142331
-0.607432  1.817866    0.34408124
-0.614034  1.837626    0.36681825
-0.620637  1.857385    0.37412897
-0.627239  1.877144    0.36143974
-0.633842  1.896904    0.32529114
-0.277192  -0.960814   -1.51269660
-0.262501  -0.986506   -1.62073838
-0.246858  -1.011993   -1.61398490
-0.230267  -1.037248   -1.48958268
-0.212729  -1.062242   -1.25525963
-0.194250  -1.086946   -0.92953384
-0.174833  -1.111332   -0.54035380
-0.154484  -1.135372   -0.12254903
-0.133209  -1.159037    0.28575855
-0.111016  -1.182299    0.64713746
-0.087911  -1.205131    0.92878459
-0.063904  -1.227504    1.10573589
-0.039004  -1.249391    1.16331142
-0.013220  -1.270765    1.09839676
0.013436  -1.291597    0.91974209
0.040954  -1.311861    0.64732978
0.069320  -1.331530    0.31103717
0.098521  -1.350578   -0.05149269
0.128544  -1.368978   -0.39774132
0.159375  -1.386705   -0.68412034
0.190998  -1.403732   -0.87080651
0.223397  -1.420035   -0.92747459
0.256556  -1.435589   -0.83931193
0.290457  -1.450368   -0.61226654
0.325083  -1.464350   -0.27602153
0.360413  -1.477510    0.11679942
0.396430  -1.489825    0.49661121
0.433113  -1.501273    0.78792289
0.470442  -1.511830    0.92456127
0.508394  -1.521475    0.86601815
0.546949  -1.530187    0.61097932
0.586083  -1.537945    0.20359942
0.625773  -1.544728   -0.27089113
0.665996  -1.550518   -0.70226995
0.706727  -1.555294   -0.98080547
0.747941  -1.559039   -1.02656749
0.789613  -1.561733   -0.81451921
0.831717  -1.563361   -0.38723897
0.874227  -1.563905    0.15039032
0.917114  -1.563348    0.65543025
0.960352  -1.561677    0.98515484
1.003913  -1.558876    1.03883346
1.047768  -1.554930    0.79054457
1.091888  -1.549827    0.30162800
1.136245  -1.543554   -0.29298416
1.180807  -1.536099   -0.82213019
1.225546  -1.527451   -1.12934495
1.270431  -1.517599   -1.12136421
1.315430  -1.506534   -0.79868584
-0.297121  0.954840   -1.30289131
-0.303311  0.974732   -1.30062674
-0.309501  0.994625   -1.29154277
-0.315691  1.014517   -1.27230546
-0.321881  1.034410   -1.23983887
-0.328071  1.054302   -1.19143594
-0.334261  1.074195   -1.12491260
-0.340451  1.094087   -1.03873879
-0.346641  1.113980   -0.93216187
-0.352831  1.133872   -0.80531415
-0.359021  1.153765   -0.65925880
-0.365211  1.173657   -0.49603540
-0.371401  1.193550   -0.31859717
-0.377591  1.213442   -0.13077047
-0.383781  1.233335    0.06292344
-0.389971  1.253227    0.25739768
-0.396161  1.273120    0.44727149
-0.402351  1.293012    0.62706705
-0.408541  1.312905    0.79152636
-0.414731  1.332797    0.93583410
-0.420921  1.352690    1.05591410
-0.427112  1.372582    1.14863533
-0.433302  1.392475    1.21198024
-0.439492  1.412367    1.24522280
-0.445682  1.432260    1.24895462
-0.451872  1.452152    1.22509875
-0.458062  1.472045    1.17680924
-0.464252  1.491937    1.10834984
-0.470442  1.511830    1.02483955
-0.476632  1.531722    0.93202604
-0.482822  1.551615    0.83592691
-0.489012  1.571507    0.74254505
-0.495202  1.591400    0.65748296
-0.501392  1.611292    0.58566486
-0.507582  1.631185    0.53101196
-0.513772  1.651077    0.49623842
-0.519962  1.670970    0.48266513
-0.526152  1.690862    0.49014241
-0.532342  1.710755    0.51705038
-0.538532  1.730647    0.56037283
-0.544722  1.750540    0.61588974
-0.550912  1.770432    0.67839093
-0.557102  1.790325    0.74202067
-0.563292  1.810217    0.80058502
-0.569482  1.830110    0.84797084
-0.575672  1.850002    0.87847601
-0.581862  1.869895    0.88720513
-0.588052  1.889787    0.87034370
-0.594242  1.909680    0.82543599
-0.257144  -0.966373   -1.62355916
-0.241921  -0.991753   -1.62533148
-0.225752  -1.016910   -1.51221591
-0.208638  -1.041814   -1.28915263
-0.190585  -1.066437   -0.97149527
-0.171595  -1.090752   -0.58441732
-0.151675  -1.114729   -0.16109589
-0.130830  -1.138340    0.26053623
-0.109068  -1.161557    0.64160800
-0.086395  -1.184353    0.94651364
-0.062821  -1.206699    1.14664882
-0.038353  -1.228568    1.22356986
-0.013003  -1.249932    1.17096396
0.013220  -1.270765    0.99555769
0.040304  -1.291038    0.71682800
0.068236  -1.310725    0.36562632
0.097005  -1.329800   -0.01824002
0.126597  -1.348236   -0.38932975
0.156997  -1.366008   -0.70095623
0.188189  -1.383089   -0.91050199
0.220160  -1.399455   -0.98541197
0.252891  -1.415080   -0.90920484
0.286366  -1.429941   -0.68664679
0.320568  -1.444012   -0.34659878
0.355476  -1.457270    0.05878864
0.391073  -1.469692    0.45978768
0.427338  -1.481256    0.77968722
0.464252  -1.491937    0.94950191
0.501792  -1.501716    0.92400119
0.539936  -1.510569    0.69555041
0.578664  -1.518477    0.30132654
0.617951  -1.525419   -0.17924802
0.657774  -1.531376   -0.63853863
0.698108  -1.536327   -0.96436505
0.738930  -1.540255   -1.06855562
0.780213  -1.543141   -0.91292274
0.821932  -1.544968   -0.52478906
0.864061  -1.545720    0.00419717
0.906572  -1.545379    0.53785341
0.949439  -1.543931    0.93042451
0.992633  -1.541360    1.06764815
1.036126  -1.537653    0.90215670
1.079890  -1.532796    0.47147784
1.123894  -1.526776   -0.10840277
1.168110  -1.519582   -0.67400847
1.212508  -1.511201   -1.06154352
1.257058  -1.501624   -1.15644906
1.301727  -1.490841   -0.92954527
1.346487  -1.478842   -0.44757379
-0.277192  0.960814   -1.51269660
-0.282967  0.980831   -1.51006732
-0.288742  1.000848   -1.49964764
-0.294517  1.020865   -1.47793794
-0.300292  1.040882   -1.44190369
-0.306067  1.060899   -1.38907187
-0.311842  1.080916   -1.31763670
-0.317616  1.100933   -1.22656811
-0.323391  1.120950   -1.11566625
-0.329166  1.140967   -0.98566126
-0.334941  1.160984   -0.83820295
-0.340716  1.181001   -0.67584346
-0.346491  1.201018   -0.50196577
-0.352265  1.221035   -0.32067370
-0.358040  1.241052   -0.13659260
-0.363815  1.261069    0.04528021
-0.369590  1.281086    0.21984238
-0.375365  1.301103    0.38212834
-0.381140  1.321120    0.52756482
-0.386915  1.341137    0.65221689
-0.392689  1.361154    0.75299784
-0.398464  1.381171    0.82790143
-0.404239  1.401188    0.87606317
-0.410014  1.421205    0.89788110
-0.415789  1.441222    0.89500973
-0.421564  1.461239    0.87029585
-0.427338  1.481256    0.82763372
-0.433113  1.501273    0.77181491
-0.438888  1.521289    0.70821250
-0.444663  1.541306    0.64251109
-0.450438  1.561323    0.58041482
-0.456213  1.581340    0.52729690
-0.461987  1.601357    0.48788565
-0.467762  1.621374    0.46600737
-0.473537  1.641391    0.46430912
-0.479312  1.661408    0.48411452
-0.485087  1.681425    0.52531796
-0.490862  1.701442    0.58636821
-0.496637  1.721459    0.66433678
-0.502411  1.741476    0.75506976
-0.508186  1.761493    0.85340925
-0.513961  1.781510    0.95348620
-0.519736  1.801527    1.04905317
-0.525511  1.821544    1.13384669
-0.531286  1.841561    1.20195545
-0.537060  1.861578    1.24817859
-0.542835  1.881595    1.26831735
-0.548610  1.901612    1.25946739
-0.554385  1.921629    1.22018225
-0.236984  -0.971514   -1.62827387
-0.221237  -0.996572   -1.52371075
-0.204547  -1.021386   -1.31136982
-0.186920  -1.045929   -1.00363512
-0.168358  -1.070171   -0.62262455
-0.148866  -1.094085   -0.19905517
-0.128452  -1.117643    0.23027455
-0.107120  -1.140815    0.62620212
-0.084880  -1.163575    0.95121964
-0.061738  -1.185894    1.17376914
-0.037703  -1.207745    1.27179596
-0.012786  -1.229100    1.23550458
0.013003  -1.249932    1.06888085
0.039654  -1.270215    0.78984142
0.067153  -1.289920    0.42912550
0.095490  -1.309022    0.02774005
0.124649  -1.327494   -0.36659395
0.154618  -1.345311   -0.70436772
0.185381  -1.362446   -0.93991915
0.216922  -1.378875   -1.03780179
0.249226  -1.394572   -0.97902816
0.282275  -1.409513   -0.76625602
0.316053  -1.423674   -0.42669545
0.350539  -1.437030   -0.01144997
0.385716  -1.449560    0.40991480
0.421564  -1.461239    0.75951674
0.458062  -1.472045    0.96536937
0.495189  -1.481956    0.97724742
0.532924  -1.490951    0.78073501
0.571245  -1.499010    0.40551149
0.610129  -1.506110   -0.07557038
0.649552  -1.512234   -0.55837570
0.689490  -1.517360   -0.92930120
0.729919  -1.521471   -1.09283970
0.770813  -1.524549   -0.99818081
0.812147  -1.526576   -0.65715474
0.853896  -1.527535   -0.14697046
0.896031  -1.527409    0.40505339
0.938526  -1.526184    0.85282880
0.981353  -1.523845    1.07114201
1.024484  -1.520376    0.99275874
1.067891  -1.515765    0.63128581
1.111544  -1.509999    0.08156868
1.155414  -1.503065   -0.50438221
1.199471  -1.494952   -0.96007820
1.243685  -1.485650   -1.15366263
1.288025  -1.475148   -1.02828425
1.332461  -1.463437   -0.62061634
1.376961  -1.450510   -0.05091555
-0.257144  0.966373   -1.62355916
-0.262501  0.986506   -1.62073838
-0.267858  1.006639   -1.60966220
-0.273215  1.026771   -1.58687080
-0.278573  1.046904   -1.54954552
-0.283930  1.067037   -1.49558366
-0.289287  1.087170   -1.42364928
-0.294644  1.107303   -1.33324722
-0.300001  1.127435   -1.22476789
-0.305358  1.147568   -1.09948239
-0.310716  1.167701   -0.95953985
-0.316073  1.187834   -0.80790519
-0.321430  1.207966   -0.64823176
-0.326787  1.228099   -0.48470433
-0.332144  1.248232   -0.32188557
-0.337501  1.268365   -0.16447457
-0.342859  1.288497   -0.01707257
-0.348216  1.308630    0.11603926
-0.353573  1.328763    0.23116171
-0.358930  1.348896    0.32537593
-0.364287  1.369029    0.39672766
-0.369644  1.389161    0.44436348
-0.375002  1.409294    0.46861715
-0.380359  1.429427    0.47097692
-0.385716  1.449560    0.45411268
-0.391073  1.469692    0.42171046
-0.396430  1.489825    0.37828377
-0.401787  1.509958    0.32897268
-0.407145  1.530091    0.27926046
-0.412502  1.550224    0.23462256
-0.417859  1.570356    0.20029843
-0.423216  1.590489    0.18091274
-0.428573  1.610622    0.18023942
-0.433930  1.630755    0.20094436
-0.439288  1.650887    0.24442036
-0.444645  1.671020    0.31064483
-0.450002  1.691153    0.39820478
-0.455359  1.711286    0.50431002
-0.460716  1.731418    0.62493117
-0.466073  1.751551    0.75502605
-0.471431  1.771684    0.88878593
-0.476788  1.791817    1.01995833
-0.482145  1.811950    1.14221530
-0.487502  1.832082    1.24949340
-0.492859  1.852215    1.33636594
-0.498216  1.872348    1.39833028
-0.503574  1.892481    1.43209313
-0.508931  1.912613    1.43576507
-0.514288  1.932746    1.40897572
-0.216722  -0.976233   -1.52679382
-0.200456  -1.000958   -1.32310010
-0.183254  -1.025421   -1.02557011
-0.165120  -1.049591   -0.65322033
-0.146057  -1.073442   -0.23378978
-0.126073  -1.096946    0.19798643
-0.105173  -1.120073    0.60363589
-0.083364  -1.142797    0.94486835
-0.060655  -1.165089    1.18787520
-0.037053  -1.186922    1.30745660
-0.012570  -1.208268    1.29028216
0.012786  -1.229100    1.13709491
0.039004  -1.249391    0.86342132
0.066070  -1.269115    0.49882996
0.093974  -1.288244    0.08453298
0.122702  -1.306752   -0.33033367
0.152239  -1.324614   -0.69381185
0.182572  -1.341803   -0.95726088
0.213685  -1.358294   -1.08196249
0.245561  -1.374063   -1.04569347
0.278184  -1.389085   -0.84815466
0.311537  -1.403336   -0.51406126
0.345602  -1.416791   -0.09271199
0.380359  -1.429427    0.34695878
0.415789  -1.441222    0.72616430
0.451872  -1.452152    0.96997889
0.488587  -1.462197    1.02298899
0.525912  -1.471334    0.86367232
0.563826  -1.479542    0.51365148
0.602306  -1.486801    0.03843392
0.641329  -1.493091   -0.46238293
0.680871  -1.498393   -0.87492443
0.720907  -1.502688   -1.09744246
0.761413  -1.505957   -1.06723071
0.802363  -1.508183   -0.78061891
0.843730  -1.509350   -0.29944027
0.885489  -1.509440    0.25989660
0.927613  -1.508438    0.75365969
0.970073  -1.506329    1.04843738
1.012842  -1.503099    1.05915126
1.055892  -1.498734    0.77594224
1.099193  -1.493221    0.27097263
1.142717  -1.486547   -0.31868716
1.186433  -1.478702   -0.82838655
1.230312  -1.469675   -1.11333752
1.274323  -1.459455   -1.09178912
1.318435  -1.448033   -0.77046312
1.362617  -1.435401   -0.24356337
1.406839  -1.421550    0.33497704
-0.236984  0.971514   -1.62827387
-0.241921  0.991753   -1.62533148
-0.246858  1.011993   -1.61398490
-0.251796  1.032233   -1.59103632
-0.256733  1.052473   -1.55405943
-0.261670  1.072713   -1.50143844
-0.266607  1.092953   -1.43239364
-0.271544  1.113193   -1.34700788
-0.276481  1.133432   -1.24623525
-0.281419  1.153672   -1.13185292
-0.286356  1.173912   -1.00643158
-0.291293  1.194152   -0.87321164
-0.296230  1.214392   -0.73597019
-0.301167  1.234632   -0.59884695
-0.306104  1.254872   -0.46614252
-0.311042  1.275111   -0.34209503
-0.315979  1.295351   -0.23065968
-0.320916  1.315591   -0.13527532
-0.325853  1.335831   -0.05866219
-0.330790  1.356071   -0.00264502
-0.335728  1.376311    0.03199303
-0.340665  1.396551    0.04554549
-0.345602  1.416791    0.03947464
-0.350539  1.437030    0.01633090
-0.355476  1.457270   -0.02035913
-0.360413  1.477510   -0.06622980
-0.365351  1.497750   -0.11629645
-0.370288  1.517990   -0.16526918
-0.375225  1.538230   -0.20775445
-0.380162  1.558470   -0.23861442
-0.385099  1.578709   -0.25324608
-0.390036  1.598949   -0.24787162
-0.394974  1.619189   -0.21973784
-0.399911  1.639429   -0.16736607
-0.404848  1.659669   -0.09058816
-0.409785  1.679909    0.00936059
-0.414722  1.700149    0.12989162
-0.419659  1.720389    0.26717915
-0.424597  1.740628    0.41635355
-0.429534  1.760868    0.57174004
-0.434471  1.781108    0.72718715
-0.439408  1.801348    0.87638697
-0.444345  1.821588    1.01323136
-0.449282  1.841828    1.13215677
-0.454220  1.862068    1.22846813
-0.459157  1.882307    1.29858234
-0.464094  1.902547    1.34028182
-0.469031  1.922787    1.35280642
-0.473968  1.943027    1.33691456
-0.196365  -0.980531   -1.32640027
-0.179589  -1.004912   -1.03774636
-0.161882  -1.029011   -0.67513653
-0.143249  -1.052799   -0.26308533
-0.123694  -1.076249    0.16652749
-0.103225  -1.099331    0.57685393
-0.081848  -1.122019    0.92983539
-0.059572  -1.144284    1.19036754
-0.036403  -1.166099    1.33070479
-0.012353  -1.187436    1.33417985
0.012570  -1.208268    1.19804304
0.038353  -1.228568    0.93480396
0.064987  -1.248310    0.57190766
0.092458  -1.267466    0.14978981
0.120754  -1.286010   -0.28189932
0.149860  -1.303916   -0.66942625
0.179763  -1.321160   -0.96139423
0.210447  -1.337714   -1.11567455
0.241896  -1.353555   -1.10632080
0.274094  -1.368658   -0.92931867
0.307022  -1.382997   -0.60606297
0.340665  -1.396551   -0.18324203
0.375002  -1.409294    0.27152649
0.410014  -1.421205    0.67900736
0.445682  -1.432260    0.96158145
0.481984  -1.442437    1.05866898
0.518900  -1.451716    0.94140730
0.556408  -1.460074    0.62286325
0.594484  -1.467492    0.16043233
0.633107  -1.473949   -0.35190947
0.672252  -1.479426   -0.80128759
0.711896  -1.483904   -1.08101440
0.752013  -1.487365   -1.11741620
0.792578  -1.489791   -0.89160472
0.833565  -1.491165   -0.44927367
0.874948  -1.491470    0.10582276
0.916700  -1.490692    0.63496733
0.958793  -1.488814    0.99949952
1.001200  -1.485822    1.09887611
1.043893  -1.481703    0.90078389
1.086843  -1.476443    0.45375210
1.130020  -1.470030   -0.12299071
1.173395  -1.462453   -0.67101327
1.216939  -1.453700   -1.03717943
1.260620  -1.443762   -1.11828011
1.304409  -1.432628   -0.89214074
1.348274  -1.420291   -0.42503307
1.392184  -1.406742    0.14746938
1.436108  -1.391975    0.66074979
-0.216722  0.976233   -1.52679382
-0.221237  0.996572   -1.52371075
-0.225752  1.016910   -1.51221591
-0.230267  1.037248   -1.48958268
-0.234782  1.057586   -1.45393989
-0.239297  1.077924   -1.40426791
-0.243812  1.098263   -1.34039514
-0.248327  1.118601   -1.26300583
-0.252842  1.138939   -1.17358146
-0.257357  1.159277   -1.07435543
-0.261872  1.179615   -0.96821321
-0.266387  1.199954   -0.85855657
-0.270902  1.220292   -0.74916444
-0.275417  1.240630   -0.64396953
-0.279932  1.260968   -0.54687417
-0.284447  1.281306   -0.46152851
-0.288962  1.301645   -0.39111518
-0.293477  1.321983   -0.33815984
-0.297992  1.342321   -0.30434480
-0.302507  1.362659   -0.29038728
-0.307022  1.382997   -0.29595178
-0.311537  1.403336   -0.31962484
-0.316053  1.423674   -0.35891983
-0.320568  1.444012   -0.41043398
-0.325083  1.464350   -0.46992018
-0.329598  1.484688   -0.53253529
-0.334113  1.505027   -0.59308024
-0.338628  1.525365   -0.64625148
-0.343143  1.545703   -0.68696636
-0.347658  1.566041   -0.71062776
-0.352173  1.586379   -0.71340018
-0.356688  1.606718   -0.69244614
-0.361203  1.627056   -0.64610600
-0.365718  1.647394   -0.57403242
-0.370233  1.667732   -0.47723426
-0.374748  1.688070   -0.35805531
-0.379263  1.708408   -0.22007375
-0.383778  1.728747   -0.06792354
-0.388293  1.749085    0.09292250
-0.392808  1.769423    0.25647247
-0.397323  1.789761    0.41652108
-0.401838  1.810099    0.56699681
-0.406353  1.830438    0.70230548
-0.410868  1.850776    0.81763083
-0.415383  1.871114    0.90923531
-0.419898  1.891452    0.97465762
-0.424413  1.911790    1.01286031
-0.428928  1.932129    1.02428789
-0.433443  1.952467    1.01084853
-0.175924  -0.984404   -1.04138458
-0.158645  -1.008431   -0.68798647
-0.140440  -1.032156   -0.28515010
-0.121316  -1.055551    0.13852460
-0.101277  -1.078589    0.54881536
-0.080333  -1.101241    0.90882100
-0.058488  -1.123479    1.18319427
-0.035753  -1.145275    1.34234996
-0.012136  -1.166604    1.36674173
0.012353  -1.187436    1.25011796
0.037703  -1.207745    1.00151965
0.063904  -1.227504    0.64556114
0.090943  -1.246687    0.22090401
0.118806  -1.265268   -0.22317982
0.147482  -1.283219   -0.63200859
0.176954  -1.300517   -0.95185152
0.207209  -1.317134   -1.13729934
0.238231  -1.333047   -1.15839315
0.270003  -1.348230   -1.00682996
0.302507  -1.362659   -0.69988296
0.335728  -1.376311   -0.28083113
0.369644  -1.389161    0.18481131
0.404239  -1.401188    0.61804308
0.439492  -1.412367    0.93896457
0.475381  -1.422678    1.08204927
0.511888  -1.432098    1.01104304
0.548989  -1.440607    0.73007121
0.586662  -1.448183    0.28765162
0.624885  -1.454807   -0.22893195
0.663634  -1.460459   -0.70918904
0.702885  -1.465121   -1.04289560
0.742613  -1.468773   -1.14661643
0.782793  -1.471398   -0.98677918
0.823399  -1.472980   -0.59252149
0.864406  -1.473501   -0.05336952
0.905787  -1.472945    0.49950271
0.947513  -1.471298    0.92516562
0.989559  -1.468545    1.11033063
1.031894  -1.464672    1.00177116
1.074492  -1.459665    0.62409980
1.117323  -1.453513    0.07630114
1.160358  -1.446203   -0.49340397
1.203566  -1.437725   -0.92818283
1.246918  -1.428069   -1.10736194
1.290383  -1.417224   -0.98181323
1.333931  -1.405182   -0.58899933
1.377530  -1.391935   -0.04245725
1.421148  -1.377475    0.50154594
1.464755  -1.361797    0.89020058
-0.196365  0.980531   -1.32640027
-0.200456  1.000958   -1.32310010
-0.204547  1.021386   -1.31136982
-0.208638  1.041814   -1.28915263
-0.212729  1.062242   -1.25525963
-0.216820  1.082669   -1.20935185
-0.220911  1.103097   -1.15189718
-0.225002  1.123525   -1.08415614
-0.229093  1.143953   -1.00810241
-0.233184  1.164380   -0.92634066
-0.237275  1.184808   -0.84196243
-0.241366  1.205236   -0.75842776
-0.245457  1.225663   -0.67937127
-0.249548  1.246091   -0.60839456
-0.253639  1.266519   -0.54889082
-0.257730  1.286947   -0.50382257
-0.261821  1.307374   -0.47553721
-0.265912  1.327802   -0.46559737
-0.270003  1.348230   -0.47465724
-0.274094  1.368658   -0.50237028
-0.278184  1.389085   -0.54735903
-0.282275  1.409513   -0.60722797
-0.286366  1.429941   -0.67865846
-0.290457  1.450368   -0.75753069
-0.294548  1.470796   -0.83913687
-0.298639  1.491224   -0.91837843
-0.302730  1.511652   -0.99004933
-0.306821  1.532079   -1.04910459
-0.310912  1.552507   -1.09095876
-0.315003  1.572935   -1.11172108
-0.319094  1.593363   -1.10844933
-0.323185  1.613790   -1.07933275
-0.327276  1.634218   -1.02382271
-0.331367  1.654646   -0.94269135
-0.335458  1.675073   -0.83802767
-0.339549  1.695501   -0.71313668
-0.343640  1.715929   -0.57240070
-0.347731  1.736357   -0.42104592
-0.351822  1.756784   -0.26487553
-0.355912  1.777212   -0.10994531
-0.360003  1.797640    0.03777870
-0.364094  1.818067    0.17270891
-0.368185  1.838495    0.29000540
-0.372276  1.858923    0.38581684
-0.376367  1.879351    0.45752202
-0.380458  1.899778    0.50388008
-0.384549  1.920206    0.52510313
-0.388640  1.940634    0.52284774
-0.392731  1.961062    0.50011988
-0.155407  -0.987851   -0.69206046
-0.137631  -1.011513   -0.29878765
-0.118937  -1.034854    0.11635483
-0.099330  -1.057847    0.52242640
-0.078817  -1.080462    0.88477581
-0.057405  -1.102673    1.16872059
-0.035103  -1.124452    1.34380227
-0.011919  -1.145771    1.38816622
0.012136  -1.166604    1.29228661
0.037053  -1.186922    1.06154534
0.062821  -1.206699    0.71715332
0.089427  -1.225909    0.29518878
0.116859  -1.244526   -0.15644768
0.145103  -1.262522   -0.58289648
0.174145  -1.279873   -0.92882684
0.203972  -1.296554   -1.14582100
0.234566  -1.312538   -1.19985743
0.265912  -1.327802   -1.07796256
0.297992  -1.342321   -0.79263785
0.330790  -1.356071   -0.38295628
0.364287  -1.369029    0.08857278
0.398464  -1.381171    0.54388731
0.433302  -1.392475    0.90150114
0.468779  -1.402918    1.09134720
0.504876  -1.412480    1.06989516
0.541570  -1.421139    0.83210308
0.578840  -1.428874    0.41695733
0.616663  -1.435665   -0.09601631
0.655015  -1.441492   -0.60011475
0.693873  -1.446337   -0.98316520
0.733212  -1.450181   -1.15334861
0.773008  -1.453006   -1.06322957
0.813234  -1.454795   -0.72527963
0.853865  -1.455531   -0.21356116
0.894873  -1.455199    0.35061727
0.936233  -1.453783    0.82712917
0.977917  -1.451268    1.09284271
1.019896  -1.447641    1.07564823
1.062142  -1.442887    0.77658345
1.104626  -1.436996    0.27268011
1.147320  -1.429954   -0.30164980
1.190193  -1.421751   -0.79049671
1.233215  -1.412376   -1.06002728
1.276357  -1.401819   -1.03690643
1.319587  -1.390072   -0.72992065
1.362875  -1.377127   -0.22781054
1.406189  -1.362976    0.32649569
1.449497  -1.347612    0.77774091
1.492769  -1.331030    1.00359973
-0.175924  0.984404   -1.04138458
-0.179589  1.004912   -1.03774636
-0.183254  1.025421   -1.02557011
-0.186920  1.045929   -1.00363512
-0.190585  1.066437   -0.97149527
-0.194250  1.086946   -0.92953384
-0.197915  1.107454   -0.87887564
-0.201580  1.127963   -0.82130690
-0.205245  1.148471   -0.75922613
-0.208910  1.168979   -0.69549584
-0.212575  1.189488   -0.63331729
-0.216240  1.209996   -0.57608020
-0.219905  1.230505   -0.52714869
-0.223570  1.251013   -0.48970335
-0.227236  1.271521   -0.46652637
-0.230901  1.292030   -0.45981648
-0.234566  1.312538   -0.47105794
-0.238231  1.333047   -0.50086655
-0.241896  1.353555   -0.54890723
-0.245561  1.374063   -0.61386108
-0.249226  1.394572   -0.69344105
-0.252891  1.415080   -0.78444523
-0.256556  1.435589   -0.88291247
-0.260221  1.456097   -0.98425885
-0.263886  1.476606   -1.08353625
-0.267552  1.497114   -1.17563183
-0.271217  1.517622   -1.25559323
-0.274882  1.538131   -1.31885099
-0.278547  1.558639   -1.36148614
-0.282212  1.579148   -1.38048234
-0.285877  1.599656   -1.37389169
-0.289542  1.620164   -1.34098553
-0.293207  1.640673   -1.28231395
-0.296872  1.661181   -1.19971753
-0.300537  1.681690   -1.09623968
-0.304202  1.702198   -0.97600744
-0.307868  1.722706   -0.84399282
-0.311533  1.743215   -0.70578864
-0.315198  1.763723   -0.56728822
-0.318863  1.784232   -0.43434962
-0.322528  1.804740   -0.31250345
-0.326193  1.825249   -0.20660025
-0.329858  1.845757   -0.12056466
-0.333523  1.866265   -0.05713901
-0.337188  1.886774   -0.01773485
-0.340853  1.907282   -0.00233872
-0.344518  1.927791   -0.00950932
-0.348183  1.948299   -0.03644520
-0.351849  1.968807   -0.07914486
-0.134822  -0.990870   -0.30336893
-0.116558  -1.014157    0.10195817
-0.097382  -1.037105    0.50050546
-0.077301  -1.059684    0.86073363
-0.056322  -1.081868    1.14969082
-0.034453  -1.103629    1.33700590
-0.011703  -1.124939    1.39927883
0.011919  -1.145771    1.32414373
0.036403  -1.166099    1.11334943
0.061738  -1.185894    0.78434565
0.087911  -1.205131    0.36994437
0.114911  -1.223784   -0.08418271
0.142724  -1.241825   -0.52394337
0.171337  -1.259230   -0.89314523
0.200734  -1.275974   -1.14085359
0.230901  -1.292030   -1.22920171
0.261821  -1.307374   -1.14034701
0.293477  -1.321983   -0.88152535
0.325853  -1.335831   -0.48686289
0.358930  -1.348896   -0.01504355
0.392689  -1.361154    0.45773418
0.427112  -1.372582    0.84918165
0.462176  -1.383159    1.08529992
0.497863  -1.392863    1.11562393
0.534151  -1.401671    0.92587682
0.571018  -1.409565    0.54501311
0.608441  -1.416523    0.04380551
0.646397  -1.422525   -0.47625546
0.684862  -1.427553   -0.90267345
0.723812  -1.431589   -1.13684439
0.763223  -1.434613   -1.11858669
0.803069  -1.436610   -0.84393124
0.843323  -1.437562   -0.37056855
0.883960  -1.437453    0.19219460
0.924953  -1.436267    0.70788863
0.966275  -1.433991    1.04670581
1.007897  -1.430610    1.12009133
1.049791  -1.426110    0.90645012
1.091929  -1.420479    0.45979133
1.134282  -1.413705   -0.10230293
1.176820  -1.405776   -0.62923705
1.219513  -1.396683   -0.97858690
1.262331  -1.386414   -1.05618446
1.305244  -1.374963   -0.84321607
1.348220  -1.362319   -0.40189035
1.391229  -1.348476    0.14247759
1.434240  -1.333427    0.63783643
1.477219  -1.317165    0.94939466
1.520136  -1.299687    0.99809313
-0.155407  0.987851   -0.69206046
-0.158645  1.008431   -0.68798647
-0.161882  1.029011   -0.67513653
-0.165120  1.049591   -0.65322033
-0.168358  1.070171   -0.62262455
-0.171595  1.090752   -0.58441732
-0.174833  1.111332   -0.54035380
-0.178070  1.131912   -0.49266171
-0.181308  1.152492   -0.44407730
-0.184546  1.173073   -0.39760459
-0.187783  1.193653   -0.35642931
-0.191021  1.214233   -0.32375719
-0.194259  1.234813   -0.30257981
-0.197496  1.255393   -0.29553108
-0.200734  1.275974   -0.30473727
-0.203972  1.296554   -0.33161162
-0.207209  1.317134   -0.37675656
-0.210447  1.337714   -0.43989323
-0.213685  1.358294   -0.51978343
-0.216922  1.378875   -0.61426372
-0.220160  1.399455   -0.72029361
-0.223397  1.420035   -0.83407424
-0.226635  1.440615   -0.95121253
-0.229873  1.461196   -1.06692011
-0.233110  1.481776   -1.17623270
-0.236348  1.502356   -1.27429773
-0.239586  1.522936   -1.35660976
-0.242823  1.543516   -1.41926957
-0.246061  1.564097   -1.45921286
-0.249299  1.584677   -1.47439271
-0.252536  1.605257   -1.46393075
-0.255774  1.625837   -1.42818684
-0.259012  1.646418   -1.36876935
-0.262249  1.666998   -1.28848990
-0.265487  1.687578   -1.19121692
-0.268724  1.708158   -1.08169817
-0.271962  1.728738   -0.96530786
-0.275200  1.749319   -0.84776068
-0.278437  1.769899   -0.73482050
-0.281675  1.790479   -0.63193689
-0.284913  1.811059   -0.54397259
-0.288150  1.831640   -0.47491064
-0.291388  1.852220   -0.42761109
-0.294626  1.872800   -0.40365012
-0.297863  1.893380   -0.40321912
-0.301101  1.913960   -0.42507460
-0.304339  1.934541   -0.46664537
-0.307576  1.955121   -0.52413981
-0.310814  1.975701   -0.59274937
-0.114179  -0.993460    0.09688743
-0.095435  -1.016363    0.48561325
-0.075785  -1.038906    0.83977113
-0.055239  -1.061063    1.12910061
-0.033803  -1.082806    1.32436175
-0.011486  -1.104107    1.40149462
0.011703  -1.124939    1.34589874
0.035753  -1.145275    1.15595727
0.060655  -1.165089    0.84518584
0.086395  -1.184353    0.44263364
0.112963  -1.203041   -0.00902423
0.140345  -1.221128   -0.45735923
0.168528  -1.238587   -0.84615357
0.197496  -1.255393   -1.12265846
0.227236  -1.271521   -1.24551819
0.257730  -1.286947   -1.19206152
0.288962  -1.301645   -0.96396038
0.320916  -1.315591   -0.58978117
0.353573  -1.328763   -0.12356353
0.386915  -1.341137    0.36130069
0.420921  -1.352690    0.78259280
0.455574  -1.363400    1.06324837
0.490851  -1.373245    1.14634239
0.526732  -1.382204    1.00854155
0.563196  -1.390256    0.66843519
0.600218  -1.397380    0.18718512
0.637778  -1.403558   -0.34032730
0.675851  -1.408770   -0.80297723
0.714412  -1.412997   -1.09708853
0.753438  -1.416221   -1.15112008
0.792903  -1.418425   -0.94524968
0.832782  -1.419592   -0.52020081
0.873047  -1.419706    0.02843286
0.913673  -1.418752    0.57066039
0.954633  -1.416714    0.97317554
0.995898  -1.413579    1.13376829
1.037441  -1.409332    1.00972620
1.079233  -1.403961    0.63166787
1.121244  -1.397455    0.09792730
1.163447  -1.389801   -0.45027631
1.205811  -1.380989   -0.86653927
1.248305  -1.371010   -1.03976369
1.290901  -1.359853   -0.92547852
1.333566  -1.347511   -0.55858940
1.376270  -1.333976   -0.04339579
1.418982  -1.319241    0.47646548
1.461669  -1.303300    0.85931370
1.504301  -1.286149    1.00573244
1.546845  -1.267781    0.88573826
-0.134822  0.990870   -0.30336893
-0.137631  1.011513   -0.29878765
-0.140440  1.032156   -0.28515010
-0.143249  1.052799   -0.26308533
-0.146057  1.073442   -0.23378978
-0.148866  1.094085   -0.19905517
-0.151675  1.114729   -0.16109589
-0.154484  1.135372   -0.12254903
-0.157293  1.156015   -0.08631970
-0.160101  1.176658   -0.05544868
-0.162910  1.197301   -0.03301282
-0.165719  1.217944   -0.02187386
-0.168528  1.238587   -0.02456983
-0.171337  1.259230   -0.04313878
-0.174145  1.279873   -0.07896370
-0.176954  1.300517   -0.13269304
-0.179763  1.321160   -0.20408844
-0.182572  1.341803   -0.29202920
-0.185381  1.362446   -0.39449978
-0.188189  1.383089   -0.50863665
-0.190998  1.403732   -0.63085451
-0.193807  1.424375   -0.75695747
-0.196616  1.445018   -0.88235370
-0.199425  1.465662   -1.00227507
-0.202233  1.486305   -1.11199380
-0.205042  1.506948   -1.20712374
-0.207851  1.527591   -1.28381269
-0.210660  1.548234   -1.33899102
-0.213469  1.568877   -1.37055530
-0.216277  1.589520   -1.37750473
-0.219086  1.610163   -1.36004881
-0.221895  1.630807   -1.31959216
-0.224704  1.651450   -1.25872290
-0.227513  1.672093   -1.18107774
-0.230321  1.692736   -1.09117152
-0.233130  1.713379   -0.99418539
-0.235939  1.734022   -0.89566355
-0.238748  1.754665   -0.80123376
-0.241557  1.775308   -0.71629048
-0.244365  1.795952   -0.64568492
-0.247174  1.816595   -0.59346742
-0.249983  1.837238   -0.56261263
-0.252792  1.857881   -0.55486355
-0.255601  1.878524   -0.57061135
-0.258409  1.899167   -0.60886057
-0.261218  1.919810   -0.66726468
-0.264027  1.940453   -0.74225853
-0.266836  1.961096   -0.82924742
-0.269645  1.981740   -0.92287138
-0.093487  -0.995621    0.48016403
-0.074270  -1.018128    0.82494251
-0.054156  -1.040258    1.11014263
-0.033153  -1.061983    1.30865739
-0.011269  -1.083275    1.39676080
0.011486  -1.104107    1.35838505
0.035103  -1.124452    1.18897295
0.059572  -1.144284    0.89818617
0.084880  -1.163575    0.51096720
0.111016  -1.182299    0.06639113
0.137967  -1.200431   -0.38561549
0.165719  -1.217944   -0.78969030
0.194259  -1.234813   -1.09209440
0.223570  -1.251013   -1.24850818
0.253639  -1.266519   -1.23171369
0.284447  -1.281306   -1.03769388
0.315979  -1.295351   -0.68901041
0.348216  -1.308630   -0.23432873
0.381140  -1.321120    0.25668120
0.414731  -1.332797    0.70292095
0.448971  -1.343640    1.02512999
0.483839  -1.353627    1.16070922
0.519314  -1.362736    1.07760822
0.555374  -1.370946    0.78394766
0.591996  -1.378238    0.33054447
0.629159  -1.384591   -0.19553944
0.666839  -1.389986   -0.68628785
0.705012  -1.394405   -1.03482295
0.743653  -1.397828   -1.15981448
0.782738  -1.400240   -1.02650407
0.822240  -1.401623   -0.65851962
0.862134  -1.401960   -0.13625991
0.902394  -1.401236    0.41927026
0.942991  -1.399437    0.87442049
0.983899  -1.396547    1.11640701
1.025090  -1.392554    1.08342853
1.066536  -1.387444    0.78299853
1.108207  -1.381206    0.29240923
1.150074  -1.373827   -0.25999411
1.192108  -1.365296   -0.72840606
1.234279  -1.355605   -0.98906716
1.276557  -1.344744   -0.97454369
1.318911  -1.332703   -0.69265180
1.361311  -1.319476   -0.22415682
1.403724  -1.305056    0.30033860
1.446120  -1.289435    0.73778453
1.488467  -1.272610    0.97312899
1.530733  -1.254575    0.95106727
1.572885  -1.235327    0.68979963
-0.114179  0.993460    0.09688743
-0.116558  1.014157    0.10195817
-0.118937  1.034854    0.11635483
-0.121316  1.055551    0.13852460
-0.123694  1.076249    0.16652749
-0.126073  1.096946    0.19798643
-0.128452  1.117643    0.23027455
-0.130830  1.138340    0.26053623
-0.133209  1.159037    0.28575855
-0.135588  1.179734    0.30300091
-0.137967  1.200431    0.30947734
-0.140345  1.221128    0.30273790
-0.142724  1.241825    0.28076589
-0.145103  1.262522    0.24219270
-0.147482  1.283219    0.18635860
-0.149860  1.303916    0.11341959
-0.152239  1.324614    0.02434922
-0.154618  1.345311   -0.07898449
-0.156997  1.366008   -0.19392416
-0.159375  1.386705   -0.31708363
-0.161754  1.407402   -0.44452051
-0.164133  1.428099   -0.57186143
-0.166511  1.448796   -0.69453521
-0.168890  1.469493   -0.80802681
-0.171269  1.490190   -0.90806597
-0.173648  1.510887   -0.99089519
-0.176026  1.531584   -1.05346920
-0.178405  1.552281   -1.09367909
-0.180784  1.572979   -1.11043892
-0.183163  1.593676   -1.10381592
-0.185541  1.614373   -1.07503907
-0.187920  1.635070   -1.02650708
-0.190299  1.655767   -0.96162730
-0.192678  1.676464   -0.88469725
-0.195056  1.697161   -0.80067023
-0.197435  1.717858   -0.71493842
-0.199814  1.738555   -0.63298462
-0.202193  1.759252   -0.56012234
-0.204571  1.779949   -0.50117982
-0.206950  1.800647   -0.46025286
-0.209329  1.821344   -0.44042612
-0.211707  1.842041   -0.44359602
-0.214086  1.862738   -0.47037512
-0.216465  1.883435   -0.52000198
-0.218844  1.904132   -0.59039324
-0.221222  1.924829   -0.67823831
-0.223601  1.945526   -0.77918916
-0.225980  1.966223   -0.88807999
-0.228359  1.986920   -0.99923150
-0.072754  -0.997350    0.81932776
-0.053073  -1.019453    1.09616853
-0.032503  -1.041159    1.29301048
-0.011053  -1.062443    1.38750136
0.011269  -1.083275    1.36299263
0.034453  -1.103629    1.21259539
0.058488  -1.123479    0.94238618
0.083364  -1.142797    0.57305460
0.109068  -1.161557    0.13960933
0.135588  -1.179734   -0.31126287
0.162910  -1.197301   -0.72594136
0.191021  -1.214233   -1.05052740
0.219905  -1.230505   -1.23848878
0.249548  -1.246091   -1.25847688
0.279932  -1.260968   -1.10090144
0.311042  -1.275111   -0.78205758
0.342859  -1.288497   -0.34462642
0.375365  -1.301103    0.14631655
0.408541  -1.312905    0.61182935
0.442369  -1.323881    0.97151172
0.476827  -1.334009    1.15797872
0.511895  -1.343268    1.13107187
0.547551  -1.351637    0.88853019
0.583774  -1.359096    0.47032285
0.620541  -1.365624   -0.04542388
0.657828  -1.371203   -0.55542360
0.695612  -1.375813   -0.95151768
0.733868  -1.379436   -1.14440788
0.772572  -1.382055   -1.08562245
0.811699  -1.383653   -0.78189182
0.851221  -1.384214   -0.29744786
0.891114  -1.383721    0.25796007
0.931349  -1.382160    0.75343522
0.971901  -1.379516    1.06879458
1.012740  -1.375776    1.12561207
1.053839  -1.370927    0.90925518
1.095169  -1.364956    0.47490492
1.136701  -1.357852   -0.06501316
1.178406  -1.349603   -0.56955403
1.220253  -1.340201   -0.90673909
1.262214  -1.329634   -0.98952630
1.304257  -1.317895   -0.79978405
1.346351  -1.304977   -0.39322573
1.388466  -1.290870    0.11656358
1.430570  -1.275571    0.59037606
1.472632  -1.259072    0.90265232
1.514620  -1.241369    0.97615984
1.556501  -1.222459    0.80213032
1.598244  -1.202337    0.44023647
-0.093487  0.995621    0.48016403
-0.095435  1.016363    0.48561325
-0.097382  1.037105    0.50050546
-0.099330  1.057847    0.52242640
-0.101277  1.078589    0.54881536
-0.103225  1.099331    0.57685393
-0.105173  1.120073    0.60363589
-0.107120  1.140815    0.62620212
-0.109068  1.161557    0.64160800
-0.111016  1.182299    0.64713746
-0.112963  1.203041    0.64039048
-0.114911  1.223784    0.61938110
-0.116859  1.244526    0.58273927
-0.118806  1.265268    0.52977651
-0.120754  1.286010    0.46053336
-0.122702  1.306752    0.37589075
-0.124649  1.327494    0.27754025
-0.126597  1.348236    0.16791878
-0.128544  1.368978    0.05019385
-0.130492  1.389720   -0.07193762
-0.132440  1.410462   -0.19434630
-0.134387  1.431204   -0.31269205
-0.136335  1.451947   -0.42267368
-0.138283  1.472689   -0.52018017
-0.140230  1.493431   -0.60156939
-0.142178  1.514173   -0.66389483
-0.144126  1.534915   -0.70502711
-0.146073  1.555657   -0.72382809
-0.148021  1.576399   -0.72028475
-0.149969  1.597141   -0.69547190
-0.151916  1.617883   -0.65156440
-0.153864  1.638625   -0.59179387
-0.155812  1.659368   -0.52021704
-0.157759  1.680110   -0.44157755
-0.159707  1.700852   -0.36107677
-0.161654  1.721594   -0.28402396
-0.163602  1.742336   -0.21565095
-0.165550  1.763078   -0.16072986
-0.167497  1.783820   -0.12334325
-0.169445  1.804562   -0.10667891
-0.171393  1.825304   -0.11276796
-0.173340  1.846046   -0.14239233
-0.175288  1.866788   -0.19505083
-0.177236  1.887531   -0.26891456
-0.179183  1.908273   -0.36093500
-0.181131  1.929015   -0.46704274
-0.183079  1.949757   -0.58230851
-0.185026  1.970499   -0.70124559
-0.186974  1.991241   -0.81814092
-0.051990  -0.998648    1.09069409
-0.031853  -1.020336    1.28084465
-0.010836  -1.041610    1.37657710
0.011053  -1.062443    1.36164729
0.033803  -1.082806    1.22759845
0.057405  -1.102673    0.97733077
0.081848  -1.122019    0.62738272
0.107120  -1.140815    0.20835790
0.133209  -1.159037   -0.23690062
0.160101  -1.176658   -0.65733760
0.187783  -1.193653   -0.99979016
0.216240  -1.209996   -1.21633752
0.245457  -1.225663   -1.27211453
0.275417  -1.240630   -1.15226391
0.306104  -1.254872   -0.86675689
0.337501  -1.268365   -0.45183008
0.369590  -1.281086    0.03282168
0.402351  -1.293012    0.51140394
0.435766  -1.304121    0.90350447
0.469815  -1.314391    1.13802708
0.504476  -1.323801    1.16746615
0.539729  -1.332328    0.97951910
0.575552  -1.339954    0.60306780
0.611922  -1.346657    0.10635752
0.648817  -1.352419   -0.41362001
0.686212  -1.357221   -0.84930852
0.724083  -1.361044   -1.10539789
0.762407  -1.363870   -1.12120920
0.801157  -1.365684   -0.88721498
0.840308  -1.366467   -0.45083139
0.879834  -1.366206    0.09129687
0.919707  -1.364883    0.61391879
0.959902  -1.362485    0.99271624
1.000389  -1.358999    1.13546590
1.041142  -1.354410    1.00689334
1.082131  -1.348707    0.63971217
1.123328  -1.341877    0.12805541
1.164703  -1.333910   -0.39590490
1.206228  -1.324796   -0.79650096
1.247871  -1.314525   -0.97084872
1.289602  -1.303088   -0.87687210
1.331392  -1.290477   -0.54463014
1.373208  -1.276685   -0.06765417
1.415020  -1.261706    0.42356790
1.456797  -1.245533    0.79818397
1.498507  -1.228163    0.96112365
1.540117  -1.209591    0.87836831
1.581596  -1.189813    0.58423438
1.622912  -1.168828    0.16909089
-0.072754  0.997350    0.81932776
-0.074270  1.018128    0.82494251
-0.075785  1.038906    0.83977113
-0.077301  1.059684    0.86073363
-0.078817  1.080462    0.88477581
-0.080333  1.101241    0.90882100
-0.081848  1.122019    0.92983539
-0.083364  1.142797    0.94486835
-0.084880  1.163575    0.95121964
-0.086395  1.184353    0.94651364
-0.087911  1.205131    0.92878459
-0.089427  1.225909    0.89665387
-0.090943  1.246687    0.84938081
-0.092458  1.267466    0.78695320
-0.093974  1.288244    0.71010379
-0.095490  1.309022    0.62035742
-0.097005  1.329800    0.51997801
-0.098521  1.350578    0.41186775
-0.100037  1.371356    0.29950347
-0.101553  1.392134    0.18675199
-0.103068  1.412912    0.07770719
-0.104584  1.433691   -0.02355373
-0.106100  1.454469   -0.11311303
-0.107615  1.475247   -0.18747693
-0.109131  1.496025   -0.24379512
-0.110647  1.516803   -0.27997746
-0.112162  1.537581   -0.29486524
-0.113678  1.558359   -0.28836839
-0.115194  1.579137   -0.26143190
-0.116710  1.599915   -0.21607153
-0.118225  1.620694   -0.15526838
-0.119741  1.641472   -0.08291320
-0.121257  1.662250   -0.00351119
-0.122772  1.683028    0.07798538
-0.124288  1.703806    0.15639385
-0.125804  1.724584    0.22666599
-0.127320  1.745362    0.28410636
-0.128835  1.766140    0.32466493
-0.130351  1.786919    0.34511948
-0.131867  1.807697    0.34334177
-0.133382  1.828475    0.31840169
-0.134898  1.849253    0.27059413
-0.136414  1.870031    0.20151376
-0.137930  1.890809    0.11393302
-0.139445  1.911587    0.01168287
-0.140961  1.932365   -0.10059477
-0.142477  1.953144   -0.21764406
-0.143992  1.973922   -0.33390183
-0.145508  1.994700   -0.44387340
-0.031203  -0.999513    1.27589734
-0.010619  -1.020778    1.36726040
0.010836  -1.041610    1.35678539
0.033153  -1.061983    1.23530927
0.056322  -1.081868    1.00314636
0.080333  -1.101241    0.67290543
0.105173  -1.120073    0.27067593
0.130830  -1.138340   -0.16501227
0.157293  -1.156015   -0.58645602
0.184546  -1.173073   -0.94206770
0.212575  -1.189488   -1.18344284
0.241366  -1.205236   -1.27296837
0.270902  -1.220292   -1.19100335
0.301167  -1.234632   -0.94132009
0.332144  -1.248232   -0.55346841
0.363815  -1.261069   -0.08112615
0.396161  -1.273120    0.40404575
0.429164  -1.284362    0.82276119
0.462803  -1.294774    1.10134605
0.497057  -1.304333    1.18594288
0.531907  -1.313019    1.05476655
0.567330  -1.320812    0.72559309
0.603303  -1.327690    0.25608183
0.639805  -1.333635   -0.26443145
0.676811  -1.338628   -0.73089416
0.714298  -1.342651   -1.04401349
0.752241  -1.345685   -1.13263513
0.790615  -1.347714   -0.97195212
0.829395  -1.348721   -0.59240485
0.868554  -1.348690   -0.07604907
0.908066  -1.347606    0.46013778
0.947903  -1.345454    0.89089108
0.988039  -1.342221    1.11329423
1.028445  -1.337893    1.07345147
1.069093  -1.332457    0.78192771
1.109955  -1.325902    0.31287165
1.151001  -1.318217   -0.21376396
1.192202  -1.309391   -0.66295124
1.233527  -1.299415   -0.92014813
1.274948  -1.288280   -0.92199987
1.316432  -1.275977   -0.67330688
1.357950  -1.262500   -0.24531327
1.399471  -1.247841    0.24443081
1.440962  -1.231995    0.66489641
1.482394  -1.214957    0.90777462
1.523733  -1.196723    0.91643042
1.564948  -1.177289    0.69974408
1.606006  -1.156652    0.32707382
1.646876  -1.134812   -0.09350768
-0.051990  0.998648    1.09069409
-0.053073  1.019453    1.09616853
-0.054156  1.040258    1.11014263
-0.055239  1.061063    1.12910061
-0.056322  1.081868    1.14969082
-0.057405  1.102673    1.16872059
-0.058488  1.123479    1.18319427
-0.059572  1.144284    1.19036754
-0.060655  1.165089    1.18787520
-0.061738  1.185894    1.17376914
-0.062821  1.206699    1.14664882
-0.063904  1.227504    1.10573589
-0.064987  1.248310    1.05093613
-0.066070  1.269115    0.98288760
-0.067153  1.289920    0.90295284
-0.068236  1.310725    0.81319735
-0.069320  1.331530    0.71631357
-0.070403  1.352335    0.61553971
-0.071486  1.373140    0.51448421
-0.072569  1.393946    0.41697701
-0.073652  1.414751    0.32689097
-0.074735  1.435556    0.24791393
-0.075818  1.456361    0.18336371
-0.076901  1.477166    0.13599110
-0.077985  1.497971    0.10779849
-0.079068  1.518777    0.09994424
-0.080151  1.539582    0.11258326
-0.081234  1.560387    0.14486192
-0.082317  1.581192    0.19491623
-0.083400  1.601997    0.25993564
-0.084483  1.622802    0.33628192
-0.085566  1.643608    0.41966309
-0.086649  1.664413    0.50532557
-0.087733  1.685218    0.58831260
-0.088816  1.706023    0.66376101
-0.089899  1.726828    0.72709112
-0.090982  1.747633    0.77431599
-0.092065  1.768438    0.80225712
-0.093148  1.789244    0.80873404
-0.094231  1.810049    0.79269888
-0.095314  1.830854    0.75431781
-0.096398  1.851659    0.69496447
-0.097481  1.872464    0.61720241
-0.098564  1.893269    0.52459420
-0.099647  1.914075    0.42155001
-0.100730  1.934880    0.31309472
-0.101813  1.955685    0.20456233
-0.102896  1.976490    0.10131225
-0.103979  1.997295    0.00841884
-0.010402  -0.999946    1.36325248
0.010619  -1.020778    1.35131566
0.032503  -1.041159    1.23758208
0.055239  -1.061063    1.02048695
0.078817  -1.080462    0.70910835
0.103225  -1.099331    0.32502032
0.128452  -1.117643   -0.09790627
0.154484  -1.135372   -0.51585929
0.181308  -1.152492   -0.87976070
0.208910  -1.168979   -1.14162244
0.237275  -1.184808   -1.26192316
0.266387  -1.199954   -1.21690141
0.296230  -1.214392   -1.00446197
0.326787  -1.228099   -0.64740412
0.358040  -1.241052   -0.19290933
0.389971  -1.253227    0.29234718
0.422561  -1.264603    0.73131918
0.455791  -1.275156    1.04900598
0.489639  -1.284865    1.18628516
0.524085  -1.293710    1.11268291
0.559108  -1.301669    0.83510590
0.594685  -1.308723    0.40015731
0.630794  -1.314852   -0.11162557
0.667411  -1.320036   -0.59946883
0.704513  -1.324259   -0.96216048
0.742076  -1.327500   -1.12001891
0.780074  -1.329745   -1.03425503
0.818482  -1.330975   -0.71860333
0.857274  -1.331175   -0.23946652
0.896424  -1.330329    0.29670579
0.935904  -1.328423    0.76683600
0.975688  -1.325443    1.06048359
1.015748  -1.321376    1.10761323
1.056056  -1.316208    0.89758339
1.096582  -1.309928    0.48359948
1.137299  -1.302524   -0.02948932
1.178176  -1.293987   -0.51138923
1.219184  -1.284306   -0.84019417
1.260293  -1.273472   -0.93453489
1.301473  -1.261477   -0.77519214
1.342692  -1.248314   -0.40989844
1.383921  -1.233976    0.06026656
1.425128  -1.218457    0.50898813
1.466281  -1.201751    0.81948610
1.507348  -1.183855    0.91595476
1.548299  -1.164764    0.78280251
1.589101  -1.144477    0.46659261
1.629721  -1.122991    0.06068294
1.670128  -1.100305   -0.32248730
-0.031203  0.999513    1.27589734
-0.031853  1.020336    1.28084465
-0.032503  1.041159    1.29301048
-0.033153  1.061983    1.30865739
-0.033803  1.082806    1.32436175
-0.034453  1.103629    1.33700590
-0.035103  1.124452    1.34380227
-0.035753  1.145275    1.34234996
-0.036403  1.166099    1.33070479
-0.037053  1.186922    1.30745660
-0.037703  1.207745    1.27179596
-0.038353  1.228568    1.22356986
-0.039004  1.249391    1.16331142
-0.039654  1.270215    1.09225033
-0.040304  1.291038    1.01228301
-0.040954  1.311861    0.92589980
-0.041604  1.332684    0.83609753
-0.042254  1.353507    0.74624677
-0.042904  1.374330    0.65993482
-0.043554  1.395154    0.58078473
-0.044204  1.415977    0.51228024
-0.044854  1.436800    0.45755201
-0.045504  1.457623    0.41921020
-0.046154  1.478446    0.39917739
-0.046804  1.499270    0.39855584
-0.047454  1.520093    0.41753135
-0.048104  1.540916    0.45532617
-0.048754  1.561739    0.51020214
-0.049404  1.582562    0.57951647
-0.050055  1.603386    0.65982453
-0.050705  1.624209    0.74705936
-0.051355  1.645032    0.83669478
-0.052005  1.665855    0.92399788
-0.052655  1.686678    1.00427144
-0.053305  1.707502    1.07311128
-0.053955  1.728325    1.12663752
-0.054605  1.749148    1.16173857
-0.055255  1.769971    1.17624103
-0.055905  1.790794    1.16905040
-0.056555  1.811617    1.14022996
-0.057205  1.832441    1.09101327
-0.057855  1.853264    1.02376259
-0.058505  1.874087    0.94183977
-0.059155  1.894910    0.84943828
-0.059805  1.915733    0.75135540
-0.060455  1.936557    0.65272329
-0.061106  1.957380    0.55873205
-0.061756  1.978203    0.47433484
-0.062406  1.999026    0.40394036
0.010402  -0.999946    1.34864580
0.031853  -1.020336    1.23678127
0.054156  -1.040258    1.03052194
0.077301  -1.059684    0.73591959
0.101277  -1.078589    0.37020399
0.126073  -1.096946   -0.03758470
0.151675  -1.114729   -0.44808421
0.178070  -1.131912   -0.81545027
0.205245  -1.148471   -1.09304161
0.233184  -1.164380   -1.24035260
0.261872  -1.179615   -1.23029025
0.291293  -1.194152   -1.05540166
0.321430  -1.207966   -0.73186909
0.352265  -1.221035   -0.30008308
0.383781  -1.233335    0.17898175
0.415959  -1.244843    0.63157851
0.448778  -1.255538    0.98258708
0.482220  -1.265398    1.16890131
0.516263  -1.274401    1.15229867
0.550885  -1.282527    0.92931567
0.586066  -1.289756    0.53530340
0.621782  -1.296068    0.04106618
0.658011  -1.301444   -0.45852222
0.694729  -1.305866   -0.86233727
0.731911  -1.309315   -1.08422514
0.769532  -1.311775   -1.07303025
0.807569  -1.313228   -0.82642323
0.845994  -1.313659   -0.39457682
0.884782  -1.313052    0.12847482
0.923905  -1.311392    0.62471466
0.963338  -1.308665    0.97942817
1.003051  -1.304858    1.10921934
1.043018  -1.299958    0.98380043
1.083209  -1.293953    0.63511239
1.123596  -1.286831    0.15072439
1.164150  -1.278582   -0.34755754
1.204841  -1.269196   -0.73471506
1.245638  -1.258664   -0.91506942
1.286513  -1.246978   -0.84741941
1.327434  -1.234129   -0.55563227
1.368371  -1.220111   -0.12164199
1.409293  -1.204918    0.33734148
1.450168  -1.188545    0.70097888
1.490964  -1.170987    0.87824384
1.531651  -1.152240    0.83100088
1.572196  -1.132302    0.58231705
1.612566  -1.111170    0.20768049
1.652731  -1.088844   -0.18788856
1.692657  -1.065322   -0.49967215
-0.010402  0.999946    1.36325248
-0.010619  1.020778    1.36726040
-0.010836  1.041610    1.37657710
-0.011053  1.062443    1.38750136
-0.011269  1.083275    1.39676080
-0.011486  1.104107    1.40149462
-0.011703  1.124939    1.39927883
-0.011919  1.145771    1.38816622
-0.012136  1.166604    1.36674173
-0.012353  1.187436    1.33417985
-0.012570  1.208268    1.29028216
-0.012786  1.229100    1.23550458
-0.013003  1.249932    1.17096396
-0.013220  1.270765    1.09839676
-0.013436  1.291597    1.02011835
-0.013653  1.312429    0.93891602
-0.013870  1.333261    0.85793107
-0.014087  1.354093    0.78051595
-0.014303  1.374926    0.71006299
-0.014520  1.395758    0.64984072
-0.014737  1.416590    0.60279068
-0.014954  1.437422    0.57137063
-0.015170  1.458254    0.55739787
-0.015387  1.479087    0.56191216
-0.015604  1.499919    0.58509615
-0.015820  1.520751    0.62622435
-0.016037  1.541583    0.68364720
-0.016254  1.562415    0.75486648
-0.016471  1.583248    0.83662277
-0.016687  1.604080    0.92503443
-0.016904  1.624912    1.01578548
-0.017121  1.645744    1.10435934
-0.017337  1.666576    1.18626125
-0.017554  1.687409    1.25724943
-0.017771  1.708241    1.31358695
-0.017988  1.729073    1.35225645
-0.018204  1.749905    1.37113360
-0.018421  1.770738    1.36911298
-0.018638  1.791570    1.34620803
-0.018854  1.812402    1.30355828
-0.019071  1.833234    1.24338180
-0.019288  1.854066    1.16887841
-0.019505  1.874899    1.08405413
-0.019721  1.895731    0.99352666
-0.019938  1.916563    0.90224532
-0.020155  1.937395    0.81523562
-0.020371  1.958227    0.73730942
-0.020588  1.979060    0.67278060
-0.020805  1.999892    0.62523373
0.031203  -0.999513    1.23578438
0.053073  -1.019453    1.03491663
0.075785  -1.038906    0.75375676
0.099330  -1.057847    0.40545373
0.123694  -1.076249    0.01420572
0.148866  -1.094085   -0.38551293
0.174833  -1.111332   -0.75177104
0.201580  -1.127963   -1.04011674
0.229093  -1.143953   -1.21005178
0.257357  -1.159277   -1.23202304
0.286356  -1.173912   -1.09388926
0.316073  -1.187834   -0.80553971
0.346491  -1.201018   -0.40046068
0.377591  -1.213442    0.06657757
0.409356  -1.225084    0.52610686
0.441766  -1.235920    0.90412721
0.474801  -1.245930    1.13478794
0.508441  -1.255092    1.17328568
0.542663  -1.263385    1.00648150
0.577448  -1.270789    0.65857927
0.612771  -1.277285    0.18997485
0.648611  -1.282852   -0.31174173
0.684944  -1.287474   -0.74750116
0.721745  -1.291131   -1.02679992
0.758991  -1.293806   -1.08792314
0.796656  -1.295482   -0.91351953
0.834714  -1.296144   -0.53738639
0.873140  -1.295775   -0.03969921
0.911907  -1.294361    0.46917344
0.950987  -1.291888    0.87337993
0.990355  -1.288341    1.07923691
1.029980  -1.283709    1.03880523
1.069836  -1.277978    0.76315893
1.109894  -1.271138    0.32103694
1.150124  -1.263178   -0.17741280
1.190497  -1.254087   -0.60821873
1.230984  -1.243856   -0.86537038
1.271554  -1.232478   -0.88832872
1.312177  -1.219943   -0.67767440
1.352822  -1.206246   -0.29436840
1.393458  -1.191380    0.15725612
1.434055  -1.175339    0.55805924
1.474580  -1.158119    0.80614145
1.515002  -1.139716    0.84355235
1.555290  -1.120126    0.67017184
1.595411  -1.099349    0.34140470
1.635334  -1.077382   -0.04921532
1.675025  -1.054225   -0.39695665
1.714454  -1.029878   -0.61460074
0.010402  0.999946    1.34864580
0.010619  1.020778    1.35131566
0.010836  1.041610    1.35678539
0.011053  1.062443    1.36164729
0.011269  1.083275    1.36299263
0.011486  1.104107    1.35838505
0.011703  1.124939    1.34589874
0.011919  1.145771    1.32414373
0.012136  1.166604    1.29228661
0.012353  1.187436    1.25011796
0.012570  1.208268    1.19804304
0.012786  1.229100    1.13709491
0.013003  1.249932    1.06888085
0.013220  1.270765    0.99555769
0.013436  1.291597    0.91974209
0.013653  1.312429    0.84435868
0.013870  1.333261    0.77255167
0.014087  1.354093    0.70750186
0.014303  1.374926    0.65226706
0.014520  1.395758    0.60960573
0.014737  1.416590    0.58182334
0.014954  1.437422    0.57061865
0.015170  1.458254    0.57696492
0.015387  1.479087    0.60101736
0.015604  1.499919    0.64207008
0.015820  1.520751    0.69855356
0.016037  1.541583    0.76807826
0.016254  1.562415    0.84752880
0.016471  1.583248    0.93320443
0.016687  1.604080    1.02097769
0.016904  1.624912    1.10652588
0.017121  1.645744    1.18553686
0.017337  1.666576    1.25394714
0.017554  1.687409    1.30816608
0.017771  1.708241    1.34527642
0.017988  1.729073    1.36322255
0.018204  1.749905    1.36093473
0.018421  1.770738    1.33839736
0.018638  1.791570    1.29669446
0.018854  1.812402    1.23795739
0.019071  1.833234    1.16525202
0.019288  1.854066    1.08245087
0.019505  1.874899    0.99400641
0.019721  1.895731    0.90473623
0.019938  1.916563    0.81950999
0.020155  1.937395    0.74302327
0.020371  1.958227    0.67950766
0.020588  1.979060    0.63247009
0.020805  1.999892    0.60452050
0.051990  -0.998648    1.03582115
0.074270  -1.018128    0.76346879
0.097382  -1.037105    0.43044425
0.121316  -1.055551    0.05603789
0.146057  -1.073442   -0.33033934
0.171595  -1.090752   -0.69130193
0.197915  -1.107454   -0.98543137
0.225002  -1.123525   -1.17315608
0.252842  -1.138939   -1.22342439
0.281419  -1.153672   -1.12019932
0.310716  -1.167701   -0.86757846
0.340716  -1.181001   -0.49225241
0.371401  -1.193550   -0.04238235
0.402754  -1.205324    0.41761155
0.434754  -1.216302    0.81597814
0.467382  -1.226462    1.08547118
0.500618  -1.235783    1.17594916
0.534441  -1.244243    1.06551438
0.568829  -1.251822    0.76758835
0.603760  -1.258501    0.33173800
0.639211  -1.264260   -0.16285662
0.675159  -1.269081   -0.62098098
0.711580  -1.272946   -0.94990816
0.748449  -1.275836   -1.07933958
0.785743  -1.277736   -0.97827177
0.823434  -1.278628   -0.66442485
0.861498  -1.278498   -0.20312581
0.899908  -1.277330    0.30510311
0.938637  -1.275110    0.74633232
0.977658  -1.271824    1.01966737
1.016943  -1.267459    1.06198206
1.056463  -1.262003    0.86448865
1.096191  -1.255445    0.47625648
1.136098  -1.247773   -0.00688254
1.176154  -1.238977   -0.46581095
1.216329  -1.229049   -0.78824309
1.256594  -1.217978   -0.89752896
1.296919  -1.205758   -0.77231552
1.337272  -1.192381   -0.45165052
1.377623  -1.177841   -0.02391861
1.417942  -1.162133    0.39731982
1.458196  -1.145251    0.70383298
1.498354  -1.127191    0.82122614
1.538385  -1.107951    0.72745489
1.578256  -1.087528    0.45661406
1.617937  -1.065921    0.08738716
1.657394  -1.043128   -0.28000108
1.696595  -1.019150   -0.55159316
1.735508  -0.993988   -0.66428580
0.031203  0.999513    1.23578438
0.031853  1.020336    1.23678127
0.032503  1.041159    1.23758208
0.033153  1.061983    1.23530927
0.033803  1.082806    1.22759845
0.034453  1.103629    1.21259539
0.035103  1.124452    1.18897295
0.035753  1.145275    1.15595727
0.036403  1.166099    1.11334943
0.037053  1.186922    1.06154534
0.037703  1.207745    1.00151965
0.038353  1.228568    0.93480396
0.039004  1.249391    0.86342132
0.039654  1.270215    0.78984142
0.040304  1.291038    0.71682800
0.040954  1.311861    0.64732978
0.041604  1.332684    0.58433714
0.042254  1.353507    0.53072172
0.042904  1.374330    0.48907626
0.043554  1.395154    0.46155946
0.044204  1.415977    0.44976027
0.044854  1.436800    0.45457513
0.045504  1.457623    0.47612891
0.046154  1.478446    0.51372722
0.046804  1.499270    0.56585602
0.047454  1.520093    0.63021238
0.048104  1.540916    0.70380758
0.048754  1.561739    0.78308673
0.049404  1.582562    0.86409748
0.050055  1.603386    0.94268471
0.050705  1.624209    1.01470762
0.051355  1.645032    1.07625883
0.052005  1.665855    1.12388295
0.052655  1.686678    1.15477552
0.053305  1.707502    1.16695288
0.053955  1.728325    1.15937857
0.054605  1.749148    1.13204758
0.055255  1.769971    1.08600574
0.055905  1.790794    1.02331584
0.056555  1.811617    0.94696393
0.057205  1.832441    0.86070712
0.057855  1.853264    0.76889352
0.058505  1.874087    0.67620600
0.059155  1.894910    0.58741946
0.059805  1.915733    0.50712953
0.060455  1.936557    0.43948757
0.061106  1.957380    0.38796069
0.061756  1.978203    0.35514710
0.062406  1.999026    0.34257186
0.072754  -0.997350    0.76636339
0.095435  -1.016363    0.44515574
0.118937  -1.034854    0.08684173
0.143249  -1.052799   -0.28455406
0.168358  -1.070171   -0.63659191
0.194250  -1.086946   -0.93166414
0.220911  -1.103097   -1.13206906
0.248327  -1.118601   -1.20623026
0.276481  -1.133432   -1.13510983
0.305358  -1.147568   -0.91765822
0.334941  -1.160984   -0.57403989
0.365211  -1.173657   -0.14566399
0.396151  -1.185565    0.30873381
0.427742  -1.196685    0.72072676
0.459964  -1.206995    1.02293179
0.492796  -1.216474    1.16118857
0.526219  -1.225101    1.10595845
0.560210  -1.232855    0.86046544
0.594748  -1.239717    0.46336650
0.629811  -1.245668   -0.01549652
0.665374  -1.250689   -0.48632064
0.701414  -1.254761   -0.85620815
0.737908  -1.257867   -1.04838992
0.774829  -1.259989   -1.01982137
0.812154  -1.261113   -0.77285303
0.849856  -1.261221   -0.35744800
0.887909  -1.260299    0.13751556
0.926286  -1.258332    0.60278918
0.964961  -1.255307    0.93343562
1.003905  -1.251210    1.05384983
1.043090  -1.246029    0.93693019
1.082489  -1.239752    0.61191270
1.122072  -1.232368    0.15835836
1.161811  -1.223868   -0.31292635
1.201675  -1.214241   -0.68739624
1.241635  -1.203478   -0.87583034
1.281661  -1.191573   -0.83702875
1.321722  -1.178516   -0.58805808
1.361789  -1.164303   -0.19907611
1.401829  -1.148927    0.22581894
1.441812  -1.132383    0.57660209
1.481706  -1.114667    0.76626475
1.521480  -1.095776    0.75292097
1.561102  -1.075707    0.54909678
1.600540  -1.054459    0.21611679
1.639762  -1.032031   -0.15437502
1.678736  -1.008422   -0.46614318
1.717430  -0.983634   -0.64397838
1.755811  -0.957668   -0.65226245
0.051990  0.998648    1.03582115
0.053073  1.019453    1.03491663
0.054156  1.040258    1.03052194
0.055239  1.061063    1.02048695
0.056322  1.081868    1.00314636
0.057405  1.102673    0.97733077
0.058488  1.123479    0.94238618
0.059572  1.144284    0.89818617
0.060655  1.165089    0.84518584
0.061738  1.185894    0.78434565
0.062821  1.206699    0.71715332
0.063904  1.227504    0.64556114
0.064987  1.248310    0.57190766
0.066070  1.269115    0.49882996
0.067153  1.289920    0.42912550
0.068236  1.310725    0.36562632
0.069320  1.331530    0.31103717
0.070403  1.352335    0.26782972
0.071486  1.373140    0.23802792
0.072569  1.393946    0.22312210
0.073652  1.414751    0.22394697
0.074735  1.435556    0.24059960
0.075818  1.456361    0.27239617
0.076901  1.477166    0.31786726
0.077985  1.497971    0.37478934
0.079068  1.518777    0.44030052
0.080151  1.539582    0.51096381
0.081234  1.560387    0.58297744
0.082317  1.581192    0.65234029
0.083400  1.601997    0.71506098
0.084483  1.622802    0.76737165
0.085566  1.643608    0.80593949
0.086649  1.664413    0.82805140
0.087733  1.685218    0.83178232
0.088816  1.706023    0.81615522
0.089899  1.726828    0.78115864
0.090982  1.747633    0.72781436
0.092065  1.768438    0.65813570
0.093148  1.789244    0.57503576
0.094231  1.810049    0.48219957
0.095314  1.830854    0.38387560
0.096398  1.851659    0.28464864
0.097481  1.872464    0.18924321
0.098564  1.893269    0.10217630
0.099647  1.914075    0.02755446
0.100730  1.934880   -0.03116780
0.101813  1.955685   -0.07141013
0.102896  1.976490   -0.09161218
0.103979  1.997295   -0.09133829
0.093487  -0.995621    0.44995024
0.116558  -1.014157    0.10577167
0.140440  -1.032156   -0.24989680
0.165120  -1.049591   -0.59003680
0.190585  -1.066437   -0.88152272
0.216820  -1.082669   -1.08938660
0.243812  -1.098263   -1.18252136
0.271544  -1.113193   -1.13983793
0.300001  -1.127435   -0.95591926
0.329166  -1.140967   -0.64487330
0.359021  -1.153765   -0.24135421
0.389549  -1.165806    0.20204224
0.420730  -1.177067    0.62107235
0.452545  -1.187527    0.94947947
0.484974  -1.197165    1.13044466
0.517997  -1.205958    1.12799148
0.551592  -1.213888    0.93596602
0.585737  -1.220934    0.58230890
0.620411  -1.227076    0.12694000
0.655589  -1.232296   -0.34713697
0.691249  -1.236576   -0.74877292
0.727366  -1.239897   -0.99681888
0.763916  -1.242243   -1.03805862
0.800874  -1.243597   -0.86054228
0.838214  -1.243944   -0.49879003
0.875910  -1.243268   -0.02869304
0.913936  -1.241554    0.44763737
0.952264  -1.238790    0.82423350
0.990867  -1.234960    1.01596322
1.029717  -1.230054    0.97941634
1.068787  -1.224059    0.72447220
1.108046  -1.216964    0.31309501
1.147467  -1.208758   -0.15511899
1.187020  -1.199433   -0.56722151
1.226675  -1.188979   -0.82516702
1.266403  -1.177387   -0.87055396
1.306173  -1.164651   -0.69921766
1.345954  -1.150764   -0.36168757
1.385716  -1.135721    0.05075464
1.425427  -1.119515    0.43053884
1.465057  -1.102143    0.68218901
1.504574  -1.083601    0.74674686
1.543947  -1.063886    0.61583557
1.583142  -1.042998    0.33177992
1.622130  -1.020934   -0.02582698
1.660877  -0.997694   -0.36274935
1.699352  -0.973280   -0.59560632
1.737521  -0.947692   -0.67302579
1.775354  -0.920933   -0.58712131
0.072754  0.997350    0.76636339
0.074270  1.018128    0.76346879
0.075785  1.038906    0.75375676
0.077301  1.059684    0.73591959
0.078817  1.080462    0.70910835
0.080333  1.101241    0.67290543
0.081848  1.122019    0.62738272
0.083364  1.142797    0.57305460
0.084880  1.163575    0.51096720
0.086395  1.184353    0.44263364
0.087911  1.205131    0.36994437
0.089427  1.225909    0.29518878
0.090943  1.246687    0.22090401
0.092458  1.267466    0.14978981
0.093974  1.288244    0.08453298
0.095490  1.309022    0.02774005
0.097005  1.329800   -0.01824002
0.098521  1.350578   -0.05149269
0.100037  1.371356   -0.07058633
0.101553  1.392134   -0.07472946
0.103068  1.412912   -0.06382491
0.104584  1.433691   -0.03855275
0.106100  1.454469   -0.00032082
0.107615  1.475247    0.04874965
0.109131  1.496025    0.10586798
0.110647  1.516803    0.16774814
0.112162  1.537581    0.23073177
0.113678  1.558359    0.29093975
0.115194  1.579137    0.34452514
0.116710  1.599915    0.38784279
0.118225  1.620694    0.41767461
0.119741  1.641472    0.43136585
0.121257  1.662250    0.42706517
0.122772  1.683028    0.40381064
0.124288  1.703806    0.36157119
0.125804  1.724584    0.30135094
0.127320  1.745362    0.22511215
0.128835  1.766140    0.13571999
0.130351  1.786919    0.03674448
0.131867  1.807697   -0.06761700
0.133382  1.828475   -0.17282416
0.134898  1.849253   -0.27426911
0.136414  1.870031   -0.36744533
0.137930  1.890809   -0.44826167
0.139445  1.911587   -0.51324991
0.140961  1.932365   -0.55982366
0.142477  1.953144   -0.58635581
0.143992  1.973922   -0.59232713
0.145508  1.994700   -0.57840491
0.114179  -0.993460    0.11220202
0.137631  -1.011513   -0.22798625
0.161882  -1.029011   -0.55396487
0.186920  -1.045929   -0.83771783
0.212729  -1.062242   -1.04783956
0.239297  -1.077924   -1.15465603
0.266607  -1.092953   -1.13601887
0.294644  -1.107303   -0.98300938
0.323391  -1.120950   -0.70427416
0.352831  -1.133872   -0.32792423
0.382946  -1.146046    0.09983533
0.413718  -1.157449    0.51972353
0.445126  -1.168059    0.86768968
0.477152  -1.177855    1.08561274
0.509775  -1.186816    1.13239195
0.542973  -1.194921    0.99350717
0.576726  -1.202150    0.68660389
0.611010  -1.208484    0.26141461
0.645804  -1.213904   -0.20699184
0.681083  -1.218391   -0.63090541
0.716825  -1.221928   -0.92693119
0.753003  -1.224497   -1.03361828
0.789594  -1.226082   -0.92612273
0.826572  -1.226667   -0.62387909
0.863912  -1.226237   -0.18889587
0.901585  -1.224777    0.28586863
0.939567  -1.222272    0.69634130
0.977829  -1.218711    0.95082296
1.016344  -1.214079    0.99197279
1.055084  -1.208366    0.81138490
1.094020  -1.201559    0.45274461
1.133124  -1.193649    0.00212010
1.172366  -1.184625   -0.43263564
1.211716  -1.174479   -0.74847226
1.251145  -1.163202   -0.87288146
1.290623  -1.150787   -0.78196091
1.330119  -1.137226   -0.50598516
1.369603  -1.122515   -0.12085117
1.409043  -1.106647    0.27226790
1.448409  -1.089618    0.57360500
1.487669  -1.071425    0.71045411
1.526792  -1.052065    0.65504409
1.565745  -1.031536    0.42995188
1.604498  -1.009837    0.10001218
1.643018  -0.986966   -0.24653835
1.681273  -0.962926   -0.52221190
1.719232  -0.937716   -0.66295775
1.756861  -0.911340   -0.64336571
1.794129  -0.883800   -0.48084333
0.093487  0.995621    0.44995024
0.095435  1.016363    0.44515574
0.097382  1.037105    0.43044425
0.099330  1.057847    0.40545373
0.101277  1.078589    0.37020399
0.103225  1.099331    0.32502032
0.105173  1.120073    0.27067593
0.107120  1.140815    0.20835790
0.109068  1.161557    0.13960933
0.111016  1.182299    0.06639113
0.112963  1.203041   -0.00902423
0.114911  1.223784   -0.08418271
0.116859  1.244526   -0.15644768
0.118806  1.265268   -0.22317982
0.120754  1.286010   -0.28189932
0.122702  1.306752   -0.33033367
0.124649  1.327494   -0.36659395
0.126597  1.348236   -0.38932975
0.128544  1.368978   -0.39774132
0.130492  1.389720   -0.39175167
0.132440  1.410462   -0.37196707
0.134387  1.431204   -0.33972046
0.136335  1.451947   -0.29706291
0.138283  1.472689   -0.24664426
0.140230  1.493431   -0.19161592
0.142178  1.514173   -0.13552474
0.144126  1.534915   -0.08208450
0.146073  1.555657   -0.03501267
0.148021  1.576399    0.00213951
0.149969  1.597141    0.02624106
0.151916  1.617883    0.03473838
0.153864  1.638625    0.02578023
0.155812  1.659368   -0.00159364
0.157759  1.680110   -0.04739951
0.159707  1.700852   -0.11071855
0.161654  1.721594   -0.18963115
0.163602  1.742336   -0.28139422
0.165550  1.763078   -0.38247745
0.167497  1.783820   -0.48877538
0.169445  1.804562   -0.59585905
0.171393  1.825304   -0.69913186
0.173340  1.846046   -0.79412179
0.175288  1.866788   -0.87676749
0.177236  1.887531   -0.94357853
0.179183  1.908273   -0.99187306
0.181131  1.929015   -1.01998304
0.183079  1.949757   -1.02729050
0.185026  1.970499   -1.01431548
0.186974  1.991241   -0.98272346
0.134822  -0.990870   -0.22034122
0.158645  -1.008431   -0.53064522
0.183254  -1.025421   -0.80294491
0.208638  -1.041814   -1.01025188
0.234782  -1.057586   -1.12521717
0.261670  -1.072713   -1.12562958
0.289287  -1.087170   -0.99999973
0.317616  -1.100933   -0.75223221
0.346641  -1.113980   -0.40426508
0.376344  -1.126287    0.00417810
0.406705  -1.137831    0.41928023
0.437707  -1.148592    0.78026995
0.469330  -1.158546    1.02895551
0.501552  -1.167674    1.12047785
0.534354  -1.175954    1.03310504
0.567714  -1.183367    0.77488180
0.601610  -1.189892    0.38529112
0.636019  -1.195511   -0.06925676
0.670918  -1.200206   -0.50607246
0.706283  -1.203958   -0.84144879
0.742090  -1.206750   -1.00780164
0.778314  -1.208566   -0.96899410
0.814931  -1.209390   -0.73012778
0.851913  -1.209206   -0.33894410
0.889235  -1.207999    0.12246954
0.926870  -1.205755    0.55443993
0.964792  -1.202461    0.86172163
1.002971  -1.198105    0.97565455
1.041382  -1.192673    0.87110879
1.079994  -1.186155    0.57350228
1.118781  -1.178539    0.15363431
1.157711  -1.169817   -0.28880078
1.196757  -1.159979   -0.64949803
1.235887  -1.149016   -0.84518738
1.275073  -1.136922   -0.83435075
1.314284  -1.123688   -0.62720936
1.353490  -1.109308   -0.28244392
1.392659  -1.093779    0.10858669
1.431761  -1.077094    0.44592650
1.470764  -1.059250    0.64678474
1.509637  -1.040244    0.66621091
1.548348  -1.020075    0.50719804
1.586866  -0.998740    0.21787181
1.625159  -0.976239   -0.12300042
1.663195  -0.952572   -0.42787240
1.700942  -0.927741   -0.62347068
1.738368  -0.901747   -0.66885849
1.775440  -0.874594   -0.56400214
1.812127  -0.846284   -0.34714366
0.114179  0.993460    0.11220202
0.116558  1.014157    0.10577167
0.118937  1.034854    0.08684173
0.121316  1.055551    0.05603789
0.123694  1.076249    0.01420572
0.126073  1.096946   -0.03758470
0.128452  1.117643   -0.09790627
0.130830  1.138340   -0.16501227
0.133209  1.159037   -0.23690062
0.135588  1.179734   -0.31126287
0.137967  1.200431   -0.38561549
0.140345  1.221128   -0.45735923
0.142724  1.241825   -0.52394337
0.145103  1.262522   -0.58289648
0.147482  1.283219   -0.63200859
0.149860  1.303916   -0.66942625
0.152239  1.324614   -0.69381185
0.154618  1.345311   -0.70436772
0.156997  1.366008   -0.70095623
0.159375  1.386705   -0.68412034
0.161754  1.407402   -0.65512811
0.164133  1.428099   -0.61588801
0.166511  1.448796   -0.56891189
0.168890  1.469493   -0.51723303
0.171269  1.490190   -0.46422314
0.173648  1.510887   -0.41346111
0.176026  1.531584   -0.36853538
0.178405  1.552281   -0.33288271
0.180784  1.572979   -0.30955028
0.183163  1.593676   -0.30105422
0.185541  1.614373   -0.30919390
0.187920  1.635070   -0.33497204
0.190299  1.655767   -0.37845635
0.192678  1.676464   -0.43877828
0.195056  1.697161   -0.51412989
0.197435  1.717858   -0.60187192
0.199814  1.738555   -0.69859217
0.202193  1.759252   -0.80030935
0.204571  1.779949   -0.90265533
0.206950  1.800647   -1.00114543
0.209329  1.821344   -1.09134972
0.211707  1.842041   -1.16919164
0.214086  1.862738   -1.23118546
0.216465  1.883435   -1.27459802
0.218844  1.904132   -1.29764642
0.221222  1.924829   -1.29960144
0.223601  1.945526   -1.28086152
0.225980  1.966223   -1.24292124
0.228359  1.986920   -1.18832043
0.155407  -0.987851   -0.52233443
0.179589  -1.004912   -0.77996592
0.204547  -1.021386   -0.97953662
0.230267  -1.037248   -1.09696220
0.256733  -1.052473   -1.11093592
0.283930  -1.067037   -1.00835427
0.311842  -1.080916   -0.78917417
0.340451  -1.094087   -0.46970350
0.369741  -1.106527   -0.08326861
0.399693  -1.118214    0.32219785
0.430289  -1.129124    0.68996781
0.461508  -1.139237    0.96299564
0.493330  -1.148532    1.09403000
0.525736  -1.156987    1.05537460
0.558703  -1.164583    0.84635634
0.592210  -1.171300    0.49648928
0.626234  -1.177119    0.06299469
0.660753  -1.182021   -0.37770664
0.695742  -1.185988   -0.74343399
0.731177  -1.189004   -0.96250283
0.767035  -1.191051   -0.98930930
0.803289  -1.192113   -0.81572948
0.839914  -1.192175   -0.47522095
0.876884  -1.191221   -0.03785056
0.914173  -1.189238    0.40340499
0.951754  -1.186212    0.75256273
0.989599  -1.182130    0.93244267
1.027679  -1.176980    0.90315840
1.065969  -1.170750    0.67242582
1.104437  -1.163430    0.29475353
1.143056  -1.155010   -0.14096912
1.181797  -1.145479   -0.53262281
1.220629  -1.134831   -0.78972727
1.259524  -1.123057   -0.85572882
1.298450  -1.110149   -0.72173920
1.337377  -1.096102   -0.42819160
1.376275  -1.080911   -0.05380735
1.415112  -1.064569    0.30509259
1.453858  -1.047075    0.55949487
1.492482  -1.028423    0.65004832
1.530951  -1.008613    0.56113043
1.569234  -0.987642    0.32305952
1.607300  -0.965511    0.00227221
1.645117  -0.942218   -0.31743924
1.682652  -0.917765   -0.55728130
1.719874  -0.892154   -0.66338101
1.756751  -0.865387   -0.61906754
1.793250  -0.837468   -0.44682304
1.829340  -0.808402   -0.19997218
0.134822  0.990870   -0.22034122
0.137631  1.011513   -0.22798625
0.140440  1.032156   -0.24989680
0.143249  1.052799   -0.28455406
0.146057  1.073442   -0.33033934
0.148866  1.094085   -0.38551293
0.151675  1.114729   -0.44808421
0.154484  1.135372   -0.51585929
0.157293  1.156015   -0.58645602
0.160101  1.176658   -0.65733760
0.162910  1.197301   -0.72594136
0.165719  1.217944   -0.78969030
0.168528  1.238587   -0.84615357
0.171337  1.259230   -0.89314523
0.174145  1.279873   -0.92882684
0.176954  1.300517   -0.95185152
0.179763  1.321160   -0.96139423
0.182572  1.341803   -0.95726088
0.185381  1.362446   -0.93991915
0.188189  1.383089   -0.91050199
0.190998  1.403732   -0.87080651
0.193807  1.424375   -0.82319515
0.196616  1.445018   -0.77052517
0.199425  1.465662   -0.71601107
0.202233  1.486305   -0.66307925
0.205042  1.506948   -0.61519260
0.207851  1.527591   -0.57565385
0.210660  1.548234   -0.54743603
0.213469  1.568877   -0.53300390
0.216277  1.589520   -0.53415520
0.219086  1.610163   -0.55191711
0.221895  1.630807   -0.58643225
0.224704  1.651450   -0.63693356
0.227513  1.672093   -0.70175383
0.230321  1.692736   -0.77837660
0.233130  1.713379   -0.86356750
0.235939  1.734022   -0.95349403
0.238748  1.754665   -1.04393885
0.241557  1.775308   -1.13051301
0.244365  1.795952   -1.20889113
0.247174  1.816595   -1.27504916
0.249983  1.837238   -1.32549227
0.252792  1.857881   -1.35745896
0.255601  1.878524   -1.36908822
0.258409  1.899167   -1.35954167
0.261218  1.919810   -1.32906201
0.264027  1.940453   -1.27898572
0.266836  1.961096   -1.21168091
0.269645  1.981740   -1.13042672
0.175924  -0.984404   -0.77163173
0.200456  -1.000958   -0.95871986
0.225752  -1.016910   -1.07280910
0.251796  -1.032233   -1.09444737
0.278573  -1.046904   -1.00987512
0.306067  -1.060899   -0.81597056
0.334261  -1.074195   -0.52400150
0.363139  -1.086768   -0.16116981
0.392681  -1.098596    0.23063898
0.422870  -1.109656    0.59943914
0.453685  -1.119928    0.89040902
0.485108  -1.129390    1.05520786
0.517117  -1.138020    1.06148302
0.549692  -1.145799    0.90088369
0.582810  -1.152708    0.59347773
0.616449  -1.158726    0.18708549
0.650587  -1.163836   -0.24910750
0.685200  -1.168019   -0.63610626
0.720264  -1.171258   -0.90010103
0.755755  -1.173536   -0.98793223
0.791647  -1.174836   -0.87962506
0.827915  -1.175144   -0.59479441
0.864534  -1.174443   -0.19072935
0.901477  -1.172721    0.24812798
0.938716  -1.169962    0.62769458
0.976226  -1.166155    0.86511452
1.013977  -1.161287    0.90801229
1.051943  -1.155345    0.74753636
1.090094  -1.148320    0.42140559
1.128402  -1.140202    0.00574703
1.166838  -1.130980   -0.40267456
1.205372  -1.120646   -0.70969021
1.243974  -1.109192   -0.84666915
1.282615  -1.096611   -0.78720762
1.321264  -1.082896   -0.55319265
1.359890  -1.068043   -0.20861593
1.398464  -1.052045    0.15731717
1.436953  -1.034899    0.45316102
1.475327  -1.016602    0.60839475
1.513554  -0.997152    0.59048174
1.551603  -0.976545    0.41164445
1.589441  -0.954783    0.12385291
1.627039  -0.931864   -0.19629457
1.664363  -0.907789   -0.46822926
1.701381  -0.882561   -0.62816939
1.738062  -0.856181   -0.64436011
1.774374  -0.828653   -0.52318669
1.810285  -0.799981   -0.30513826
1.845762  -0.770170   -0.05228830
0.155407  0.987851   -0.52233443
0.158645  1.008431   -0.53064522
0.161882  1.029011   -0.55396487
0.165120  1.049591   -0.59003680
0.168358  1.070171   -0.63659191
0.171595  1.090752   -0.69130193
0.174833  1.111332   -0.75177104
0.178070  1.131912   -0.81545027
0.181308  1.152492   -0.87976070
0.184546  1.173073   -0.94206770
0.187783  1.193653   -0.99979016
0.191021  1.214233   -1.05052740
0.194259  1.234813   -1.09209440
0.197496  1.255393   -1.12265846
0.200734  1.275974   -1.14085359
0.203972  1.296554   -1.14582100
0.207209  1.317134   -1.13729934
0.210447  1.337714   -1.11567455
0.213685  1.358294   -1.08196249
0.216922  1.378875   -1.03780179
0.220160  1.399455   -0.98541197
0.223397  1.420035   -0.92747459
0.226635  1.440615   -0.86703825
0.229873  1.461196   -0.80735872
0.233110  1.481776   -0.75175216
0.236348  1.502356   -0.70340274
0.239586  1.522936   -0.66519606
0.242823  1.543516   -0.63954966
0.246061  1.564097   -0.62826454
0.249299  1.584677   -0.63240190
0.252536  1.605257   -0.65219363
0.255774  1.625837   -0.68700440
0.259012  1.646418   -0.73533037
0.262249  1.666998   -0.79484300
0.265487  1.687578   -0.86250233
0.268724  1.708158   -0.93468645
0.271962  1.728738   -1.00737495
0.275200  1.749319   -1.07635841
0.278437  1.769899   -1.13745176
0.281675  1.790479   -1.18673653
0.284913  1.811059   -1.22077926
0.288150  1.831640   -1.23683509
0.291388  1.852220   -1.23299114
0.294626  1.872800   -1.20832753
0.297863  1.893380   -1.16297202
0.301101  1.913960   -1.09808764
0.304339  1.934541   -1.01587031
0.307576  1.955121   -0.91943508
0.310814  1.975701   -0.81260806
0.196365  -0.980531   -0.95101676
0.221237  -0.996572   -1.05584917
0.246858  -1.011993   -1.07888925
0.273215  -1.026771   -1.00665993
0.300292  -1.040882   -0.83382642
0.328071  -1.054302   -0.56732799
0.356536  -1.067008   -0.22863875
0.385669  -1.078978    0.14647433
0.415451  -1.090189    0.51122221
0.445863  -1.100619    0.81395247
0.476886  -1.110247    1.00644703
0.508499  -1.119053    1.05304726
0.540680  -1.127016    0.93889566
0.573410  -1.134116    0.67530970
0.606664  -1.140334    0.30080729
0.640422  -1.145651   -0.12336927
0.674659  -1.150049   -0.52277436
0.709351  -1.153511   -0.82334748
0.744475  -1.156020   -0.96634731
0.780005  -1.157559   -0.92153427
0.815917  -1.158113   -0.69546340
0.852184  -1.157666   -0.33237462
0.888780  -1.156204    0.09328571
0.925678  -1.153713    0.49171035
0.962853  -1.150180    0.77708886
1.000275  -1.145594    0.88706548
1.037917  -1.139941    0.79777958
1.075751  -1.133211    0.53030816
1.113747  -1.125394    0.14660390
1.151878  -1.116480   -0.26465964
1.190114  -1.106460   -0.60899711
1.228424  -1.095327   -0.80887508
1.266780  -1.083072   -0.82248853
1.305151  -1.069690   -0.65363064
1.343506  -1.055175   -0.35014968
1.381815  -1.039521    0.00874367
1.420048  -1.022724    0.33290955
1.458172  -1.004781    0.54407133
1.496157  -0.985690    0.59508729
1.533971  -0.965448    0.48060598
1.571583  -0.944055    0.23670599
1.608960  -0.921510   -0.07006743
1.646073  -0.897814   -0.36102543
1.682888  -0.872968   -0.56579084
1.719373  -0.846975   -0.63966668
1.755498  -0.819838   -0.57339656
1.791229  -0.791560   -0.39331295
1.826536  -0.762147   -0.15240515
1.861385  -0.731604    0.08479545
0.175924  0.984404   -0.77163173
0.179589  1.004912   -0.77996592
0.183254  1.025421   -0.80294491
0.186920  1.045929   -0.83771783
0.190585  1.066437   -0.88152272
0.194250  1.086946   -0.93166414
0.197915  1.107454   -0.98543137
0.201580  1.127963   -1.04011674
0.205245  1.148471   -1.09304161
0.208910  1.168979   -1.14162244
0.212575  1.189488   -1.18344284
0.216240  1.209996   -1.21633752
0.219905  1.230505   -1.23848878
0.223570  1.251013   -1.24850818
0.227236  1.271521   -1.24551819
0.230901  1.292030   -1.22920171
0.234566  1.312538   -1.19985743
0.238231  1.333047   -1.15839315
0.241896  1.353555   -1.10632080
0.245561  1.374063   -1.04569347
0.249226  1.394572   -0.97902816
0.252891  1.415080   -0.90920484
0.256556  1.435589   -0.83931193
0.260221  1.456097   -0.77251485
0.263886  1.476606   -0.71186961
0.267552  1.497114   -0.66017202
0.271217  1.517622   -0.61979568
0.274882  1.538131   -0.59253398
0.278547  1.558639   -0.57949551
0.282212  1.579148   -0.58101083
0.285877  1.599656   -0.59658516
0.289542  1.620164   -0.62489841
0.293207  1.640673   -0.66384833
0.296872  1.661181   -0.71062776
0.300537  1.681690   -0.76187352
0.304202  1.702198   -0.81380915
0.307868  1.722706   -0.86245555
0.311533  1.743215   -0.90385604
0.315198  1.763723   -0.93425249
0.318863  1.784232   -0.95034069
0.322528  1.804740   -0.94943821
0.326193  1.825249   -0.92966594
0.329858  1.845757   -0.89006002
0.333523  1.866265   -0.83065453
0.337188  1.886774   -0.75249630
0.340853  1.907282   -0.65761716
0.344518  1.927791   -0.54892877
0.348183  1.948299   -0.43009552
0.351849  1.968807   -0.30531176
0.216722  -0.976233   -1.04940555
0.241921  -0.991753   -1.06719300
0.267858  -1.006639   -1.00104135
0.294517  -1.020865   -0.84427484
0.321881  -1.034410   -0.60023106
0.349934  -1.047249   -0.28512515
0.378657  -1.059360    0.07123894
0.408032  -1.070721    0.42763270
0.438041  -1.081310    0.73633262
0.468664  -1.091105    0.95036846
0.499880  -1.100086    1.03207826
0.531669  -1.108232    0.96132909
0.564010  -1.115524    0.74162060
0.596879  -1.121941    0.40246875
0.630256  -1.127466   -0.00319969
0.664117  -1.132080   -0.40664581
0.698438  -1.135765   -0.73524365
0.733195  -1.138505   -0.92658169
0.768363  -1.140282   -0.94190633
0.803918  -1.141081   -0.77582549
0.839833  -1.140888   -0.45963128
0.876083  -1.139686   -0.05675612
0.912641  -1.137463    0.34926352
0.949480  -1.134206    0.67225260
0.986572  -1.129900    0.84249330
1.023891  -1.124536    0.82303319
1.061407  -1.118101    0.61899803
1.099093  -1.110586    0.27731131
1.136919  -1.101980   -0.12362112
1.174856  -1.092275   -0.49212938
1.212875  -1.081462   -0.74505666
1.250945  -1.069534   -0.82770137
1.289038  -1.056484   -0.72687148
1.327122  -1.042307   -0.47359123
1.365167  -1.026996   -0.13474699
1.403142  -1.010549    0.20416415
1.441017  -0.992961    0.46070228
1.478759  -0.974229    0.57584194
1.516339  -0.954351    0.52789152
1.553724  -0.933327    0.33642317
1.590882  -0.911156    0.05560596
1.627783  -0.887838   -0.24102379
1.664394  -0.863375   -0.47995553
1.700685  -0.837769   -0.60619049
1.736622  -0.811022   -0.59596246
1.772174  -0.783139   -0.46086824
1.807309  -0.754124   -0.24273060
1.841996  -0.723983   -0.00115535
1.876203  -0.692722    0.20258252
0.196365  0.980531   -0.95101676
0.200456  1.000958   -0.95871986
0.204547  1.021386   -0.97953662
0.208638  1.041814   -1.01025188
0.212729  1.062242   -1.04783956
0.216820  1.082669   -1.08938660
0.220911  1.103097   -1.13206906
0.225002  1.123525   -1.17315608
0.229093  1.143953   -1.21005178
0.233184  1.164380   -1.24035260
0.237275  1.184808   -1.26192316
0.241366  1.205236   -1.27296837
0.245457  1.225663   -1.27211453
0.249548  1.246091   -1.25847688
0.253639  1.266519   -1.23171369
0.257730  1.286947   -1.19206152
0.261821  1.307374   -1.14034701
0.265912  1.327802   -1.07796256
0.270003  1.348230   -1.00682996
0.274094  1.368658   -0.92931867
0.278184  1.389085   -0.84815466
0.282275  1.409513   -0.76625602
0.286366  1.429941   -0.68664679
0.290457  1.450368   -0.61226654
0.294548  1.470796   -0.54581371
0.298639  1.491224   -0.48960629
0.302730  1.511652   -0.44543504
0.306821  1.532079   -0.41445030
0.310912  1.552507   -0.39707771
0.315003  1.572935   -0.39297015
0.319094  1.593363   -0.40099950
0.323185  1.613790   -0.41929012
0.327276  1.634218   -0.44530729
0.331367  1.654646   -0.47596162
0.335458  1.675073   -0.50776832
0.339549  1.695501   -0.53703903
0.343640  1.715929   -0.56006152
0.347731  1.736357   -0.57331893
0.351822  1.756784   -0.57368688
0.355912  1.777212   -0.55863935
0.360003  1.797640   -0.52634859
0.364094  1.818067   -0.47588415
0.368185  1.838495   -0.40724202
0.372276  1.858923   -0.32138038
0.376367  1.879351   -0.22019241
0.380458  1.899778   -0.10642664
0.384549  1.920206    0.01645613
0.388640  1.940634    0.14444279
0.392731  1.961062    0.27318814
0.236984  -0.971514   -1.06253863
0.262501  -0.986506   -0.99559143
0.288742  -1.000848   -0.84911652
0.315691  -1.014517   -0.62357665
0.343331  -1.027490   -0.33048821
0.371645  -1.039742    0.00612551
0.400613  -1.051253    0.35073028
0.430219  -1.062001    0.66015595
0.460442  -1.071963    0.88967802
0.491261  -1.081119    1.00087328
0.522658  -1.089449    0.96961118
0.554609  -1.096932    0.79261137
0.587095  -1.103549    0.49091494
0.620091  -1.109281    0.10905683
0.653575  -1.114110   -0.29077972
0.687525  -1.118019   -0.63891118
0.721915  -1.120989   -0.87108503
0.756721  -1.123005   -0.94185385
0.791919  -1.124050   -0.83522476
0.827483  -1.124110   -0.57002576
0.863386  -1.123169   -0.19812682
0.899603  -1.121214    0.20485563
0.936107  -1.118231    0.55477636
0.972870  -1.114207    0.77713240
1.009865  -1.109132    0.82405016
1.047064  -1.102992    0.68586279
1.084438  -1.095778    0.39425072
1.121959  -1.087480    0.01563428
1.159598  -1.078090   -0.36389742
1.197325  -1.067597   -0.65873948
1.235111  -1.055996   -0.80412080
1.272925  -1.043278   -0.77150220
1.310738  -1.029439   -0.57511006
1.348519  -1.014472   -0.26783637
1.386237  -0.998374    0.07242389
1.423862  -0.981140    0.36250821
1.461362  -0.962767    0.53459414
1.498707  -0.943254    0.55247746
1.535865  -0.922599    0.41934720
1.572804  -0.900802    0.17538425
1.609493  -0.877862   -0.11392037
1.645901  -0.853782   -0.37530838
1.681996  -0.828562   -0.54642046
1.717745  -0.802207   -0.59076387
1.753118  -0.774718   -0.50532564
1.788082  -0.746102   -0.31929695
1.822606  -0.716362   -0.08475624
1.856659  -0.685506    0.13778514
1.890208  -0.653540    0.29502076
0.216722  0.976233   -1.04940555
0.221237  0.996572   -1.05584917
0.225752  1.016910   -1.07280910
0.230267  1.037248   -1.09696220
0.234782  1.057586   -1.12521717
0.239297  1.077924   -1.15465603
0.243812  1.098263   -1.18252136
0.248327  1.118601   -1.20623026
0.252842  1.138939   -1.22342439
0.257357  1.159277   -1.23202304
0.261872  1.179615   -1.23029025
0.266387  1.199954   -1.21690141
0.270902  1.220292   -1.19100335
0.275417  1.240630   -1.15226391
0.279932  1.260968   -1.10090144
0.284447  1.281306   -1.03769388
0.288962  1.301645   -0.96396038
0.293477  1.321983   -0.88152535
0.297992  1.342321   -0.79263785
0.302507  1.362659   -0.69988296
0.307022  1.382997   -0.60606297
0.311537  1.403336   -0.51406126
0.316053  1.423674   -0.42669545
0.320568  1.444012   -0.34659878
0.325083  1.464350   -0.27602153
0.329598  1.484688   -0.21674099
0.334113  1.505027   -0.16994130
0.338628  1.525365   -0.13613146
0.343143  1.545703   -0.11509699
0.347658  1.566041   -0.10589118
0.352173  1.586379   -0.10686525
0.356688  1.606718   -0.11574198
0.361203  1.627056   -0.12971404
0.365718  1.647394   -0.14560113
0.370233  1.667732   -0.16000860
0.374748  1.688070   -0.16951569
0.379263  1.708408   -0.17086921
0.383778  1.728747   -0.16117559
0.388293  1.749085   -0.13806954
0.392808  1.769423   -0.09987733
0.397323  1.789761   -0.04572512
0.401838  1.810099    0.02438414
0.406353  1.830438    0.10954534
0.410868  1.850776    0.20796912
0.415383  1.871114    0.31706365
0.419898  1.891452    0.43355215
0.424413  1.911790    0.55363727
0.428928  1.932129    0.67320088
0.433443  1.952467    0.78801082
0.257144  -0.966373   -0.99311026
0.282967  -0.980831   -0.85037664
0.309501  -0.994625   -0.63850687
0.336729  -1.007730   -0.36484888
0.364632  -1.020125   -0.04801438
0.393195  -1.031786    0.28230573
0.422397  -1.042692    0.58786471
0.452219  -1.052821    0.82708256
0.482643  -1.062152    0.96193726
0.513646  -1.070665    0.96554468
0.545209  -1.078340    0.82897183
0.577310  -1.085156    0.56556800
0.609925  -1.091096    0.21157207
0.643034  -1.096141   -0.17796302
0.676612  -1.100272   -0.53747366
0.710635  -1.103474   -0.80261649
0.745079  -1.105728   -0.92306472
0.779920  -1.107019   -0.87375397
0.815132  -1.107332   -0.66187889
0.850689  -1.106652   -0.32755067
0.886565  -1.104964    0.06272985
0.922734  -1.102256    0.42894294
0.959168  -1.098514    0.69430736
0.995839  -1.093727    0.80235405
1.032720  -1.087883    0.73018186
1.069784  -1.080970    0.49449225
1.107000  -1.072981    0.14863360
1.144340  -1.063904   -0.22923214
1.181775  -1.053732   -0.55409180
1.219276  -1.042457   -0.75404783
1.256812  -1.030072   -0.78731310
1.294354  -1.016571   -0.65197208
1.331870  -1.001948   -0.38593096
1.369332  -0.986198   -0.05702311
1.406707  -0.969319    0.25408921
1.443965  -0.951306    0.47401329
1.481075  -0.932157    0.55435043
1.518006  -0.911871    0.48272360
1.554726  -0.890448    0.28441962
1.591204  -0.867886    0.01451308
1.627408  -0.844189   -0.25713925
1.663307  -0.819356   -0.46396301
1.698869  -0.793391   -0.55898301
1.734062  -0.766297   -0.52539320
1.768856  -0.738079   -0.37895472
1.803217  -0.708742   -0.16210961
1.837115  -0.678290    0.06824957
1.870518  -0.646732    0.25579435
1.903395  -0.614075    0.35870245
0.236984  0.971514   -1.06253863
0.241921  0.991753   -1.06719300
0.246858  1.011993   -1.07888925
0.251796  1.032233   -1.09444737
0.256733  1.052473   -1.11093592
0.261670  1.072713   -1.12562958
0.266607  1.092953   -1.13601887
0.271544  1.113193   -1.13983793
0.276481  1.133432   -1.13510983
0.281419  1.153672   -1.12019932
0.286356  1.173912   -1.09388926
0.291293  1.194152   -1.05540166
0.296230  1.214392   -1.00446197
0.301167  1.234632   -0.94132009
0.306104  1.254872   -0.86675689
0.311042  1.275111   -0.78205758
0.315979  1.295351   -0.68901041
0.320916  1.315591   -0.58978117
0.325853  1.335831   -0.48686289
0.330790  1.356071   -0.38295628
0.335728  1.376311   -0.28083113
0.340665  1.396551   -0.18324203
0.345602  1.416791   -0.09271199
0.350539  1.437030   -0.01144997
0.355476  1.457270    0.05878864
0.360413  1.477510    0.11679942
0.365351  1.497750    0.16202188
0.370288  1.517990    0.19454055
0.375225  1.538230    0.21516151
0.380162  1.558470    0.22534034
0.385099  1.578709    0.22713052
0.390036  1.598949    0.22307308
0.394974  1.619189    0.21608741
0.399911  1.639429    0.20926788
0.404848  1.659669    0.20576799
0.409785  1.679909    0.20858141
0.414722  1.700149    0.22037256
0.419659  1.720389    0.24331104
0.424597  1.740628    0.27893990
0.429534  1.760868    0.32802184
0.434471  1.781108    0.39053439
0.439408  1.801348    0.46559962
0.444345  1.821588    0.55151711
0.449282  1.841828    0.64583336
0.454220  1.862068    0.74546581
0.459157  1.882307    0.84681530
0.464094  1.902547    0.94602165
0.469031  1.922787    1.03911413
0.473968  1.943027    1.12224927
0.277192  -0.960814   -0.85027428
0.303311  -0.974732   -0.64636103
0.330126  -0.987971   -0.38863851
0.357620  -1.000507   -0.09057396
0.385776  -1.012318    0.22384141
0.414575  -1.023383    0.52170082
0.443997  -1.033679    0.76524487
0.474024  -1.043185    0.91788815
0.504635  -1.051881    0.95123314
0.535809  -1.059748    0.85187339
0.567525  -1.066764    0.62635032
0.599760  -1.072911    0.30296692
0.632492  -1.078171   -0.07059653
0.665699  -1.082526   -0.43394370
0.699355  -1.085958   -0.72411638
0.733438  -1.088451   -0.88769999
0.767921  -1.089988   -0.89218853
0.802782  -1.090555   -0.73423593
0.837992  -1.090135   -0.44242374
0.873528  -1.088715   -0.07329259
0.909361  -1.086281    0.29897165
0.945465  -1.082821    0.59767059
0.981813  -1.078322    0.76013477
1.018377  -1.072773    0.75204510
1.055129  -1.066163    0.57593184
1.092040  -1.058481    0.27146243
1.129082  -1.049719   -0.09297802
1.166226  -1.039867   -0.43570846
1.203441  -1.028919   -0.68065482
1.240699  -1.016866   -0.77522794
1.277969  -1.003703   -0.70258726
1.315222  -0.989423   -0.48528891
1.352426  -0.974023   -0.17929736
1.389552  -0.957498    0.14020007
1.426568  -0.939844    0.39742059
1.463443  -0.921060    0.53444975
1.500147  -0.901143    0.52476672
1.536648  -0.880094    0.37855822
1.572914  -0.857911    0.13872857
1.608915  -0.834596   -0.13112053
1.644618  -0.810150   -0.36330915
1.679993  -0.784576   -0.50299842
1.715007  -0.757877   -0.52099187
1.749629  -0.730057   -0.41951272
1.783828  -0.701121   -0.22978782
1.817571  -0.671075   -0.00258143
1.850828  -0.639925    0.20558305
1.883568  -0.607679    0.34671611
1.915758  -0.574345    0.39263452
0.257144  0.966373   -0.99311026
0.262501  0.986506   -0.99559143
0.267858  1.006639   -1.00104135
0.273215  1.026771   -1.00665993
0.278573  1.046904   -1.00987512
0.283930  1.067037   -1.00835427
0.289287  1.087170   -0.99999973
0.294644  1.107303   -0.98300938
0.300001  1.127435   -0.95591926
0.305358  1.147568   -0.91765822
0.310716  1.167701   -0.86757846
0.316073  1.187834   -0.80553971
0.321430  1.207966   -0.73186909
0.326787  1.228099   -0.64740412
0.332144  1.248232   -0.55346841
0.337501  1.268365   -0.45183008
0.342859  1.288497   -0.34462642
0.348216  1.308630   -0.23432873
0.353573  1.328763   -0.12356353
0.358930  1.348896   -0.01504355
0.364287  1.369029    0.08857278
0.369644  1.389161    0.18481131
0.375002  1.409294    0.27152649
0.380359  1.429427    0.34695878
0.385716  1.449560    0.40991480
0.391073  1.469692    0.45978768
0.396430  1.489825    0.49661121
0.401787  1.509958    0.52107215
0.407145  1.530091    0.53449179
0.412502  1.550224    0.53872909
0.417859  1.570356    0.53614179
0.423216  1.590489    0.52941575
0.428573  1.610622    0.52143972
0.433930  1.630755    0.51513228
0.439288  1.650887    0.51328156
0.444645  1.671020    0.51834135
0.450002  1.691153    0.53232900
0.455359  1.711286    0.55665525
0.460716  1.731418    0.59202965
0.466073  1.751551    0.63839525
0.471431  1.771684    0.69491174
0.476788  1.791817    0.75995125
0.482145  1.811950    0.83120438
0.487502  1.832082    0.90576168
0.492859  1.852215    0.98027717
0.498216  1.872348    1.05113097
0.503574  1.892481    1.11463749
0.508931  1.912613    1.16723904
0.514288  1.932746    1.20573249
0.297121  -0.954840   -0.64863395
0.323524  -0.968211   -0.40240816
0.350608  -0.980889   -0.12121676
0.378357  -0.992851    0.17660232
0.406752  -1.004073    0.46368590
0.435775  -1.014536    0.70669981
0.465406  -1.024218    0.87139505
0.495624  -1.033098    0.92901280
0.526409  -1.041155    0.86286290
0.557740  -1.048371    0.67368239
0.589595  -1.054726    0.38240565
0.621951  -1.060202    0.02928591
0.654785  -1.064780   -0.33111345
0.688075  -1.068443   -0.63859060
0.721796  -1.071174   -0.83827009
0.755923  -1.072957   -0.89190343
0.790431  -1.073777   -0.78690579
0.825295  -1.073618   -0.54085872
0.860490  -1.072465   -0.19995656
0.895988  -1.070307    0.16886457
0.931763  -1.067128    0.49106067
0.967787  -1.062918    0.70010789
1.004034  -1.057664    0.75232847
1.040474  -1.051355    0.63724738
1.077081  -1.043981    0.38080966
1.113824  -1.035533    0.04028877
1.150676  -1.026002   -0.30836764
1.187606  -1.015380   -0.58779020
1.224586  -1.003660   -0.73718885
1.261585  -0.990835   -0.72648448
1.298574  -0.976899   -0.56317510
1.335521  -0.961848   -0.29007897
1.372397  -0.945677    0.02553620
1.409171  -0.928383    0.30860529
1.445811  -0.909963    0.49456982
1.482288  -0.890415    0.54468416
1.518569  -0.869740    0.45449368
1.554624  -0.847935    0.25359833
1.590421  -0.825003   -0.00301320
1.625929  -0.800944   -0.24958203
1.661116  -0.775760   -0.42619623
1.695951  -0.749456   -0.49319002
1.730402  -0.722034   -0.43975840
1.764438  -0.693500   -0.28497605
1.798027  -0.663859   -0.07133946
1.831139  -0.633117    0.14710516
1.863741  -0.601282    0.31873599
1.895802  -0.568362    0.40689740
1.927292  -0.534365    0.39789828
0.277192  0.960814   -0.85027428
0.282967  0.980831   -0.85037664
0.288742  1.000848   -0.84911652
0.294517  1.020865   -0.84427484
0.300292  1.040882   -0.83382642
0.306067  1.060899   -0.81597056
0.311842  1.080916   -0.78917417
0.317616  1.100933   -0.75223221
0.323391  1.120950   -0.70427416
0.329166  1.140967   -0.64487330
0.334941  1.160984   -0.57403989
0.340716  1.181001   -0.49225241
0.346491  1.201018   -0.40046068
0.352265  1.221035   -0.30008308
0.358040  1.241052   -0.19290933
0.363815  1.261069   -0.08112615
0.369590  1.281086    0.03282168
0.375365  1.301103    0.14631655
0.381140  1.321120    0.25668120
0.386915  1.341137    0.36130069
0.392689  1.361154    0.45773418
0.398464  1.381171    0.54388731
0.404239  1.401188    0.61804308
0.410014  1.421205    0.67900736
0.415789  1.441222    0.72616430
0.421564  1.461239    0.75951674
0.427338  1.481256    0.77968722
0.433113  1.501273    0.78792289
0.438888  1.521289    0.78599104
0.444663  1.541306    0.77611207
0.450438  1.561323    0.76084315
0.456213  1.581340    0.74292905
0.461987  1.601357    0.72514360
0.467762  1.621374    0.71014108
0.473537  1.641391    0.70027322
0.479312  1.661408    0.69745642
0.485087  1.681425    0.70304082
0.490862  1.701442    0.71771265
0.496637  1.721459    0.74143289
0.502411  1.741476    0.77341523
0.508186  1.761493    0.81215515
0.513961  1.781510    0.85548620
0.519736  1.801527    0.90069404
0.525511  1.821544    0.94465737
0.531286  1.841561    0.98401894
0.537060  1.861578    1.01537895
0.542835  1.881595    1.03548141
0.548610  1.901612    1.04142556
0.554385  1.921629    1.03083641
0.316921  -0.948452   -0.40685735
0.343596  -0.961271   -0.13973523
0.370938  -0.973383    0.14165710
0.398930  -0.984764    0.41567247
0.427553  -0.995394    0.65385145
0.456787  -1.005251    0.82510054
0.486612  -1.014314    0.90135681
0.517009  -1.022563    0.86380601
0.547955  -1.029979    0.70843461
0.579429  -1.036541    0.44954579
0.611409  -1.042232    0.12013942
0.643872  -1.047033   -0.23151667
0.676795  -1.050927   -0.54899561
0.710154  -1.053897   -0.77752625
0.743924  -1.055926   -0.87477900
0.778081  -1.056999   -0.82035721
0.812599  -1.057100   -0.62168817
0.847452  -1.056216   -0.31458984
0.882615  -1.054332    0.04227365
0.918060  -1.051435    0.37829821
0.953761  -1.047513    0.62536663
0.989690  -1.042554    0.73256784
1.025820  -1.036547    0.67792840
1.062121  -1.029482    0.47412012
1.098566  -1.021348    0.16642840
1.135126  -1.012138   -0.17686917
1.171772  -1.001842   -0.47978449
1.208473  -0.990454   -0.67600461
1.245201  -0.977967   -0.72427813
1.281925  -0.964375   -0.61787109
1.318616  -0.949672   -0.38580272
1.355242  -0.933856   -0.08546376
1.391774  -0.916921    0.21163445
1.428180  -0.898866    0.43723411
1.464429  -0.879687    0.54265403
1.500491  -0.859385    0.50985104
1.536335  -0.837959    0.35465267
1.571928  -0.815410    0.12157627
1.607240  -0.791737   -0.12826366
1.642240  -0.766945   -0.33278343
1.676895  -0.741035   -0.44410242
1.711176  -0.714011   -0.43949996
1.745049  -0.685879   -0.32556136
1.778484  -0.656643   -0.13490068
1.811449  -0.626309    0.08334739
1.843914  -0.594885    0.27654841
1.875846  -0.562379    0.40163990
1.907216  -0.528799    0.43506030
1.937991  -0.494155    0.37722087
0.297121  0.954840   -0.64863395
0.303311  0.974732   -0.64636103
0.309501  0.994625   -0.63850687
0.315691  1.014517   -0.62357665
0.321881  1.034410   -0.60023106
0.328071  1.054302   -0.56732799
0.334261  1.074195   -0.52400150
0.340451  1.094087   -0.46970350
0.346641  1.113980   -0.40426508
0.352831  1.133872   -0.32792423
0.359021  1.153765   -0.24135421
0.365211  1.173657   -0.14566399
0.371401  1.193550   -0.04238235
0.377591  1.213442    0.06657757
0.383781  1.233335    0.17898175
0.389971  1.253227    0.29234718
0.396161  1.273120    0.40404575
0.402351  1.293012    0.51140394
0.408541  1.312905    0.61182935
0.414731  1.332797    0.70292095
0.420921  1.352690    0.78259280
0.427112  1.372582    0.84918165
0.433302  1.392475    0.90150114
0.439492  1.412367    0.93896457
0.445682  1.432260    0.96158145
0.451872  1.452152    0.96997889
0.458062  1.472045    0.96536937
0.464252  1.491937    0.94950191
0.470442  1.511830    0.92456127
0.476632  1.531722    0.89306554
0.482822  1.551615    0.85771377
0.489012  1.571507    0.82124941
0.495202  1.591400    0.78628730
0.501392  1.611292    0.75517220
0.507582  1.631185    0.72982362
0.513772  1.651077    0.71162240
0.519962  1.670970    0.70131065
0.526152  1.690862    0.69893526
0.532342  1.710755    0.70383016
0.538532  1.730647    0.71463389
0.544722  1.750540    0.72936386
0.550912  1.770432    0.74550861
0.557102  1.790325    0.76018233
0.563292  1.810217    0.77027454
0.569482  1.830110    0.77265327
0.575672  1.850002    0.76433976
0.581862  1.869895    0.74271522
0.588052  1.889787    0.70568019
0.594242  1.909680    0.65181618
0.336584  -0.941654   -0.14596043
0.363520  -0.953915    0.11997423
0.391108  -0.965455    0.37933685
0.419331  -0.976252    0.60896854
0.448168  -0.986284    0.78160230
0.477601  -0.995531    0.87082481
0.507609  -1.003971    0.85680069
0.538170  -1.011586    0.73185003
0.569264  -1.018356    0.50448093
0.600868  -1.024263    0.20084124
0.632959  -1.029287   -0.13730047
0.665515  -1.033412   -0.45813981
0.698512  -1.036620   -0.70833693
0.731925  -1.038895   -0.84308174
0.765730  -1.040221   -0.83568716
0.799902  -1.040583   -0.68448310
0.834414  -1.039967   -0.41519114
0.869242  -1.038357   -0.07760852
0.904358  -1.035742    0.26309593
0.939735  -1.032109    0.53923879
0.975347  -1.027445    0.69486427
1.011165  -1.021739    0.69823221
1.047162  -1.014982    0.54956695
1.083309  -1.007163    0.28185439
1.119577  -0.998273   -0.04582270
1.155937  -0.988304   -0.36120843
1.192360  -0.977248   -0.59517167
1.228817  -0.965099   -0.69754697
1.265277  -0.951850   -0.64866987
1.301710  -0.937497   -0.46373831
1.338087  -0.922035   -0.18878992
1.374376  -0.905460    0.11064636
1.410548  -0.887768    0.36552566
1.446570  -0.868960    0.51975838
1.482413  -0.849031    0.54326682
1.518045  -0.827984    0.43825872
1.553435  -0.805816    0.23748621
1.588551  -0.782531   -0.00491999
1.623364  -0.758129   -0.22751862
1.657840  -0.732614   -0.37673565
1.691949  -0.705989   -0.41951472
1.725659  -0.678258   -0.35022619
1.758940  -0.649427   -0.19053289
1.791759  -0.619502    0.01743396
1.824087  -0.588489    0.22254993
1.855890  -0.556396    0.37764888
1.887140  -0.523233    0.45079205
1.917804  -0.489007    0.43205233
1.947852  -0.453730    0.33451934
0.316921  0.948452   -0.40685735
0.323524  0.968211   -0.40240816
0.330126  0.987971   -0.38863851
0.336729  1.007730   -0.36484888
0.343331  1.027490   -0.33048821
0.349934  1.047249   -0.28512515
0.356536  1.067008   -0.22863875
0.363139  1.086768   -0.16116981
0.369741  1.106527   -0.08326861
0.376344  1.126287    0.00417810
0.382946  1.146046    0.09983533
0.389549  1.165806    0.20204224
0.396151  1.185565    0.30873381
0.402754  1.205324    0.41761155
0.409356  1.225084    0.52610686
0.415959  1.244843    0.63157851
0.422561  1.264603    0.73131918
0.429164  1.284362    0.82276119
0.435766  1.304121    0.90350447
0.442369  1.323881    0.97151172
0.448971  1.343640    1.02512999
0.455574  1.363400    1.06324837
0.462176  1.383159    1.08529992
0.468779  1.402918    1.09134720
0.475381  1.422678    1.08204927
0.481984  1.442437    1.05866898
0.488587  1.462197    1.02298899
0.495189  1.481956    0.97724742
0.501792  1.501716    0.92400119
0.508394  1.521475    0.86601815
0.514997  1.541234    0.80609571
0.521599  1.560994    0.74693822
0.528202  1.580753    0.69097523
0.534804  1.600513    0.64024859
0.541407  1.620272    0.59625772
0.548009  1.640031    0.55990557
0.554612  1.659791    0.53139549
0.561214  1.679550    0.51025698
0.567817  1.699310    0.49532024
0.574419  1.719069    0.48482403
0.581022  1.738829    0.47647248
0.587624  1.758588    0.46761544
0.594227  1.778347    0.45536310
0.600829  1.798107    0.43682701
0.607432  1.817866    0.40923222
0.614034  1.837626    0.37019280
0.620637  1.857385    0.31778905
0.627239  1.877144    0.25081059
0.633842  1.896904    0.16877181
0.356101  -0.934448    0.11249944
0.383286  -0.946146    0.35629548
0.411109  -0.957110    0.57421742
0.439550  -0.967317    0.74343140
0.468590  -0.976747    0.84000111
0.498208  -0.985379    0.84411843
0.528385  -0.993194    0.74549534
0.559098  -1.000172    0.54776974
0.590326  -1.006293    0.27076315
0.622046  -1.011541   -0.05023070
0.654235  -1.015896   -0.36860153
0.686870  -1.019343   -0.63357794
0.719926  -1.021864   -0.79935693
0.753380  -1.023443   -0.83449338
0.787205  -1.024066   -0.72945152
0.821377  -1.023717   -0.50042929
0.855869  -1.022383   -0.18813075
0.890656  -1.020049    0.14887580
0.925710  -1.016704    0.44514176
0.961004  -1.012335    0.64174646
0.996511  -1.006931    0.69908800
1.032202  -1.000482    0.60612960
1.068051  -0.992977    0.38366746
1.104027  -0.984408    0.08055406
1.140102  -0.974765   -0.23670886
1.176247  -0.964042   -0.49867862
1.212432  -0.952231   -0.64869880
1.248628  -0.939326   -0.65586615
1.284805  -0.925322   -0.52201854
1.320932  -0.910214   -0.28100139
1.356979  -0.893998    0.00970599
1.392916  -0.876671    0.28293454
1.428711  -0.858232    0.47788211
1.464335  -0.838677    0.55436888
1.499755  -0.818008    0.50170132
1.534942  -0.796223    0.34018607
1.569863  -0.773325    0.11505536
1.604487  -0.749314   -0.11547048
1.638784  -0.724193   -0.29478602
1.672722  -0.697966   -0.38145212
1.706270  -0.670637   -0.35844787
1.739396  -0.642211   -0.23598505
1.772070  -0.612694   -0.04753195
1.804260  -0.582092    0.15961182
1.835935  -0.550414    0.33658527
1.867064  -0.517666    0.44491068
1.897617  -0.483860    0.46516689
1.927562  -0.449004    0.40051389
1.956870  -0.413110    0.27447431
0.336584  0.941654   -0.14596043
0.343596  0.961271   -0.13973523
0.350608  0.980889   -0.12121676
0.357620  1.000507   -0.09057396
0.364632  1.020125   -0.04801438
0.371645  1.039742    0.00612551
0.378657  1.059360    0.07123894
0.385669  1.078978    0.14647433
0.392681  1.098596    0.23063898
0.399693  1.118214    0.32219785
0.406705  1.137831    0.41928023
0.413718  1.157449    0.51972353
0.420730  1.177067    0.62107235
0.427742  1.196685    0.72072676
0.434754  1.216302    0.81597814
0.441766  1.235920    0.90412721
0.448778  1.255538    0.98258708
0.455791  1.275156    1.04900598
0.462803  1.294774    1.10134605
0.469815  1.314391    1.13802708
0.476827  1.334009    1.15797872
0.483839  1.353627    1.16070922
0.490851  1.373245    1.14634239
0.497863  1.392863    1.11562393
0.504876  1.412480    1.06989516
0.511888  1.432098    1.01104304
0.518900  1.451716    0.94140730
0.525912  1.471334    0.86367232
0.532924  1.490951    0.78073501
0.539936  1.510569    0.69555041
0.546949  1.530187    0.61097932
0.553961  1.549805    0.52966252
0.560973  1.569423    0.45383050
0.567985  1.589040    0.38521332
0.574997  1.608658    0.32493635
0.582009  1.628276    0.27345860
0.589022  1.647894    0.23053730
0.596034  1.667511    0.19528095
0.603046  1.687129    0.16615581
0.610058  1.706747    0.14111023
0.617070  1.726365    0.11770171
0.624082  1.745983    0.09325340
0.631095  1.765600    0.06501877
0.638107  1.785218    0.03041677
0.645119  1.804836   -0.01285819
0.652131  1.824454   -0.06661618
0.659143  1.844072   -0.13203711
0.666155  1.863689   -0.20955693
0.673168  1.883307   -0.29880702
0.375464  -0.926837    0.34821578
0.402886  -0.937968    0.55172183
0.430931  -0.948350    0.71305039
0.459578  -0.957963    0.81147124
0.488808  -0.966787    0.82813435
0.518600  -0.974801    0.75117465
0.548933  -0.981987    0.58029504
0.579785  -0.988324    0.32967678
0.611133  -0.993794    0.02833934
0.642955  -0.998381   -0.28266065
0.675228  -1.002066   -0.55603330
0.707928  -1.004833   -0.74631628
0.741029  -1.006666   -0.81879728
0.774508  -1.007549   -0.75740989
0.808339  -1.007468   -0.56967152
0.842496  -1.006408   -0.28722940
0.876953  -1.004356    0.03868516
0.911684  -1.001299    0.34642000
0.946660  -0.997226    0.57603736
0.981856  -0.992124    0.68202472
1.017243  -0.985982    0.64351415
1.052793  -0.978792    0.46966915
1.088477  -0.970543    0.19851986
1.124267  -0.961227   -0.11078855
1.160134  -0.950836   -0.39080396
1.196048  -0.939363   -0.58081591
1.231980  -0.926802   -0.64063182
1.267900  -0.913147   -0.55969664
1.303777  -0.898393   -0.35933072
1.339582  -0.882536   -0.08741301
1.375284  -0.865574    0.19317427
1.410852  -0.847504    0.41957743
1.446257  -0.828323    0.54373880
1.481466  -0.808032    0.54327467
1.516448  -0.786630    0.42595449
1.551174  -0.764119    0.22670595
1.585611  -0.740498   -0.00178219
1.619729  -0.715772   -0.20245042
1.653495  -0.689944   -0.32772400
1.686880  -0.663016   -0.35049818
1.719852  -0.634995   -0.26958690
1.752380  -0.605886   -0.10864371
1.784433  -0.575696    0.09090545
1.815979  -0.544431    0.28086180
1.846988  -0.512100    0.41828382
1.877429  -0.478712    0.47553489
1.907272  -0.444278    0.44602722
1.936486  -0.408806    0.34450331
1.965041  -0.372310    0.20212588
0.356101  0.934448    0.11249944
0.363520  0.953915    0.11997423
0.370938  0.973383    0.14165710
0.378357  0.992851    0.17660232
0.385776  1.012318    0.22384141
0.393195  1.031786    0.28230573
0.400613  1.051253    0.35073028
0.408032  1.070721    0.42763270
0.415451  1.090189    0.51122221
0.422870  1.109656    0.59943914
0.430289  1.129124    0.68996781
0.437707  1.148592    0.78026995
0.445126  1.168059    0.86768968
0.452545  1.187527    0.94947947
0.459964  1.206995    1.02293179
0.467382  1.226462    1.08547118
0.474801  1.245930    1.13478794
0.482220  1.265398    1.16890131
0.489639  1.284865    1.18628516
0.497057  1.304333    1.18594288
0.504476  1.323801    1.16746615
0.511895  1.343268    1.13107187
0.519314  1.362736    1.07760822
0.526732  1.382204    1.00854155
0.534151  1.401671    0.92587682
0.541570  1.421139    0.83210308
0.548989  1.440607    0.73007121
0.556408  1.460074    0.62286325
0.563826  1.479542    0.51365148
0.571245  1.499010    0.40551149
0.578664  1.518477    0.30132654
0.586083  1.537945    0.20359942
0.593501  1.557413    0.11435399
0.600920  1.576880    0.03498325
0.608339  1.596348   -0.03374734
0.615758  1.615816   -0.09177949
0.623176  1.635283   -0.13973293
0.630595  1.654751   -0.17889207
0.638014  1.674218   -0.21106613
0.645433  1.693686   -0.23849437
0.652852  1.713154   -0.26369874
0.660270  1.732621   -0.28929680
0.667689  1.752089   -0.31784964
0.675108  1.771557   -0.35163809
0.682527  1.791024   -0.39252081
0.689945  1.810492   -0.44176587
0.697364  1.829960   -0.49997334
0.704783  1.849427   -0.56694136
0.712202  1.868895   -0.64167134
0.394664  -0.918825    0.54370650
0.422312  -0.929383    0.69293096
0.450567  -0.939180    0.78781963
0.479408  -0.948195    0.81129737
0.508815  -0.956409    0.75088479
0.538767  -0.963802    0.60328754
0.569243  -0.970354    0.37778060
0.600220  -0.976048    0.09747608
0.631676  -0.980866   -0.20226907
0.663586  -0.984789   -0.47831174
0.695929  -0.987802   -0.68671463
0.728679  -0.989888   -0.79091559
0.761811  -0.991032   -0.76968935
0.795301  -0.991218   -0.62288347
0.829123  -0.990433   -0.37345931
0.863251  -0.988663   -0.06485508
0.897658  -0.985895    0.24626015
0.932317  -0.982116    0.50073444
0.967202  -0.977316    0.64904832
1.002284  -0.971483    0.66214097
1.037535  -0.964606    0.53841484
1.072928  -0.956678    0.30494725
1.108433  -0.947688    0.01234879
1.144021  -0.937630   -0.27591743
1.179664  -0.926495   -0.49746276
1.215332  -0.914277   -0.60492014
1.250994  -0.900971   -0.57668917
1.286622  -0.886572   -0.42175008
1.322185  -0.871075   -0.17733799
1.357652  -0.854477    0.10000691
1.392994  -0.836776    0.34791611
1.428178  -0.817969    0.51282294
1.463176  -0.798057    0.56229699
1.497955  -0.777037    0.49198333
1.532485  -0.754912    0.32567551
1.566735  -0.731683    0.10860611
1.600673  -0.707352   -0.10417099
1.634269  -0.681921   -0.26134021
1.667491  -0.655395   -0.32737808
1.700309  -0.627779   -0.29029246
1.732690  -0.599078   -0.16328616
1.764606  -0.569299    0.01975264
1.796023  -0.538448    0.21349837
1.826912  -0.506534    0.37274884
1.857242  -0.473565    0.46326865
1.886982  -0.439551    0.46938161
1.916102  -0.404503    0.39662652
1.944572  -0.368432    0.26911275
1.972361  -0.331349    0.12254710
0.375464  0.926837    0.34821578
0.383286  0.946146    0.35629548
0.391108  0.965455    0.37933685
0.398930  0.984764    0.41567247
0.406752  1.004073    0.46368590
0.414575  1.023383    0.52170082
0.422397  1.042692    0.58786471
0.430219  1.062001    0.66015595
0.438041  1.081310    0.73633262
0.445863  1.100619    0.81395247
0.453685  1.119928    0.89040902
0.461508  1.139237    0.96299564
0.469330  1.158546    1.02895551
0.477152  1.177855    1.08561274
0.484974  1.197165    1.13044466
0.492796  1.216474    1.16118857
0.500618  1.235783    1.17594916
0.508441  1.255092    1.17328568
0.516263  1.274401    1.15229867
0.524085  1.293710    1.11268291
0.531907  1.313019    1.05476655
0.539729  1.332328    0.97951910
0.547551  1.351637    0.88853019
0.555374  1.370946    0.78394766
0.563196  1.390256    0.66843519
0.571018  1.409565    0.54501311
0.578840  1.428874    0.41695733
0.586662  1.448183    0.28765162
0.594484  1.467492    0.16043233
0.602306  1.486801    0.03843392
0.610129  1.506110   -0.07557038
0.617951  1.525419   -0.17924802
0.625773  1.544728   -0.27089113
0.633595  1.564038   -0.34944028
0.641417  1.583347   -0.41454099
0.649239  1.602656   -0.46654157
0.657062  1.621965   -0.50646599
0.664884  1.641274   -0.53589832
0.672706  1.660583   -0.55692795
0.680528  1.679892   -0.57196809
0.688350  1.699201   -0.58360170
0.696172  1.718510   -0.59440477
0.703995  1.737820   -0.60677122
0.711817  1.757129   -0.62272631
0.719639  1.776438   -0.64379903
0.727461  1.795747   -0.67088279
0.735283  1.815056   -0.70415348
0.743105  1.834365   -0.74302675
0.750928  1.853674   -0.78616380
0.413694  -0.910416    0.68562976
0.441556  -0.920396    0.77164512
0.470008  -0.929603    0.79609508
0.499030  -0.938016    0.74674056
0.528602  -0.945617    0.61818774
0.558702  -0.952385    0.41559045
0.589307  -0.958302    0.15663469
0.620396  -0.963350   -0.12898884
0.651944  -0.967512   -0.40278170
0.683930  -0.970771   -0.62327523
0.716328  -0.973110   -0.75336404
0.749114  -0.974514   -0.76803881
0.782263  -0.974969   -0.66062086
0.815750  -0.974458   -0.44598553
0.849548  -0.972970   -0.15967139
0.883632  -0.970490    0.14756459
0.917974  -0.967007    0.41885525
0.952547  -0.962508    0.60252330
0.987324  -0.956983    0.66304197
1.022277  -0.950421    0.58920662
1.057378  -0.942813    0.39741693
1.092598  -0.934150    0.12897948
1.127908  -0.924424   -0.15829359
1.163280  -0.913627   -0.40250518
1.198683  -0.901753   -0.55131416
1.234089  -0.888796   -0.57371690
1.269467  -0.874751   -0.46699945
1.304788  -0.859613   -0.25720780
1.340020  -0.843380    0.00708031
1.375135  -0.826048    0.26630176
1.410100  -0.807615    0.46382237
1.444886  -0.788081    0.55906313
1.479462  -0.767444    0.53647629
1.513796  -0.745706    0.40839954
1.547858  -0.722868    0.21115586
1.581617  -0.698931   -0.00444450
1.615042  -0.673898   -0.18572690
1.648102  -0.647775   -0.29073393
1.680765  -0.620564   -0.29770269
1.713001  -0.592271   -0.20926208
1.744779  -0.562902   -0.05055524
1.776067  -0.532465    0.13794582
1.806836  -0.500968    0.31097822
1.837054  -0.468418    0.42957216
1.866692  -0.434825    0.47004247
1.895718  -0.400200    0.42876516
1.924102  -0.364553    0.32185577
1.951816  -0.327898    0.18008552
1.978827  -0.290245    0.04057546
0.394664  0.918825    0.54370650
0.402886  0.937968    0.55172183
0.411109  0.957110    0.57421742
0.419331  0.976252    0.60896854
0.427553  0.995394    0.65385145
0.435775  1.014536    0.70669981
0.443997  1.033679    0.76524487
0.452219  1.052821    0.82708256
0.460442  1.071963    0.88967802
0.468664  1.091105    0.95036846
0.476886  1.110247    1.00644703
0.485108  1.129390    1.05520786
0.493330  1.148532    1.09403000
0.501552  1.167674    1.12047785
0.509775  1.186816    1.13239195
0.517997  1.205958    1.12799148
0.526219  1.225101    1.10595845
0.534441  1.244243    1.06551438
0.542663  1.263385    1.00648150
0.550885  1.282527    0.92931567
0.559108  1.301669    0.83510590
0.567330  1.320812    0.72559309
0.575552  1.339954    0.60306780
0.583774  1.359096    0.47032285
0.591996  1.378238    0.33054447
0.600218  1.397380    0.18718512
0.608441  1.416523    0.04380551
0.616663  1.435665   -0.09601631
0.624885  1.454807   -0.22893195
0.633107  1.473949   -0.35190947
0.641329  1.493091   -0.46238293
0.649552  1.512234   -0.55837570
0.657774  1.531376   -0.63853863
0.665996  1.550518   -0.70226995
0.674218  1.569660   -0.74967929
0.682440  1.588802   -0.78157293
0.690662  1.607944   -0.79938820
0.698885  1.627087   -0.80509544
0.707107  1.646229   -0.80105356
0.715329  1.665371   -0.78987604
0.723551  1.684513   -0.77424596
0.731773  1.703655   -0.75674536
0.739995  1.722798   -0.73968454
0.748218  1.741940   -0.72495315
0.756440  1.761082   -0.71388260
0.764662  1.780224   -0.70715879
0.772884  1.799366   -0.70476356
0.781106  1.818509   -0.70596639
0.789328  1.837651   -0.70935479
0.432544  -0.901613    0.76562831
0.460608  -0.911011    0.78505616
0.489245  -0.919624    0.74095045
0.518437  -0.927432    0.62663796
0.548160  -0.934415    0.44393188
0.578394  -0.940555    0.20562741
0.609116  -0.945835   -0.06404043
0.640303  -0.950235   -0.33153516
0.671931  -0.953740   -0.55859488
0.703978  -0.956332   -0.70875486
0.736417  -0.957997   -0.75453100
0.769226  -0.958719   -0.68392671
0.802377  -0.958484   -0.50455940
0.835846  -0.957277   -0.24419374
0.869606  -0.955085    0.05286908
0.903630  -0.951897    0.33332966
0.937892  -0.947700    0.54505355
0.972365  -0.942483    0.64777408
1.007019  -0.936236    0.62204641
1.041828  -0.928948    0.47420787
1.076763  -0.920612    0.23591743
1.111795  -0.911218   -0.04194517
1.146896  -0.900759   -0.29992446
1.182035  -0.889229   -0.48287053
1.217184  -0.876621   -0.55221113
1.252312  -0.862930   -0.49457809
1.287391  -0.848152   -0.32477008
1.322389  -0.832283   -0.08221165
1.357276  -0.815320    0.17832871
1.392022  -0.797261    0.39953410
1.426596  -0.778105    0.53477845
1.460968  -0.757851    0.55864655
1.495107  -0.736500    0.47220762
1.528982  -0.714052    0.30189683
1.562562  -0.690510    0.09240277
1.595815  -0.665876   -0.10455561
1.628712  -0.640154   -0.24273619
1.661221  -0.613348   -0.29203352
1.693311  -0.585463   -0.24487429
1.724951  -0.556506   -0.11690895
1.756111  -0.526483    0.05789893
1.786760  -0.495401    0.23631453
1.816867  -0.463270    0.37664057
1.846402  -0.430099    0.44859607
1.875334  -0.395897    0.43989380
1.903633  -0.360675    0.35814000
1.931270  -0.324446    0.22783237
1.958215  -0.287222    0.08346415
1.984437  -0.249015   -0.03937628
0.413694  0.910416    0.68562976
0.422312  0.929383    0.69293096
0.430931  0.948350    0.71305039
0.439550  0.967317    0.74343140
0.448168  0.986284    0.78160230
0.456787  1.005251    0.82510054
0.465406  1.024218    0.87139505
0.474024  1.043185    0.91788815
0.482643  1.062152    0.96193726
0.491261  1.081119    1.00087328
0.499880  1.100086    1.03207826
0.508499  1.119053    1.05304726
0.517117  1.138020    1.06148302
0.525736  1.156987    1.05537460
0.534354  1.175954    1.03310504
0.542973  1.194921    0.99350717
0.551592  1.213888    0.93596602
0.560210  1.232855    0.86046544
0.568829  1.251822    0.76758835
0.577448  1.270789    0.65857927
0.586066  1.289756    0.53530340
0.594685  1.308723    0.40015731
0.603303  1.327690    0.25608183
0.611922  1.346657    0.10635752
0.620541  1.365624   -0.04542388
0.629159  1.384591   -0.19553944
0.637778  1.403558   -0.34032730
0.646397  1.422525   -0.47625546
0.655015  1.441492   -0.60011475
0.663634  1.460459   -0.70918904
0.672252  1.479426   -0.80128759
0.680871  1.498393   -0.87492443
0.689490  1.517360   -0.92930120
0.698108  1.536327   -0.96436505
0.706727  1.555294   -0.98080547
0.715346  1.574261   -0.97996175
0.723964  1.593228   -0.96375865
0.732583  1.612195   -0.93458703
0.741201  1.631162   -0.89514525
0.749820  1.650129   -0.84828682
0.758439  1.669096   -0.79684852
0.767057  1.688063   -0.74348767
0.775676  1.707030   -0.69051350
0.784295  1.725997   -0.63977210
0.792913  1.744964   -0.59253700
0.801532  1.763931   -0.54942256
0.810150  1.782898   -0.51039715
0.818769  1.801865   -0.47475291
0.827388  1.820832   -0.44121141
0.451208  -0.892419    0.78077933
0.479461  -0.901232    0.73577070
0.508271  -0.909247    0.63039977
0.537619  -0.916446    0.46382888
0.567481  -0.922809    0.24458325
0.597836  -0.928319   -0.00829751
0.628661  -0.932958   -0.26633176
0.659932  -0.936709   -0.49508412
0.691627  -0.939555   -0.65969309
0.723721  -0.941480   -0.73145248
0.756188  -0.942470   -0.69427927
0.789004  -0.942509   -0.54946160
0.822144  -0.941584   -0.31742480
0.855580  -0.939681   -0.03571652
0.889287  -0.936788    0.24691645
0.923238  -0.932892    0.47936048
0.957405  -0.927983    0.61830789
0.991761  -0.922050    0.63757566
1.026279  -0.915083    0.53432835
1.060928  -0.907073    0.33062705
1.095682  -0.898012    0.06951757
1.130511  -0.887891   -0.19363642
1.165387  -0.876704   -0.40294493
1.200278  -0.864445   -0.51418864
1.235157  -0.851109   -0.50470309
1.269993  -0.836690   -0.37841314
1.304757  -0.821186   -0.16487830
1.339417  -0.804592    0.08759713
1.373944  -0.786907    0.32319528
1.408307  -0.768129    0.49144467
1.442475  -0.748258    0.55868681
1.476418  -0.727294    0.51538991
1.510106  -0.705237    0.37761175
1.543506  -0.682089    0.18242172
1.576589  -0.657853   -0.02155454
1.609323  -0.632533   -0.18596172
1.641677  -0.606132   -0.27408542
1.673621  -0.578655   -0.26897138
1.705124  -0.550109   -0.17650048
1.736156  -0.520500   -0.02288176
1.766684  -0.489835    0.15257346
1.796680  -0.458123    0.30749842
1.826112  -0.425372    0.40667506
1.854950  -0.391593    0.43004726
1.883164  -0.356797    0.37664140
1.910725  -0.320994    0.26369517
1.937602  -0.284198    0.12148318
1.963766  -0.246421   -0.01472680
1.989188  -0.207677   -0.11343508
0.432544  0.901613    0.76562831
0.441556  0.920396    0.77164512
0.450567  0.939180    0.78781963
0.459578  0.957963    0.81147124
0.468590  0.976747    0.84000111
0.477601  0.995531    0.87082481
0.486612  1.014314    0.90135681
0.495624  1.033098    0.92901280
0.504635  1.051881    0.95123314
0.513646  1.070665    0.96554468
0.522658  1.089449    0.96961118
0.531669  1.108232    0.96132909
0.540680  1.127016    0.93889566
0.549692  1.145799    0.90088369
0.558703  1.164583    0.84635634
0.567714  1.183367    0.77488180
0.576726  1.202150    0.68660389
0.585737  1.220934    0.58230890
0.594748  1.239717    0.46336650
0.603760  1.258501    0.33173800
0.612771  1.277285    0.18997485
0.621782  1.296068    0.04106618
0.630794  1.314852   -0.11162557
0.639805  1.333635   -0.26443145
0.648817  1.352419   -0.41362001
0.657828  1.371203   -0.55542360
0.666839  1.389986   -0.68628785
0.675851  1.408770   -0.80297723
0.684862  1.427553   -0.90267345
0.693873  1.446337   -0.98316520
0.702885  1.465121   -1.04289560
0.711896  1.483904   -1.08101440
0.720907  1.502688   -1.09744246
0.729919  1.521471   -1.09283970
0.738930  1.540255   -1.06855562
0.747941  1.559039   -1.02656749
0.756953  1.577822   -0.96935520
0.765964  1.596606   -0.89977340
0.774975  1.615389   -0.82089489
0.783987  1.634173   -0.73583557
0.792998  1.652957   -0.64762671
0.802009  1.671740   -0.55901771
0.811021  1.690524   -0.47235202
0.820032  1.709307   -0.38949106
0.829043  1.728091   -0.31168212
0.838055  1.746875   -0.23954375
0.847066  1.765658   -0.17309365
0.856077  1.784442   -0.11173846
0.865089  1.803225   -0.05437214
0.469676  -0.882839    0.73351935
0.498106  -0.891062    0.63128920
0.527077  -0.898476    0.47647480
0.556568  -0.905063    0.27386720
0.586556  -0.910804    0.03768466
0.617019  -0.915681   -0.20864757
0.647934  -0.919678   -0.43493161
0.679277  -0.922777   -0.60871964
0.711024  -0.924963   -0.70121440
0.743150  -0.926220   -0.69345836
0.775631  -0.926534   -0.58145334
0.808441  -0.925891   -0.37889323
0.841554  -0.924276   -0.11653718
0.874944  -0.921678    0.16208347
0.908583  -0.918084    0.40814764
0.942446  -0.913484    0.57691643
0.976504  -0.907865    0.63699196
1.010729  -0.901218    0.57749842
1.045094  -0.893535    0.41125683
1.079569  -0.884806    0.17299759
1.114127  -0.875023   -0.08736279
1.148738  -0.864180   -0.31502851
1.183373  -0.852270   -0.46212888
1.218002  -0.839288   -0.49823945
1.252596  -0.825229   -0.41718193
1.287125  -0.810089   -0.23838900
1.321558  -0.793864   -0.00243638
1.355866  -0.776553    0.23831068
1.390017  -0.758154    0.43170486
1.423982  -0.738665    0.53770271
1.457730  -0.718087    0.53720832
1.491229  -0.696421    0.43590685
1.524450  -0.673668    0.26216616
1.557362  -0.649831    0.05968893
1.589933  -0.624912   -0.12322796
1.622133  -0.598916   -0.24516411
1.653932  -0.571848   -0.28097539
1.685297  -0.543712   -0.22697154
1.716200  -0.514517   -0.10077893
1.746608  -0.484269    0.06384438
1.776492  -0.452975    0.22581945
1.805821  -0.420646    0.34683020
1.834566  -0.387290    0.40027908
1.862695  -0.352919    0.37695144
1.890179  -0.317543    0.28625077
1.916989  -0.281175    0.15289325
1.943095  -0.243827    0.01012000
1.968468  -0.205514   -0.10875175
1.993078  -0.166250   -0.17833902
0.451208  0.892419    0.78077933
0.460608  0.911011    0.78505616
0.470008  0.929603    0.79609508
0.479408  0.948195    0.81129737
0.488808  0.966787    0.82813435
0.498208  0.985379    0.84411843
0.507609  1.003971    0.85680069
0.517009  1.022563    0.86380601
0.526409  1.041155    0.86286290
0.535809  1.059748    0.85187339
0.545209  1.078340    0.82897183
0.554609  1.096932    0.79261137
0.564010  1.115524    0.74162060
0.573410  1.134116    0.67530970
0.582810  1.152708    0.59347773
0.592210  1.171300    0.49648928
0.601610  1.189892    0.38529112
0.611010  1.208484    0.26141461
0.620411  1.227076    0.12694000
0.629811  1.245668   -0.01549652
0.639211  1.264260   -0.16285662
0.648611  1.282852   -0.31174173
0.658011  1.301444   -0.45852222
0.667411  1.320036   -0.59946883
0.676811  1.338628   -0.73089416
0.686212  1.357221   -0.84930852
0.695612  1.375813   -0.95151768
0.705012  1.394405   -1.03482295
0.714412  1.412997   -1.09708853
0.723812  1.431589   -1.13684439
0.733212  1.450181   -1.15334861
0.742613  1.468773   -1.14661643
0.752013  1.487365   -1.11741620
0.761413  1.505957   -1.06723071
0.770813  1.524549   -0.99818081
0.780213  1.543141   -0.91292274
0.789613  1.561733   -0.81451921
0.799014  1.580325   -0.70628327
0.808414  1.598917   -0.59165491
0.817814  1.617509   -0.47399065
0.827214  1.636101   -0.35644288
0.836614  1.654694   -0.24181349
0.846014  1.673286   -0.13244149
0.855415  1.691878   -0.03010236
0.864815  1.710470    0.06399568
0.874215  1.729062    0.14929195
0.883615  1.747654    0.22580484
0.893015  1.766246    0.29408176
0.902415  1.784838    0.35510556
0.487940  -0.872877    0.63117524
0.516535  -0.880507    0.48313483
0.545655  -0.887316    0.29401415
0.575276  -0.893288    0.07359225
0.605377  -0.898404   -0.15966354
0.635935  -0.902647   -0.38005729
0.666926  -0.905999   -0.55822790
0.698327  -0.908446   -0.66626674
0.730113  -0.909971   -0.68348877
0.762258  -0.910559   -0.60169353
0.794739  -0.910198   -0.42859764
0.827528  -0.908872   -0.18842227
0.860600  -0.906569    0.08095105
0.893929  -0.903277    0.33403355
0.927486  -0.898984    0.52604538
0.961246  -0.893679    0.62194450
0.995179  -0.887353    0.60406561
1.029259  -0.879996    0.47666470
1.063456  -0.871600    0.26598935
1.097743  -0.862155    0.01554183
1.132090  -0.851656   -0.22260800
1.166468  -0.840095   -0.39881476
1.200847  -0.827467   -0.47660752
1.235199  -0.813767   -0.44077166
1.269493  -0.798992   -0.30076680
1.303699  -0.783136   -0.08859425
1.337787  -0.766199    0.14847623
1.371727  -0.748178    0.35870063
1.405489  -0.729072    0.49759405
1.439041  -0.708881    0.53787243
1.472353  -0.687606    0.47526736
1.505395  -0.665247    0.32883478
1.538135  -0.641808    0.13584903
1.570544  -0.617291   -0.05747163
1.602590  -0.591700   -0.20699339
1.634242  -0.565040   -0.28087593
1.665470  -0.537316   -0.26647830
1.696244  -0.508534   -0.17245047
1.726532  -0.478702   -0.02572271
1.756305  -0.447828    0.13573045
1.785531  -0.415920    0.27237479
1.814182  -0.382987    0.35255889
1.842226  -0.349041    0.35956099
1.869634  -0.314091    0.29476598
1.896376  -0.278151    0.17633670
1.922424  -0.241233    0.03393995
1.947747  -0.203351   -0.09897272
1.972317  -0.164518   -0.19339781
1.996106  -0.124750   -0.23146233
0.469676  0.882839    0.73351935
0.479461  0.901232    0.73577070
0.489245  0.919624    0.74095045
0.499030  0.938016    0.74674056
0.508815  0.956409    0.75088479
0.518600  0.974801    0.75117465
0.528385  0.993194    0.74549534
0.538170  1.011586    0.73185003
0.547955  1.029979    0.70843461
0.557740  1.048371    0.67368239
0.567525  1.066764    0.62635032
0.577310  1.085156    0.56556800
0.587095  1.103549    0.49091494
0.596879  1.121941    0.40246875
0.606664  1.140334    0.30080729
0.616449  1.158726    0.18708549
0.626234  1.177119    0.06299469
0.636019  1.195511   -0.06925676
0.645804  1.213904   -0.20699184
0.655589  1.232296   -0.34713697
0.665374  1.250689   -0.48632064
0.675159  1.269081   -0.62098098
0.684944  1.287474   -0.74750116
0.694729  1.305866   -0.86233727
0.704513  1.324259   -0.96216048
0.714298  1.342651   -1.04401349
0.724083  1.361044   -1.10539789
0.733868  1.379436   -1.14440788
0.743653  1.397828   -1.15981448
0.753438  1.416221   -1.15112008
0.763223  1.434613   -1.11858669
0.773008  1.453006   -1.06322957
0.782793  1.471398   -0.98677918
0.792578  1.489791   -0.89160472
0.802363  1.508183   -0.78061891
0.812147  1.526576   -0.65715474
0.821932  1.544968   -0.52478906
0.831717  1.563361   -0.38723897
0.841502  1.581753   -0.24817486
0.851287  1.600146   -0.11106826
0.861072  1.618538    0.02093747
0.870857  1.636931    0.14515162
0.880642  1.655323    0.25942047
0.890427  1.673716    0.36218794
0.900212  1.692108    0.45251777
0.909997  1.710501    0.53007811
0.919782  1.728893    0.59509837
0.929566  1.747286    0.64827569
0.939351  1.765678    0.69070974
0.505994  -0.862537    0.48507159
0.534741  -0.869570    0.30566614
0.563996  -0.875773    0.09930525
0.593735  -0.881127   -0.12031669
0.623936  -0.885615   -0.33215789
0.654576  -0.889221   -0.51045619
0.685630  -0.891928   -0.62902842
0.717075  -0.893721   -0.66653911
0.748885  -0.894585   -0.61166410
0.781036  -0.894505   -0.46700643
0.813502  -0.893467   -0.25066044
0.846257  -0.891459    0.00528702
0.879274  -0.888469    0.25942369
0.912527  -0.884484    0.46822271
0.945988  -0.879494    0.59442672
0.979630  -0.873489    0.61494905
1.013424  -0.866458    0.52637000
1.047343  -0.858393    0.34662260
1.081359  -0.849287    0.11216847
1.115441  -0.839131   -0.12898937
1.149562  -0.827920   -0.32719375
1.183692  -0.815646   -0.44167414
1.217802  -0.802306   -0.44948140
1.251861  -0.787895   -0.35061883
1.285840  -0.772408   -0.16808988
1.319709  -0.755845    0.05724143
1.353438  -0.738202    0.27589113
1.386995  -0.719479    0.44091244
1.420352  -0.699675    0.51844909
1.453477  -0.678790    0.49507648
1.486339  -0.656826    0.38036652
1.518909  -0.633785    0.20401955
1.551154  -0.609670    0.00842148
1.583046  -0.584484   -0.16159998
1.614552  -0.558232   -0.26919480
1.645643  -0.530919   -0.29375334
1.676288  -0.502552   -0.23499157
1.706456  -0.473136   -0.11211999
1.736117  -0.442680    0.04156526
1.765241  -0.411193    0.18717257
1.793798  -0.378684    0.28963911
1.821757  -0.345162    0.32579580
1.849088  -0.310640    0.28923266
1.875763  -0.275128    0.19090731
1.901752  -0.238639    0.05560672
1.927026  -0.201188   -0.08470465
1.951556  -0.162786   -0.19892282
1.975313  -0.123451   -0.26416286
1.998269  -0.083197   -0.27080232
0.487940  0.872877    0.63117524
0.498106  0.891062    0.63128920
0.508271  0.909247    0.63039977
0.518437  0.927432    0.62663796
0.528602  0.945617    0.61818774
0.538767  0.963802    0.60328754
0.548933  0.981987    0.58029504
0.559098  1.000172    0.54776974
0.569264  1.018356    0.50448093
0.579429  1.036541    0.44954579
0.589595  1.054726    0.38240565
0.599760  1.072911    0.30296692
0.609925  1.091096    0.21157207
0.620091  1.109281    0.10905683
0.630256  1.127466   -0.00319969
0.640422  1.145651   -0.12336927
0.650587  1.163836   -0.24910750
0.660753  1.182021   -0.37770664
0.670918  1.200206   -0.50607246
0.681083  1.218391   -0.63090541
0.691249  1.236576   -0.74877292
0.701414  1.254761   -0.85620815
0.711580  1.272946   -0.94990816
0.721745  1.291131   -1.02679992
0.731911  1.309315   -1.08422514
0.742076  1.327500   -1.12001891
0.752241  1.345685   -1.13263513
0.762407  1.363870   -1.12120920
0.772572  1.382055   -1.08562245
0.782738  1.400240   -1.02650407
0.792903  1.418425   -0.94524968
0.803069  1.436610   -0.84393124
0.813234  1.454795   -0.72527963
0.823399  1.472980   -0.59252149
0.833565  1.491165   -0.44927367
0.843730  1.509350   -0.29944027
0.853896  1.527535   -0.14697046
0.864061  1.545720    0.00419717
0.874227  1.563905    0.15039032
0.884392  1.582089    0.28823628
0.894557  1.600274    0.41487303
0.904723  1.618459    0.52799503
0.914888  1.636644    0.62588580
0.925054  1.654829    0.70751827
0.935219  1.673014    0.77246689
0.945384  1.691199    0.82093086
0.955550  1.709384    0.85362975
0.965715  1.727569    0.87169628
0.975881  1.745754    0.87659281
0.523828  -0.851824    0.30942496
0.552716  -0.858257    0.11478031
0.582093  -0.863850   -0.09136498
0.611937  -0.868584   -0.29269921
0.642225  -0.872444   -0.46743588
0.672933  -0.875411   -0.59183596
0.704037  -0.877472   -0.64485096
0.735512  -0.878610   -0.61308050
0.767334  -0.878811   -0.49493914
0.799476  -0.878062   -0.30299292
0.831914  -0.876350   -0.06358122
0.864620  -0.873661    0.18648315
0.897567  -0.869984    0.40592586
0.930730  -0.865309    0.55666478
0.964080  -0.859624    0.61154306
0.997589  -0.852920    0.56052261
1.031230  -0.845187    0.41368227
1.064974  -0.836419    0.20014196
1.098793  -0.826607   -0.03721788
1.132657  -0.815744   -0.25025653
1.166537  -0.803825   -0.39563390
1.200405  -0.790844   -0.44413900
1.234229  -0.776797   -0.38714288
1.267981  -0.761681   -0.23861451
1.301631  -0.745491   -0.03207203
1.335148  -0.728227    0.18686228
1.368502  -0.709886    0.37071456
1.401663  -0.690469    0.48076409
1.434600  -0.669975    0.49557609
1.467284  -0.648406    0.41545753
1.499682  -0.625763    0.26182792
1.531765  -0.602049    0.07171542
1.563502  -0.577268   -0.11121445
1.594863  -0.551424   -0.24693344
1.625816  -0.524523   -0.30813284
1.656332  -0.496569   -0.28604175
1.686380  -0.467570   -0.19165979
1.715930  -0.437533   -0.05232257
1.744951  -0.406467    0.09543422
1.773414  -0.374381    0.21488333
1.801287  -0.341284    0.27771736
1.828543  -0.307188    0.27031276
1.855151  -0.272105    0.19615836
1.881081  -0.236046    0.07414191
1.906305  -0.199024   -0.06675294
1.930795  -0.161055   -0.19487409
1.954520  -0.122151   -0.28360075
1.977454  -0.082330   -0.31740265
1.999567  -0.041607   -0.29495865
0.505994  0.862537    0.48507159
0.516535  0.880507    0.48313483
0.527077  0.898476    0.47647480
0.537619  0.916446    0.46382888
0.548160  0.934415    0.44393188
0.558702  0.952385    0.41559045
0.569243  0.970354    0.37778060
0.579785  0.988324    0.32967678
0.590326  1.006293    0.27076315
0.600868  1.024263    0.20084124
0.611409  1.042232    0.12013942
0.621951  1.060202    0.02928591
0.632492  1.078171   -0.07059653
0.643034  1.096141   -0.17796302
0.653575  1.114110   -0.29077972
0.664117  1.132080   -0.40664581
0.674659  1.150049   -0.52277436
0.685200  1.168019   -0.63610626
0.695742  1.185988   -0.74343399
0.706283  1.203958   -0.84144879
0.716825  1.221928   -0.92693119
0.727366  1.239897   -0.99681888
0.737908  1.257867   -1.04838992
0.748449  1.275836   -1.07933958
0.758991  1.293806   -1.08792314
0.769532  1.311775   -1.07303025
0.780074  1.329745   -1.03425503
0.790615  1.347714   -0.97195212
0.801157  1.365684   -0.88721498
0.811699  1.383653   -0.78189182
0.822240  1.401623   -0.65851962
0.832782  1.419592   -0.52020081
0.843323  1.437562   -0.37056855
0.853865  1.455531   -0.21356116
0.864406  1.473501   -0.05336952
0.874948  1.491470    0.10582276
0.885489  1.509440    0.25989660
0.896031  1.527409    0.40505339
0.906572  1.545379    0.53785341
0.917114  1.563348    0.65543025
0.927655  1.581318    0.75549031
0.938197  1.599287    0.83645606
0.948739  1.617257    0.89742130
0.959280  1.635227    0.93817817
0.969822  1.653196    0.95918225
0.980363  1.671166    0.96144510
0.990905  1.689135    0.94646839
1.001446  1.707105    0.91610492
1.011988  1.725074    0.87243882
0.541436  -0.840742    0.11997348
0.570451  -0.846573   -0.07347515
0.599939  -0.851553   -0.26299357
0.629875  -0.855666   -0.43104466
0.660236  -0.858894   -0.55690853
0.690999  -0.861222   -0.62067029
0.722139  -0.862635   -0.60783009
0.753632  -0.863118   -0.51355411
0.785451  -0.862658   -0.34556098
0.817570  -0.861240   -0.12472642
0.849965  -0.858853    0.11703709
0.882608  -0.855485    0.34152733
0.915472  -0.851123    0.51100975
0.948530  -0.845759    0.59561117
0.981755  -0.839381    0.57982981
1.015117  -0.831981    0.46658357
1.048590  -0.823551    0.27763982
1.082145  -0.814083    0.05005684
1.115752  -0.803569   -0.17088228
1.149382  -0.792004   -0.34088725
1.183008  -0.779383   -0.42602852
1.216597  -0.765700   -0.41011432
1.250122  -0.750953   -0.29838685
1.283553  -0.735137   -0.11647108
1.316858  -0.718251    0.09519555
1.350009  -0.700293    0.29037208
1.382974  -0.681262    0.42726181
1.415724  -0.661159    0.47778454
1.448228  -0.639985    0.43358472
1.480455  -0.617740    0.30747142
1.512376  -0.594428    0.12996584
1.543958  -0.570053   -0.05814543
1.575173  -0.544617   -0.21548779
1.605989  -0.518126   -0.30955273
1.636377  -0.490586   -0.32386552
1.666304  -0.462003   -0.26113458
1.695743  -0.432385   -0.14179613
1.724661  -0.401740    0.00149560
1.753029  -0.370077    0.13206944
1.780818  -0.337406    0.21798787
1.807998  -0.303737    0.23929512
1.834538  -0.269081    0.19211487
1.860410  -0.233452    0.08875405
1.885585  -0.196861   -0.04606397
1.910033  -0.159323   -0.18168658
1.933727  -0.120852   -0.28914080
1.956638  -0.081464   -0.34792356
1.978738  -0.041174   -0.35043976
2.000000  -0.000000   -0.30310075
0.523828  0.851824    0.30942496
0.534741  0.869570    0.30566614
0.545655  0.887316    0.29401415
0.556568  0.905063    0.27386720
0.567481  0.922809    0.24458325
0.578394  0.940555    0.20562741
0.589307  0.958302    0.15663469
0.600220  0.976048    0.09747608
0.611133  0.993794    0.02833934
0.622046  1.011541   -0.05023070
0.632959  1.029287   -0.13730047
0.643872  1.047033   -0.23151667
0.654785  1.064780   -0.33111345
0.665699  1.082526   -0.43394370
0.676612  1.100272   -0.53747366
0.687525  1.118019   -0.63891118
0.698438  1.135765   -0.73524365
0.709351  1.153511   -0.82334748
0.720264  1.171258   -0.90010103
0.731177  1.189004   -0.96250283
0.742090  1.206750   -1.00780164
0.753003  1.224497   -1.03361828
0.763916  1.242243   -1.03805862
0.774829  1.259989   -1.01982137
0.785743  1.277736   -0.97827177
0.796656  1.295482   -0.91351953
0.807569  1.313228   -0.82642323
0.818482  1.330975   -0.71860333
0.829395  1.348721   -0.59240485
0.840308  1.366467   -0.45083139
0.851221  1.384214   -0.29744786
0.862134  1.401960   -0.13625991
0.873047  1.419706    0.02843286
0.883960  1.437453    0.19219460
0.894873  1.455199    0.35061727
0.905787  1.472945    0.49950271
0.916700  1.490692    0.63496733
0.927613  1.508438    0.75365969
0.938526  1.526184    0.85282880
0.949439  1.543931    0.93042451
0.960352  1.561677    0.98515484
0.971265  1.579423    1.01650535
0.982178  1.597170    1.02472293
0.993091  1.614916    1.01076784
1.004004  1.632662    0.97622752
1.014917  1.650409    0.92320989
1.025831  1.668155    0.85421244
1.036744  1.685901    0.77199854
1.047657  1.703648    0.67942653
0.558810  -0.829296   -0.06734319
0.587940  -0.834522   -0.24424425
0.617524  -0.838888   -0.40299419
0.647540  -0.842377   -0.52634441
0.677962  -0.844973   -0.59621088
0.708767  -0.846661   -0.59789485
0.739929  -0.847425   -0.52424014
0.771425  -0.847253   -0.37887059
0.803227  -0.846131   -0.17760774
0.835310  -0.844045    0.05258742
0.867648  -0.840985    0.27718606
0.900214  -0.836938    0.45983322
0.932980  -0.831894    0.56918310
0.965920  -0.825843    0.58548265
0.999004  -0.818775    0.50533704
1.032206  -0.810683    0.34344807
1.065496  -0.801558    0.13063392
1.098846  -0.791394   -0.09174328
1.132227  -0.780183   -0.27992109
1.165610  -0.767921   -0.39678458
1.198966  -0.754603   -0.41983332
1.232264  -0.740225   -0.34618883
1.265475  -0.724783   -0.19339562
1.298569  -0.708275    0.00429524
1.331516  -0.690700    0.20341147
1.364285  -0.672056    0.36085162
1.396848  -0.652344    0.44340777
1.429172  -0.631564    0.43496376
1.461229  -0.609718    0.33978888
1.492986  -0.586808    0.18110085
1.524415  -0.562837   -0.00468491
1.555483  -0.537809   -0.17657627
1.586162  -0.511729   -0.29851244
1.616421  -0.484603   -0.34740122
1.646228  -0.456437   -0.31794047
1.675555  -0.427238   -0.22310854
1.704371  -0.397014   -0.09039703
1.732645  -0.365774    0.04520372
1.760349  -0.333528    0.14970578
1.787452  -0.300285    0.19798439
1.813925  -0.266058    0.17925403
1.839739  -0.230858    0.09888108
1.864864  -0.194698   -0.02368395
1.889272  -0.157591   -0.16021965
1.912934  -0.119553   -0.28085508
1.935823  -0.080597   -0.36125467
1.957910  -0.040741   -0.38808823
1.979167  -0.000000   -0.36163353
1.999567  0.041607   -0.29495865
0.541436  0.840742    0.11997348
0.552716  0.858257    0.11478031
0.563996  0.875773    0.09930525
0.575276  0.893288    0.07359225
0.586556  0.910804    0.03768466
0.597836  0.928319   -0.00829751
0.609116  0.945835   -0.06404043
0.620396  0.963350   -0.12898884
0.631676  0.980866   -0.20226907
0.642955  0.998381   -0.28266065
0.654235  1.015896   -0.36860153
0.665515  1.033412   -0.45813981
0.676795  1.050927   -0.54899561
0.688075  1.068443   -0.63859060
0.699355  1.085958   -0.72411638
0.710635  1.103474   -0.80261649
0.721915  1.120989   -0.87108503
0.733195  1.138505   -0.92658169
0.744475  1.156020   -0.96634731
0.755755  1.173536   -0.98793223
0.767035  1.191051   -0.98930930
0.778314  1.208566   -0.96899410
0.789594  1.226082   -0.92612273
0.800874  1.243597   -0.86054228
0.812154  1.261113   -0.77285303
0.823434  1.278628   -0.66442485
0.834714  1.296144   -0.53738639
0.845994  1.313659   -0.39457682
0.857274  1.331175   -0.23946652
0.868554  1.348690   -0.07604907
0.879834  1.366206    0.09129687
0.891114  1.383721    0.25796007
0.902394  1.401236    0.41927026
0.913673  1.418752    0.57066039
0.924953  1.436267    0.70788863
0.936233  1.453783    0.82712917
0.947513  1.471298    0.92516562
0.958793  1.488814    0.99949952
0.970073  1.506329    1.04843738
0.981353  1.523845    1.07114201
0.992633  1.541360    1.06764815
1.003913  1.558876    1.03883346
1.015193  1.576391    0.98636074
1.026473  1.593906    0.91257646
1.037753  1.611422    0.82038833
1.049033  1.628937    0.71312234
1.060312  1.646453    0.59436801
1.071592  1.663968    0.46778238
1.082872  1.681484    0.33698378
0.575941  -0.817491   -0.23769624
0.605174  -0.822110   -0.38493907
0.634843  -0.825860   -0.50212264
0.664924  -0.828723   -0.57361522
0.695394  -0.830686   -0.58529563
0.726227  -0.831732   -0.52855209
0.757399  -0.831849   -0.40371783
0.788884  -0.831021   -0.22206262
0.820656  -0.829238   -0.00572359
0.852689  -0.826485    0.21482847
0.884956  -0.822753    0.40544110
0.917431  -0.818029    0.53445158
0.950085  -0.812304    0.57903897
0.982891  -0.805569    0.53048545
1.015822  -0.797815    0.39692329
1.048848  -0.789034    0.20279403
1.081941  -0.779218   -0.01523513
1.115073  -0.768362   -0.21520238
1.148213  -0.756460   -0.35830186
1.181334  -0.743506   -0.41707257
1.214405  -0.729497   -0.38137158
1.247396  -0.714429   -0.26079329
1.280279  -0.698299   -0.08275542
1.313022  -0.681107    0.11334104
1.345597  -0.662850    0.28474603
1.377971  -0.643528    0.39469511
1.410117  -0.623143    0.42048739
1.442002  -0.601695    0.35825207
1.473597  -0.579187    0.22346593
1.504871  -0.555621    0.04702213
1.535794  -0.531001   -0.13212834
1.566335  -0.505333   -0.27601680
1.596465  -0.478621   -0.35625894
1.626152  -0.450871   -0.36016319
1.655368  -0.422091   -0.29304424
1.684081  -0.392288   -0.17628288
1.712261  -0.361471   -0.04170799
1.739880  -0.329649    0.07624002
1.766907  -0.296834    0.14860943
1.793312  -0.263034    0.15844772
1.819068  -0.228264    0.10419726
1.844143  -0.192534   -0.00070259
1.868511  -0.155859   -0.13170145
1.892142  -0.118253   -0.25948912
1.915008  -0.079730   -0.35716740
1.937081  -0.040307   -0.40648898
1.958333  -0.000000   -0.40174345
1.978738  0.041174   -0.35043976
1.998269  0.083197   -0.27080232
0.558810  0.829296   -0.06734319
0.570451  0.846573   -0.07347515
0.582093  0.863850   -0.09136498
0.593735  0.881127   -0.12031669
0.605377  0.898404   -0.15966354
0.617019  0.915681   -0.20864757
0.628661  0.932958   -0.26633176
0.640303  0.950235   -0.33153516
0.651944  0.967512   -0.40278170
0.663586  0.984789   -0.47831174
0.675228  1.002066   -0.55603330
0.686870  1.019343   -0.63357794
0.698512  1.036620   -0.70833693
0.710154  1.053897   -0.77752625
0.721796  1.071174   -0.83827009
0.733438  1.088451   -0.88769999
0.745079  1.105728   -0.92306472
0.756721  1.123005   -0.94185385
0.768363  1.140282   -0.94190633
0.780005  1.157559   -0.92153427
0.791647  1.174836   -0.87962506
0.803289  1.192113   -0.81572948
0.814931  1.209390   -0.73012778
0.826572  1.226667   -0.62387909
0.838214  1.243944   -0.49879003
0.849856  1.261221   -0.35744800
0.861498  1.278498   -0.20312581
0.873140  1.295775   -0.03969921
0.884782  1.313052    0.12847482
0.896424  1.330329    0.29670579
0.908066  1.347606    0.46013778
0.919707  1.364883    0.61391879
0.931349  1.382160    0.75343522
0.942991  1.399437    0.87442049
0.954633  1.416714    0.97317554
0.966275  1.433991    1.04670581
0.977917  1.451268    1.09284271
0.989559  1.468545    1.11033063
1.001200  1.485822    1.09887611
1.012842  1.503099    1.05915126
1.024484  1.520376    0.99275874
1.036126  1.537653    0.90215670
1.047768  1.554930    0.79054457
1.059410  1.572207    0.66171882
1.071052  1.589484    0.51990519
1.082693  1.606761    0.36958844
1.094335  1.624038    0.21527645
1.105977  1.641315    0.06138822
1.117619  1.658592   -0.08796193
0.592823  -0.805333   -0.37852619
0.622146  -0.809343   -0.48616636
0.651886  -0.812474   -0.55496167
0.682021  -0.814711   -0.57205325
0.712524  -0.816039   -0.52817215
0.743373  -0.816444   -0.42112892
0.774540  -0.815912   -0.25826622
0.806001  -0.814430   -0.05711617
0.837730  -0.811985    0.15607597
0.869698  -0.808567    0.34999882
0.901881  -0.804164    0.49366398
0.934250  -0.798766    0.56234217
0.966778  -0.792363    0.54302682
0.999438  -0.784947    0.43796505
1.032199  -0.776510    0.26534934
1.065036  -0.767043    0.05663267
1.097918  -0.756541   -0.14906006
1.130816  -0.744998   -0.31262146
1.163702  -0.732409   -0.40299231
1.196546  -0.718769   -0.40381185
1.229318  -0.704075   -0.31714377
1.261989  -0.688324   -0.16326786
1.294529  -0.671514    0.02352215
1.326908  -0.653644    0.20228100
1.359095  -0.634713    0.33431539
1.391061  -0.614722    0.39163107
1.422775  -0.593672    0.36294203
1.454207  -0.571566    0.25590691
1.485327  -0.548405    0.09503320
1.516104  -0.524194   -0.08417573
1.546508  -0.498936   -0.24350539
1.576509  -0.472638   -0.35070931
1.606076  -0.445304   -0.38662787
1.635180  -0.416943   -0.34906712
1.663791  -0.387561   -0.25265856
1.691877  -0.357168   -0.12483513
1.719411  -0.325771    0.00105290
1.746361  -0.293382    0.09367059
1.772700  -0.260011    0.13091686
1.798396  -0.225670    0.10462045
1.823423  -0.190371    0.02181270
1.847750  -0.154128   -0.09765164
1.871349  -0.116954   -0.22638574
1.894192  -0.078864   -0.33628784
1.916252  -0.039874   -0.40521179
1.937500  -0.000000   -0.42190015
1.957910  0.040741   -0.38808823
1.977454  0.082330   -0.31740265
1.996106  0.124750   -0.23146233
0.575941  0.817491   -0.23769624
0.587940  0.834522   -0.24424425
0.599939  0.851553   -0.26299357
0.611937  0.868584   -0.29269921
0.623936  0.885615   -0.33215789
0.635935  0.902647   -0.38005729
0.647934  0.919678   -0.43493161
0.659932  0.936709   -0.49508412
0.671931  0.953740   -0.55859488
0.683930  0.970771   -0.62327523
0.695929  0.987802   -0.68671463
0.707928  1.004833   -0.74631628
0.719926  1.021864   -0.79935693
0.731925  1.038895   -0.84308174
0.743924  1.055926   -0.87477900
0.755923  1.072957   -0.89190343
0.767921  1.089988   -0.89218853
0.779920  1.107019   -0.87375397
0.791919  1.124050   -0.83522476
0.803918  1.141081   -0.77582549
0.815917  1.158113   -0.69546340
0.827915  1.175144   -0.59479441
0.839914  1.192175   -0.47522095
0.851913  1.209206   -0.33894410
0.863912  1.226237   -0.18889587
0.875910  1.243268   -0.02869304
0.887909  1.260299    0.13751556
0.899908  1.277330    0.30510311
0.911907  1.294361    0.46917344
0.923905  1.311392    0.62471466
0.935904  1.328423    0.76683600
0.947903  1.345454    0.89089108
0.959902  1.362485    0.99271624
0.971901  1.379516    1.06879458
0.983899  1.396547    1.11640701
0.995898  1.413579    1.13376829
1.007897  1.430610    1.12009133
1.019896  1.447641    1.07564823
1.031894  1.464672    1.00177116
1.043893  1.481703    0.90078389
1.055892  1.498734    0.77594224
1.067891  1.515765    0.63128581
1.079890  1.532796    0.47147784
1.091888  1.549827    0.30162800
1.103887  1.566858    0.12703355
1.115886  1.583889   -0.04695812
1.127885  1.600920   -0.21520950
1.139883  1.617951   -0.37296398
1.151882  1.634982   -0.51606894
0.609449  -0.792825   -0.48040569
0.638849  -0.796224   -0.54227965
0.668648  -0.798736   -0.56016333
0.698822  -0.800346   -0.52483096
0.729347  -0.801039   -0.43231395
0.760197  -0.800802   -0.28663902
0.791347  -0.799622   -0.10112107
0.822770  -0.797486    0.10224139
0.854441  -0.794382    0.29547333
0.886331  -0.790299    0.44904930
0.918416  -0.785228    0.53741474
0.950665  -0.779157    0.54432759
0.983053  -0.772079    0.46696569
1.015551  -0.763985    0.31759539
1.048130  -0.754868    0.12225271
1.080763  -0.744720   -0.08362980
1.113419  -0.733537   -0.26183378
1.146070  -0.721312   -0.37905904
1.178687  -0.708041   -0.41388082
1.211240  -0.693721   -0.36149927
1.243699  -0.678348   -0.23504353
1.276036  -0.661921   -0.06299261
1.308219  -0.644437    0.11678458
1.340219  -0.625897    0.26518697
1.372005  -0.606301    0.35034094
1.403548  -0.585650    0.35450062
1.434818  -0.563945    0.27774788
1.465783  -0.541189    0.13769566
1.496414  -0.517386   -0.03478198
1.526681  -0.492540   -0.20274563
1.556553  -0.466655   -0.33162112
1.586001  -0.439738   -0.39690557
1.614993  -0.411796   -0.38937235
1.643500  -0.382835   -0.31662163
1.671493  -0.352864   -0.20069767
1.698942  -0.321893   -0.07247182
1.725816  -0.289930    0.03582925
1.752087  -0.256988    0.09813738
1.777725  -0.223076    0.10030314
1.802702  -0.188208    0.04285598
1.826988  -0.152396   -0.05980094
1.850556  -0.115654   -0.18341541
1.873377  -0.077997   -0.30004327
1.895423  -0.039440   -0.38480795
1.916667  -0.000000   -0.42161076
1.937081  0.040307   -0.40648898
1.956638  0.081464   -0.34792356
1.975313  0.123451   -0.26416286
1.993078  0.166250   -0.17833902
0.592823  0.805333   -0.37852619
0.605174  0.822110   -0.38493907
0.617524  0.838888   -0.40299419
0.629875  0.855666   -0.43104466
0.642225  0.872444   -0.46743588
0.654576  0.889221   -0.51045619
0.666926  0.905999   -0.55822790
0.679277  0.922777   -0.60871964
0.691627  0.939555   -0.65969309
0.703978  0.956332   -0.70875486
0.716328  0.973110   -0.75336404
0.728679  0.989888   -0.79091559
0.741029  1.006666   -0.81879728
0.753380  1.023443   -0.83449338
0.765730  1.040221   -0.83568716
0.778081  1.056999   -0.82035721
0.790431  1.073777   -0.78690579
0.802782  1.090555   -0.73423593
0.815132  1.107332   -0.66187889
0.827483  1.124110   -0.57002576
0.839833  1.140888   -0.45963128
0.852184  1.157666   -0.33237462
0.864534  1.174443   -0.19072935
0.876884  1.191221   -0.03785056
0.889235  1.207999    0.12246954
0.901585  1.224777    0.28586863
0.913936  1.241554    0.44763737
0.926286  1.258332    0.60278918
0.938637  1.275110    0.74633232
0.950987  1.291888    0.87337993
0.963338  1.308665    0.97942817
0.975688  1.325443    1.06048359
0.988039  1.342221    1.11329423
1.000389  1.358999    1.13546590
1.012740  1.375776    1.12561207
1.025090  1.392554    1.08342853
1.037441  1.409332    1.00972620
1.049791  1.426110    0.90645012
1.062142  1.442887    0.77658345
1.074492  1.459665    0.62409980
1.086843  1.476443    0.45375210
1.099193  1.493221    0.27097263
1.111544  1.509999    0.08156868
1.123894  1.526776   -0.10840277
1.136245  1.543554   -0.29298416
1.148595  1.560332   -0.46643594
1.160946  1.577110   -0.62356886
1.173296  1.593887   -0.75983537
1.185647  1.610665   -0.87158685
0.625811  -0.779975   -0.53759144
0.655275  -0.782762   -0.55159340
0.685120  -0.784653   -0.52028771
0.715321  -0.785635   -0.43859873
0.745854  -0.785693   -0.30785367
0.776692  -0.784814   -0.13758590
0.807811  -0.782986    0.05436000
0.839183  -0.780196    0.24358439
0.870782  -0.776434    0.40274051
0.902581  -0.771689    0.50636382
0.934552  -0.765951    0.53603155
0.966669  -0.759211    0.48472974
0.998903  -0.751461    0.35933309
1.031225  -0.742693    0.18043169
1.063608  -0.732899   -0.02077053
1.096022  -0.722075   -0.20799346
1.128438  -0.710215   -0.34695281
1.160828  -0.697313   -0.41237696
1.193162  -0.683367   -0.39345304
1.225410  -0.668372   -0.29642040
1.257542  -0.652328   -0.14354777
1.289530  -0.635231    0.03141654
1.321342  -0.617082    0.19033630
1.352950  -0.597880    0.29891272
1.384322  -0.577627    0.33404944
1.415428  -0.556324    0.28880629
1.446239  -0.533973    0.17369434
1.476725  -0.510578    0.01407512
1.506854  -0.486143   -0.15574750
1.536597  -0.460672   -0.30038669
1.565925  -0.434172   -0.39128970
1.594805  -0.406648   -0.41294623
1.623210  -0.378109   -0.36595608
1.651109  -0.348561   -0.26631352
1.678472  -0.318015   -0.14118778
1.705270  -0.286479   -0.02225285
1.731474  -0.253964    0.06176944
1.757054  -0.220482    0.09161410
1.781981  -0.186044    0.06152961
1.806227  -0.150664   -0.01999166
1.829763  -0.114355   -0.13284193
1.852562  -0.077131   -0.25054178
1.874594  -0.039007   -0.34673561
1.895833  -0.000000   -0.40139500
1.916252  0.039874   -0.40521179
1.935823  0.080597   -0.36125467
1.954520  0.122151   -0.28360075
1.972317  0.164518   -0.19339781
1.989188  0.207677   -0.11343508
0.609449  0.792825   -0.48040569
0.622146  0.809343   -0.48616636
0.634843  0.825860   -0.50212264
0.647540  0.842377   -0.52634441
0.660236  0.858894   -0.55690853
0.672933  0.875411   -0.59183596
0.685630  0.891928   -0.62902842
0.698327  0.908446   -0.66626674
0.711024  0.924963   -0.70121440
0.723721  0.941480   -0.73145248
0.736417  0.957997   -0.75453100
0.749114  0.974514   -0.76803881
0.761811  0.991032   -0.76968935
0.774508  1.007549   -0.75740989
0.787205  1.024066   -0.72945152
0.799902  1.040583   -0.68448310
0.812599  1.057100   -0.62168817
0.825295  1.073618   -0.54085872
0.837992  1.090135   -0.44242374
0.850689  1.106652   -0.32755067
0.863386  1.123169   -0.19812682
0.876083  1.139686   -0.05675612
0.888780  1.156204    0.09328571
0.901477  1.172721    0.24812798
0.914173  1.189238    0.40340499
0.926870  1.205755    0.55443993
0.939567  1.222272    0.69634130
0.952264  1.238790    0.82423350
0.964961  1.255307    0.93343562
0.977658  1.271824    1.01966737
0.990355  1.288341    1.07923691
1.003051  1.304858    1.10921934
1.015748  1.321376    1.10761323
1.028445  1.337893    1.07345147
1.041142  1.354410    1.00689334
1.053839  1.370927    0.90925518
1.066536  1.387444    0.78299853
1.079233  1.403961    0.63166787
1.091929  1.420479    0.45979133
1.104626  1.436996    0.27268011
1.117323  1.453513    0.07630114
1.130020  1.470030   -0.12299071
1.142717  1.486547   -0.31868716
1.155414  1.503065   -0.50438221
1.168110  1.519582   -0.67400847
1.180807  1.536099   -0.82213019
1.193504  1.552616   -0.94407840
1.206201  1.569133   -1.03617968
1.218898  1.585651   -1.09587710
0.641902  -0.766787   -0.54829831
0.671417  -0.768960   -0.51629420
0.701295  -0.770230   -0.44136292
0.731510  -0.770583   -0.32272787
0.762038  -0.770006   -0.16658081
0.792851  -0.768486    0.01314708
0.823925  -0.766011    0.19580206
0.855232  -0.762569    0.35670406
0.886746  -0.758151    0.47130564
0.918440  -0.752745    0.51997016
0.950285  -0.746343    0.49241817
0.982254  -0.738936    0.39078792
1.014320  -0.730517    0.23042138
1.046453  -0.721078    0.03797753
1.078625  -0.710614   -0.15302879
1.110806  -0.699118   -0.30847620
1.142969  -0.686585   -0.40045030
1.175083  -0.673013   -0.41310915
1.207120  -0.658397   -0.34630337
1.239049  -0.642735   -0.21594779
1.270841  -0.626025   -0.05094608
1.302466  -0.608267    0.11276922
1.333894  -0.589460    0.23985102
1.365095  -0.569605    0.30311021
1.396039  -0.548703    0.28934457
1.426696  -0.526757    0.20208060
1.457035  -0.503770    0.06058497
1.487027  -0.479746   -0.10464156
1.516642  -0.454689   -0.25882581
1.545849  -0.428606   -0.37073218
1.574618  -0.401501   -0.41954819
1.602920  -0.373382   -0.39921399
1.630725  -0.344258   -0.31930492
1.658003  -0.314137   -0.20230804
1.684725  -0.283027   -0.07801528
1.710861  -0.250941    0.02356117
1.736383  -0.217888    0.07910773
1.761260  -0.183881    0.07708864
1.785466  -0.148932    0.01991867
1.808971  -0.113055   -0.07721291
1.831746  -0.076264   -0.19045110
1.853765  -0.038574   -0.29325553
1.875000  -0.000000   -0.36272604
1.895423  0.039440   -0.38480795
1.915008  0.079730   -0.35716740
1.933727  0.120852   -0.28914080
1.951556  0.162786   -0.19892282
1.968468  0.205514   -0.10875175
1.984437  0.249015   -0.03937628
0.625811  0.779975   -0.53759144
0.638849  0.796224   -0.54227965
0.651886  0.812474   -0.55496167
0.664924  0.828723   -0.57361522
0.677962  0.844973   -0.59621088
0.690999  0.861222   -0.62067029
0.704037  0.877472   -0.64485096
0.717075  0.893721   -0.66653911
0.730113  0.909971   -0.68348877
0.743150  0.926220   -0.69345836
0.756188  0.942470   -0.69427927
0.769226  0.958719   -0.68392671
0.782263  0.974969   -0.66062086
0.795301  0.991218   -0.62288347
0.808339  1.007468   -0.56967152
0.821377  1.023717   -0.50042929
0.834414  1.039967   -0.41519114
0.847452  1.056216   -0.31458984
0.860490  1.072465   -0.19995656
0.873528  1.088715   -0.07329259
0.886565  1.104964    0.06272985
0.899603  1.121214    0.20485563
0.912641  1.137463    0.34926352
0.925678  1.153713    0.49171035
0.938716  1.169962    0.62769458
0.951754  1.186212    0.75256273
0.964792  1.202461    0.86172163
0.977829  1.218711    0.95082296
0.990867  1.234960    1.01596322
1.003905  1.251210    1.05384983
1.016943  1.267459    1.06198206
1.029980  1.283709    1.03880523
1.043018  1.299958    0.98380043
1.056056  1.316208    0.89758339
1.069093  1.332457    0.78192771
1.082131  1.348707    0.63971217
1.095169  1.364956    0.47490492
1.108207  1.381206    0.29240923
1.121244  1.397455    0.09792730
1.134282  1.413705   -0.10230293
1.147320  1.429954   -0.30164980
1.160358  1.446203   -0.49340397
1.173395  1.462453   -0.67101327
1.186433  1.478702   -0.82838655
1.199471  1.494952   -0.96007820
1.212508  1.511201   -1.06154352
1.225546  1.527451   -1.12934495
1.238584  1.543700   -1.16124502
1.251622  1.559950   -1.15632737
0.657715  -0.753267   -0.51457951
0.687269  -0.754826   -0.44201516
0.717167  -0.755474   -0.33217925
0.747383  -0.755199   -0.18839463
0.777892  -0.753986   -0.02090949
0.808667  -0.751826    0.15333914
0.839682  -0.748704    0.31272580
0.870911  -0.744612    0.43429266
0.902327  -0.739539    0.49807656
0.933901  -0.733475    0.49145324
0.965606  -0.726412    0.41256513
0.997414  -0.718342    0.27189435
1.029298  -0.709258    0.09142327
1.061227  -0.699152   -0.09868563
1.093174  -0.688021   -0.26546775
1.125110  -0.675857   -0.37951920
1.157005  -0.662659   -0.42102348
1.188830  -0.648421   -0.38413132
1.220556  -0.633142   -0.27853513
1.252152  -0.616819   -0.12780838
1.283590  -0.599451    0.03532169
1.314838  -0.581039    0.17575431
1.345868  -0.561582    0.26349379
1.376650  -0.541082    0.28003220
1.407152  -0.519542    0.22229477
1.437345  -0.496963    0.10315560
1.467200  -0.473350   -0.05158232
1.496686  -0.448707   -0.20906145
1.525773  -0.423039   -0.33675975
1.554431  -0.396353   -0.40968237
1.582630  -0.368656   -0.41572299
1.610341  -0.339955   -0.35797532
1.637534  -0.310258   -0.25353395
1.664180  -0.279576   -0.12913927
1.690248  -0.247918   -0.01473882
1.715711  -0.215294    0.06348647
1.740540  -0.181718    0.08895891
1.764705  -0.147200    0.05814205
1.788178  -0.111756   -0.01919920
1.810931  -0.075397   -0.12284493
1.832937  -0.038140   -0.22728639
1.854167  -0.000000   -0.30791248
1.874594  0.039007   -0.34673561
1.894192  0.078864   -0.33628784
1.912934  0.119553   -0.28085508
1.930795  0.161055   -0.19487409
1.947747  0.203351   -0.09897272
1.963766  0.246421   -0.01472680
1.978827  0.290245    0.04057546
0.641902  0.766787   -0.54829831
0.655275  0.782762   -0.55159340
0.668648  0.798736   -0.56016333
0.682021  0.814711   -0.57205325
0.695394  0.830686   -0.58529563
0.708767  0.846661   -0.59789485
0.722139  0.862635   -0.60783009
0.735512  0.878610   -0.61308050
0.748885  0.894585   -0.61166410
0.762258  0.910559   -0.60169353
0.775631  0.926534   -0.58145334
0.789004  0.942509   -0.54946160
0.802377  0.958484   -0.50455940
0.815750  0.974458   -0.44598553
0.829123  0.990433   -0.37345931
0.842496  1.006408   -0.28722940
0.855869  1.022383   -0.18813075
0.869242  1.038357   -0.07760852
0.882615  1.054332    0.04227365
0.895988  1.070307    0.16886457
0.909361  1.086281    0.29897165
0.922734  1.102256    0.42894294
0.936107  1.118231    0.55477636
0.949480  1.134206    0.67225260
0.962853  1.150180    0.77708886
0.976226  1.166155    0.86511452
0.989599  1.182130    0.93244267
1.002971  1.198105    0.97565455
1.016344  1.214079    0.99197279
1.029717  1.230054    0.97941634
1.043090  1.246029    0.93693019
1.056463  1.262003    0.86448865
1.069836  1.277978    0.76315893
1.083209  1.293953    0.63511239
1.096582  1.309928    0.48359948
1.109955  1.325902    0.31287165
1.123328  1.341877    0.12805541
1.136701  1.357852   -0.06501316
1.150074  1.373827   -0.25999411
1.163447  1.389801   -0.45027631
1.176820  1.405776   -0.62923705
1.190193  1.421751   -0.79049671
1.203566  1.437725   -0.92818283
1.216939  1.453700   -1.03717943
1.230312  1.469675   -1.11333752
1.243685  1.485650   -1.15366263
1.257058  1.501624   -1.15644906
1.270431  1.517599   -1.12136421
1.283804  1.533574   -1.04947154
0.673243  -0.739421   -0.44193170
0.702824  -0.740364   -0.33716506
0.732728  -0.740391   -0.20341661
0.762932  -0.739487   -0.04755562
0.793409  -0.737640    0.11716861
0.824133  -0.734840    0.27237908
0.855077  -0.731074    0.39726358
0.886214  -0.726333    0.47231208
0.917516  -0.720607    0.48344306
0.948958  -0.713888    0.42558986
0.980509  -0.706167    0.30488181
1.012143  -0.697437    0.13872182
1.043830  -0.687691   -0.04647945
1.075543  -0.676923   -0.21972996
1.107251  -0.665130   -0.35118277
1.138927  -0.652305   -0.41814193
1.170541  -0.638445   -0.40986662
1.202063  -0.623548   -0.33018900
1.233464  -0.607612   -0.19712251
1.264713  -0.590636   -0.03944055
1.295783  -0.572618    0.10919080
1.326642  -0.553559    0.21720576
1.357260  -0.533461    0.26187395
1.387608  -0.512326    0.23413592
1.417656  -0.490155    0.14046662
1.447373  -0.466953    0.00134102
1.476730  -0.442724   -0.15342674
1.505697  -0.417473   -0.29135956
1.534243  -0.391206   -0.38451596
1.562340  -0.363930   -0.41556726
1.589957  -0.335652   -0.38134485
1.617065  -0.306380   -0.29312566
1.643634  -0.276124   -0.17362555
1.669636  -0.244894   -0.05146008
1.695040  -0.212700    0.04556229
1.719819  -0.179554    0.09676332
1.743943  -0.145469    0.09304506
1.767385  -0.110456    0.03851324
1.790116  -0.074531   -0.05102280
1.812108  -0.037707   -0.15221799
1.833333  -0.000000   -0.23994827
1.853765  0.038574   -0.29325553
1.873377  0.077997   -0.30004327
1.892142  0.118253   -0.25948912
1.910033  0.159323   -0.18168658
1.927026  0.201188   -0.08470465
1.943095  0.243827    0.01012000
1.958215  0.287222    0.08346415
1.972361  0.331349    0.12254710
0.657715  0.753267   -0.51457951
0.671417  0.768960   -0.51629420
0.685120  0.784653   -0.52028771
0.698822  0.800346   -0.52483096
0.712524  0.816039   -0.52817215
0.726227  0.831732   -0.52855209
0.739929  0.847425   -0.52424014
0.753632  0.863118   -0.51355411
0.767334  0.878811   -0.49493914
0.781036  0.894505   -0.46700643
0.794739  0.910198   -0.42859764
0.808441  0.925891   -0.37889323
0.822144  0.941584   -0.31742480
0.835846  0.957277   -0.24419374
0.849548  0.972970   -0.15967139
0.863251  0.988663   -0.06485508
0.876953  1.004356    0.03868516
0.890656  1.020049    0.14887580
0.904358  1.035742    0.26309593
0.918060  1.051435    0.37829821
0.931763  1.067128    0.49106067
0.945465  1.082821    0.59767059
0.959168  1.098514    0.69430736
0.972870  1.114207    0.77713240
0.986572  1.129900    0.84249330
1.000275  1.145594    0.88706548
1.013977  1.161287    0.90801229
1.027679  1.176980    0.90315840
1.041382  1.192673    0.87110879
1.055084  1.208366    0.81138490
1.068787  1.224059    0.72447220
1.082489  1.239752    0.61191270
1.096191  1.255445    0.47625648
1.109894  1.271138    0.32103694
1.123596  1.286831    0.15072439
1.137299  1.302524   -0.02948932
1.151001  1.318217   -0.21376396
1.164703  1.333910   -0.39590490
1.178406  1.349603   -0.56955403
1.192108  1.365296   -0.72840606
1.205811  1.380989   -0.86653927
1.219513  1.396683   -0.97858690
1.233215  1.412376   -1.06002728
1.246918  1.428069   -1.10736194
1.260620  1.443762   -1.11828011
1.274323  1.459455   -1.09178912
1.288025  1.475148   -1.02828425
1.301727  1.490841   -0.92954527
1.315430  1.506534   -0.79868584
0.688480  -0.725255   -0.33863548
0.718074  -0.725583   -0.21210770
0.747973  -0.724987   -0.06665130
0.778151  -0.723455    0.08804822
0.808583  -0.720975    0.23702022
0.839242  -0.717535    0.36200086
0.870101  -0.713127    0.44460424
0.901132  -0.707739    0.47010466
0.932309  -0.701363    0.43103268
0.963604  -0.693991    0.32976559
0.994988  -0.685616    0.17938545
1.026433  -0.676229    0.00234744
1.057911  -0.665826   -0.17293642
1.089392  -0.654402   -0.31714201
1.120849  -0.641951   -0.40571576
1.152251  -0.628470   -0.42394240
1.183569  -0.613955   -0.37033059
1.214775  -0.598406   -0.25735318
1.245837  -0.581820   -0.10928717
1.276727  -0.564197    0.04257531
1.307415  -0.545537    0.16632626
1.337871  -0.525841    0.23614042
1.368064  -0.505110    0.23776129
1.397966  -0.483347    0.17152549
1.427546  -0.460556    0.05220518
1.456774  -0.436741   -0.09432457
1.485621  -0.411907   -0.23686451
1.514056  -0.386058   -0.34579095
1.542050  -0.359203   -0.39953484
1.569573  -0.331348   -0.38914787
1.596596  -0.302502   -0.31994241
1.623089  -0.272673   -0.20987366
1.649023  -0.241871   -0.08510006
1.674369  -0.210106    0.02620680
1.699098  -0.177391    0.10032091
1.723182  -0.143737    0.12321218
1.746592  -0.109157    0.09337074
1.769301  -0.073664    0.02164812
1.791279  -0.037273   -0.07174740
1.812500  -0.000000   -0.16234867
1.832937  0.038140   -0.22728639
1.852562  0.077131   -0.25054178
1.871349  0.116954   -0.22638574
1.889272  0.157591   -0.16021965
1.906305  0.199024   -0.06675294
1.922424  0.241233    0.03393995
1.937602  0.284198    0.12148318
1.951816  0.327898    0.18008552
1.965041  0.372310    0.20212588
0.673243  0.739421   -0.44193170
0.687269  0.754826   -0.44201516
0.701295  0.770230   -0.44136292
0.715321  0.785635   -0.43859873
0.729347  0.801039   -0.43231395
0.743373  0.816444   -0.42112892
0.757399  0.831849   -0.40371783
0.771425  0.847253   -0.37887059
0.785451  0.862658   -0.34556098
0.799476  0.878062   -0.30299292
0.813502  0.893467   -0.25066044
0.827528  0.908872   -0.18842227
0.841554  0.924276   -0.11653718
0.855580  0.939681   -0.03571652
0.869606  0.955085    0.05286908
0.883632  0.970490    0.14756459
0.897658  0.985895    0.24626015
0.911684  1.001299    0.34642000
0.925710  1.016704    0.44514176
0.939735  1.032109    0.53923879
0.953761  1.047513    0.62536663
0.967787  1.062918    0.70010789
0.981813  1.078322    0.76013477
0.995839  1.093727    0.80235405
1.009865  1.109132    0.82405016
1.023891  1.124536    0.82303319
1.037917  1.139941    0.79777958
1.051943  1.155345    0.74753636
1.065969  1.170750    0.67242582
1.079994  1.186155    0.57350228
1.094020  1.201559    0.45274461
1.108046  1.216964    0.31309501
1.122072  1.232368    0.15835836
1.136098  1.247773   -0.00688254
1.150124  1.263178   -0.17741280
1.164150  1.278582   -0.34755754
1.178176  1.293987   -0.51138923
1.192202  1.309391   -0.66295124
1.206228  1.324796   -0.79650096
1.220253  1.340201   -0.90673909
1.234279  1.355605   -0.98906716
1.248305  1.371010   -1.03976369
1.262331  1.386414   -1.05618446
1.276357  1.401819   -1.03690643
1.290383  1.417224   -0.98181323
1.304409  1.432628   -0.89214074
1.318435  1.448033   -0.77046312
1.332461  1.463437   -0.62061634
1.346487  1.478842   -0.44757379
0.703419  -0.710775   -0.21492213
0.733013  -0.710487   -0.07816319
0.762893  -0.709269    0.06659436
0.793033  -0.707110    0.20782346
0.823407  -0.703997    0.33012760
0.853988  -0.699921    0.41680042
0.884748  -0.694871    0.45320260
0.915661  -0.688839    0.43024435
0.946698  -0.681816    0.34721906
0.977833  -0.673795    0.21325084
1.009036  -0.664768    0.04684696
1.040279  -0.654729   -0.12661436
1.071534  -0.643674   -0.27911663
1.102771  -0.631597   -0.38521975
1.133961  -0.618494   -0.42718679
1.165076  -0.604362   -0.39887704
1.196086  -0.589200   -0.30746052
1.226961  -0.573005   -0.17241965
1.257672  -0.555776   -0.02189493
1.288188  -0.537514    0.11292849
1.318481  -0.518220    0.20428166
1.348521  -0.497894    0.23363657
1.378276  -0.476540    0.19565881
1.407719  -0.454160    0.09931559
1.436818  -0.430758   -0.03412612
1.465545  -0.406340   -0.17582027
1.493868  -0.380911   -0.29569009
1.521760  -0.354477   -0.36903394
1.549189  -0.327045   -0.38180222
1.576126  -0.298624   -0.33346283
1.602543  -0.269221   -0.23673274
1.628410  -0.238847   -0.11435996
1.653698  -0.207513    0.00630703
1.678378  -0.175228    0.09965001
1.702421  -0.142005    0.14751135
1.725800  -0.107857    0.14305790
1.748485  -0.072797    0.09190812
1.770450  -0.036840    0.01033015
1.791667  -0.000000   -0.07893625
1.812108  0.037707   -0.15221799
1.831746  0.076264   -0.19045110
1.850556  0.115654   -0.18341541
1.868511  0.155859   -0.13170145
1.885585  0.196861   -0.04606397
1.901752  0.238639    0.05560672
1.916989  0.281175    0.15289325
1.931270  0.324446    0.22783237
1.944572  0.368432    0.26911275
1.956870  0.413110    0.27447431
0.688480  0.725255   -0.33863548
0.702824  0.740364   -0.33716506
0.717167  0.755474   -0.33217925
0.731510  0.770583   -0.32272787
0.745854  0.785693   -0.30785367
0.760197  0.800802   -0.28663902
0.774540  0.815912   -0.25826622
0.788884  0.831021   -0.22206262
0.803227  0.846131   -0.17760774
0.817570  0.861240   -0.12472642
0.831914  0.876350   -0.06358122
0.846257  0.891459    0.00528702
0.860600  0.906569    0.08095105
0.874944  0.921678    0.16208347
0.889287  0.936788    0.24691645
0.903630  0.951897    0.33332966
0.917974  0.967007    0.41885525
0.932317  0.982116    0.50073444
0.946660  0.997226    0.57603736
0.961004  1.012335    0.64174646
0.975347  1.027445    0.69486427
0.989690  1.042554    0.73256784
1.004034  1.057664    0.75232847
1.018377  1.072773    0.75204510
1.032720  1.087883    0.73018186
1.047064  1.102992    0.68586279
1.061407  1.118101    0.61899803
1.075751  1.133211    0.53030816
1.090094  1.148320    0.42140559
1.104437  1.163430    0.29475353
1.118781  1.178539    0.15363431
1.133124  1.193649    0.00212010
1.147467  1.208758   -0.15511899
1.161811  1.223868   -0.31292635
1.176154  1.238977   -0.46581095
1.190497  1.254087   -0.60821873
1.204841  1.269196   -0.73471506
1.219184  1.284306   -0.84019417
1.233527  1.299415   -0.92014813
1.247871  1.314525   -0.97084872
1.262214  1.329634   -0.98952630
1.276557  1.344744   -0.97454369
1.290901  1.359853   -0.92547852
1.305244  1.374963   -0.84321607
1.319587  1.390072   -0.72992065
1.333931  1.405182   -0.58899933
1.348274  1.420291   -0.42503307
1.362617  1.435401   -0.24356337
1.376961  1.450510   -0.05091555
0.718054  -0.695987   -0.08202414
0.747636  -0.695084    0.05332879
0.777484  -0.693245    0.18581526
0.807572  -0.690459    0.30310810
0.837875  -0.686715    0.39063926
0.868364  -0.682003    0.43449177
0.899012  -0.676315    0.42469121
0.929793  -0.669641    0.35812567
0.960678  -0.661974    0.24044988
0.991639  -0.653306    0.08634892
1.022647  -0.643632   -0.08208020
1.053675  -0.632946   -0.23876615
1.084692  -0.621243   -0.35826629
1.115672  -0.608518   -0.42075649
1.146583  -0.594769   -0.41621281
1.177397  -0.579994   -0.34691472
1.208085  -0.564189   -0.22747880
1.238616  -0.547355   -0.08234266
1.268962  -0.529492    0.05898167
1.299092  -0.510599    0.16785844
1.328977  -0.490678    0.22248911
1.358587  -0.469732    0.21251989
1.387892  -0.447763    0.14125644
1.416863  -0.424776    0.02493063
1.445469  -0.400774   -0.11085175
1.473681  -0.375764   -0.23672558
1.501470  -0.349751   -0.32598299
1.528805  -0.322742   -0.36033578
1.555657  -0.294745   -0.33376076
1.581998  -0.265770   -0.25352641
1.607797  -0.235824   -0.13821651
1.633027  -0.204919   -0.01326844
1.657657  -0.173065    0.09495238
1.681660  -0.140273    0.16512376
1.705007  -0.106558    0.18560431
1.727670  -0.071931    0.15673850
1.749621  -0.036407    0.09030291
1.770833  -0.000000    0.00635078
1.791279  0.037273   -0.07174740
1.810931  0.075397   -0.12284493
1.829763  0.114355   -0.13284193
1.847750  0.154128   -0.09765164
1.864864  0.194698   -0.02368395
1.881081  0.236046    0.07414191
1.896376  0.278151    0.17633670
1.910725  0.320994    0.26369517
1.924102  0.364553    0.32185577
1.936486  0.408806    0.34450331
1.947852  0.453730    0.33451934
0.703419  0.710775   -0.21492213
0.718074  0.725583   -0.21210770
0.732728  0.740391   -0.20341661
0.747383  0.755199   -0.18839463
0.762038  0.770006   -0.16658081
0.776692  0.784814   -0.13758590
0.791347  0.799622   -0.10112107
0.806001  0.814430   -0.05711617
0.820656  0.829238   -0.00572359
0.835310  0.844045    0.05258742
0.849965  0.858853    0.11703709
0.864620  0.873661    0.18648315
0.879274  0.888469    0.25942369
0.893929  0.903277    0.33403355
0.908583  0.918084    0.40814764
0.923238  0.932892    0.47936048
0.937892  0.947700    0.54505355
0.952547  0.962508    0.60252330
0.967202  0.977316    0.64904832
0.981856  0.992124    0.68202472
0.996511  1.006931    0.69908800
1.011165  1.021739    0.69823221
1.025820  1.036547    0.67792840
1.040474  1.051355    0.63724738
1.055129  1.066163    0.57593184
1.069784  1.080970    0.49449225
1.084438  1.095778    0.39425072
1.099093  1.110586    0.27731131
1.113747  1.125394    0.14660390
1.128402  1.140202    0.00574703
1.143056  1.155010   -0.14096912
1.157711  1.169817   -0.28880078
1.172366  1.184625   -0.43263564
1.187020  1.199433   -0.56722151
1.201675  1.214241   -0.68739624
1.216329  1.229049   -0.78824309
1.230984  1.243856   -0.86537038
1.245638  1.258664   -0.91506942
1.260293  1.273472   -0.93453489
1.274948  1.288280   -0.92199987
1.289602  1.303088   -0.87687210
1.304257  1.317895   -0.79978405
1.318911  1.332703   -0.69265180
1.333566  1.347511   -0.55858940
1.348220  1.362319   -0.40189035
1.362875  1.377127   -0.22781054
1.377530  1.391935   -0.04245725
1.392184  1.406742    0.14746938
1.406839  1.421550    0.33497704
0.732378  -0.680899    0.04877262
0.761934  -0.679380    0.17192091
0.791738  -0.676920    0.28227769
0.821762  -0.673509    0.36774093
0.851980  -0.669135    0.41567917
0.882364  -0.663790    0.41589405
0.912888  -0.657466    0.36355294
0.943523  -0.650153    0.26136947
0.974241  -0.641845    0.12048041
1.005015  -0.632535   -0.04041943
1.035816  -0.622218   -0.19765005
1.066614  -0.610888   -0.32653716
1.097382  -0.598542   -0.40604929
1.128090  -0.585176   -0.42311345
1.158708  -0.570787   -0.37565934
1.189208  -0.555374   -0.27357666
1.219560  -0.538935   -0.13723563
1.249735  -0.521469    0.00627071
1.279702  -0.502978    0.12844912
1.309433  -0.483462    0.20525119
1.338897  -0.462924    0.22208374
1.368065  -0.441367    0.17693916
1.396907  -0.418793    0.08083500
1.425393  -0.395208   -0.04454909
1.453494  -0.370616   -0.17158446
1.481179  -0.345024   -0.27268530
1.508421  -0.318439   -0.32630096
1.535188  -0.290867   -0.32147415
1.561452  -0.262318   -0.26004660
1.587184  -0.232801   -0.15593345
1.612355  -0.202325   -0.03172308
1.636936  -0.170901    0.08659691
1.660899  -0.138542    0.17556400
1.684214  -0.105258    0.21944744
1.706855  -0.071064    0.21351385
1.728792  -0.035973    0.16471753
1.750000  -0.000000    0.08964035
1.770450  0.036840    0.01033015
1.790116  0.074531   -0.05102280
1.808971  0.113055   -0.07721291
1.826988  0.152396   -0.05980094
1.844143  0.192534   -0.00070259
1.860410  0.233452    0.08875405
1.875763  0.275128    0.19090731
1.890179  0.317543    0.28625077
1.903633  0.360675    0.35814000
1.916102  0.404503    0.39662652
1.927562  0.449004    0.40051389
1.937991  0.494155    0.37722087
0.718054  0.695987   -0.08202414
0.733013  0.710487   -0.07816319
0.747973  0.724987   -0.06665130
0.762932  0.739487   -0.04755562
0.777892  0.753986   -0.02090949
0.792851  0.768486    0.01314708
0.807811  0.782986    0.05436000
0.822770  0.797486    0.10224139
0.837730  0.811985    0.15607597
0.852689  0.826485    0.21482847
0.867648  0.840985    0.27718606
0.882608  0.855485    0.34152733
0.897567  0.869984    0.40592586
0.912527  0.884484    0.46822271
0.927486  0.898984    0.52604538
0.942446  0.913484    0.57691643
0.957405  0.927983    0.61830789
0.972365  0.942483    0.64777408
0.987324  0.956983    0.66304197
1.002284  0.971483    0.66214097
1.017243  0.985982    0.64351415
1.032202  1.000482    0.60612960
1.047162  1.014982    0.54956695
1.062121  1.029482    0.47412012
1.077081  1.043981    0.38080966
1.092040  1.058481    0.27146243
1.107000  1.072981    0.14863360
1.121959  1.087480    0.01563428
1.136919  1.101980   -0.12362112
1.151878  1.116480   -0.26465964
1.166838  1.130980   -0.40267456
1.181797  1.145479   -0.53262281
1.196757  1.159979   -0.64949803
1.211716  1.174479   -0.74847226
1.226675  1.188979   -0.82516702
1.241635  1.203478   -0.87583034
1.256594  1.217978   -0.89752896
1.271554  1.232478   -0.88832872
1.286513  1.246978   -0.84741941
1.301473  1.261477   -0.77519214
1.316432  1.275977   -0.67330688
1.331392  1.290477   -0.54463014
1.346351  1.304977   -0.39322573
1.361311  1.319476   -0.22415682
1.376270  1.333976   -0.04339579
1.391229  1.348476    0.14247759
1.406189  1.362976    0.32649569
1.421148  1.377475    0.50154594
1.436108  1.391975    0.66074979
0.746384  -0.665515    0.16707100
0.775903  -0.663382    0.26886929
0.805649  -0.660303    0.34961738
0.835595  -0.656267    0.39840002
0.865716  -0.651266    0.40539499
0.895982  -0.645290    0.36468181
0.926368  -0.638332    0.27660646
0.956844  -0.630383    0.14910164
0.987383  -0.621438   -0.00247482
1.017957  -0.611490   -0.15716910
1.048536  -0.600534   -0.29169176
1.079092  -0.588567   -0.38462435
1.109596  -0.575583   -0.42067475
1.140019  -0.561581   -0.39406913
1.170332  -0.546558   -0.31026024
1.200505  -0.530514   -0.18542039
1.230508  -0.513446   -0.04365041
1.260313  -0.495357    0.08759581
1.289889  -0.476246    0.18300066
1.319207  -0.456117    0.22460521
1.348238  -0.434970    0.20560958
1.376951  -0.412810    0.13186127
1.405317  -0.389641    0.02064766
1.433306  -0.365469   -0.10299893
1.460889  -0.340298   -0.21170694
1.488037  -0.314135   -0.28166418
1.514719  -0.286989   -0.29772004
1.540907  -0.258867   -0.25654024
1.566572  -0.229777   -0.16708159
1.591684  -0.199731   -0.04835130
1.616215  -0.168738    0.07508113
1.640137  -0.136810    0.17869080
1.663421  -0.103959    0.24348568
1.686039  -0.070197    0.26009166
1.707964  -0.035540    0.23052540
1.729167  -0.000000    0.16733203
1.749621  0.036407    0.09030291
1.769301  0.073664    0.02164812
1.788178  0.111756   -0.01919920
1.806227  0.150664   -0.01999166
1.823423  0.190371    0.02181270
1.839739  0.230858    0.09888108
1.855151  0.272105    0.19615836
1.869634  0.314091    0.29476598
1.883164  0.356797    0.37664140
1.895718  0.400200    0.42876516
1.907272  0.444278    0.44602722
1.917804  0.489007    0.43205233
1.927292  0.534365    0.39789828
0.732378  0.680899    0.04877262
0.747636  0.695084    0.05332879
0.762893  0.709269    0.06659436
0.778151  0.723455    0.08804822
0.793409  0.737640    0.11716861
0.808667  0.751826    0.15333914
0.823925  0.766011    0.19580206
0.839183  0.780196    0.24358439
0.854441  0.794382    0.29547333
0.869698  0.808567    0.34999882
0.884956  0.822753    0.40544110
0.900214  0.836938    0.45983322
0.915472  0.851123    0.51100975
0.930730  0.865309    0.55666478
0.945988  0.879494    0.59442672
0.961246  0.893679    0.62194450
0.976504  0.907865    0.63699196
0.991761  0.922050    0.63757566
1.007019  0.936236    0.62204641
1.022277  0.950421    0.58920662
1.037535  0.964606    0.53841484
1.052793  0.978792    0.46966915
1.068051  0.992977    0.38366746
1.083309  1.007163    0.28185439
1.098566  1.021348    0.16642840
1.113824  1.035533    0.04028877
1.129082  1.049719   -0.09297802
1.144340  1.063904   -0.22923214
1.159598  1.078090   -0.36389742
1.174856  1.092275   -0.49212938
1.190114  1.106460   -0.60899711
1.205372  1.120646   -0.70969021
1.220629  1.134831   -0.78972727
1.235887  1.149016   -0.84518738
1.251145  1.163202   -0.87288146
1.266403  1.177387   -0.87055396
1.281661  1.191573   -0.83702875
1.296919  1.205758   -0.77231552
1.312177  1.219943   -0.67767440
1.327434  1.234129   -0.55563227
1.342692  1.248314   -0.40989844
1.357950  1.262500   -0.24531327
1.373208  1.276685   -0.06765417
1.388466  1.290870    0.11656358
1.403724  1.305056    0.30033860
1.418982  1.319241    0.47646548
1.434240  1.333427    0.63783643
1.449497  1.347612    0.77774091
1.464755  1.361797    0.89020058
0.760068  -0.649843    0.26411925
0.789536  -0.647097    0.33770379
0.819211  -0.643399    0.38421657
0.849067  -0.638742    0.39470961
0.879077  -0.633115    0.36276441
0.909213  -0.626511    0.28692058
0.939447  -0.618922    0.17232794
0.969752  -0.610341    0.03114832
1.000098  -0.600762   -0.11853651
1.030458  -0.590180   -0.25532393
1.060802  -0.578591   -0.35812576
1.091103  -0.565990   -0.41023471
1.121330  -0.552375   -0.40288131
1.151456  -0.537743   -0.33751702
1.181449  -0.522093   -0.22615262
1.211282  -0.505424   -0.08950866
1.240924  -0.487736    0.04672636
1.270345  -0.469031    0.15689805
1.299518  -0.449309    0.22058901
1.328411  -0.428573    0.22685752
1.356995  -0.406827    0.17662531
1.385241  -0.384075    0.08254540
1.413119  -0.360321   -0.03363923
1.440599  -0.335571   -0.14572706
1.467653  -0.309832   -0.22868871
1.494250  -0.283111   -0.26401720
1.520362  -0.255415   -0.24365241
1.545959  -0.226754   -0.17154982
1.571013  -0.197137   -0.06257378
1.595495  -0.166575    0.06101626
1.619376  -0.135078    0.17468153
1.642629  -0.102659    0.25710917
1.665224  -0.069331    0.29487991
1.687135  -0.035106    0.28521757
1.708333  -0.000000    0.23624113
1.728792  0.035973    0.16471753
1.748485  0.072797    0.09190812
1.767385  0.110456    0.03851324
1.785466  0.148932    0.01991867
1.802702  0.188208    0.04285598
1.819068  0.228264    0.10419726
1.834538  0.269081    0.19211487
1.849088  0.310640    0.28923266
1.862695  0.352919    0.37695144
1.875334  0.395897    0.43989380
1.886982  0.439551    0.46938161
1.897617  0.483860    0.46516689
1.907216  0.528799    0.43506030
1.915758  0.574345    0.39263452
0.746384  0.665515    0.16707100
0.761934  0.679380    0.17192091
0.777484  0.693245    0.18581526
0.793033  0.707110    0.20782346
0.808583  0.720975    0.23702022
0.824133  0.734840    0.27237908
0.839682  0.748704    0.31272580
0.855232  0.762569    0.35670406
0.870782  0.776434    0.40274051
0.886331  0.790299    0.44904930
0.901881  0.804164    0.49366398
0.917431  0.818029    0.53445158
0.932980  0.831894    0.56918310
0.948530  0.845759    0.59561117
0.964080  0.859624    0.61154306
0.979630  0.873489    0.61494905
0.995179  0.887353    0.60406561
1.010729  0.901218    0.57749842
1.026279  0.915083    0.53432835
1.041828  0.928948    0.47420787
1.057378  0.942813    0.39741693
1.072928  0.956678    0.30494725
1.088477  0.970543    0.19851986
1.104027  0.984408    0.08055406
1.119577  0.998273   -0.04582270
1.135126  1.012138   -0.17686917
1.150676  1.026002   -0.30836764
1.166226  1.039867   -0.43570846
1.181775  1.053732   -0.55409180
1.197325  1.067597   -0.65873948
1.212875  1.081462   -0.74505666
1.228424  1.095327   -0.80887508
1.243974  1.109192   -0.84666915
1.259524  1.123057   -0.85572882
1.275073  1.136922   -0.83435075
1.290623  1.150787   -0.78196091
1.306173  1.164651   -0.69921766
1.321722  1.178516   -0.58805808
1.337272  1.192381   -0.45165052
1.352822  1.206246   -0.29436840
1.368371  1.220111   -0.12164199
1.383921  1.233976    0.06026656
1.399471  1.247841    0.24443081
1.415020  1.261706    0.42356790
1.430570  1.275571    0.59037606
1.446120  1.289435    0.73778453
1.461669  1.303300    0.85931370
1.477219  1.317165    0.94939466
1.492769  1.331030    1.00359973
0.773423  -0.633891    0.33341249
0.802827  -0.630531    0.37462637
0.832419  -0.626217    0.38531463
0.862172  -0.620940    0.35908000
0.892058  -0.614690    0.29318808
0.922050  -0.607460    0.19044916
0.952120  -0.599244    0.06008480
0.982239  -0.590034   -0.08276014
1.012380  -0.579826   -0.21890525
1.042513  -0.568615   -0.32820941
1.072610  -0.556397   -0.39329466
1.102642  -0.543169   -0.40313140
1.132579  -0.528927   -0.35570366
1.162393  -0.513672   -0.25905883
1.192055  -0.497401   -0.13033851
1.221534  -0.480115    0.00711069
1.250802  -0.461815    0.12813641
1.279828  -0.442501    0.21073978
1.308584  -0.422177    0.24059721
1.337039  -0.400845    0.21411205
1.365165  -0.378509    0.13926574
1.392931  -0.355174    0.03402836
1.420309  -0.330845   -0.07741833
1.447268  -0.305529   -0.16980306
1.473781  -0.279232   -0.22218434
1.499816  -0.251963   -0.22237978
1.525346  -0.223730   -0.16950190
1.550342  -0.194543   -0.07395003
1.574774  -0.164411    0.04508160
1.598615  -0.133346    0.16401074
1.621836  -0.101360    0.26018747
1.644409  -0.068464    0.31689628
1.666306  -0.034673    0.32689133
1.687500  -0.000000    0.29371763
1.707964  0.035540    0.23052540
1.727670  0.071931    0.15673850
1.746592  0.109157    0.09337074
1.764705  0.147200    0.05814205
1.781981  0.186044    0.06152961
1.798396  0.225670    0.10462045
1.813925  0.266058    0.17925403
1.828543  0.307188    0.27031276
1.842226  0.349041    0.35956099
1.854950  0.391593    0.43004726
1.866692  0.434825    0.47004247
1.877429  0.478712    0.47553489
1.887140  0.523233    0.45079205
1.895802  0.568362    0.40689740
1.903395  0.614075    0.35870245
0.760068  0.649843    0.26411925
0.775903  0.663382    0.26886929
0.791738  0.676920    0.28227769
0.807572  0.690459    0.30310810
0.823407  0.703997    0.33012760
0.839242  0.717535    0.36200086
0.855077  0.731074    0.39726358
0.870911  0.744612    0.43429266
0.886746  0.758151    0.47130564
0.902581  0.771689    0.50636382
0.918416  0.785228    0.53741474
0.934250  0.798766    0.56234217
0.950085  0.812304    0.57903897
0.965920  0.825843    0.58548265
0.981755  0.839381    0.57982981
0.997589  0.852920    0.56052261
1.013424  0.866458    0.52637000
1.029259  0.879996    0.47666470
1.045094  0.893535    0.41125683
1.060928  0.907073    0.33062705
1.076763  0.920612    0.23591743
1.092598  0.934150    0.12897948
1.108433  0.947688    0.01234879
1.124267  0.961227   -0.11078855
1.140102  0.974765   -0.23670886
1.155937  0.988304   -0.36120843
1.171772  1.001842   -0.47978449
1.187606  1.015380   -0.58779020
1.203441  1.028919   -0.68065482
1.219276  1.042457   -0.75404783
1.235111  1.055996   -0.80412080
1.250945  1.069534   -0.82770137
1.266780  1.083072   -0.82248853
1.282615  1.096611   -0.78720762
1.298450  1.110149   -0.72173920
1.314284  1.123688   -0.62720936
1.330119  1.137226   -0.50598516
1.345954  1.150764   -0.36168757
1.361789  1.164303   -0.19907611
1.377623  1.177841   -0.02391861
1.393458  1.191380    0.15725612
1.409293  1.204918    0.33734148
1.425128  1.218457    0.50898813
1.440962  1.231995    0.66489641
1.456797  1.245533    0.79818397
1.472632  1.259072    0.90265232
1.488467  1.272610    0.97312899
1.504301  1.286149    1.00573244
1.520136  1.299687    0.99809313
0.786443  -0.617663    0.37110038
0.815771  -0.613693    0.37864751
0.845266  -0.608764    0.35490625
0.874903  -0.602869    0.29635845
0.904653  -0.595999    0.20392052
0.934488  -0.588147    0.08416222
0.964380  -0.579306   -0.05063830
0.994301  -0.569472   -0.18374844
1.024223  -0.558640   -0.29647389
1.054116  -0.546804   -0.37144215
1.083953  -0.533962   -0.39607927
1.113703  -0.520112   -0.36550234
1.143338  -0.505251   -0.28412470
1.172828  -0.489379   -0.16548726
1.202145  -0.472494   -0.03016736
1.231258  -0.454599    0.09787063
1.260138  -0.435693    0.19591397
1.288757  -0.415780    0.24704232
1.317084  -0.394862    0.24368264
1.345089  -0.372942    0.18930220
1.372744  -0.350026    0.09779904
1.400019  -0.326119   -0.00932894
1.426884  -0.301226   -0.10749383
1.453311  -0.275354   -0.17423678
1.479271  -0.248512   -0.19399486
1.504733  -0.220707   -0.16137383
1.529670  -0.191949   -0.08218995
1.554053  -0.162248    0.02798493
1.577854  -0.131615    0.14740441
1.601043  -0.100060    0.25305658
1.623593  -0.067598    0.32575943
1.645477  -0.034240    0.35431845
1.666667  -0.000000    0.33775943
1.687135  0.035106    0.28521757
1.706855  0.071064    0.21351385
1.725800  0.107857    0.14305790
1.743943  0.145469    0.09304506
1.761260  0.183881    0.07708864
1.777725  0.223076    0.10030314
1.793312  0.263034    0.15844772
1.807998  0.303737    0.23929512
1.821757  0.345162    0.32579580
1.834566  0.387290    0.40027908
1.846402  0.430099    0.44859607
1.857242  0.473565    0.46326865
1.867064  0.517666    0.44491068
1.875846  0.562379    0.40163990
1.883568  0.607679    0.34671611
1.890208  0.653540    0.29502076
0.773423  0.633891    0.33341249
0.789536  0.647097    0.33770379
0.805649  0.660303    0.34961738
0.821762  0.673509    0.36774093
0.837875  0.686715    0.39063926
0.853988  0.699921    0.41680042
0.870101  0.713127    0.44460424
0.886214  0.726333    0.47231208
0.902327  0.739539    0.49807656
0.918440  0.752745    0.51997016
0.934552  0.765951    0.53603155
0.950665  0.779157    0.54432759
0.966778  0.792363    0.54302682
0.982891  0.805569    0.53048545
0.999004  0.818775    0.50533704
1.015117  0.831981    0.46658357
1.031230  0.845187    0.41368227
1.047343  0.858393    0.34662260
1.063456  0.871600    0.26598935
1.079569  0.884806    0.17299759
1.095682  0.898012    0.06951757
1.111795  0.911218   -0.04194517
1.127908  0.924424   -0.15829359
1.144021  0.937630   -0.27591743
1.160134  0.950836   -0.39080396
1.176247  0.964042   -0.49867862
1.192360  0.977248   -0.59517167
1.208473  0.990454   -0.67600461
1.224586  1.003660   -0.73718885
1.240699  1.016866   -0.77522794
1.256812  1.030072   -0.78731310
1.272925  1.043278   -0.77150220
1.289038  1.056484   -0.72687148
1.305151  1.069690   -0.65363064
1.321264  1.082896   -0.55319265
1.337377  1.096102   -0.42819160
1.353490  1.109308   -0.28244392
1.369603  1.122515   -0.12085117
1.385716  1.135721    0.05075464
1.401829  1.148927    0.22581894
1.417942  1.162133    0.39731982
1.434055  1.175339    0.55805924
1.450168  1.188545    0.70097888
1.466281  1.201751    0.81948610
1.482394  1.214957    0.90777462
1.498507  1.228163    0.96112365
1.514620  1.241369    0.97615984
1.530733  1.254575    0.95106727
1.546845  1.267781    0.88573826
0.799122  -0.601169    0.37611377
0.828361  -0.596589    0.35150264
0.857748  -0.591048    0.29741604
0.887256  -0.584537    0.21329341
0.916856  -0.577050    0.10338582
0.946521  -0.568578   -0.02276843
0.976223  -0.559118   -0.15100034
1.005933  -0.548664   -0.26443185
1.035623  -0.537211   -0.34628959
1.065264  -0.524756   -0.38313646
1.094827  -0.511297   -0.36785628
1.124282  -0.496830   -0.30166253
1.153601  -0.481356   -0.19460188
1.182755  -0.464874   -0.06425864
1.211714  -0.447383    0.06718908
1.240449  -0.428886    0.17706659
1.268930  -0.409384    0.24666417
1.297128  -0.388879    0.26507317
1.325013  -0.367376    0.23155164
1.352557  -0.344879    0.15583109
1.379729  -0.321392    0.05621879
1.406500  -0.296923   -0.04417396
1.432842  -0.271476   -0.12228300
1.458725  -0.245060   -0.15995771
1.484121  -0.217684   -0.14781430
1.508999  -0.189355   -0.08715258
1.533333  -0.160085    0.01044439
1.557092  -0.129883    0.12579990
1.580250  -0.098761    0.23645951
1.602778  -0.066731    0.32168043
1.624648  -0.033806    0.36695708
1.645833  -0.000000    0.36705561
1.666306  0.034673    0.32689133
1.686039  0.070197    0.26009166
1.705007  0.106558    0.18560431
1.723182  0.143737    0.12321218
1.740540  0.181718    0.08895891
1.757054  0.220482    0.09161410
1.772700  0.260011    0.13091686
1.787452  0.300285    0.19798439
1.801287  0.341284    0.27771736
1.814182  0.382987    0.35255889
1.826112  0.425372    0.40667506
1.837054  0.468418    0.42957216
1.846988  0.512100    0.41828382
1.855890  0.556396    0.37764888
1.863741  0.601282    0.31873599
1.870518  0.646732    0.25579435
1.876203  0.692722    0.20258252
0.786443  0.617663    0.37110038
0.802827  0.630531    0.37462637
0.819211  0.643399    0.38421657
0.835595  0.656267    0.39840002
0.851980  0.669135    0.41567917
0.868364  0.682003    0.43449177
0.884748  0.694871    0.45320260
0.901132  0.707739    0.47010466
0.917516  0.720607    0.48344306
0.933901  0.733475    0.49145324
0.950285  0.746343    0.49241817
0.966669  0.759211    0.48472974
0.983053  0.772079    0.46696569
0.999438  0.784947    0.43796505
1.015822  0.797815    0.39692329
1.032206  0.810683    0.34344807
1.048590  0.823551    0.27763982
1.064974  0.836419    0.20014196
1.081359  0.849287    0.11216847
1.097743  0.862155    0.01554183
1.114127  0.875023   -0.08736279
1.130511  0.887891   -0.19363642
1.146896  0.900759   -0.29992446
1.163280  0.913627   -0.40250518
1.179664  0.926495   -0.49746276
1.196048  0.939363   -0.58081591
1.212432  0.952231   -0.64869880
1.228817  0.965099   -0.69754697
1.245201  0.977967   -0.72427813
1.261585  0.990835   -0.72648448
1.277969  1.003703   -0.70258726
1.294354  1.016571   -0.65197208
1.310738  1.029439   -0.57511006
1.327122  1.042307   -0.47359123
1.343506  1.055175   -0.35014968
1.359890  1.068043   -0.20861593
1.376275  1.080911   -0.05380735
1.392659  1.093779    0.10858669
1.409043  1.106647    0.27226790
1.425427  1.119515    0.43053884
1.441812  1.132383    0.57660209
1.458196  1.145251    0.70383298
1.474580  1.158119    0.80614145
1.490964  1.170987    0.87824384
1.507348  1.183855    0.91595476
1.523733  1.196723    0.91643042
1.540117  1.209591    0.87836831
1.556501  1.222459    0.80213032
1.572885  1.235327    0.68979963
0.811456  -0.584414    0.35009869
0.840593  -0.579227    0.29734769
0.869858  -0.573076    0.21920141
0.899224  -0.565952    0.11789273
0.928662  -0.557851    0.00043590
0.958145  -0.548764   -0.12161589
0.987644  -0.538688   -0.23346069
1.017130  -0.527618   -0.31940901
1.046575  -0.515550   -0.36579531
1.075950  -0.502481   -0.36390320
1.105227  -0.488409   -0.31224814
1.134375  -0.473333   -0.21762326
1.163366  -0.457253   -0.09452530
1.192170  -0.440167    0.03706619
1.220759  -0.422078    0.15520209
1.249103  -0.402987    0.24015118
1.277172  -0.382896    0.27835921
1.304937  -0.361810    0.26532066
1.332369  -0.339731    0.20667649
1.359439  -0.316666    0.11721198
1.386116  -0.292619    0.01790640
1.412373  -0.267598   -0.06841525
1.438180  -0.241609   -0.12185348
1.463508  -0.214660   -0.12964580
1.488328  -0.186761   -0.08884493
1.512612  -0.157921   -0.00685716
1.536331  -0.128151    0.10027769
1.559457  -0.097461    0.21150137
1.581963  -0.065864    0.30540662
1.603819  -0.033373    0.36493057
1.625000  -0.000000    0.38100370
1.645477  0.034240    0.35431845
1.665224  0.069331    0.29487991
1.684214  0.105258    0.21944744
1.702421  0.142005    0.14751135
1.719819  0.179554    0.09676332
1.736383  0.217888    0.07910773
1.752087  0.256988    0.09813738
1.766907  0.296834    0.14860943
1.780818  0.337406    0.21798787
1.793798  0.378684    0.28963911
1.805821  0.420646    0.34683020
1.816867  0.463270    0.37664057
1.826912  0.506534    0.37274884
1.835935  0.550414    0.33658527
1.843914  0.594885    0.27654841
1.850828  0.639925    0.20558305
1.856659  0.685506    0.13778514
1.861385  0.731604    0.08479545
0.799122  0.601169    0.37611377
0.815771  0.613693    0.37864751
0.832419  0.626217    0.38531463
0.849067  0.638742    0.39470961
0.865716  0.651266    0.40539499
0.882364  0.663790    0.41589405
0.899012  0.676315    0.42469121
0.915661  0.688839    0.43024435
0.932309  0.701363    0.43103268
0.948958  0.713888    0.42558986
0.965606  0.726412    0.41256513
0.982254  0.738936    0.39078792
0.998903  0.751461    0.35933309
1.015551  0.763985    0.31759539
1.032199  0.776510    0.26534934
1.048848  0.789034    0.20279403
1.065496  0.801558    0.13063392
1.082145  0.814083    0.05005684
1.098793  0.826607   -0.03721788
1.115441  0.839131   -0.12898937
1.132090  0.851656   -0.22260800
1.148738  0.864180   -0.31502851
1.165387  0.876704   -0.40294493
1.182035  0.889229   -0.48287053
1.198683  0.901753   -0.55131416
1.215332  0.914277   -0.60492014
1.231980  0.926802   -0.64063182
1.248628  0.939326   -0.65586615
1.265277  0.951850   -0.64866987
1.281925  0.964375   -0.61787109
1.298574  0.976899   -0.56317510
1.315222  0.989423   -0.48528891
1.331870  1.001948   -0.38593096
1.348519  1.014472   -0.26783637
1.365167  1.026996   -0.13474699
1.381815  1.039521    0.00874367
1.398464  1.052045    0.15731717
1.415112  1.064569    0.30509259
1.431761  1.077094    0.44592650
1.448409  1.089618    0.57360500
1.465057  1.102143    0.68218901
1.481706  1.114667    0.76626475
1.498354  1.127191    0.82122614
1.515002  1.139716    0.84355235
1.531651  1.152240    0.83100088
1.548299  1.164764    0.78280251
1.564948  1.177289    0.69974408
1.581596  1.189813    0.58423438
1.598244  1.202337    0.44023647
0.823438  -0.567406    0.29711709
0.852461  -0.561614    0.22228257
0.881592  -0.554855    0.12792254
0.910804  -0.547123    0.01869795
0.940067  -0.538410   -0.09637966
0.969354  -0.528712   -0.20478032
0.998637  -0.518025   -0.29229291
1.027886  -0.506344   -0.34557085
1.057074  -0.493666   -0.35491586
1.086171  -0.479989   -0.31668640
1.115148  -0.465311   -0.23475818
1.143976  -0.449632   -0.12058188
1.172627  -0.432951    0.00833869
1.201070  -0.415270    0.13132731
1.229276  -0.396590    0.22835087
1.257216  -0.376914    0.28392381
1.284861  -0.356244    0.29031749
1.312182  -0.334584    0.24930422
1.339148  -0.311940    0.17200576
1.365732  -0.288316    0.07674846
1.391904  -0.263720   -0.01462527
1.417634  -0.238157   -0.08129154
1.442895  -0.211637   -0.10781857
1.467657  -0.184167   -0.08740648
1.491891  -0.155758   -0.02330005
1.515570  -0.126419    0.07200597
1.538665  -0.096162    0.17955824
1.561148  -0.064998    0.27815337
1.582991  -0.032939    0.34898492
1.604167  -0.000000    0.37970082
1.624648  0.033806    0.36695708
1.644409  0.068464    0.31689628
1.663421  0.103959    0.24348568
1.681660  0.140273    0.16512376
1.699098  0.177391    0.10032091
1.715711  0.215294    0.06348647
1.731474  0.253964    0.06176944
1.746361  0.293382    0.09367059
1.760349  0.333528    0.14970578
1.773414  0.374381    0.21488333
1.785531  0.415920    0.27237479
1.796680  0.458123    0.30749842
1.806836  0.500968    0.31097822
1.815979  0.544431    0.28086180
1.824087  0.588489    0.22254993
1.831139  0.633117    0.14710516
1.837115  0.678290    0.06824957
1.841996  0.723983   -0.00115535
1.845762  0.770170   -0.05228830
0.811456  0.584414    0.35009869
0.828361  0.596589    0.35150264
0.845266  0.608764    0.35490625
0.862172  0.620940    0.35908000
0.879077  0.633115    0.36276441
0.895982  0.645290    0.36468181
0.912888  0.657466    0.36355294
0.929793  0.669641    0.35812567
0.946698  0.681816    0.34721906
0.963604  0.693991    0.32976559
0.980509  0.706167    0.30488181
0.997414  0.718342    0.27189435
1.014320  0.730517    0.23042138
1.031225  0.742693    0.18043169
1.048130  0.754868    0.12225271
1.065036  0.767043    0.05663267
1.081941  0.779218   -0.01523513
1.098846  0.791394   -0.09174328
1.115752  0.803569   -0.17088228
1.132657  0.815744   -0.25025653
1.149562  0.827920   -0.32719375
1.166468  0.840095   -0.39881476
1.183373  0.852270   -0.46212888
1.200278  0.864445   -0.51418864
1.217184  0.876621   -0.55221113
1.234089  0.888796   -0.57371690
1.250994  0.900971   -0.57668917
1.267900  0.913147   -0.55969664
1.284805  0.925322   -0.52201854
1.301710  0.937497   -0.46373831
1.318616  0.949672   -0.38580272
1.335521  0.961848   -0.29007897
1.352426  0.974023   -0.17929736
1.369332  0.986198   -0.05702311
1.386237  0.998374    0.07242389
1.403142  1.010549    0.20416415
1.420048  1.022724    0.33290955
1.436953  1.034899    0.45316102
1.453858  1.047075    0.55949487
1.470764  1.059250    0.64678474
1.487669  1.071425    0.71045411
1.504574  1.083601    0.74674686
1.521480  1.095776    0.75292097
1.538385  1.107951    0.72745489
1.555290  1.120126    0.67017184
1.572196  1.132302    0.58231705
1.589101  1.144477    0.46659261
1.606006  1.156652    0.32707382
1.622912  1.168828    0.16909089
0.835064  -0.550153    0.22317891
0.863960  -0.543758    0.13374873
0.892945  -0.536395    0.03186916
0.921989  -0.528056   -0.07592418
0.951064  -0.518737   -0.17946198
0.980143  -0.508432   -0.26632099
1.009197  -0.497137   -0.32394991
1.038198  -0.484850   -0.34223568
1.067115  -0.471568   -0.31593572
1.095921  -0.457288   -0.24641917
1.124587  -0.442011   -0.14225177
1.153083  -0.425735   -0.01832368
1.181380  -0.408463    0.10639934
1.209449  -0.390194    0.21221913
1.237260  -0.370931    0.28241261
1.264785  -0.350677    0.30662454
1.291994  -0.329437    0.28311705
1.318858  -0.307213    0.21935041
1.345348  -0.284013    0.13066644
1.371435  -0.259841    0.03727539
1.397089  -0.234706   -0.03985057
1.422282  -0.208614   -0.08334729
1.446986  -0.181573   -0.08309249
1.471171  -0.153595   -0.03833846
1.494809  -0.124687    0.04218396
1.517872  -0.094862    0.14220615
1.540332  -0.064131    0.24151990
1.562162  -0.032506    0.32040256
1.583333  -0.000000    0.36388642
1.603819  0.033373    0.36493057
1.623593  0.067598    0.32575943
1.642629  0.102659    0.25710917
1.660899  0.138542    0.17556400
1.678378  0.175228    0.09965001
1.695040  0.212700    0.04556229
1.710861  0.250941    0.02356117
1.725816  0.289930    0.03582925
1.739880  0.329649    0.07624002
1.753029  0.370077    0.13206944
1.765241  0.411193    0.18717257
1.776492  0.452975    0.22581945
1.786760  0.495401    0.23631453
1.796023  0.538448    0.21349837
1.804260  0.582092    0.15961182
1.811449  0.626309    0.08334739
1.817571  0.671075   -0.00258143
1.822606  0.716362   -0.08475624
1.826536  0.762147   -0.15240515
1.829340  0.808402   -0.19997218
0.823438  0.567406    0.29711709
0.840593  0.579227    0.29734769
0.857748  0.591048    0.29741604
0.874903  0.602869    0.29635845
0.892058  0.614690    0.29318808
0.909213  0.626511    0.28692058
0.926368  0.638332    0.27660646
0.943523  0.650153    0.26136947
0.960678  0.661974    0.24044988
0.977833  0.673795    0.21325084
0.994988  0.685616    0.17938545
1.012143  0.697437    0.13872182
1.029298  0.709258    0.09142327
1.046453  0.721078    0.03797753
1.063608  0.732899   -0.02077053
1.080763  0.744720   -0.08362980
1.097918  0.756541   -0.14906006
1.115073  0.768362   -0.21520238
1.132227  0.780183   -0.27992109
1.149382  0.792004   -0.34088725
1.166537  0.803825   -0.39563390
1.183692  0.815646   -0.44167414
1.200847  0.827467   -0.47660752
1.218002  0.839288   -0.49823945
1.235157  0.851109   -0.50470309
1.252312  0.862930   -0.49457809
1.269467  0.874751   -0.46699945
1.286622  0.886572   -0.42175008
1.303777  0.898393   -0.35933072
1.320932  0.910214   -0.28100139
1.338087  0.922035   -0.18878992
1.355242  0.933856   -0.08546376
1.372397  0.945677    0.02553620
1.389552  0.957498    0.14020007
1.406707  0.969319    0.25408921
1.423862  0.981140    0.36250821
1.441017  0.992961    0.46070228
1.458172  1.004781    0.54407133
1.475327  1.016602    0.60839475
1.492482  1.028423    0.65004832
1.509637  1.040244    0.66621091
1.526792  1.052065    0.65504409
1.543947  1.063886    0.61583557
1.561102  1.075707    0.54909678
1.578256  1.087528    0.45661406
1.595411  1.099349    0.34140470
1.612566  1.111170    0.20768049
1.629721  1.122991    0.06068294
1.646876  1.134812   -0.09350768
0.846329  -0.532661    0.13563794
0.875086  -0.525667    0.03984827
0.903910  -0.517702   -0.06076184
0.932775  -0.508761   -0.15844019
0.961650  -0.498839   -0.24275360
0.990509  -0.487931   -0.30235412
1.019321  -0.476035   -0.32722853
1.048060  -0.463147   -0.31107494
1.076695  -0.449266   -0.25321244
1.105198  -0.434390   -0.15957028
1.133539  -0.418520   -0.04241497
1.161690  -0.401655    0.08131502
1.189622  -0.383797    0.19277720
1.217304  -0.364948    0.27467356
1.244709  -0.345111    0.31465477
1.271807  -0.324289    0.30791963
1.298568  -0.302487    0.25842577
1.324964  -0.279710    0.17833283
1.350966  -0.255963    0.08572107
1.376544  -0.231254    0.00100270
1.401669  -0.205590   -0.05726706
1.426314  -0.178980   -0.07625258
1.450450  -0.151431   -0.05152969
1.474047  -0.122956    0.01198226
1.497079  -0.093563    0.10112875
1.519517  -0.063264    0.19738741
1.541333  -0.032072    0.28091767
1.562500  -0.000000    0.33487036
1.582991  0.032939    0.34898492
1.602778  0.066731    0.32168043
1.621836  0.101360    0.26018747
1.640137  0.136810    0.17869080
1.657657  0.173065    0.09495238
1.674369  0.210106    0.02620680
1.690248  0.247918   -0.01473882
1.705270  0.286479   -0.02225285
1.719411  0.325771    0.00105290
1.732645  0.365774    0.04520372
1.744951  0.406467    0.09543422
1.756305  0.447828    0.13573045
1.766684  0.489835    0.15257346
1.776067  0.532465    0.13794582
1.784433  0.575696    0.09090545
1.791759  0.619502    0.01743396
1.798027  0.663859   -0.07133946
1.803217  0.708742   -0.16210961
1.807309  0.754124   -0.24273060
1.810285  0.799981   -0.30513826
1.812127  0.846284   -0.34714366
0.835064  0.550153    0.22317891
0.852461  0.561614    0.22228257
0.869858  0.573076    0.21920141
0.887256  0.584537    0.21329341
0.904653  0.595999    0.20392052
0.922050  0.607460    0.19044916
0.939447  0.618922    0.17232794
0.956844  0.630383    0.14910164
0.974241  0.641845    0.12048041
0.991639  0.653306    0.08634892
1.009036  0.664768    0.04684696
1.026433  0.676229    0.00234744
1.043830  0.687691   -0.04647945
1.061227  0.699152   -0.09868563
1.078625  0.710614   -0.15302879
1.096022  0.722075   -0.20799346
1.113419  0.733537   -0.26183378
1.130816  0.744998   -0.31262146
1.148213  0.756460   -0.35830186
1.165610  0.767921   -0.39678458
1.183008  0.779383   -0.42602852
1.200405  0.790844   -0.44413900
1.217802  0.802306   -0.44948140
1.235199  0.813767   -0.44077166
1.252596  0.825229   -0.41718193
1.269993  0.836690   -0.37841314
1.287391  0.848152   -0.32477008
1.304788  0.859613   -0.25720780
1.322185  0.871075   -0.17733799
1.339582  0.882536   -0.08741301
1.356979  0.893998    0.00970599
1.374376  0.905460    0.11064636
1.391774  0.916921    0.21163445
1.409171  0.928383    0.30860529
1.426568  0.939844    0.39742059
1.443965  0.951306    0.47401329
1.461362  0.962767    0.53459414
1.478759  0.974229    0.57584194
1.496157  0.985690    0.59508729
1.513554  0.997152    0.59048174
1.530951  1.008613    0.56113043
1.548348  1.020075    0.50719804
1.565745  1.031536    0.42995188
1.583142  1.042998    0.33177992
1.600540  1.054459    0.21611679
1.617937  1.065921    0.08738716
1.635334  1.077382   -0.04921532
1.652731  1.088844   -0.18788856
1.670128  1.100305   -0.32248730
0.857227  -0.514939    0.04253829
0.885832  -0.507348   -0.05134256
0.914485  -0.498785   -0.14251857
0.943157  -0.489246   -0.22272029
0.971820  -0.478725   -0.28211150
1.000445  -0.467219   -0.31123712
1.029004  -0.454726   -0.30324583
1.057468  -0.441243   -0.25587580
1.085808  -0.426769   -0.17275098
1.113995  -0.411304   -0.06359058
1.142001  -0.394847    0.05686053
1.169795  -0.377400    0.17105060
1.197349  -0.358965    0.26170531
1.224633  -0.339545    0.31510271
1.251620  -0.319142    0.32389834
1.278278  -0.297761    0.28881876
1.304580  -0.275406    0.21879966
1.330496  -0.252085    0.12943559
1.355998  -0.227803    0.03996394
1.381057  -0.202567   -0.03058505
1.405643  -0.176386   -0.06730570
1.429729  -0.149268   -0.06254145
1.453286  -0.121224   -0.01749420
1.476286  -0.092263    0.05804293
1.498702  -0.062398    0.14780821
1.520504  -0.031639    0.23259638
1.541667  -0.000000    0.29442917
1.562162  0.032506    0.32040256
1.581963  0.065864    0.30540662
1.601043  0.100060    0.25305658
1.619376  0.135078    0.17468153
1.636936  0.170901    0.08659691
1.653698  0.207513    0.00630703
1.669636  0.244894   -0.05146008
1.684725  0.283027   -0.07801528
1.698942  0.321893   -0.07247182
1.712261  0.361471   -0.04170799
1.724661  0.401740    0.00149560
1.736117  0.442680    0.04156526
1.746608  0.484269    0.06384438
1.756111  0.526483    0.05789893
1.764606  0.569299    0.01975264
1.772070  0.612694   -0.04753195
1.778484  0.656643   -0.13490068
1.783828  0.701121   -0.22978782
1.788082  0.746102   -0.31929695
1.791229  0.791560   -0.39331295
1.793250  0.837468   -0.44682304
1.794129  0.883800   -0.48084333
0.846329  0.532661    0.13563794
0.863960  0.543758    0.13374873
0.881592  0.554855    0.12792254
0.899224  0.565952    0.11789273
0.916856  0.577050    0.10338582
0.934488  0.588147    0.08416222
0.952120  0.599244    0.06008480
0.969752  0.610341    0.03114832
0.987383  0.621438   -0.00247482
1.005015  0.632535   -0.04041943
1.022647  0.643632   -0.08208020
1.040279  0.654729   -0.12661436
1.057911  0.665826   -0.17293642
1.075543  0.676923   -0.21972996
1.093174  0.688021   -0.26546775
1.110806  0.699118   -0.30847620
1.128438  0.710215   -0.34695281
1.146070  0.721312   -0.37905904
1.163702  0.732409   -0.40299231
1.181334  0.743506   -0.41707257
1.198966  0.754603   -0.41983332
1.216597  0.765700   -0.41011432
1.234229  0.776797   -0.38714288
1.251861  0.787895   -0.35061883
1.269493  0.798992   -0.30076680
1.287125  0.810089   -0.23838900
1.304757  0.821186   -0.16487830
1.322389  0.832283   -0.08221165
1.340020  0.843380    0.00708031
1.357652  0.854477    0.10000691
1.375284  0.865574    0.19317427
1.392916  0.876671    0.28293454
1.410548  0.887768    0.36552566
1.428180  0.898866    0.43723411
1.445811  0.909963    0.49456982
1.463443  0.921060    0.53444975
1.481075  0.932157    0.55435043
1.498707  0.943254    0.55247746
1.516339  0.954351    0.52789152
1.533971  0.965448    0.48060598
1.551603  0.976545    0.41164445
1.569234  0.987642    0.32305952
1.586866  0.998740    0.21787181
1.604498  1.009837    0.10001218
1.622130  1.020934   -0.02582698
1.639762  1.032031   -0.15437502
1.657394  1.043128   -0.28000108
1.675025  1.054225   -0.39695665
1.692657  1.065322   -0.49967215
0.867754  -0.496994   -0.04809825
0.896195  -0.488810   -0.13243238
0.924664  -0.479653   -0.20724496
0.953131  -0.469519   -0.26445574
0.981569  -0.458404   -0.29555561
1.009948  -0.446305   -0.29361036
1.038241  -0.433220   -0.25524774
1.066419  -0.419148   -0.18215201
1.094452  -0.404088   -0.08167561
1.122311  -0.388039    0.03369673
1.149968  -0.371004    0.14803299
1.177393  -0.352983    0.24459248
1.204557  -0.333978    0.30888573
1.231432  -0.313994    0.33156673
1.257988  -0.293034    0.31050462
1.284196  -0.271103    0.25150655
1.310027  -0.248207    0.16745277
1.335453  -0.224351    0.07592194
1.360444  -0.199543   -0.00423448
1.384972  -0.173792   -0.05671772
1.409008  -0.147105   -0.07115272
1.432525  -0.119492   -0.04526795
1.455494  -0.090964    0.01461072
1.477886  -0.061531    0.09490793
1.499675  -0.031206    0.17772516
1.520833  -0.000000    0.24469170
1.541333  0.032072    0.28091767
1.561148  0.064998    0.27815337
1.580250  0.098761    0.23645951
1.598615  0.133346    0.16401074
1.616215  0.168738    0.07508113
1.633027  0.204919   -0.01326844
1.649023  0.241871   -0.08510006
1.664180  0.279576   -0.12913927
1.678472  0.318015   -0.14118778
1.691877  0.357168   -0.12483513
1.704371  0.397014   -0.09039703
1.715930  0.437533   -0.05232257
1.726532  0.478702   -0.02572271
1.736156  0.520500   -0.02288176
1.744779  0.562902   -0.05055524
1.752380  0.605886   -0.10864371
1.758940  0.649427   -0.19053289
1.764438  0.693500   -0.28497605
1.768856  0.738079   -0.37895472
1.772174  0.783139   -0.46086824
1.774374  0.828653   -0.52318669
1.775440  0.874594   -0.56400214
1.775354  0.920933   -0.58712131
0.857227  0.514939    0.04253829
0.875086  0.525667    0.03984827
0.892945  0.536395    0.03186916
0.910804  0.547123    0.01869795
0.928662  0.557851    0.00043590
0.946521  0.568578   -0.02276843
0.964380  0.579306   -0.05063830
0.982239  0.590034   -0.08276014
1.000098  0.600762   -0.11853651
1.017957  0.611490   -0.15716910
1.035816  0.622218   -0.19765005
1.053675  0.632946   -0.23876615
1.071534  0.643674   -0.27911663
1.089392  0.654402   -0.31714201
1.107251  0.665130   -0.35118277
1.125110  0.675857   -0.37951920
1.142969  0.686585   -0.40045030
1.160828  0.697313   -0.41237696
1.178687  0.708041   -0.41388082
1.196546  0.718769   -0.40381185
1.214405  0.729497   -0.38137158
1.232264  0.740225   -0.34618883
1.250122  0.750953   -0.29838685
1.267981  0.761681   -0.23861451
1.285840  0.772408   -0.16808988
1.303699  0.783136   -0.08859425
1.321558  0.793864   -0.00243638
1.339417  0.804592    0.08759713
1.357276  0.815320    0.17832871
1.375135  0.826048    0.26630176
1.392994  0.836776    0.34791611
1.410852  0.847504    0.41957743
1.428711  0.858232    0.47788211
1.446570  0.868960    0.51975838
1.464429  0.879687    0.54265403
1.482288  0.890415    0.54468416
1.500147  0.901143    0.52476672
1.518006  0.911871    0.48272360
1.535865  0.922599    0.41934720
1.553724  0.933327    0.33642317
1.571583  0.944055    0.23670599
1.589441  0.954783    0.12385291
1.607300  0.965511    0.00227221
1.625159  0.976239   -0.12300042
1.643018  0.986966   -0.24653835
1.660877  0.997694   -0.36274935
1.678736  1.008422   -0.46614318
1.696595  1.019150   -0.55159316
1.714454  1.029878   -0.61460074
0.877906  -0.478834   -0.12890687
0.906170  -0.470060   -0.19727590
0.934442  -0.460312   -0.25052908
0.962692  -0.449588   -0.28140887
0.990893  -0.437884   -0.28332058
1.019015  -0.425198   -0.25222604
1.047029  -0.411527   -0.18825788
1.074908  -0.396872   -0.09664638
1.102621  -0.381232    0.01235690
1.130141  -0.364607    0.12466070
1.157437  -0.347000    0.22446809
1.184481  -0.328412    0.29707866
1.211245  -0.308847    0.33171068
1.237698  -0.288308    0.32381001
1.263812  -0.266800    0.27625870
1.289558  -0.244328    0.19913863
1.314907  -0.220899    0.10800775
1.339831  -0.196520    0.02095552
1.364301  -0.171198   -0.04497410
1.388288  -0.144942   -0.07725744
1.411764  -0.117760   -0.07050812
1.434701  -0.089664   -0.02762739
1.457071  -0.060664    0.04078676
1.478847  -0.030772    0.11869188
1.500000  -0.000000    0.18802648
1.520504  0.031639    0.23259638
1.540332  0.064131    0.24151990
1.559457  0.097461    0.21150137
1.577854  0.131615    0.14740441
1.595495  0.166575    0.06101626
1.612355  0.202325   -0.03172308
1.628410  0.238847   -0.11435996
1.643634  0.276124   -0.17362555
1.658003  0.314137   -0.20230804
1.671493  0.352864   -0.20069767
1.684081  0.392288   -0.17628288
1.695743  0.432385   -0.14179613
1.706456  0.473136   -0.11211999
1.716200  0.514517   -0.10077893
1.724951  0.556506   -0.11690895
1.732690  0.599078   -0.16328616
1.739396  0.642211   -0.23598505
1.745049  0.685879   -0.32556136
1.749629  0.730057   -0.41951272
1.753118  0.774718   -0.50532564
1.755498  0.819838   -0.57339656
1.756751  0.865387   -0.61906754
1.756861  0.911340   -0.64336571
1.755811  0.957668   -0.65226245
0.867754  0.496994   -0.04809825
0.885832  0.507348   -0.05134256
0.903910  0.517702   -0.06076184
0.921989  0.528056   -0.07592418
0.940067  0.538410   -0.09637966
0.958145  0.548764   -0.12161589
0.976223  0.559118   -0.15100034
0.994301  0.569472   -0.18374844
1.012380  0.579826   -0.21890525
1.030458  0.590180   -0.25532393
1.048536  0.600534   -0.29169176
1.066614  0.610888   -0.32653716
1.084692  0.621243   -0.35826629
1.102771  0.631597   -0.38521975
1.120849  0.641951   -0.40571576
1.138927  0.652305   -0.41814193
1.157005  0.662659   -0.42102348
1.175083  0.673013   -0.41310915
1.193162  0.683367   -0.39345304
1.211240  0.693721   -0.36149927
1.229318  0.704075   -0.31714377
1.247396  0.714429   -0.26079329
1.265475  0.724783   -0.19339562
1.283553  0.735137   -0.11647108
1.301631  0.745491   -0.03207203
1.319709  0.755845    0.05724143
1.337787  0.766199    0.14847623
1.355866  0.776553    0.23831068
1.373944  0.786907    0.32319528
1.392022  0.797261    0.39953410
1.410100  0.807615    0.46382237
1.428178  0.817969    0.51282294
1.446257  0.828323    0.54373880
1.464335  0.838677    0.55436888
1.482413  0.849031    0.54326682
1.500491  0.859385    0.50985104
1.518569  0.869740    0.45449368
1.536648  0.880094    0.37855822
1.554726  0.890448    0.28441962
1.572804  0.900802    0.17538425
1.590882  0.911156    0.05560596
1.608960  0.921510   -0.07006743
1.627039  0.931864   -0.19629457
1.645117  0.942218   -0.31743924
1.663195  0.952572   -0.42787240
1.681273  0.962926   -0.52221190
1.699352  0.973280   -0.59560632
1.717430  0.983634   -0.64397838
1.737521  0.947692   -0.67302579
1.738368  0.901747   -0.66885849
1.738062  0.856181   -0.64436011
1.736622  0.811022   -0.59596246
1.734062  0.766297   -0.52539320
1.730402  0.722034   -0.43975840
1.725659  0.678258   -0.35022619
1.719852  0.634995   -0.26958690
1.713001  0.592271   -0.20926208
1.705124  0.550109   -0.17650048
1.696244  0.508534   -0.17245047
1.686380  0.467570   -0.19165979
1.675555  0.427238   -0.22310854
1.663791  0.387561   -0.25265856
1.651109  0.348561   -0.26631352
1.637534  0.310258   -0.25353395
1.623089  0.272673   -0.20987366
1.607797  0.235824   -0.13821651
1.591684  0.199731   -0.04835130
1.574774  0.164411    0.04508160
1.557092  0.129883    0.12579990
1.538665  0.096162    0.17955824
1.519517  0.063264    0.19738741
1.499675  0.031206    0.17772516
1.479167  -0.000000    0.12690366
1.458018  -0.030339    0.05785912
1.436256  -0.059798   -0.01258148
1.413908  -0.088365   -0.06730506
1.391003  -0.116029   -0.09255637
1.367567  -0.142778   -0.08085895
1.343629  -0.168604   -0.03255652
1.319218  -0.193497    0.04428533
1.294362  -0.217448    0.13559227
1.269089  -0.240450    0.22418312
1.243428  -0.262497    0.29320184
1.217408  -0.283581    0.32935801
1.191057  -0.303699    0.32532965
1.164405  -0.322846    0.28086010
1.137481  -0.341017    0.20244909
1.110314  -0.358211    0.10176644
1.082932  -0.374424   -0.00674990
1.055364  -0.389656   -0.10860226
1.027640  -0.403906   -0.19163481
0.999788  -0.417175   -0.24773057
0.971837  -0.429463   -0.27349573
0.943816  -0.440773   -0.26995588
0.915753  -0.451106   -0.24140311
0.887677  -0.460467   -0.19374259
1.735508  0.993988   -0.66428580
0.877906  0.478834   -0.12890687
0.896195  0.488810   -0.13243238
0.914485  0.498785   -0.14251857
0.932775  0.508761   -0.15844019
0.951064  0.518737   -0.17946198
0.969354  0.528712   -0.20478032
0.987644  0.538688   -0.23346069
1.005933  0.548664   -0.26443185
1.024223  0.558640   -0.29647389
1.042513  0.568615   -0.32820941
1.060802  0.578591   -0.35812576
1.079092  0.588567   -0.38462435
1.097382  0.598542   -0.40604929
1.115672  0.608518   -0.42075649
1.133961  0.618494   -0.42718679
1.152251  0.628470   -0.42394240
1.170541  0.638445   -0.40986662
1.188830  0.648421   -0.38413132
1.207120  0.658397   -0.34630337
1.225410  0.668372   -0.29642040
1.243699  0.678348   -0.23504353
1.261989  0.688324   -0.16326786
1.280279  0.698299   -0.08275542
1.298569  0.708275    0.00429524
1.316858  0.718251    0.09519555
1.335148  0.728227    0.18686228
1.353438  0.738202    0.27589113
1.371727  0.748178    0.35870063
1.390017  0.758154    0.43170486
1.408307  0.768129    0.49144467
1.426596  0.778105    0.53477845
1.444886  0.788081    0.55906313
1.463176  0.798057    0.56229699
1.481466  0.808032    0.54327467
1.499755  0.818008    0.50170132
1.518045  0.827984    0.43825872
1.536335  0.837959    0.35465267
1.554624  0.847935    0.25359833
1.572914  0.857911    0.13872857
1.591204  0.867886    0.01451308
1.609493  0.877862   -0.11392037
1.627783  0.887838   -0.24102379
1.646073  0.897814   -0.36102543
1.664363  0.907789   -0.46822926
1.682652  0.917765   -0.55728130
1.700942  0.927741   -0.62347068
1.719874  0.892154   -0.66338101
1.719373  0.846975   -0.63966668
1.717745  0.802207   -0.59076387
1.715007  0.757877   -0.52099187
1.711176  0.714011   -0.43949996
1.706270  0.670637   -0.35844787
1.700309  0.627779   -0.29029246
1.693311  0.585463   -0.24487429
1.685297  0.543712   -0.22697154
1.676288  0.502552   -0.23499157
1.666304  0.462003   -0.26113458
1.655368  0.422091   -0.29304424
1.643500  0.382835   -0.31662163
1.630725  0.344258   -0.31930492
1.617065  0.306380   -0.29312566
1.602543  0.269221   -0.23673274
1.587184  0.232801   -0.15593345
1.571013  0.197137   -0.06257378
1.554053  0.162248    0.02798493
1.536331  0.128151    0.10027769
1.517872  0.094862    0.14220615
1.498702  0.062398    0.14780821
1.478847  0.030772    0.11869188
1.458333  -0.000000    0.06378259
1.437189  -0.029905   -0.00251873
1.415440  -0.058931   -0.06341784
1.393115  -0.087065   -0.10327782
1.370241  -0.114297   -0.11094188
1.346846  -0.140615   -0.08205388
1.322958  -0.166010   -0.01992533
1.298605  -0.190473    0.06520210
1.273816  -0.213996    0.15829520
1.248620  -0.236572    0.24257226
1.223044  -0.258193    0.30277816
1.197118  -0.278855    0.32801589
1.170870  -0.298552    0.31357191
1.144330  -0.317279    0.26145486
1.117525  -0.335034    0.17960553
1.090487  -0.351814    0.08008462
1.063242  -0.367616   -0.02335983
1.035820  -0.382440   -0.11775272
1.008250  -0.396286   -0.19291581
0.980561  -0.409153   -0.24268855
0.952782  -0.421043   -0.26521239
0.924940  -0.431957   -0.26229675
0.897064  -0.441900   -0.23812520
1.719232  0.937716   -0.66295775
0.887677  0.460467   -0.19374259
0.906170  0.470060   -0.19727590
0.924664  0.479653   -0.20724496
0.943157  0.489246   -0.22272029
0.961650  0.498839   -0.24275360
0.980143  0.508432   -0.26632099
0.998637  0.518025   -0.29229291
1.017130  0.527618   -0.31940901
1.035623  0.537211   -0.34628959
1.054116  0.546804   -0.37144215
1.072610  0.556397   -0.39329466
1.091103  0.565990   -0.41023471
1.109596  0.575583   -0.42067475
1.128090  0.585176   -0.42311345
1.146583  0.594769   -0.41621281
1.165076  0.604362   -0.39887704
1.183569  0.613955   -0.37033059
1.202063  0.623548   -0.33018900
1.220556  0.633142   -0.27853513
1.239049  0.642735   -0.21594779
1.257542  0.652328   -0.14354777
1.276036  0.661921   -0.06299261
1.294529  0.671514    0.02352215
1.313022  0.681107    0.11334104
1.331516  0.690700    0.20341147
1.350009  0.700293    0.29037208
1.368502  0.709886    0.37071456
1.386995  0.719479    0.44091244
1.405489  0.729072    0.49759405
1.423982  0.738665    0.53770271
1.442475  0.748258    0.55868681
1.460968  0.757851    0.55864655
1.479462  0.767444    0.53647629
1.497955  0.777037    0.49198333
1.516448  0.786630    0.42595449
1.534942  0.796223    0.34018607
1.553435  0.805816    0.23748621
1.571928  0.815410    0.12157627
1.590421  0.825003   -0.00301320
1.608915  0.834596   -0.13112053
1.627408  0.844189   -0.25713925
1.645901  0.853782   -0.37530838
1.664394  0.863375   -0.47995553
1.682888  0.872968   -0.56579084
1.700685  0.837769   -0.60619049
1.698869  0.793391   -0.55898301
1.695951  0.749456   -0.49319002
1.691949  0.705989   -0.41951472
1.686880  0.663016   -0.35049818
1.680765  0.620564   -0.29770269
1.673621  0.578655   -0.26897138
1.665470  0.537316   -0.26647830
1.656332  0.496569   -0.28604175
1.646228  0.456437   -0.31794047
1.635180  0.416943   -0.34906712
1.623210  0.378109   -0.36595608
1.610341  0.339955   -0.35797532
1.596596  0.302502   -0.31994241
1.581998  0.265770   -0.25352641
1.566572  0.229777   -0.16708159
1.550342  0.194543   -0.07395003
1.533333  0.160085    0.01044439
1.515570  0.126419    0.07200597
1.497079  0.093563    0.10112875
1.477886  0.061531    0.09490793
1.458018  0.030339    0.05785912
1.437500  -0.000000    0.00101376
1.416360  -0.029472   -0.06039886
1.394625  -0.058065   -0.11019442
1.372323  -0.085766   -0.13465107
1.349480  -0.112565   -0.12537966
1.326126  -0.138452   -0.08102530
1.302287  -0.163416   -0.00749719
1.277993  -0.187450    0.08331603
1.253271  -0.210545    0.17597762
1.228150  -0.232694    0.25456490
1.202660  -0.253890    0.30568199
1.176827  -0.274129    0.32082977
1.150682  -0.293404    0.29767399
1.124254  -0.311713    0.24007293
1.097570  -0.329052    0.15692695
1.070660  -0.345417    0.06022203
1.043552  -0.360809   -0.03732049
1.016276  -0.375224   -0.12439128
0.988861  -0.388665   -0.19275374
0.961335  -0.401130   -0.23800359
0.933726  -0.412622   -0.25950298
0.906063  -0.423142   -0.25950380
1.701381  0.882561   -0.62816939
0.897064  0.441900   -0.23812520
0.915753  0.451106   -0.24140311
0.934442  0.460312   -0.25052908
0.953131  0.469519   -0.26445574
0.971820  0.478725   -0.28211150
0.990509  0.487931   -0.30235412
1.009197  0.497137   -0.32394991
1.027886  0.506344   -0.34557085
1.046575  0.515550   -0.36579531
1.065264  0.524756   -0.38313646
1.083953  0.533962   -0.39607927
1.102642  0.543169   -0.40313140
1.121330  0.552375   -0.40288131
1.140019  0.561581   -0.39406913
1.158708  0.570787   -0.37565934
1.177397  0.579994   -0.34691472
1.196086  0.589200   -0.30746052
1.214775  0.598406   -0.25735318
1.233464  0.607612   -0.19712251
1.252152  0.616819   -0.12780838
1.270841  0.626025   -0.05094608
1.289530  0.635231    0.03141654
1.308219  0.644437    0.11678458
1.326908  0.653644    0.20228100
1.345597  0.662850    0.28474603
1.364285  0.672056    0.36085162
1.382974  0.681262    0.42726181
1.401663  0.690469    0.48076409
1.420352  0.699675    0.51844909
1.439041  0.708881    0.53787243
1.457730  0.718087    0.53720832
1.476418  0.727294    0.51538991
1.495107  0.736500    0.47220762
1.513796  0.745706    0.40839954
1.532485  0.754912    0.32567551
1.551174  0.764119    0.22670595
1.569863  0.773325    0.11505536
1.588551  0.782531   -0.00491999
1.607240  0.791737   -0.12826366
1.625929  0.800944   -0.24958203
1.644618  0.810150   -0.36330915
1.663307  0.819356   -0.46396301
1.679993  0.784576   -0.50299842
1.676895  0.741035   -0.44410242
1.672722  0.697966   -0.38145212
1.667491  0.655395   -0.32737808
1.661221  0.613348   -0.29203352
1.653932  0.571848   -0.28097539
1.645643  0.530919   -0.29375334
1.636377  0.490586   -0.32386552
1.626152  0.450871   -0.36016319
1.614993  0.411796   -0.38937235
1.602920  0.373382   -0.39921399
1.589957  0.335652   -0.38134485
1.576126  0.298624   -0.33346283
1.561452  0.262318   -0.26004660
1.545959  0.226754   -0.17154982
1.529670  0.191949   -0.08218995
1.512612  0.157921   -0.00685716
1.494809  0.124687    0.04218396
1.476286  0.092263    0.05804293
1.457071  0.060664    0.04078676
1.437189  0.029905   -0.00251873
1.416667  -0.000000   -0.05927275
1.395531  -0.029039   -0.11401653
1.373810  -0.057198   -0.15169088
1.351530  -0.084466   -0.16080243
1.328719  -0.110833   -0.13577005
1.305405  -0.136288   -0.07802445
1.281616  -0.160822    0.00436563
1.257380  -0.184426    0.09838905
1.232726  -0.207093    0.18871532
1.207681  -0.228815    0.26064609
1.182276  -0.249587    0.30279704
1.156537  -0.269402    0.30896779
1.130495  -0.288257    0.27890628
1.104178  -0.306147    0.21788613
1.077614  -0.323069    0.13530380
1.050833  -0.339021    0.04266657
1.023863  -0.354001   -0.04857211
0.996733  -0.368009   -0.12887270
0.969472  -0.381044   -0.19182376
0.942108  -0.393107   -0.23456241
0.914670  -0.404201   -0.25737667
1.681996  0.828562   -0.54642046
0.906063  0.423142   -0.25950380
0.924940  0.431957   -0.26229675
0.943816  0.440773   -0.26995588
0.962692  0.449588   -0.28140887
0.981569  0.458404   -0.29555561
1.000445  0.467219   -0.31123712
1.019321  0.476035   -0.32722853
1.038198  0.484850   -0.34223568
1.057074  0.493666   -0.35491586
1.075950  0.502481   -0.36390320
1.094827  0.511297   -0.36785628
1.113703  0.520112   -0.36550234
1.132579  0.528927   -0.35570366
1.151456  0.537743   -0.33751702
1.170332  0.546558   -0.31026024
1.189208  0.555374   -0.27357666
1.208085  0.564189   -0.22747880
1.226961  0.573005   -0.17241965
1.245837  0.581820   -0.10928717
1.264713  0.590636   -0.03944055
1.283590  0.599451    0.03532169
1.302466  0.608267    0.11276922
1.321342  0.617082    0.19033630
1.340219  0.625897    0.26518697
1.359095  0.634713    0.33431539
1.377971  0.643528    0.39469511
1.396848  0.652344    0.44340777
1.415724  0.661159    0.47778454
1.434600  0.669975    0.49557609
1.453477  0.678790    0.49507648
1.472353  0.687606    0.47526736
1.491229  0.696421    0.43590685
1.510106  0.705237    0.37761175
1.528982  0.714052    0.30189683
1.547858  0.722868    0.21115586
1.566735  0.731683    0.10860611
1.585611  0.740498   -0.00178219
1.604487  0.749314   -0.11547048
1.623364  0.758129   -0.22751862
1.642240  0.766945   -0.33278343
1.657840  0.732614   -0.37673565
1.653495  0.689944   -0.32772400
1.648102  0.647775   -0.29073393
1.641677  0.606132   -0.27408542
1.634242  0.565040   -0.28087593
1.625816  0.524523   -0.30813284
1.616421  0.484603   -0.34740122
1.606076  0.445304   -0.38662787
1.594805  0.406648   -0.41294623
1.582630  0.368656   -0.41572299
1.569573  0.331348   -0.38914787
1.555657  0.294745   -0.33376076
1.540907  0.258867   -0.25654024
1.525346  0.223730   -0.16950190
1.508999  0.189355   -0.08715258
1.491891  0.155758   -0.02330005
1.474047  0.122956    0.01198226
1.455494  0.090964    0.01461072
1.436256  0.059798   -0.01258148
1.416360  0.029472   -0.06039886
1.395833  -0.000000   -0.11523259
1.374702  -0.028605   -0.16193823
1.352995  -0.056331   -0.18700938
1.330737  -0.083167   -0.18136967
1.307958  -0.109102   -0.14217927
1.284684  -0.134125   -0.07334585
1.260945  -0.158228    0.01536572
1.236767  -0.181403    0.11034120
1.212180  -0.203642    0.19678677
1.187212  -0.224937    0.26149686
1.161892  -0.245284    0.29514641
1.136247  -0.264676    0.29366205
1.110308  -0.283110    0.25852351
1.084102  -0.300581    0.19598542
1.057658  -0.317086    0.11551318
1.031005  -0.332624    0.02780265
1.004173  -0.347193   -0.05715012
0.977189  -0.360793   -0.13158243
0.950082  -0.373423   -0.19079235
0.922881  -0.385085   -0.23322761
1.661116  0.775760   -0.42619623
0.914670  0.404201   -0.25737667
0.933726  0.412622   -0.25950298
0.952782  0.421043   -0.26521239
0.971837  0.429463   -0.27349573
0.990893  0.437884   -0.28332058
1.009948  0.446305   -0.29361036
1.029004  0.454726   -0.30324583
1.048060  0.463147   -0.31107494
1.067115  0.471568   -0.31593572
1.086171  0.479989   -0.31668640
1.105227  0.488409   -0.31224814
1.124282  0.496830   -0.30166253
1.143338  0.505251   -0.28412470
1.162393  0.513672   -0.25905883
1.181449  0.522093   -0.22615262
1.200505  0.530514   -0.18542039
1.219560  0.538935   -0.13723563
1.238616  0.547355   -0.08234266
1.257672  0.555776   -0.02189493
1.276727  0.564197    0.04257531
1.295783  0.572618    0.10919080
1.314838  0.581039    0.17575431
1.333894  0.589460    0.23985102
1.352950  0.597880    0.29891272
1.372005  0.606301    0.35034094
1.391061  0.614722    0.39163107
1.410117  0.623143    0.42048739
1.429172  0.631564    0.43496376
1.448228  0.639985    0.43358472
1.467284  0.648406    0.41545753
1.486339  0.656826    0.38036652
1.505395  0.665247    0.32883478
1.524450  0.673668    0.26216616
1.543506  0.682089    0.18242172
1.562562  0.690510    0.09240277
1.581617  0.698931   -0.00444450
1.600673  0.707352   -0.10417099
1.619729  0.715772   -0.20245042
1.634269  0.681921   -0.26134021
1.628712  0.640154   -0.24273619
1.622133  0.598916   -0.24516411
1.614552  0.558232   -0.26919480
1.605989  0.518126   -0.30955273
1.596465  0.478621   -0.35625894
1.586001  0.439738   -0.39690557
1.574618  0.401501   -0.41954819
1.562340  0.363930   -0.41556726
1.549189  0.327045   -0.38180222
1.535188  0.290867   -0.32147415
1.520362  0.255415   -0.24365241
1.504733  0.220707   -0.16137383
1.488328  0.186761   -0.08884493
1.471171  0.153595   -0.03833846
1.453286  0.121224   -0.01749420
1.434701  0.089664   -0.02762739
1.415440  0.058931   -0.06341784
1.395531  0.029039   -0.11401653
1.375000  -0.000000   -0.16535432
1.353874  -0.028172   -0.20309003
1.332179  -0.055465   -0.21558506
1.309944  -0.081867   -0.19625369
1.287196  -0.107370   -0.14482870
1.263963  -0.131962   -0.06732240
1.240273  -0.155634    0.02527713
1.216154  -0.178380    0.11922390
1.191635  -0.200190    0.20061886
1.166743  -0.221059    0.25793059
1.141508  -0.240981    0.28383783
1.115957  -0.259950    0.27615759
1.090120  -0.277962    0.23772759
1.064026  -0.295014    0.17536576
1.037702  -0.311103    0.09822064
1.011178  -0.326227    0.01591567
0.984483  -0.340385   -0.06313816
0.957645  -0.353577   -0.13292332
0.930693  -0.365802   -0.19030719
1.638784  0.724193   -0.29478602
0.922881  0.385085   -0.23322761
0.942108  0.393107   -0.23456241
0.961335  0.401130   -0.23800359
0.980561  0.409153   -0.24268855
0.999788  0.417175   -0.24773057
1.019015  0.425198   -0.25222604
1.038241  0.433220   -0.25524774
1.057468  0.441243   -0.25587580
1.076695  0.449266   -0.25321244
1.095921  0.457288   -0.24641917
1.115148  0.465311   -0.23475818
1.134375  0.473333   -0.21762326
1.153601  0.481356   -0.19460188
1.172828  0.489379   -0.16548726
1.192055  0.497401   -0.13033851
1.211282  0.505424   -0.08950866
1.230508  0.513446   -0.04365041
1.249735  0.521469    0.00627071
1.268962  0.529492    0.05898167
1.288188  0.537514    0.11292849
1.307415  0.545537    0.16632626
1.326642  0.553559    0.21720576
1.345868  0.561582    0.26349379
1.365095  0.569605    0.30311021
1.384322  0.577627    0.33404944
1.403548  0.585650    0.35450062
1.422775  0.593672    0.36294203
1.442002  0.601695    0.35825207
1.461229  0.609718    0.33978888
1.480455  0.617740    0.30747142
1.499682  0.625763    0.26182792
1.518909  0.633785    0.20401955
1.538135  0.641808    0.13584903
1.557362  0.649831    0.05968893
1.576589  0.657853   -0.02155454
1.595815  0.665876   -0.10455561
1.609323  0.632533   -0.18596172
1.602590  0.591700   -0.20699339
1.594863  0.551424   -0.24693344
1.586162  0.511729   -0.29851244
1.576509  0.472638   -0.35070931
1.565925  0.434172   -0.39128970
1.554431  0.396353   -0.40968237
1.542050  0.359203   -0.39953484
1.528805  0.322742   -0.36033578
1.514719  0.286989   -0.29772004
1.499816  0.251963   -0.22237978
1.484121  0.217684   -0.14781430
1.467657  0.184167   -0.08740648
1.450450  0.151431   -0.05152969
1.432525  0.119492   -0.04526795
1.413908  0.088365   -0.06730506
1.394625  0.058065   -0.11019442
1.374702  0.028605   -0.16193823
1.354167  -0.000000   -0.20850929
1.333045  -0.027738   -0.23677868
1.311364  -0.054598   -0.23717675
1.289151  -0.080568   -0.20558492
1.266435  -0.105638   -0.14405866
1.243243  -0.129798   -0.06030346
1.219602  -0.153041    0.03394700
1.195542  -0.175356    0.12520896
1.171089  -0.196739    0.20077913
1.146274  -0.217181    0.25085667
1.121123  -0.236677    0.27001373
1.095667  -0.255223    0.25767219
1.069933  -0.272815    0.21764167
1.043950  -0.289448    0.15691021
1.017746  -0.305121    0.08398686
0.991351  -0.319831    0.00721354
0.964794  -0.333578   -0.06665249
0.938101  -0.346361   -0.13328747
1.615042  0.673898   -0.18572690
0.930693  0.365802   -0.19030719
0.950082  0.373423   -0.19079235
0.969472  0.381044   -0.19182376
0.988861  0.388665   -0.19275374
1.008250  0.396286   -0.19291581
1.027640  0.403906   -0.19163481
1.047029  0.411527   -0.18825788
1.066419  0.419148   -0.18215201
1.085808  0.426769   -0.17275098
1.105198  0.434390   -0.15957028
1.124587  0.442011   -0.14225177
1.143976  0.449632   -0.12058188
1.163366  0.457253   -0.09452530
1.182755  0.464874   -0.06425864
1.202145  0.472494   -0.03016736
1.221534  0.480115    0.00711069
1.240924  0.487736    0.04672636
1.260313  0.495357    0.08759581
1.279702  0.502978    0.12844912
1.299092  0.510599    0.16785844
1.318481  0.518220    0.20428166
1.337871  0.525841    0.23614042
1.357260  0.533461    0.26187395
1.376650  0.541082    0.28003220
1.396039  0.548703    0.28934457
1.415428  0.556324    0.28880629
1.434818  0.563945    0.27774788
1.454207  0.571566    0.25590691
1.473597  0.579187    0.22346593
1.492986  0.586808    0.18110085
1.512376  0.594428    0.12996584
1.531765  0.602049    0.07171542
1.551154  0.609670    0.00842148
1.570544  0.617291   -0.05747163
1.583046  0.584484   -0.16159998
1.575173  0.544617   -0.21548779
1.566335  0.505333   -0.27601680
1.556553  0.466655   -0.33162112
1.545849  0.428606   -0.37073218
1.534243  0.391206   -0.38451596
1.521760  0.354477   -0.36903394
1.508421  0.318439   -0.32630096
1.494250  0.283111   -0.26401720
1.479271  0.248512   -0.19399486
1.463508  0.214660   -0.12964580
1.446986  0.181573   -0.08309249
1.429729  0.149268   -0.06254145
1.411764  0.117760   -0.07050812
1.393115  0.087065   -0.10327782
1.373810  0.057198   -0.15169088
1.353874  0.028172   -0.20309003
1.333333  -0.000000   -0.24395525
1.312216  -0.027305   -0.26267029
1.290549  -0.053731   -0.25184696
1.268359  -0.079269   -0.20970440
1.245674  -0.103906   -0.14030848
1.222522  -0.127635   -0.05262596
1.198931  -0.150447    0.04128592
1.174929  -0.172333    0.12858110
1.150544  -0.193287    0.19791398
1.125805  -0.213303    0.24123558
1.100739  -0.232374    0.25481586
1.075377  -0.250497    0.23936456
1.049745  -0.267667    0.19929375
1.023874  -0.283882    0.14140500
0.997791  -0.299138    0.07329885
0.971524  -0.313434    0.00187189
0.945104  -0.326770   -0.06780265
1.589933  0.624912   -0.12322796
0.938101  0.346361   -0.13328747
0.957645  0.353577   -0.13292332
0.977189  0.360793   -0.13158243
0.996733  0.368009   -0.12887270
1.016276  0.375224   -0.12439128
1.035820  0.382440   -0.11775272
1.055364  0.389656   -0.10860226
1.074908  0.396872   -0.09664638
1.094452  0.404088   -0.08167561
1.113995  0.411304   -0.06359058
1.133539  0.418520   -0.04241497
1.153083  0.425735   -0.01832368
1.172627  0.432951    0.00833869
1.192170  0.440167    0.03706619
1.211714  0.447383    0.06718908
1.231258  0.454599    0.09787063
1.250802  0.461815    0.12813641
1.270345  0.469031    0.15689805
1.289889  0.476246    0.18300066
1.309433  0.483462    0.20525119
1.328977  0.490678    0.22248911
1.348521  0.497894    0.23363657
1.368064  0.505110    0.23776129
1.387608  0.512326    0.23413592
1.407152  0.519542    0.22229477
1.426696  0.526757    0.20208060
1.446239  0.533973    0.17369434
1.465783  0.541189    0.13769566
1.485327  0.548405    0.09503320
1.504871  0.555621    0.04702213
1.524415  0.562837   -0.00468491
1.543958  0.570053   -0.05814543
1.555483  0.537809   -0.17657627
1.546508  0.498936   -0.24350539
1.536597  0.460672   -0.30038669
1.525773  0.423039   -0.33675975
1.514056  0.386058   -0.34579095
1.501470  0.349751   -0.32598299
1.488037  0.314135   -0.28166418
1.473781  0.279232   -0.22218434
1.458725  0.245060   -0.15995771
1.442895  0.211637   -0.10781857
1.426314  0.178980   -0.07625258
1.409008  0.147105   -0.07115272
1.391003  0.116029   -0.09255637
1.372323  0.085766   -0.13465107
1.352995  0.056331   -0.18700938
1.333045  0.027738   -0.23677868
1.312500  -0.000000   -0.27132666
1.291387  -0.026872   -0.28077902
1.269733  -0.052865   -0.25992488
1.247566  -0.077969   -0.20912421
1.224913  -0.102174   -0.13408642
1.201801  -0.125472   -0.04462335
1.178260  -0.147853    0.04727966
1.154316  -0.169310    0.12969273
1.129998  -0.189835    0.19273753
1.105335  -0.209424    0.23003989
1.080355  -0.228071    0.23934466
1.055087  -0.245771    0.22231579
1.029558  -0.262520    0.18361589
1.003798  -0.278315    0.12954967
0.977835  -0.293155    0.06657901
0.951697  -0.307038    0.00004815
1.563502  0.577268   -0.11121445
0.945104  0.326770   -0.06780265
0.964794  0.333578   -0.06665249
0.984483  0.340385   -0.06313816
1.004173  0.347193   -0.05715012
1.023863  0.354001   -0.04857211
1.043552  0.360809   -0.03732049
1.063242  0.367616   -0.02335983
1.082932  0.374424   -0.00674990
1.102621  0.381232    0.01235690
1.122311  0.388039    0.03369673
1.142001  0.394847    0.05686053
1.161690  0.401655    0.08131502
1.181380  0.408463    0.10639934
1.201070  0.415270    0.13132731
1.220759  0.422078    0.15520209
1.240449  0.428886    0.17706659
1.260138  0.435693    0.19591397
1.279828  0.442501    0.21073978
1.299518  0.449309    0.22058901
1.319207  0.456117    0.22460521
1.338897  0.462924    0.22208374
1.358587  0.469732    0.21251989
1.378276  0.476540    0.19565881
1.397966  0.483347    0.17152549
1.417656  0.490155    0.14046662
1.437345  0.496963    0.10315560
1.457035  0.503770    0.06058497
1.476725  0.510578    0.01407512
1.496414  0.517386   -0.03478198
1.516104  0.524194   -0.08417573
1.526681  0.492540   -0.20274563
1.516642  0.454689   -0.25882581
1.505697  0.417473   -0.29135956
1.493868  0.380911   -0.29569009
1.481179  0.345024   -0.27268530
1.467653  0.309832   -0.22868871
1.453311  0.275354   -0.17423678
1.438180  0.241609   -0.12185348
1.422282  0.208614   -0.08334729
1.405643  0.176386   -0.06730570
1.388288  0.144942   -0.07725744
1.370241  0.114297   -0.11094188
1.351530  0.084466   -0.16080243
1.332179  0.055465   -0.21558506
1.312216  0.027305   -0.26267029
1.291667  -0.000000   -0.29062221
1.270558  -0.026438   -0.29142813
1.248918  -0.051998   -0.26197049
1.226773  -0.076670   -0.20448035
1.204151  -0.100443   -0.12593830
1.181081  -0.123308   -0.03660366
1.157588  -0.145259    0.05197060
1.133703  -0.166286    0.12895497
1.109453  -0.186384    0.18599046
1.084866  -0.205546    0.21823164
1.059971  -0.223768    0.22464349
1.034797  -0.241044    0.20752282
1.009371  -0.257372    0.17145613
0.983722  -0.272749    0.12197848
0.957879  -0.287172    0.06424310
1.535794  0.531001   -0.13212834
0.951697  0.307038    0.00004815
0.971524  0.313434    0.00187189
0.991351  0.319831    0.00721354
1.011178  0.326227    0.01591567
1.031005  0.332624    0.02780265
1.050833  0.339021    0.04266657
1.070660  0.345417    0.06022203
1.090487  0.351814    0.08008462
1.110314  0.358211    0.10176644
1.130141  0.364607    0.12466070
1.149968  0.371004    0.14803299
1.169795  0.377400    0.17105060
1.189622  0.383797    0.19277720
1.209449  0.390194    0.21221913
1.229276  0.396590    0.22835087
1.249103  0.402987    0.24015118
1.268930  0.409384    0.24666417
1.288757  0.415780    0.24704232
1.308584  0.422177    0.24059721
1.328411  0.428573    0.22685752
1.348238  0.434970    0.20560958
1.368065  0.441367    0.17693916
1.387892  0.447763    0.14125644
1.407719  0.454160    0.09931559
1.427546  0.460556    0.05220518
1.447373  0.466953    0.00134102
1.467200  0.473350   -0.05158232
1.487027  0.479746   -0.10464156
1.496686  0.448707   -0.20906145
1.485621  0.411907   -0.23686451
1.473681  0.375764   -0.23672558
1.460889  0.340298   -0.21170694
1.447268  0.305529   -0.16980306
1.432842  0.271476   -0.12228300
1.417634  0.238157   -0.08129154
1.401669  0.205590   -0.05726706
1.384972  0.173792   -0.05671772
1.367567  0.142778   -0.08085895
1.349480  0.112565   -0.12537966
1.330737  0.083167   -0.18136967
1.311364  0.054598   -0.23717675
1.291387  0.026872   -0.28077902
1.270833  -0.000000   -0.30216143
1.249729  -0.026005   -0.29520166
1.228103  -0.051131   -0.25872052
1.205980  -0.075370   -0.19650984
1.183390  -0.098711   -0.11643641
1.160360  -0.121145   -0.02882876
1.136917  -0.142665    0.05544993
1.113090  -0.163263    0.12682472
1.088908  -0.182932    0.17840964
1.064397  -0.201668    0.20672956
1.039587  -0.219464    0.21168683
1.014506  -0.236318    0.19590248
0.989183  -0.252225    0.16359703
0.963646  -0.267183    0.11931296
1.506854  0.486143   -0.15574750
0.957879  0.287172    0.06424310
0.977835  0.293155    0.06657901
0.997791  0.299138    0.07329885
1.017746  0.305121    0.08398686
1.037702  0.311103    0.09822064
1.057658  0.317086    0.11551318
1.077614  0.323069    0.13530380
1.097570  0.329052    0.15692695
1.117525  0.335034    0.17960553
1.137481  0.341017    0.20244909
1.157437  0.347000    0.22446809
1.177393  0.352983    0.24459248
1.197349  0.358965    0.26170531
1.217304  0.364948    0.27467356
1.237260  0.370931    0.28241261
1.257216  0.376914    0.28392381
1.277172  0.382896    0.27835921
1.297128  0.388879    0.26507317
1.317084  0.394862    0.24368264
1.337039  0.400845    0.21411205
1.356995  0.406827    0.17662531
1.376951  0.412810    0.13186127
1.396907  0.418793    0.08083500
1.416863  0.424776    0.02493063
1.436818  0.430758   -0.03412612
1.456774  0.436741   -0.09432457
1.465545  0.406340   -0.17582027
1.453494  0.370616   -0.17158446
1.440599  0.335571   -0.14572706
1.426884  0.301226   -0.10749383
1.412373  0.267598   -0.06841525
1.397089  0.234706   -0.03985057
1.381057  0.202567   -0.03058505
1.364301  0.171198   -0.04497410
1.346846  0.140615   -0.08205388
1.328719  0.110833   -0.13577005
1.309944  0.081867   -0.19625369
1.290549  0.053731   -0.25184696
1.270558  0.026438   -0.29142813
1.250000  -0.000000   -0.30653793
1.228901  -0.025571   -0.29289848
1.207287  -0.050265   -0.25104160
1.185188  -0.074071   -0.18599386
1.162629  -0.096979   -0.10613507
1.139639  -0.118982   -0.02153337
1.116246  -0.140071    0.05785201
1.092478  -0.160239    0.12376568
1.068362  -0.179481    0.17072422
1.043928  -0.197790    0.19640484
1.019203  -0.215161    0.20138386
0.994216  -0.231592    0.18831657
0.968996  -0.247077    0.16080629
1.476730  0.442724   -0.15342674
0.963646  0.267183    0.11931296
0.983722  0.272749    0.12197848
1.003798  0.278315    0.12954967
1.023874  0.283882    0.14140500
1.043950  0.289448    0.15691021
1.064026  0.295014    0.17536576
1.084102  0.300581    0.19598542
1.104178  0.306147    0.21788613
1.124254  0.311713    0.24007293
1.144330  0.317279    0.26145486
1.164405  0.322846    0.28086010
1.184481  0.328412    0.29707866
1.204557  0.333978    0.30888573
1.224633  0.339545    0.31510271
1.244709  0.345111    0.31465477
1.264785  0.350677    0.30662454
1.284861  0.356244    0.29031749
1.304937  0.361810    0.26532066
1.325013  0.367376    0.23155164
1.345089  0.372942    0.18930220
1.365165  0.378509    0.13926574
1.385241  0.384075    0.08254540
1.405317  0.389641    0.02064766
1.425393  0.395208   -0.04454909
1.433306  0.365469   -0.10299893
1.420309  0.330845   -0.07741833
1.406500  0.296923   -0.04417396
1.391904  0.263720   -0.01462527
1.376544  0.231254    0.00100270
1.360444  0.199543   -0.00423448
1.343629  0.168604   -0.03255652
1.326126  0.138452   -0.08102530
1.307958  0.109102   -0.14217927
1.289151  0.080568   -0.20558492
1.269733  0.052865   -0.25992488
1.249729  0.026005   -0.29520166
1.229167  -0.000000   -0.30456917
1.208072  -0.025138   -0.28547016
1.186472  -0.049398   -0.23989035
1.164395  -0.072771   -0.17373952
1.141868  -0.095247   -0.09556659
1.118918  -0.116819   -0.01490658
1.095575  -0.137477    0.05934188
1.071865  -0.157216    0.12025689
1.047817  -0.176029    0.16362624
1.023459  -0.193911    0.18807647
0.998819  -0.210858    0.19459067
0.973926  -0.226865    0.18560078
1.445469  0.400774   -0.11085175
0.968996  0.247077    0.16080629
0.989183  0.252225    0.16359703
1.009371  0.257372    0.17145613
1.029558  0.262520    0.18361589
1.049745  0.267667    0.19929375
1.069933  0.272815    0.21764167
1.090120  0.277962    0.23772759
1.110308  0.283110    0.25852351
1.130495  0.288257    0.27890628
1.150682  0.293404    0.29767399
1.170870  0.298552    0.31357191
1.191057  0.303699    0.32532965
1.211245  0.308847    0.33171068
1.231432  0.313994    0.33156673
1.251620  0.319142    0.32389834
1.271807  0.324289    0.30791963
1.291994  0.329437    0.28311705
1.312182  0.334584    0.24930422
1.332369  0.339731    0.20667649
1.352557  0.344879    0.15583109
1.372744  0.350026    0.09779904
1.392931  0.355174    0.03402836
1.400019  0.326119   -0.00932894
1.386116  0.292619    0.01790640
1.371435  0.259841    0.03727539
1.355998  0.227803    0.03996394
1.339831  0.196520    0.02095552
1.322958  0.166010   -0.01992533
1.305405  0.136288   -0.07802445
1.287196  0.107370   -0.14482870
1.268359  0.079269   -0.20970440
1.248918  0.051998   -0.26197049
1.228901  0.025571   -0.29289848
1.208333  -0.000000   -0.29723688
1.187243  -0.024704   -0.27397478
1.165657  -0.048532   -0.22625376
1.143602  -0.071472   -0.16053415
1.121107  -0.093516   -0.08522118
1.098198  -0.114655   -0.00909995
1.074904  -0.134883    0.06010646
1.051252  -0.154193    0.11676101
1.027271  -0.172578    0.15778250
1.002990  -0.190033    0.18252484
0.978435  -0.206555    0.19214002
1.413119  0.360321   -0.03363923
0.973926  0.226865    0.18560078
0.994216  0.231592    0.18831657
1.014506  0.236318    0.19590248
1.034797  0.241044    0.20752282
1.055087  0.245771    0.22231579
1.075377  0.250497    0.23936456
1.095667  0.255223    0.25767219
1.115957  0.259950    0.27615759
1.136247  0.264676    0.29366205
1.156537  0.269402    0.30896779
1.176827  0.274129    0.32082977
1.197118  0.278855    0.32801589
1.217408  0.283581    0.32935801
1.237698  0.288308    0.32381001
1.257988  0.293034    0.31050462
1.278278  0.297761    0.28881876
1.298568  0.302487    0.25842577
1.318858  0.307213    0.21935041
1.339148  0.311940    0.17200576
1.359439  0.316666    0.11721198
1.365732  0.288316    0.07674846
1.350966  0.255963    0.08572107
1.335453  0.224351    0.07592194
1.319218  0.193497    0.04428533
1.302287  0.163416   -0.00749719
1.284684  0.134125   -0.07334585
1.266435  0.105638   -0.14405866
1.247566  0.077969   -0.20912421
1.228103  0.051131   -0.25872052
1.208072  0.025138   -0.28547016
1.187500  -0.000000   -0.28563336
1.166414  -0.024271   -0.25951881
1.144842  -0.047665   -0.21112594
1.122809  -0.070172   -0.14713866
1.100345  -0.091784   -0.07554918
1.077477  -0.112492   -0.00421658
1.054232  -0.132289    0.06034612
1.030639  -0.151169    0.11372764
1.006726  -0.169126    0.15382282
0.982520  -0.186155    0.18050582
1.379729  0.321392    0.05621879
0.978435  0.206555    0.19214002
0.998819  0.210858    0.19459067
1.019203  0.215161    0.20138386
1.039587  0.219464    0.21168683
1.059971  0.223768    0.22464349
1.080355  0.228071    0.23934466
1.100739  0.232374    0.25481586
1.121123  0.236677    0.27001373
1.141508  0.240981    0.28383783
1.161892  0.245284    0.29514641
1.182276  0.249587    0.30279704
1.202660  0.253890    0.30568199
1.223044  0.258193    0.30277816
1.243428  0.262497    0.29320184
1.263812  0.266800    0.27625870
1.284196  0.271103    0.25150655
1.304580  0.275406    0.21879966
1.324964  0.279710    0.17833283
1.330496  0.252085    0.12943559
1.314907  0.220899    0.10800775
1.298605  0.190473    0.06520210
1.281616  0.160822    0.00436563
1.263963  0.131962   -0.06732240
1.245674  0.103906   -0.14030848
1.226773  0.076670   -0.20448035
1.207287  0.050265   -0.25104160
1.187243  0.024704   -0.27397478
1.166667  -0.000000   -0.27090655
1.145585  -0.023838   -0.24321889
1.124026  -0.046798   -0.19546295
1.102017  -0.068873   -0.13425283
1.079584  -0.090052   -0.06694342
1.056756  -0.110329   -0.00033832
1.033561  -0.129695    0.06026581
1.010026  -0.148146    0.11159795
0.986180  -0.165675    0.15236737
1.345348  0.284013    0.13066644
0.982520  0.186155    0.18050582
1.002990  0.190033    0.18252484
1.023459  0.193911    0.18807647
1.043928  0.197790    0.19640484
1.064397  0.201668    0.20672956
1.084866  0.205546    0.21823164
1.105335  0.209424    0.23003989
1.125805  0.213303    0.24123558
1.146274  0.217181    0.25085667
1.166743  0.221059    0.25793059
1.187212  0.224937    0.26149686
1.207681  0.228815    0.26064609
1.228150  0.232694    0.25456490
1.248620  0.236572    0.24257226
1.269089  0.240450    0.22418312
1.289558  0.244328    0.19913863
1.294362  0.217448    0.13559227
1.277993  0.187450    0.08331603
1.260945  0.158228    0.01536572
1.243243  0.129798   -0.06030346
1.224913  0.102174   -0.13408642
1.205980  0.075370   -0.19650984
1.186472  0.049398   -0.23989035
1.166414  0.024271   -0.25951881
1.145833  -0.000000   -0.25421389
1.124757  -0.023404   -0.22616325
1.103211  -0.045932   -0.18016859
1.081224  -0.067573   -0.12252237
1.058823  -0.088320   -0.05974893
1.036036  -0.108165    0.00247782
1.012890  -0.127101    0.06007114
0.989414  -0.145122    0.11079227
1.310027  0.248207    0.16745277
0.986180  0.165675    0.15236737
1.006726  0.169126    0.15382282
1.027271  0.172578    0.15778250
1.047817  0.176029    0.16362624
1.068362  0.179481    0.17072422
1.088908  0.182932    0.17840964
1.109453  0.186384    0.18599046
1.129998  0.189835    0.19273753
1.150544  0.193287    0.19791398
1.171089  0.196739    0.20077913
1.191635  0.200190    0.20061886
1.212180  0.203642    0.19678677
1.232726  0.207093    0.18871532
1.253271  0.210545    0.17597762
1.257380  0.184426    0.09838905
1.240273  0.155634    0.02527713
1.222522  0.127635   -0.05262596
1.204151  0.100443   -0.12593830
1.185188  0.074071   -0.18599386
1.165657  0.048532   -0.22625376
1.145585  0.023838   -0.24321889
1.125000  -0.000000   -0.23668709
1.103928  -0.022971   -0.20937862
1.082396  -0.045065   -0.16608067
1.060431  -0.066274   -0.11252416
1.038062  -0.086589   -0.05426815
1.015315  -0.106002    0.00419824
0.992219  -0.124508    0.05996507
1.273816  0.213996    0.15829520
0.989414  0.145122    0.11079227
1.010026  0.148146    0.11159795
1.030639  0.151169    0.11372764
1.051252  0.154193    0.11676101
1.071865  0.157216    0.12025689
1.092478  0.160239    0.12376568
1.113090  0.163263    0.12682472
1.133703  0.166286    0.12895497
1.154316  0.169310    0.12969273
1.174929  0.172333    0.12858110
1.195542  0.175356    0.12520896
1.216154  0.178380    0.11922390
1.219602  0.153041    0.03394700
1.201801  0.125472   -0.04462335
1.183390  0.098711   -0.11643641
1.164395  0.072771   -0.17373952
1.144842  0.047665   -0.21112594
1.124757  0.023404   -0.22616325
1.104167  -0.000000   -0.21939875
1.083099  -0.022537   -0.19382498
1.061580  -0.044198   -0.15396028
1.039638  -0.064974   -0.10478839
1.017300  -0.084857   -0.05078306
0.994594  -0.103839    0.00478206
1.236767  0.181403    0.11034120
0.992219  0.124508    0.05996507
1.012890  0.127101    0.06007114
1.033561  0.129695    0.06026581
1.054232  0.132289    0.06034612
1.074904  0.134883    0.06010646
1.095575  0.137477    0.05934188
1.116246  0.140071    0.05785201
1.136917  0.142665    0.05544993
1.157588  0.145259    0.05197060
1.178260  0.147853    0.04727966
1.181081  0.123308   -0.03660366
1.162629  0.096979   -0.10613507
1.143602  0.071472   -0.16053415
1.124026  0.046798   -0.19546295
1.103928  0.022971   -0.20937862
1.083333  -0.000000   -0.20334727
1.062270  -0.022104   -0.18038005
1.040765  -0.043332   -0.14450550
1.018846  -0.063675   -0.09979803
0.996539  -0.083125   -0.04956057
1.198931  0.150447    0.04128592
0.994594  0.103839    0.00478206
1.015315  0.106002    0.00419824
1.036036  0.108165    0.00247782
1.056756  0.110329   -0.00033832
1.077477  0.112492   -0.00421658
1.098198  0.114655   -0.00909995
1.118918  0.116819   -0.01490658
1.139639  0.118982   -0.02153337
1.141868  0.095247   -0.09556659
1.122809  0.070172   -0.14713866
1.103211  0.045932   -0.18016859
1.083099  0.022537   -0.19382498
1.062500  -0.000000   -0.18945330
1.041441  -0.021671   -0.16985250
1.019950  -0.042465   -0.13836927
0.998053  -0.062375   -0.09802891
1.160360  0.121145   -0.02882876
0.996539  0.083125   -0.04956057
1.017300  0.084857   -0.05078306
1.038062  0.086589   -0.05426815
1.058823  0.088320   -0.05974893
1.079584  0.090052   -0.06694342
1.100345  0.091784   -0.07554918
1.102017  0.068873   -0.13425283
1.082396  0.045065   -0.16608067
1.062270  0.022104   -0.18038005
1.041667  -0.000000   -0.17856132
1.020612  -0.021237   -0.16299788
0.999134  -0.041598   -0.13618166
1.121107  0.093516   -0.08522118
0.998053  0.062375   -0.09802891
1.018846  0.063675   -0.09979803
1.039638  0.064974   -0.10478839
1.060431  0.066274   -0.11252416
1.061580  0.044198   -0.15396028
1.041441  0.021671   -0.16985250
1.020833  -0.000000   -0.17146154
0.999784  -0.020804   -0.16054758
1.081224  0.067573   -0.12252237
0.999134  0.041598   -0.13618166
1.019950  0.042465   -0.13836927
1.020612  0.021237   -0.16299788
1.000000  -0.000000   -0.16892230
1.040765  0.043332   -0.14450550
0.999784  0.020804   -0.16054758
