3.999586  0.033241
4.000000  0.000000
3.922593  0.049851
3.974198  0.016617
3.948395  0.033234
3.998757  0.099723
3.973369  0.083099
3.947981  0.066475
3.999171  0.066482
3.973783  0.049858
3.998757  -0.099723
3.903858  -0.057604
3.836755  0.024095
3.881490  -0.030371
3.859123  -0.003138
3.865368  0.032680
3.893980  0.041266
3.910103  -0.021786
3.916348  0.014032
3.887735  0.005447
3.967124  -0.085683
3.935491  -0.071644
3.967953  -0.019201
3.935905  -0.038403
3.999586  -0.033241
3.999171  -0.066482
3.967538  -0.052442
3.942150  -0.002584
3.918811  0.146217
3.995028  0.199384
3.969622  0.181661
3.944216  0.163939
3.972108  0.115221
3.945459  0.130719
3.997514  0.132943
3.996271  0.166163
3.970865  0.148441
3.920072  0.114095
3.921332  0.081973
3.946720  0.098597
3.857529  0.097979
3.898384  0.130138
3.877956  0.114059
3.900905  0.065894
3.879217  0.081937
3.899644  0.098016
3.843680  0.048723
3.850604  0.073351
3.872292  0.057308
3.927438  -0.146954
3.842904  -0.154029
3.792087  -0.067591
3.825965  -0.125217
3.809026  -0.096404
3.866601  -0.060933
3.829344  -0.064262
3.883540  -0.089746
3.863222  -0.121888
3.846283  -0.093075
3.911718  -0.087388
3.871082  -0.151671
3.899260  -0.149313
3.919578  -0.117171
3.891400  -0.119529
3.974984  -0.115467
3.951211  -0.131211
3.943351  -0.101427
3.995028  -0.199384
3.972498  -0.181907
3.949968  -0.164431
3.996271  -0.166163
3.997514  -0.132943
3.973741  -0.148687
3.806976  -0.037029
3.821865  -0.006467
3.844233  -0.033700
3.737245  0.016209
3.773806  -0.039658
3.755525  -0.011725
3.803585  0.021466
3.770415  0.018838
3.788695  -0.009096
3.781167  0.102043
3.751886  0.044820
3.766526  0.073431
3.818225  0.050078
3.799696  0.076060
3.785056  0.047449
3.806621  0.100688
3.834256  0.175660
3.906264  0.242446
3.882261  0.220184
3.858258  0.197922
3.890626  0.156032
3.862441  0.165846
3.914628  0.178294
3.910446  0.210370
3.965440  0.213738
3.935852  0.228092
3.940034  0.196016
3.832075  0.099334
3.842013  0.149767
3.849771  0.123873
3.798863  0.126582
3.816559  0.151121
3.824317  0.125227
3.825150  0.074706
3.886443  0.188108
3.870199  0.139952
3.988815  0.298920
3.961298  0.280096
3.933781  0.261271
3.992957  0.232562
3.990886  0.265741
3.963369  0.246917
3.898377  -0.246826
3.789547  -0.245567
3.862100  -0.246406
3.825824  -0.245986
3.807333  -0.215054
3.825119  -0.184542
3.879886  -0.215894
3.861395  -0.184961
3.843609  -0.215474
3.908064  -0.213535
3.917751  -0.180245
3.889573  -0.182603
3.962811  -0.215198
3.988815  -0.298920
3.930594  -0.231012
3.958669  -0.281556
3.928523  -0.264191
3.990886  -0.265741
3.992957  -0.232562
3.960740  -0.248377
3.940281  -0.197721
3.741952  -0.156504
3.686459  -0.073347
3.758664  -0.126867
3.775375  -0.097229
3.721668  -0.071429
3.756877  -0.069510
3.704957  -0.101066
3.723454  -0.128785
3.740166  -0.099148
3.809254  -0.154854
3.775603  -0.155679
3.773682  -0.215879
3.757817  -0.186192
3.791468  -0.185367
3.792314  -0.126042
3.703388  -0.043495
3.720316  -0.013643
3.738597  -0.041577
3.687721  0.099523
3.637799  0.013283
3.670948  0.014258
3.704096  0.015233
3.704229  0.071751
3.720737  0.043980
3.671080  0.070776
3.654439  0.042029
3.687588  0.043005
3.670239  -0.044471
3.654019  -0.015594
3.687168  -0.014619
3.718869  0.100363
3.750018  0.101203
3.735377  0.072591
3.738957  0.187086
3.804043  0.279849
3.899041  0.339567
3.903856  0.274820
3.901449  0.307193
3.835709  0.299755
3.867375  0.319661
3.838117  0.267382
3.872190  0.254914
3.869783  0.287288
3.753027  0.158738
3.767097  0.130390
3.704799  0.128710
3.721878  0.157898
3.735948  0.129550
3.770723  0.183277
3.802489  0.179469
3.784793  0.154930
3.814114  0.245120
3.824185  0.210390
3.848188  0.232652
3.782348  0.248928
3.760652  0.218007
3.792419  0.214198
3.958891  0.312469
3.980123  0.398271
3.953096  0.378703
3.926069  0.359135
3.928966  0.326018
3.985918  0.332037
3.983020  0.365154
3.955993  0.345586
3.931373  0.293645
3.833293  -0.333807
3.804129  -0.274980
3.818711  -0.304394
3.876682  -0.275820
3.854988  -0.304814
3.840406  -0.275400
3.916960  -0.342690
3.861182  -0.336768
3.889071  -0.339729
3.904571  -0.278780
3.910765  -0.310735
3.882876  -0.307774
3.964863  -0.313510
3.940911  -0.328100
3.934717  -0.296145
3.686150  -0.245118
3.636976  -0.158438
3.704751  -0.215580
3.723352  -0.186042
3.671968  -0.157793
3.706960  -0.157149
3.653368  -0.187331
3.669759  -0.216224
3.688360  -0.186687
3.720616  -0.245267
3.755082  -0.245417
3.739217  -0.215730
3.733917  -0.332599
3.702073  -0.274278
3.717995  -0.303439
3.752460  -0.303588
3.771004  -0.274578
3.736538  -0.274428
3.767042  -0.333002
3.800168  -0.333405
3.785586  -0.303991
3.980123  -0.398271
3.959069  -0.379744
3.938014  -0.361217
3.983020  -0.365154
3.985918  -0.332037
3.961966  -0.346627
3.653470  -0.130074
3.669965  -0.101711
3.688462  -0.129430
3.586814  -0.072325
3.537889  0.014471
3.554198  -0.014461
3.570506  -0.043393
3.603809  -0.043789
3.620804  -0.015253
3.571193  0.014075
3.604496  0.013679
3.587501  -0.014857
3.620029  -0.072666
3.653244  -0.073007
3.603535  -0.101029
3.620255  -0.129733
3.636750  -0.101370
3.637024  -0.044130
3.588593  0.100243
3.639302  0.186020
3.605496  0.128835
3.622399  0.157427
3.655441  0.157187
3.671581  0.128355
3.621635  0.100003
3.654678  0.099763
3.638538  0.128595
3.604995  0.071256
3.621397  0.042269
3.638037  0.071016
3.672520  0.186375
3.705738  0.186730
3.688660  0.157543
3.554790  0.043061
3.571692  0.071652
3.588094  0.042665
3.690014  0.271806
3.737597  0.359684
3.705875  0.301099
3.721736  0.330392
3.759746  0.333073
3.781895  0.306461
3.728024  0.274487
3.766034  0.277168
3.743885  0.303780
3.706328  0.243566
3.722643  0.215326
3.744338  0.246247
3.656206  0.214615
3.673110  0.243211
3.689424  0.214971
3.823047  0.374166
3.873710  0.351100
3.848379  0.362633
3.810378  0.311288
3.816713  0.342727
3.842044  0.331194
3.766081  0.364512
3.794564  0.369339
3.788229  0.337900
3.887943  0.445580
3.968957  0.497375
3.941952  0.480110
3.914947  0.462845
3.949396  0.414041
3.918670  0.429810
3.976401  0.431306
3.972679  0.464340
3.945674  0.447075
3.891642  0.410242
3.895342  0.374905
3.922369  0.394473
3.866311  0.421775
3.844679  0.397971
3.870011  0.386438
3.881656  -0.431599
3.778341  -0.418919
3.814976  -0.362178
3.796659  -0.390549
3.847218  -0.427372
3.812780  -0.423146
3.865535  -0.399002
3.849414  -0.366405
3.831097  -0.394775
3.893424  -0.401962
3.905192  -0.372326
3.877303  -0.369365
3.748725  -0.361373
3.763533  -0.390146
3.781850  -0.361775
3.947301  -0.409380
3.968957  -0.497375
3.914478  -0.420490
3.939857  -0.475449
3.910756  -0.453524
3.972679  -0.464340
3.976401  -0.431306
3.943579  -0.442415
3.926246  -0.390853
3.585226  -0.244804
3.536097  -0.158103
3.552474  -0.187003
3.568850  -0.215904
3.619726  -0.187226
3.602476  -0.216015
3.569724  -0.158215
3.603350  -0.158326
3.586100  -0.187115
3.634233  -0.331577
3.601562  -0.273728
3.617898  -0.302652
3.668845  -0.273937
3.651539  -0.302757
3.618868  -0.244908
3.652509  -0.245013
3.635203  -0.273833
3.636118  -0.216120
3.667461  -0.331917
3.700689  -0.332258
3.684767  -0.303098
3.569909  -0.100918
3.487185  -0.071292
3.503489  -0.100229
3.519793  -0.129166
3.553003  -0.129511
3.520395  -0.071636
3.553605  -0.071981
3.536699  -0.100573
3.586629  -0.129622
3.682940  -0.418527
3.650469  -0.360560
3.666704  -0.389544
3.699932  -0.389885
3.716925  -0.361242
3.683697  -0.360901
3.714741  -0.418658
3.746541  -0.418789
3.731733  -0.390015
3.520988  -0.014117
3.438279  0.015496
3.504087  -0.042704
3.454581  -0.013434
3.470883  -0.042363
3.471482  0.015154
3.504686  0.014812
3.487785  -0.013775
3.537296  -0.043049
3.488967  0.101252
3.539652  0.187011
3.590341  0.272782
3.622982  0.214940
3.606661  0.243861
3.556549  0.215601
3.573445  0.244192
3.572869  0.186681
3.606085  0.186350
3.589765  0.215271
3.505274  0.072325
3.521582  0.043398
3.455175  0.044081
3.472071  0.072667
3.488378  0.043739
3.522175  0.100916
3.572279  0.129165
3.555966  0.158088
3.505862  0.129838
3.522757  0.158425
3.555384  0.100579
3.539071  0.129502
3.538483  0.071988
3.589182  0.157758
3.623565  0.272457
3.641043  0.358567
3.690875  0.444778
3.722023  0.388049
3.706449  0.416413
3.657653  0.387304
3.674264  0.416041
3.673228  0.358940
3.705413  0.359312
3.689838  0.387676
3.656790  0.272131
3.673690  0.300726
3.657366  0.329647
3.607242  0.301377
3.624142  0.329972
3.640466  0.301052
3.639886  0.243536
3.689551  0.330019
3.786613  0.446150
3.827843  0.533201
3.800356  0.475167
3.814099  0.504184
3.867909  0.474787
3.847876  0.503994
3.854166  0.445770
3.820389  0.445960
3.834133  0.474977
3.722788  0.445235
3.754700  0.445693
3.753936  0.388506
3.770274  0.417328
3.738362  0.416871
3.798758  0.422155
3.810903  0.398161
3.832534  0.421965
3.782419  0.393334
3.903620  0.540481
3.853102  0.535628
3.878361  0.538054
3.893169  0.477213
3.898395  0.508847
3.873135  0.506421
3.947178  0.511744
3.925399  0.526112
3.920173  0.494479
3.955323  0.596169
3.938089  0.577606
3.920855  0.559044
3.964412  0.530306
3.959868  0.563238
3.942633  0.544675
3.875847  -0.540064
3.810727  -0.494153
3.854140  -0.524760
3.832434  -0.509457
3.858013  -0.452450
3.789137  -0.443997
3.799932  -0.469075
3.834370  -0.473302
3.823575  -0.448224
3.879720  -0.467754
3.877783  -0.503909
3.937920  -0.511605
3.906884  -0.525834
3.908820  -0.489679
3.856077  -0.488605
3.727515  -0.502830
3.632152  -0.504345
3.583285  -0.417489
3.534378  -0.330662
3.550680  -0.359604
3.566983  -0.388547
3.617250  -0.360214
3.600268  -0.388852
3.600948  -0.331272
3.567663  -0.330967
3.568277  -0.273423
3.485410  -0.243844
3.436471  -0.157035
3.452784  -0.185971
3.469097  -0.214908
3.519201  -0.186684
3.502306  -0.215264
3.502889  -0.157747
3.469680  -0.157391
3.485993  -0.186327
3.744457  -0.474860
3.761399  -0.446890
3.697799  -0.446628
3.663940  -0.503840
3.695727  -0.503335
3.712657  -0.474729
3.666011  -0.447133
3.649081  -0.475739
3.599574  -0.446441
3.615863  -0.475393
3.616503  -0.417835
3.649722  -0.418181
3.632792  -0.446787
3.729599  -0.446759
3.755253  -0.499938
3.782990  -0.497045
3.772195  -0.471967
3.955323  -0.596169
3.928831  -0.577467
3.902339  -0.558766
3.959868  -0.563238
3.964412  -0.530306
3.933376  -0.544536
3.551954  -0.244484
3.518682  -0.244164
3.535578  -0.215584
3.518055  -0.301723
3.501733  -0.272783
3.551328  -0.302042
3.535005  -0.273103
3.584613  -0.302347
3.470281  -0.099873
3.453376  -0.128454
3.486585  -0.128810
3.583965  -0.359909
3.633486  -0.389198
3.387574  -0.070239
3.420172  -0.128103
3.403873  -0.099171
3.453982  -0.070941
3.420778  -0.070590
3.437077  -0.099522
3.421377  -0.013083
3.338722  0.016502
3.355006  -0.012412
3.371290  -0.041325
3.404476  -0.041661
3.371908  0.016166
3.405093  0.015831
3.388192  -0.012747
3.437680  -0.042012
3.680869  -0.475234
3.389358  0.102264
3.355601  0.045089
3.372479  0.073677
3.405665  0.073342
3.421972  0.044419
3.388786  0.044754
3.422561  0.101927
3.455764  0.101590
3.438868  0.073004
3.440033  0.187990
3.406250  0.130840
3.423141  0.159415
3.472656  0.130165
3.506446  0.187337
3.473240  0.187664
3.456344  0.159077
3.489551  0.158751
3.439453  0.130502
3.490710  0.273749
3.557131  0.273104
3.523920  0.273427
3.523338  0.215924
3.507024  0.244837
3.540234  0.244514
3.456925  0.216577
3.473817  0.245163
3.490132  0.216250
3.541401  0.359512
3.607829  0.358882
3.574615  0.359197
3.574028  0.301692
3.557714  0.330602
3.590928  0.330287
3.507607  0.302337
3.524504  0.330925
3.540817  0.302015
3.591935  0.445332
3.657895  0.444963
3.624915  0.445148
3.624673  0.387489
3.608304  0.416411
3.641284  0.416226
3.558245  0.388119
3.575090  0.416726
3.591459  0.387804
3.642492  0.530872
3.608787  0.473846
3.625640  0.502359
3.674747  0.473476
3.658620  0.502174
3.641767  0.473661
3.739558  0.528810
3.674847  0.530185
3.707203  0.529497
3.707103  0.472788
3.723330  0.500799
3.690975  0.501487
3.755243  0.501257
3.768986  0.530274
3.798414  0.531737
3.770928  0.473703
3.784671  0.502720
3.739015  0.473246
3.862040  0.631445
3.775584  0.600285
3.833221  0.621058
3.804403  0.610671
3.810423  0.555562
3.793004  0.577923
3.850641  0.598697
3.839242  0.565949
3.821822  0.588310
3.875900  0.601123
3.889760  0.570802
3.864501  0.568376
3.751567  0.552635
3.763576  0.576460
3.780995  0.554098
3.924229  0.607928
3.939231  0.694593
3.913501  0.673543
3.887770  0.652494
3.893134  0.619686
3.949959  0.628977
3.944595  0.661785
3.918865  0.640735
3.906994  0.589365
3.862040  -0.631445
3.782993  -0.586586
3.844896  -0.555572
3.813944  -0.571079
3.835691  -0.616492
3.809342  -0.601539
3.866642  -0.600984
3.871245  -0.570524
3.840293  -0.586032
3.792238  -0.555775
3.801483  -0.524964
3.823189  -0.540268
3.924229  -0.607928
3.939231  -0.694593
3.893134  -0.619686
3.913501  -0.673543
3.887770  -0.652494
3.944595  -0.661785
3.949959  -0.628977
3.918865  -0.640735
3.897737  -0.589226
3.746008  -0.530749
3.680352  -0.590713
3.581423  -0.589927
3.532507  -0.503300
3.483596  -0.416427
3.434668  -0.329596
3.385778  -0.242765
3.452199  -0.243484
3.418989  -0.243125
3.418371  -0.300653
3.402075  -0.271709
3.451582  -0.301012
3.468496  -0.272428
3.435285  -0.272068
3.764500  -0.558668
3.714566  -0.589338
3.748779  -0.587962
3.696073  -0.561419
3.711794  -0.532124
3.648219  -0.533135
3.614399  -0.590189
3.647376  -0.590451
3.664286  -0.561924
3.615242  -0.532873
3.548812  -0.532176
3.565118  -0.561051
3.598333  -0.561400
3.598937  -0.503997
3.565722  -0.503648
3.566359  -0.446093
3.516203  -0.474342
3.499899  -0.445384
3.550055  -0.417135
3.516825  -0.416781
3.517451  -0.359250
3.467286  -0.387483
3.450977  -0.358540
3.501141  -0.330307
3.467905  -0.329952
3.500523  -0.387838
3.484214  -0.358895
3.773745  -0.527856
3.680007  -0.532630
3.730287  -0.560043
3.549433  -0.474696
3.533129  -0.445739
3.582648  -0.475045
3.582027  -0.532524
3.631309  -0.561662
3.533753  -0.388193
3.484819  -0.301367
3.419574  -0.185611
3.402676  -0.214188
3.435886  -0.214548
3.336880  -0.155969
3.370676  -0.098815
3.353778  -0.127392
3.403274  -0.156679
3.370077  -0.156324
3.386975  -0.127747
3.353179  -0.184901
3.369478  -0.213833
3.386376  -0.185256
3.288020  -0.069220
3.321205  -0.069560
3.354390  -0.069899
3.304921  -0.040646
3.321822  -0.012072
3.338106  -0.040986
3.304307  -0.098136
3.320593  -0.127052
3.337491  -0.098476
3.239386  0.017378
3.289807  0.103260
3.256193  0.046005
3.273000  0.074633
3.322417  0.045421
3.306112  0.074341
3.272498  0.017086
3.305610  0.016794
3.289305  0.045713
3.271809  -0.040354
3.255598  -0.011488
3.288710  -0.011780
3.322990  0.102928
3.356174  0.102596
3.339296  0.074009
3.340407  0.189023
3.373615  0.188679
3.406824  0.188334
3.373041  0.131184
3.356724  0.160103
3.389933  0.159759
3.306673  0.131848
3.323540  0.160435
3.339857  0.131516
3.391094  0.274749
3.441790  0.360474
3.424891  0.331899
3.407993  0.303324
3.424299  0.274416
3.457504  0.274082
3.458096  0.331566
3.474403  0.302658
3.441198  0.302991
3.407407  0.245829
3.423720  0.216910
3.374198  0.246173
3.357302  0.217598
3.390511  0.217254
3.440612  0.245496
3.474993  0.360154
3.508197  0.359833
3.491300  0.331245
3.492488  0.446234
3.543153  0.531973
3.509377  0.474814
3.526265  0.503394
3.559414  0.503093
3.575674  0.474213
3.525637  0.445933
3.558786  0.445633
3.508792  0.417327
3.525097  0.388420
3.458689  0.389061
3.475589  0.417647
3.491893  0.388740
3.541941  0.417026
3.542525  0.474513
3.576266  0.531606
3.609379  0.531239
3.592527  0.502726
3.693361  0.615683
3.755121  0.692285
3.846398  0.733341
3.785547  0.705970
3.815973  0.719656
3.856826  0.665410
3.851612  0.699375
3.826400  0.651725
3.790760  0.672005
3.821186  0.685690
3.593666  0.617396
3.660129  0.616254
3.626898  0.616825
3.609941  0.588555
3.626217  0.559714
3.676404  0.587413
3.659448  0.559142
3.643173  0.587984
3.559991  0.560448
3.576828  0.588922
3.593104  0.560081
3.708760  0.586725
3.724159  0.557768
3.691804  0.558455
3.720769  0.610550
3.748176  0.605417
3.761942  0.661618
3.768763  0.630951
3.797582  0.641338
3.736168  0.581592
3.908287  0.707509
3.877343  0.720425
3.882556  0.686459
3.734534  0.666751
3.713947  0.641217
3.741355  0.636084
3.920690  0.792585
3.895926  0.772837
3.871162  0.753089
3.933051  0.727257
3.926870  0.759921
3.902106  0.740173
3.849245  -0.728454
3.920690  -0.792585
3.896875  -0.771208
3.873060  -0.749831
3.909236  -0.705880
3.857775  -0.663781
3.853510  -0.696118
3.879240  -0.717167
3.883505  -0.684830
3.802032  -0.671766
3.722436  -0.675134
3.630264  -0.676584
3.663656  -0.619337
3.646960  -0.647960
3.597703  -0.618813
3.613984  -0.647698
3.630680  -0.619075
3.789339  -0.614980
3.795686  -0.643373
3.748968  -0.674011
3.775500  -0.672889
3.742622  -0.645618
3.762807  -0.616102
3.694380  -0.618853
3.660988  -0.676100
3.691712  -0.675617
3.708408  -0.646994
3.677684  -0.647477
3.842037  -0.644885
3.822035  -0.658326
3.815688  -0.629932
3.833508  -0.709558
3.817770  -0.690662
3.837772  -0.677222
3.728594  -0.617478
3.769154  -0.644495
3.926870  -0.759921
3.933051  -0.727257
3.903055  -0.738544
3.481771  -0.588966
3.432861  -0.502185
3.383972  -0.415296
3.450388  -0.416050
3.417180  -0.415673
3.416565  -0.473222
3.400269  -0.444259
3.449773  -0.473599
3.466684  -0.445013
3.433476  -0.444636
3.548206  -0.589607
3.514988  -0.589286
3.515595  -0.531855
3.465468  -0.560039
3.449165  -0.531112
3.499292  -0.502928
3.466077  -0.502556
3.498683  -0.560410
3.482380  -0.531483
3.531900  -0.560731
3.530717  -0.675031
3.597082  -0.676066
3.563899  -0.675548
3.564521  -0.618295
3.547619  -0.646663
3.580801  -0.647181
3.498086  -0.617654
3.514402  -0.646342
3.531304  -0.617975
3.482988  -0.473970
3.417770  -0.358163
3.400871  -0.386730
3.434079  -0.387106
3.335059  -0.328467
3.351965  -0.299900
3.368872  -0.271332
3.401465  -0.329220
3.368262  -0.328844
3.385168  -0.300276
3.351363  -0.357410
3.367668  -0.386353
3.384566  -0.357787
3.286179  -0.241678
3.237292  -0.154917
3.188658  -0.068321
3.221080  -0.126052
3.204869  -0.097187
3.221779  -0.068621
3.205567  -0.039755
3.222477  -0.011189
3.254899  -0.068921
3.238688  -0.040055
3.319379  -0.242040
3.352578  -0.242403
3.303079  -0.213108
3.270488  -0.155268
3.303684  -0.155618
3.254201  -0.126352
3.271111  -0.097786
3.237990  -0.097486
3.319979  -0.184538
3.269883  -0.212758
3.253587  -0.183838
3.286783  -0.184188
3.336279  -0.213471
3.302472  -0.270608
3.318766  -0.299538
3.335672  -0.270970
3.287397  -0.126702
3.190157  0.104321
3.139802  0.018235
3.173372  0.075626
3.156587  0.046931
3.206191  0.017664
3.172997  0.017950
3.222977  0.046359
3.256590  0.103614
3.223374  0.103968
3.206567  0.075340
3.239783  0.074986
3.189782  0.046645
3.172373  -0.039469
3.156087  -0.010617
3.189282  -0.010903
3.240834  0.190055
3.207050  0.132899
3.223942  0.161477
3.273483  0.132192
3.257159  0.161123
3.240266  0.132546
3.274025  0.189711
3.291498  0.275781
3.342187  0.361498
3.358490  0.332582
3.374792  0.303665
3.375388  0.361157
3.408589  0.360816
3.391690  0.332240
3.307216  0.189367
3.307801  0.246862
3.324104  0.217942
3.357896  0.275093
3.324697  0.275437
3.325291  0.332926
3.308395  0.304354
3.341593  0.304009
3.290349  0.160779
3.341000  0.246518
3.257722  0.218630
3.274610  0.247206
3.290913  0.218286
3.392872  0.447237
3.443547  0.532983
3.476174  0.475150
3.459861  0.504067
3.409764  0.475819
3.426655  0.504401
3.426077  0.446903
3.459283  0.446568
3.442969  0.475485
3.409178  0.418316
3.425484  0.389395
3.359082  0.390078
3.375977  0.418657
3.392283  0.389737
3.442383  0.417982
3.476749  0.532647
3.509951  0.532310
3.493063  0.503730
3.494227  0.618666
3.527373  0.618242
3.560520  0.617819
3.526844  0.560871
3.510535  0.589768
3.543682  0.589345
3.460440  0.561544
3.477333  0.590105
3.493642  0.561208
3.643783  0.702834
3.690575  0.786405
3.674978  0.758548
3.659381  0.730691
3.680896  0.699318
3.660309  0.673783
3.676835  0.644733
3.718008  0.695801
3.697422  0.670267
3.627078  0.674355
3.610372  0.645875
3.643603  0.645304
3.712090  0.755032
3.733606  0.723658
3.696493  0.727175
3.771672  0.780746
3.829604  0.828534
3.899712  0.890084
3.876342  0.869567
3.852973  0.849051
3.890328  0.804568
3.859966  0.816551
3.913697  0.825084
3.906704  0.857584
3.883335  0.837068
3.821490  0.749142
3.796581  0.764944
3.760638  0.721772
3.766155  0.751259
3.791064  0.735457
3.717607  0.784518
3.744640  0.782632
3.739123  0.753145
3.835202  0.796803
3.840800  0.765072
3.865564  0.784820
3.810293  0.812605
3.790983  0.796675
3.815891  0.780874
3.544823  0.704289
3.610797  0.703319
3.577810  0.703804
3.561104  0.675325
3.577385  0.646360
3.527957  0.675748
3.511092  0.647207
3.544239  0.646784
3.594091  0.674840
3.823546  -0.825727
3.899712  -0.890084
3.874323  -0.868631
3.848934  -0.847179
3.888308  -0.803632
3.855927  -0.814679
3.906704  -0.857584
3.913697  -0.825084
3.881316  -0.836132
3.832112  -0.793302
3.840679  -0.760878
3.864494  -0.782255
3.766429  -0.750998
3.804507  -0.800817
3.785468  -0.775907
3.821640  -0.735969
3.794035  -0.743483
3.813073  -0.768393
3.778297  -0.724587
3.790165  -0.698177
3.737100  -0.700422
3.675573  -0.760779
3.579638  -0.761438
3.611616  -0.761218
3.643595  -0.760999
3.645367  -0.704649
3.660470  -0.732714
3.613388  -0.704869
3.547024  -0.703833
3.563331  -0.732636
3.596513  -0.733153
3.580206  -0.704351
3.805902  -0.717073
3.751765  -0.725710
3.705859  -0.757518
3.736144  -0.754258
3.706815  -0.703682
3.691194  -0.732231
3.676091  -0.704165
3.763633  -0.699299
3.721480  -0.728970
3.628492  -0.732934
3.382085  -0.587591
3.333273  -0.500939
3.349544  -0.529823
3.365814  -0.558707
3.415936  -0.530654
3.399011  -0.559122
3.399665  -0.501769
3.366469  -0.501354
3.382740  -0.530238
3.448542  -0.588508
3.415314  -0.588049
3.432239  -0.559581
3.431166  -0.673968
3.398446  -0.616383
3.414806  -0.645175
3.464903  -0.617300
3.464350  -0.674322
3.480321  -0.760135
3.463936  -0.731412
3.447551  -0.702690
3.497534  -0.674676
3.497120  -0.731767
3.513919  -0.703399
3.480735  -0.703044
3.448035  -0.645634
3.481218  -0.645988
3.431674  -0.616841
3.350173  -0.472391
3.367073  -0.443844
3.383369  -0.472806
3.284377  -0.414162
3.235501  -0.327397
3.186585  -0.240664
3.137713  -0.153887
3.089529  -0.067546
3.040099  0.018576
3.073053  -0.038838
3.056576  -0.010131
3.073334  0.018462
3.090981  0.105005
3.107255  0.076082
3.123528  0.047159
3.157099  0.104549
3.124040  0.104777
3.140313  0.075854
3.317575  -0.414540
3.350774  -0.414918
3.301271  -0.385597
3.268687  -0.327754
3.301873  -0.328111
3.318165  -0.357032
3.268085  -0.385241
3.251793  -0.356319
3.284979  -0.356676
3.334469  -0.385975
3.300676  -0.443088
3.316974  -0.472013
3.333874  -0.443466
3.513427  -0.760569
3.546532  -0.761004
3.530225  -0.732201
3.252394  -0.298824
3.219783  -0.241002
3.203487  -0.212082
3.204099  -0.154574
3.170906  -0.154231
3.170294  -0.211738
3.154004  -0.182813
3.220389  -0.183499
3.187197  -0.183156
3.269286  -0.270251
3.252981  -0.241340
3.236685  -0.212420
3.285580  -0.299181
3.219195  -0.298486
3.202890  -0.269575
3.236088  -0.269913
3.154695  -0.125365
3.155615  -0.068063
3.122572  -0.067804
3.121652  -0.125107
3.105591  -0.096326
3.171676  -0.096843
3.138634  -0.096585
3.187888  -0.125709
3.106287  -0.038952
3.106568  0.018349
3.057060  0.047385
3.074020  0.076195
3.090294  0.047272
3.123044  -0.010358
3.089810  -0.010245
3.139330  -0.039211
3.141260  0.191382
3.191926  0.276849
3.158149  0.219871
3.175037  0.248360
3.224532  0.218986
3.208229  0.247918
3.207643  0.190497
3.174451  0.190940
3.173858  0.133342
3.157559  0.162362
3.190750  0.161920
3.124500  0.162590
3.107740  0.133797
3.140799  0.133570
3.191340  0.219429
3.225117  0.276493
3.258308  0.276137
3.241420  0.247562
3.242597  0.362534
3.208816  0.305411
3.225707  0.333972
3.258897  0.333616
3.275198  0.304699
3.242007  0.305055
3.275794  0.362189
3.293266  0.448246
3.259487  0.391105
3.276376  0.419675
3.309573  0.419330
3.325880  0.390414
3.308990  0.361843
3.292683  0.390759
3.292094  0.333271
3.326468  0.447910
3.359670  0.447573
3.342775  0.418994
3.343941  0.533958
3.310158  0.476817
3.327049  0.505387
3.376562  0.476144
3.410345  0.533308
3.377143  0.533633
3.360251  0.505051
3.393453  0.504726
3.343360  0.476480
3.394618  0.619696
3.445307  0.705411
3.495945  0.791116
3.595349  0.789932
3.528530  0.733232
3.512238  0.762174
3.562214  0.790327
3.529080  0.790721
3.578507  0.761385
3.561665  0.732837
3.545372  0.761779
3.360833  0.562537
3.377726  0.591116
3.427237  0.561887
3.410928  0.590792
3.394035  0.562212
3.427821  0.619352
3.461024  0.619009
3.461614  0.676496
3.477920  0.647581
3.428411  0.676839
3.411515  0.648267
3.444717  0.647924
3.444131  0.590448
3.478479  0.705037
3.462187  0.733979
3.479066  0.762548
3.511651  0.704663
3.495358  0.733605
3.494786  0.676122
3.611494  0.760899
3.627639  0.731867
3.627091  0.788756
3.658833  0.787581
3.643236  0.759724
3.594652  0.732352
3.644415  0.874806
3.628060  0.846514
3.611704  0.818223
3.659802  0.845339
3.675189  0.815872
3.643446  0.817048
3.736661  0.863164
3.803213  0.924847
3.781029  0.904286
3.758845  0.883725
3.798623  0.840077
3.767642  0.851620
3.820807  0.860638
3.812010  0.892743
3.867545  0.901671
3.835379  0.913259
3.844176  0.881155
3.705937  0.811991
3.721299  0.837577
3.675164  0.870925
3.705912  0.867044
3.690550  0.841458
3.748331  0.835691
3.760002  0.808218
3.779312  0.824148
3.732969  0.810105
3.789826  0.872182
3.876309  0.987030
3.851944  0.966302
3.827578  0.945574
3.891911  0.922399
3.884110  0.954714
3.859744  0.933987
3.787207  -0.932168
3.811433  -0.861207
3.799320  -0.896688
3.862210  -0.904112
3.824709  -0.918140
3.836821  -0.882660
3.725744  -0.844127
3.746231  -0.873474
3.766719  -0.902821
3.790945  -0.831860
3.758344  -0.837993
3.778832  -0.867340
3.739305  -0.813084
3.752867  -0.782041
3.771906  -0.806950
3.876309  -0.987030
3.846609  -0.968742
3.816908  -0.950455
3.884110  -0.954714
3.891911  -0.922399
3.854409  -0.936427
3.709020  -0.816344
3.629046  -0.847864
3.529557  -0.846684
3.430051  -0.845645
3.380629  -0.759377
3.413577  -0.816889
3.397103  -0.788133
3.447090  -0.759882
3.413860  -0.759629
3.446808  -0.817142
3.463565  -0.788638
3.430334  -0.788386
3.692297  -0.788561
3.644555  -0.818836
3.660064  -0.789807
3.612577  -0.819056
3.596107  -0.790247
3.628086  -0.790027
3.722582  -0.785301
3.661279  -0.846618
3.693511  -0.845372
3.676788  -0.817590
3.546250  -0.818269
3.562944  -0.789853
3.562720  -0.847077
3.595883  -0.847471
3.579414  -0.818662
3.513145  -0.817834
3.496733  -0.788984
3.496388  -0.846338
3.463220  -0.845992
3.479976  -0.817488
3.529838  -0.789419
3.282504  -0.586641
3.315698  -0.586958
3.348892  -0.587274
3.299427  -0.558074
3.316350  -0.529506
3.332621  -0.558390
3.331494  -0.673037
3.364251  -0.730597
3.347872  -0.701817
3.364718  -0.673347
3.397942  -0.673657
3.365221  -0.616073
3.348357  -0.644555
3.298834  -0.615440
3.315164  -0.644238
3.332028  -0.615756
3.381582  -0.644865
3.233687  -0.499874
3.184815  -0.413127
3.135772  -0.326527
3.086773  -0.240199
3.119439  -0.297751
3.103106  -0.268975
3.153314  -0.240509
3.120043  -0.240354
3.152710  -0.297906
3.169647  -0.269285
3.136377  -0.269130
3.266882  -0.500229
3.300078  -0.500584
3.266232  -0.557719
3.249960  -0.528796
3.283155  -0.529151
3.250584  -0.471304
3.218002  -0.413472
3.201710  -0.384551
3.202258  -0.327107
3.169015  -0.326817
3.168467  -0.384261
3.152120  -0.355394
3.218605  -0.355974
3.185362  -0.355684
3.267480  -0.442733
3.251189  -0.413817
3.234897  -0.384896
3.283779  -0.471658
3.397475  -0.730907
3.414321  -0.702437
3.381096  -0.702127
3.430706  -0.731160
3.217396  -0.470958
3.201105  -0.442043
3.234293  -0.442388
3.185953  -0.298196
3.120733  -0.182658
3.103753  -0.211429
3.137024  -0.211583
3.038214  -0.153937
3.054400  -0.182691
3.070587  -0.211445
3.104547  -0.153904
3.072424  -0.096343
3.055319  -0.125140
3.071381  -0.153920
3.088486  -0.125123
3.087567  -0.182674
2.988442  -0.069005
2.939384  0.017843
2.955737  -0.011107
2.972089  -0.040056
3.022880  -0.010618
3.005661  -0.039812
3.055834  -0.068032
3.022138  -0.068519
3.039357  -0.039325
3.021624  -0.125626
3.005033  -0.097316
3.038729  -0.096829
2.972956  0.018087
3.006528  0.018331
2.989309  -0.010862
2.991594  0.105635
2.974190  0.076371
2.956787  0.047107
3.007762  0.076615
3.023931  0.047595
2.990359  0.047351
3.024723  0.105425
3.057852  0.105215
3.040891  0.076405
3.041697  0.192473
3.092355  0.277877
3.143018  0.363553
3.109242  0.306436
3.126130  0.334994
3.175624  0.305750
3.159321  0.334652
3.158736  0.277192
3.125545  0.277534
3.124958  0.220214
3.075469  0.249409
3.058583  0.220941
3.108072  0.191746
3.074884  0.192109
3.108656  0.249045
3.091770  0.220577
3.058125  0.163317
3.074553  0.134161
3.024996  0.163527
3.008295  0.134581
3.041424  0.134371
3.091312  0.162953
3.141847  0.248703
3.142433  0.306093
3.176211  0.363213
3.193685  0.449267
3.159907  0.392124
3.176796  0.420696
3.226293  0.391445
3.209989  0.420356
3.209404  0.362873
3.193100  0.391785
3.192514  0.334312
3.226879  0.448927
3.260073  0.448587
3.243183  0.420016
3.244350  0.534982
3.277547  0.534641
3.310744  0.534299
3.276961  0.477158
3.260655  0.506070
3.293852  0.505729
3.210573  0.477839
3.227461  0.506410
3.243767  0.477499
3.295009  0.620701
3.345696  0.706425
3.328801  0.677850
3.311905  0.649275
3.328212  0.620366
3.361415  0.620031
3.362004  0.677515
3.378311  0.648605
3.378900  0.706087
3.396389  0.792180
3.447078  0.877950
3.546724  0.876935
3.562932  0.847934
3.579141  0.818933
3.579288  0.876225
3.611851  0.875515
3.595496  0.847224
3.311320  0.591786
3.327630  0.562872
3.278123  0.592128
3.261236  0.563555
3.294433  0.563213
3.344523  0.591451
3.412104  0.705749
3.412695  0.763257
3.429001  0.734334
3.362594  0.735010
3.379491  0.763595
3.395797  0.734672
3.395207  0.677177
3.345108  0.648940
3.429574  0.791825
3.462759  0.791471
3.445880  0.762902
3.529797  0.848329
3.512871  0.819722
3.546006  0.819328
3.463367  0.849005
3.479656  0.820061
3.480293  0.877611
3.513509  0.877273
3.496582  0.848667
3.413285  0.820770
3.430182  0.849360
3.446471  0.820415
3.597429  0.962734
3.697097  0.961729
3.782328  1.013472
3.796251  0.954389
3.789290  0.983930
3.725507  0.978977
3.753918  0.996224
3.732469  0.949435
3.767841  0.937141
3.760879  0.966683
3.613091  0.933424
3.628753  0.904115
3.563626  0.905534
3.580527  0.934134
3.596189  0.904825
3.661976  0.903780
3.679536  0.932754
3.630652  0.962399
3.663874  0.962064
3.646314  0.933089
3.710285  0.928874
3.723473  0.896019
3.745657  0.916580
3.692724  0.899899
3.844982  0.995844
3.850497  1.083362
3.827774  1.060065
3.805051  1.036768
3.813655  1.004658
3.867705  1.019140
3.859101  1.051251
3.836378  1.027954
3.820617  0.975116
3.678277  -0.933557
3.694099  -0.903747
3.709921  -0.873937
3.645457  -0.876429
3.661867  -0.904993
3.677689  -0.875183
3.714587  -0.933094
3.750897  -0.932631
3.730409  -0.903284
3.804022  -1.021014
3.792812  -0.961784
3.798417  -0.991399
3.852213  -0.998358
3.828118  -1.009686
3.822513  -0.980071
3.721324  -1.020162
3.692626  -0.962425
3.706975  -0.991294
3.765246  -0.961499
3.743285  -0.990831
3.728936  -0.961962
3.748890  -1.020446
3.776456  -1.020730
3.770851  -0.991115
3.850497  -1.083362
3.835005  -1.062579
3.819514  -1.041797
3.859101  -1.051251
3.867705  -1.019140
3.843609  -1.030469
3.578657  -0.933410
3.479002  -0.932363
3.379350  -0.931426
3.445785  -0.932051
3.412567  -0.931739
3.413151  -0.874239
3.396250  -0.902833
3.462685  -0.903457
3.446368  -0.874551
3.429468  -0.903145
3.595454  -0.904895
3.612250  -0.876380
3.562290  -0.904501
3.545924  -0.875593
3.495854  -0.903803
3.512705  -0.875244
3.479537  -0.874897
3.579087  -0.875986
3.611864  -0.933459
3.645070  -0.933508
3.628660  -0.904944
3.512221  -0.932712
3.545439  -0.933061
3.529072  -0.904152
3.330180  -0.845009
3.280880  -0.758644
3.363813  -0.787921
3.346996  -0.816465
3.297314  -0.787432
3.313747  -0.816221
3.314130  -0.758888
3.347379  -0.759132
3.330563  -0.787676
3.396761  -0.845433
3.363470  -0.845221
3.380287  -0.816677
3.362960  -0.902621
3.346570  -0.873815
3.379860  -0.874027
3.297752  -0.730108
3.314623  -0.701572
3.331001  -0.730352
3.182996  -0.585588
3.134121  -0.498907
3.085245  -0.412075
3.035847  -0.326088
3.069798  -0.268829
3.052822  -0.297458
3.102464  -0.326381
3.069156  -0.326234
3.086131  -0.297605
3.199893  -0.557016
3.200498  -0.499552
3.167310  -0.499229
3.166704  -0.556694
3.150413  -0.527800
3.216790  -0.528445
3.183601  -0.528123
3.216165  -0.585939
3.249335  -0.586290
3.233062  -0.557368
3.231812  -0.672312
3.215540  -0.643404
3.199268  -0.614496
3.248709  -0.643755
3.265607  -0.615198
3.232437  -0.614847
3.265039  -0.672553
3.298266  -0.672795
3.248168  -0.701089
3.264524  -0.729866
3.281395  -0.701331
3.281936  -0.643997
3.151019  -0.470314
3.151625  -0.412777
3.118930  -0.355043
3.068779  -0.383413
3.052313  -0.354750
3.102088  -0.383559
3.085622  -0.354897
3.167917  -0.441720
3.118435  -0.412426
3.135277  -0.383910
3.184208  -0.470636
3.117829  -0.469963
3.101537  -0.441019
3.134727  -0.441370
2.986927  -0.239844
3.020209  -0.239962
3.053491  -0.240081
3.021119  -0.182572
3.004023  -0.211208
3.037305  -0.211327
3.003234  -0.268592
3.019541  -0.297340
3.036516  -0.268710
2.936663  -0.154195
2.887298  -0.069404
2.836026  0.014706
2.904660  -0.040322
2.922022  -0.011239
2.870479  0.015751
2.904931  0.016797
2.853116  -0.013331
2.870207  -0.041367
2.887569  -0.012285
2.970172  -0.211294
2.953418  -0.182745
3.004364  -0.154023
2.970513  -0.154109
2.987268  -0.182658
2.953923  -0.125798
2.971182  -0.097402
2.921012  -0.069271
2.954727  -0.069138
2.938375  -0.040189
2.987773  -0.125712
2.903753  -0.097667
2.920208  -0.125931
2.937468  -0.097535
2.889814  0.103976
2.940699  0.191749
2.957664  0.163044
2.974629  0.134340
2.923741  0.104529
2.957667  0.105082
2.906776  0.133234
2.923737  0.162491
2.940702  0.133787
2.906338  0.075265
2.922861  0.046554
2.853955  0.044463
2.871885  0.074220
2.888408  0.045508
2.940264  0.075818
3.008031  0.192231
2.992166  0.278583
2.975010  0.249638
2.957855  0.220694
2.974365  0.191990
3.025187  0.221176
3.008676  0.249879
2.991521  0.220935
2.991330  0.163285
3.058958  0.278112
3.043173  0.364439
3.009168  0.307202
3.026171  0.335820
3.075961  0.306731
3.109736  0.363848
3.076455  0.364143
3.059567  0.335585
3.092849  0.335290
3.025562  0.278348
3.042565  0.306966
3.042073  0.249644
3.094109  0.450289
3.077130  0.421672
3.060152  0.393055
3.126715  0.392465
3.110412  0.421377
3.093433  0.392760
3.160493  0.449608
3.127301  0.449948
3.143604  0.421036
3.144769  0.536003
3.110996  0.478860
3.127882  0.507432
3.177379  0.478179
3.161074  0.507091
3.144188  0.478520
3.177963  0.535663
3.195425  0.621723
3.246105  0.707438
3.262406  0.678525
3.278708  0.649613
3.279302  0.707100
3.312499  0.706762
3.295603  0.678188
3.211156  0.535322
3.211733  0.592809
3.228041  0.563896
3.261814  0.621042
3.228620  0.621382
3.229211  0.678866
3.212318  0.650295
3.245513  0.649954
3.194268  0.506751
3.244928  0.592469
3.161655  0.564576
3.178540  0.593150
3.194848  0.564236
3.296777  0.793190
3.347450  0.878951
3.398130  0.964741
3.364343  0.907548
3.381237  0.936145
3.430762  0.906880
3.414446  0.935811
3.380660  0.878618
3.413869  0.878284
3.397553  0.907214
3.313083  0.764268
3.329390  0.735347
3.262995  0.736022
3.279886  0.764606
3.296193  0.735684
3.329981  0.792854
3.380076  0.821104
3.363763  0.850028
3.313668  0.821777
3.330559  0.850364
3.363185  0.792517
3.346872  0.821441
3.346287  0.763932
3.396972  0.849694
3.497774  0.963736
3.431344  0.964406
3.464559  0.964071
3.463977  0.906545
3.514090  0.934802
3.530407  0.905868
3.480875  0.935140
3.497192  0.906207
3.447661  0.935476
3.530992  0.963402
3.564211  0.963068
3.547309  0.934468
3.640038  1.048475
3.678077  0.990644
3.659058  1.019560
3.611632  0.991314
3.625835  1.019895
3.644855  0.990979
3.547119  1.049520
3.514222  0.992330
3.530670  1.020925
3.580659  0.991662
3.609065  1.048823
3.578092  1.049172
3.563889  1.020591
3.594862  1.020243
3.547440  0.991996
3.716115  1.047556
3.665397  1.048169
3.690756  1.047863
3.703436  0.990338
3.760257  1.024833
3.738186  1.036195
3.709776  1.018947
3.731847  1.007586
3.684417  1.019253
3.757136  1.107831
3.822291  1.179021
3.800573  1.155291
3.778854  1.131561
3.819377  1.091518
3.788256  1.099675
3.841095  1.115248
3.831693  1.147134
3.809975  1.123404
3.765533  1.076378
3.773931  1.044925
3.796654  1.068222
3.743462  1.087739
3.729789  1.067648
3.751860  1.056286
3.625694  -1.020208
3.671044  -1.108451
3.704564  -1.049592
3.687804  -1.079021
3.640811  -1.049622
3.655927  -1.079037
3.657571  -1.020193
3.689448  -1.020177
3.672687  -1.049607
3.660749  -0.962441
3.643222  -0.991324
3.594336  -0.962343
3.527921  -1.019189
3.428272  -1.018143
3.328633  -1.017097
3.279587  -0.930459
3.230007  -0.844477
3.263398  -0.844655
3.296789  -0.844832
3.263923  -0.787255
3.246965  -0.815866
3.280356  -0.816043
3.610015  -0.991275
3.560512  -1.019529
3.593103  -1.019868
3.544833  -0.990596
3.561745  -0.962003
3.511615  -0.990247
3.495309  -0.961305
3.445182  -0.989550
3.411965  -0.989237
3.345539  -0.988540
3.346095  -0.931104
3.312841  -0.930782
3.312285  -0.988218
3.295936  -0.959338
3.362444  -0.959983
3.329190  -0.959661
3.627543  -0.962392
3.675098  -0.991309
3.766282  -1.101974
3.734536  -1.104133
3.702790  -1.106292
3.751296  -1.074703
3.736310  -1.047433
3.719550  -1.076862
3.778862  -1.074987
3.791442  -1.048001
3.822425  -1.089566
3.822291  -1.179021
3.794354  -1.095770
3.803622  -1.153338
3.784952  -1.127656
3.831693  -1.147134
3.841095  -1.115248
3.813023  -1.121452
3.806934  -1.068783
3.763876  -1.047717
3.528527  -0.961654
3.577424  -0.990936
3.395657  -0.960332
3.395059  -1.017794
3.361846  -1.017445
3.378752  -0.988889
3.462092  -0.960956
3.428875  -0.960644
3.461489  -1.018492
3.494705  -1.018840
3.478399  -0.989898
3.296451  -0.901976
3.313316  -0.873492
3.263060  -0.901799
3.246533  -0.873138
3.279925  -0.873315
3.329706  -0.902298
3.181130  -0.758034
3.132306  -0.671307
3.083431  -0.584636
3.117224  -0.527483
3.100328  -0.556060
3.149808  -0.585270
3.116620  -0.584953
3.133516  -0.556377
3.214380  -0.758237
3.247630  -0.758440
3.198024  -0.729460
3.165474  -0.671642
3.149203  -0.642734
3.116014  -0.642416
3.099723  -0.613526
3.166099  -0.614161
3.132911  -0.613843
3.214918  -0.700886
3.198643  -0.671977
3.182371  -0.643069
3.231274  -0.729663
3.197422  -0.786848
3.213714  -0.815663
3.230672  -0.787052
3.034472  -0.498209
2.985187  -0.411817
3.068321  -0.440786
3.051396  -0.469498
3.001615  -0.440615
3.018043  -0.469412
3.018540  -0.411903
3.051893  -0.411989
3.034968  -0.440701
3.100904  -0.498674
3.067688  -0.498442
3.084613  -0.469730
3.067112  -0.555827
3.050792  -0.527018
3.084008  -0.527251
3.002074  -0.383241
3.018961  -0.354664
3.035427  -0.383327
2.936197  -0.325464
2.886647  -0.239095
2.835548  -0.154620
2.902958  -0.154337
2.869253  -0.154478
2.869614  -0.210936
2.852581  -0.182778
2.903319  -0.210795
2.919991  -0.182495
2.886286  -0.182637
2.969414  -0.325672
3.002631  -0.325880
2.952527  -0.354248
2.968857  -0.383033
2.985744  -0.354456
2.953107  -0.296924
2.920074  -0.239344
2.953500  -0.239594
2.970017  -0.268384
2.919680  -0.296674
2.903164  -0.267884
2.936590  -0.268134
2.986324  -0.297132
3.164855  -0.729125
3.148581  -0.700216
3.181749  -0.700551
2.936746  -0.211044
2.870048  -0.097809
2.852798  -0.126215
2.886503  -0.126073
2.783609  -0.071749
2.734800  0.014942
2.751070  -0.013955
2.767339  -0.042852
2.818554  -0.014113
2.801081  -0.042931
2.768542  0.014864
2.802284  0.014785
2.784812  -0.014034
2.818172  -0.070967
2.852735  -0.070186
2.835644  -0.042149
2.800922  -0.099373
2.818235  -0.126997
2.835485  -0.098591
2.786106  0.101404
2.837983  0.189795
2.906460  0.191098
2.872222  0.190446
2.872537  0.132583
2.855260  0.161189
2.889499  0.161840
2.802746  0.072504
2.819386  0.043605
2.751902  0.043763
2.769004  0.072583
2.785644  0.043684
2.820676  0.102261
2.803399  0.130867
2.820691  0.160331
2.855245  0.103119
2.837968  0.131725
2.837315  0.073362
2.889496  0.277793
2.942847  0.364997
2.907280  0.306861
2.925063  0.335929
2.975726  0.307388
2.959287  0.336192
2.957943  0.278319
2.923719  0.278056
2.941503  0.307124
2.923631  0.220430
2.906564  0.249111
2.940787  0.249375
2.855154  0.219127
2.872325  0.248460
2.889393  0.219779
2.976289  0.364811
3.009731  0.364625
2.992729  0.336006
2.994294  0.451156
3.026880  0.393345
3.010587  0.422251
3.060837  0.450578
3.027566  0.450867
3.043859  0.421961
2.959996  0.393717
2.977145  0.422437
2.993438  0.393531
3.045205  0.537023
3.111581  0.536343
3.078393  0.536683
3.077808  0.479200
3.061506  0.508111
3.094694  0.507772
3.028235  0.508401
3.011264  0.479779
3.044536  0.479489
3.095862  0.622734
3.062091  0.565593
3.078976  0.594164
3.128467  0.564913
3.112164  0.593824
3.095279  0.565253
3.129050  0.622397
3.162237  0.622060
3.145352  0.593487
3.146522  0.708454
3.112748  0.651308
3.129635  0.679881
3.162823  0.679544
3.179124  0.650633
3.145936  0.650970
3.179716  0.708115
3.197182  0.794190
3.247840  0.879959
3.298512  0.965739
3.364924  0.965074
3.331718  0.965406
3.331138  0.907880
3.314825  0.936810
3.348031  0.936477
3.212910  0.707777
3.213490  0.765272
3.229797  0.736355
3.163409  0.737033
3.180296  0.765611
3.196603  0.736694
3.196017  0.679205
3.230380  0.793856
3.280465  0.822113
3.264152  0.851036
3.214068  0.822779
3.230954  0.851369
3.263579  0.793523
3.247266  0.822446
3.246688  0.764939
3.314247  0.879287
3.281621  0.937145
3.264731  0.908552
3.281044  0.879623
3.297934  0.908216
3.297356  0.850700
3.349177  1.051535
3.332288  1.022936
3.315400  0.994337
3.381812  0.993673
3.365494  1.022604
3.348606  0.994005
3.448819  1.050531
3.415605  1.050865
3.382391  1.051200
3.415026  0.993338
3.431923  1.021934
3.398709  1.022269
3.481456  0.992667
3.465137  1.021599
3.448241  0.993003
3.481586  1.050194
3.514352  1.049857
3.497904  1.021262
3.592635  1.134988
3.499511  1.136328
3.465717  1.079130
3.482614  1.107729
3.515380  1.107392
3.531249  1.078456
3.498483  1.078793
3.562291  1.078009
3.577463  1.106498
3.530552  1.135881
3.561593  1.135435
3.546421  1.106945
3.624237  1.077313
3.608436  1.106150
3.593264  1.077661
3.679866  1.128690
3.621712  1.132889
3.650789  1.130789
3.653314  1.075214
3.666590  1.101952
3.637513  1.104051
3.691949  1.101646
3.704032  1.074601
3.678673  1.074907
3.731379  1.114784
3.730842  1.201827
3.748371  1.139163
3.739607  1.170495
3.791808  1.186623
3.761325  1.194225
3.770090  1.162893
3.705622  1.121737
3.713850  1.177448
3.696858  1.153069
3.722615  1.146116
3.717706  1.094692
3.791709  1.273947
3.771420  1.249907
3.751131  1.225867
3.812097  1.210663
3.801903  1.242305
3.781614  1.218265
3.574643  -1.107071
3.477190  -1.104965
3.377543  -1.103920
3.277904  -1.102939
3.229004  -1.016044
3.179295  -0.930172
3.212434  -0.987420
3.195865  -0.958796
3.246156  -0.930364
3.212726  -0.930268
3.262726  -0.958987
3.245865  -0.987516
3.229295  -0.958892
3.608677  -1.049162
3.591660  -1.078117
3.543495  -1.048483
3.559069  -1.077777
3.509674  -1.105667
3.542159  -1.106369
3.494100  -1.076373
3.511011  -1.047781
3.460884  -1.076025
3.444578  -1.047084
3.394453  -1.075327
3.361240  -1.074979
3.311724  -1.045711
3.245304  -1.045009
3.261604  -1.073974
3.294814  -1.074325
3.295423  -1.016746
3.262214  -1.016395
3.278514  -1.045360
3.576086  -1.048823
3.606777  -1.107531
3.638910  -1.107991
3.623794  -1.078577
3.625809  -1.194140
3.726622  -1.195195
3.659413  -1.194492
3.693017  -1.194843
3.708096  -1.166280
3.689570  -1.137366
3.640887  -1.165577
3.655965  -1.137014
3.674491  -1.165929
3.753062  -1.133047
3.739842  -1.164121
3.721316  -1.135207
3.591698  -1.136094
3.608754  -1.165117
3.623832  -1.136554
3.477794  -1.047432
3.526585  -1.077075
3.344936  -1.046038
3.344330  -1.103593
3.311117  -1.103266
3.328027  -1.074652
3.411362  -1.046735
3.378149  -1.046386
3.410758  -1.104268
3.443974  -1.104617
3.427668  -1.075676
3.279075  -0.987867
3.196199  -0.901607
3.213103  -0.873042
3.229630  -0.901703
3.130466  -0.843761
3.081624  -0.757026
3.032614  -0.670422
2.983488  -0.584049
3.016238  -0.641631
2.999863  -0.612840
3.050117  -0.584440
3.016802  -0.584245
3.066492  -0.613231
3.049553  -0.641826
3.033178  -0.613035
3.163646  -0.844000
3.196826  -0.844239
3.146742  -0.872565
3.163019  -0.901369
3.179922  -0.872804
3.147354  -0.815185
3.114793  -0.757362
3.098518  -0.728453
3.099075  -0.671012
3.065844  -0.670717
3.082784  -0.642121
3.164242  -0.786610
3.147961  -0.757698
3.115412  -0.699880
3.065287  -0.728158
3.048950  -0.699290
3.082181  -0.699585
3.180534  -0.815424
3.790401  -1.184412
3.758512  -1.189804
3.771732  -1.158730
3.791709  -1.273947
3.770014  -1.247696
3.748318  -1.221446
3.801903  -1.242305
3.812097  -1.210663
3.780207  -1.216054
3.131687  -0.728789
3.114185  -0.814849
3.097904  -0.785938
3.131073  -0.786274
3.000482  -0.555436
2.934581  -0.497543
2.967878  -0.497765
3.001175  -0.497987
2.968318  -0.440393
2.951450  -0.468968
2.984746  -0.469190
3.017477  -0.526822
2.967185  -0.555213
2.950883  -0.526378
2.984180  -0.526600
3.033797  -0.555631
2.885554  -0.411123
2.836742  -0.324463
2.785127  -0.238711
2.852807  -0.238967
2.818967  -0.238839
2.819537  -0.295879
2.802332  -0.267295
2.853377  -0.296007
2.870012  -0.267551
2.836172  -0.267423
2.918765  -0.411355
2.951976  -0.411586
2.902435  -0.382570
2.869893  -0.324797
2.903045  -0.325130
2.886529  -0.296340
2.919316  -0.354017
2.869283  -0.382236
2.853012  -0.353350
2.886164  -0.353683
2.935646  -0.382802
2.901896  -0.439930
2.918238  -0.468736
2.935107  -0.440161
2.801934  -0.210681
2.818741  -0.182651
2.835774  -0.210809
2.733945  -0.154568
2.768067  -0.210663
2.751006  -0.182616
2.767813  -0.154585
2.801681  -0.154603
2.784874  -0.182633
2.767055  -0.099355
2.683996  -0.069752
2.635340  0.016016
2.717865  -0.013289
2.700931  -0.041521
2.651559  -0.012574
2.667777  -0.041163
2.668493  0.015658
2.701646  0.015300
2.684712  -0.012931
2.750500  -0.126962
2.700646  -0.098024
2.717296  -0.126296
2.750405  -0.071084
2.717200  -0.070418
2.734135  -0.042186
2.784368  -0.126979
2.733850  -0.098690
2.685987  0.101604
2.736815  0.188498
2.770538  0.188931
2.804261  0.189363
2.769676  0.130435
2.753245  0.159467
2.786968  0.159899
2.702258  0.072717
2.718529  0.043830
2.652222  0.044545
2.669104  0.073075
2.685375  0.044187
2.719360  0.101537
2.702929  0.130569
2.719872  0.159534
2.752733  0.101470
2.736303  0.130502
2.735631  0.072650
2.787406  0.276236
2.842665  0.365559
2.821436  0.276755
2.855466  0.277274
2.858275  0.336304
2.873886  0.307048
2.824245  0.335785
2.805826  0.306010
2.839856  0.306529
2.821124  0.218608
2.804265  0.247422
2.838295  0.247941
2.753679  0.217744
2.770542  0.246990
2.787401  0.218176
2.876059  0.365372
2.909453  0.365185
2.891669  0.336116
2.894778  0.452152
2.945652  0.538039
2.996302  0.623744
2.979418  0.595176
2.962535  0.566608
3.012021  0.537362
2.978836  0.537700
3.028904  0.565930
3.012603  0.594837
2.995719  0.566269
2.927950  0.451820
2.961122  0.451488
2.961866  0.509078
2.978080  0.480117
2.928694  0.509410
2.911736  0.480781
2.944908  0.480449
2.910801  0.423100
2.926824  0.394049
2.943973  0.422768
2.877407  0.423288
2.860036  0.394423
2.893430  0.394236
2.995050  0.508740
3.062675  0.623071
3.029488  0.623407
3.045789  0.594500
3.046956  0.709462
3.097608  0.795186
3.063840  0.738036
3.080724  0.766611
3.130217  0.737365
3.113912  0.766275
3.080145  0.709126
3.113333  0.708790
3.097028  0.737700
3.013186  0.652316
3.030071  0.680889
3.079560  0.651643
3.063258  0.680553
3.046373  0.651980
3.096446  0.680217
3.130799  0.794854
3.163991  0.794522
3.147104  0.765943
3.148260  0.880938
3.198909  0.966724
3.249568  1.052531
3.232682  1.023929
3.215795  0.995326
3.265311  0.966067
3.232110  0.966396
3.265883  1.023600
3.282197  0.994669
3.315974  1.051867
3.300270  1.138351
3.283369  1.109744
3.266469  1.081138
3.282771  1.052199
3.332874  1.080474
3.316572  1.109412
3.299672  1.080806
3.214647  0.880285
3.181453  0.880611
3.180875  0.823106
3.164567  0.852022
3.197761  0.851695
3.114492  0.823770
3.131376  0.852354
3.147683  0.823438
3.165143  0.909533
3.182026  0.938129
3.231530  0.908880
3.215219  0.937802
3.198336  0.909207
3.248420  0.937474
3.299086  1.023268
3.248996  0.994998
3.400138  1.137479
3.451364  1.222212
3.417213  1.165723
3.434288  1.193968
3.483462  1.164956
3.467413  1.193584
3.433262  1.137095
3.466387  1.136712
3.450337  1.165340
3.366848  1.137769
3.333559  1.138060
3.366164  1.080183
3.383151  1.108831
3.349861  1.109122
3.432592  1.079513
3.416365  1.108496
3.399378  1.079848
3.449489  1.108112
3.548546  1.221888
3.483758  1.222104
3.516152  1.221996
3.515856  1.164848
3.532201  1.193368
3.499807  1.193476
3.577938  1.163954
3.563242  1.192921
3.546897  1.164401
3.641225  1.215148
3.579439  1.219641
3.610332  1.217394
3.608831  1.161708
3.625028  1.188428
3.594135  1.190674
3.654105  1.186329
3.666985  1.157509
3.637908  1.159609
3.700970  1.206267
3.694941  1.292704
3.758770  1.368081
3.737494  1.342955
3.716217  1.317829
3.759453  1.280199
3.727197  1.286451
3.780730  1.305325
3.769750  1.336703
3.748473  1.311577
3.671097  1.210708
3.677035  1.266852
3.659130  1.241000
3.706908  1.262412
3.718875  1.232119
3.739164  1.256159
3.683978  1.181888
3.689002  1.236560
3.526111  -1.191790
3.426459  -1.190738
3.326819  -1.189687
3.227179  -1.188729
3.293606  -1.189368
3.260392  -1.189049
3.260996  -1.131535
3.244087  -1.160132
3.310514  -1.160771
3.294209  -1.131855
3.277301  -1.160452
3.559344  -1.192573
3.592576  -1.193356
3.542288  -1.163550
3.558466  -1.135310
3.575521  -1.164333
3.493497  -1.133907
3.509804  -1.162848
3.459676  -1.191088
3.492894  -1.191439
3.443369  -1.162147
3.460279  -1.133556
3.410154  -1.161798
3.393848  -1.132859
3.343727  -1.161098
3.360635  -1.132509
3.327422  -1.132182
3.525981  -1.134609
3.427064  -1.133208
3.476587  -1.162498
3.360032  -1.190037
3.393246  -1.190388
3.376940  -1.161448
3.178244  -1.102254
3.128800  -1.015830
3.212084  -1.044780
3.195164  -1.073517
3.145281  -1.044638
3.161763  -1.073446
3.162201  -1.015902
3.195603  -1.015973
3.178683  -1.044709
3.244684  -1.102710
3.211464  -1.102482
3.228384  -1.073745
3.210867  -1.159904
3.194556  -1.131079
3.227776  -1.131307
3.145632  -0.987278
3.162463  -0.958725
3.179033  -0.987349
3.079743  -0.929451
3.030923  -0.842787
2.982060  -0.755983
2.932721  -0.669826
2.966565  -0.612641
2.949643  -0.641234
2.999316  -0.670223
2.966018  -0.670025
2.982941  -0.641432
3.112927  -0.929692
3.146111  -0.929932
3.096096  -0.958244
3.112448  -0.987037
3.129279  -0.958485
3.096651  -0.900888
3.064104  -0.843112
3.047823  -0.814200
3.048436  -0.756678
2.998911  -0.727463
2.965614  -0.727264
2.949167  -0.698545
3.015762  -0.698942
2.982465  -0.698744
3.113558  -0.872324
3.097285  -0.843436
3.064724  -0.785613
3.015248  -0.756331
3.032099  -0.727810
3.129835  -0.901128
3.687307  -1.295338
3.576588  -1.281106
3.609402  -1.223129
3.592995  -1.252117
3.650400  -1.290594
3.613494  -1.285850
3.666807  -1.261605
3.646308  -1.227872
3.629901  -1.256861
3.700412  -1.261957
3.713517  -1.228576
3.679912  -1.228224
3.542937  -1.221562
3.559762  -1.251334
3.576169  -1.222345
3.756908  -1.281077
3.758770  -1.368081
3.722107  -1.288207
3.734949  -1.343833
3.711128  -1.319585
3.769750  -1.336703
3.780730  -1.305325
3.745929  -1.312455
3.735213  -1.254827
3.081004  -0.814525
3.063470  -0.900563
3.047196  -0.871675
3.080377  -0.872000
3.014635  -0.813853
2.998348  -0.784918
3.031536  -0.785266
2.883793  -0.583274
2.900102  -0.612125
2.916411  -0.640975
2.917025  -0.583532
2.950256  -0.583791
2.933334  -0.612383
2.900722  -0.554697
2.917651  -0.526120
2.933954  -0.554955
2.834918  -0.496762
2.786100  -0.410117
2.737254  -0.323438
2.769818  -0.381224
2.753536  -0.352331
2.803579  -0.324121
2.770416  -0.323780
2.802981  -0.381566
2.819861  -0.353014
2.786699  -0.352673
2.868139  -0.497022
2.901360  -0.497283
2.867501  -0.554437
2.851209  -0.525599
2.884430  -0.525860
2.851796  -0.468216
2.819251  -0.410452
2.852402  -0.410788
2.836132  -0.381901
2.868675  -0.439670
2.818645  -0.467881
2.802373  -0.438999
2.835524  -0.439334
2.885017  -0.468476
2.753212  -0.295196
2.769169  -0.266954
2.786374  -0.295537
2.684653  -0.239171
2.633805  -0.154454
2.667704  -0.210932
2.650754  -0.182693
2.667185  -0.154492
2.700565  -0.154530
2.667266  -0.097986
2.584519  -0.069310
2.650837  -0.069605
2.617678  -0.069457
2.618400  -0.012426
2.601459  -0.040868
2.634618  -0.041016
2.718145  -0.239018
2.751636  -0.238864
2.719720  -0.295349
2.702187  -0.267260
2.735678  -0.267107
2.701084  -0.210970
2.717515  -0.182769
2.734575  -0.210817
2.650535  -0.126220
2.600948  -0.097691
2.617376  -0.126073
2.634107  -0.097839
2.683915  -0.126258
2.684134  -0.182731
2.535900  0.017093
2.586529  0.102656
2.552777  0.045614
2.569653  0.074135
2.602799  0.073776
2.619070  0.044896
2.569047  0.016734
2.602193  0.016375
2.585923  0.045255
2.619682  0.102305
2.652834  0.101955
2.635952  0.073425
2.552107  -0.011708
2.568313  -0.040509
2.585253  -0.012067
2.637169  0.188207
2.603409  0.131173
2.620289  0.159690
2.669714  0.130472
2.703600  0.188401
2.670384  0.188304
2.653442  0.159339
2.686657  0.159437
2.636562  0.130822
2.688563  0.275825
2.742212  0.365125
2.724329  0.335358
2.706446  0.305591
2.754458  0.276099
2.721511  0.275962
2.772342  0.305865
2.757277  0.335495
2.739394  0.305728
2.720731  0.217607
2.704647  0.246716
2.737595  0.246853
2.654300  0.217413
2.671432  0.246619
2.687516  0.217510
2.809181  0.365414
2.775697  0.365270
2.790761  0.335640
2.793966  0.451996
2.776715  0.423039
2.759464  0.394082
2.810199  0.423184
2.826432  0.394372
2.792948  0.394227
2.861174  0.452100
2.844765  0.537820
2.827832  0.509212
2.810899  0.480604
2.827570  0.452048
2.861436  0.509264
2.878107  0.480708
2.844503  0.480656
2.843803  0.423236
2.912023  0.537966
2.896762  0.624747
2.879430  0.595771
2.862097  0.566795
2.878394  0.537893
2.929355  0.566942
2.913058  0.595845
2.895726  0.566869
2.895065  0.509337
2.963122  0.624078
2.929942  0.624413
2.946238  0.595510
2.947335  0.710377
2.913619  0.653291
2.930477  0.681834
2.979979  0.652622
2.963657  0.681499
2.946799  0.652956
3.013749  0.709767
2.998049  0.796183
3.048693  0.881913
3.014930  0.824760
3.031812  0.853336
3.081303  0.824095
3.064998  0.853004
3.064421  0.795518
3.031235  0.795851
3.030654  0.738369
3.014351  0.767276
3.047538  0.766944
2.980542  0.710072
2.981144  0.767581
2.964239  0.738979
2.997447  0.738674
2.996864  0.681194
3.048117  0.824427
3.081882  0.881588
3.115071  0.881263
3.098187  0.852679
3.099322  0.967678
3.149951  1.053501
3.166270  1.024575
3.182589  0.995650
3.132517  0.967360
3.165713  0.967042
3.116198  0.996286
3.133074  1.024893
3.149394  0.995968
3.115635  0.938765
3.131947  0.909851
3.148830  0.938447
3.065569  0.910501
3.082446  0.939090
3.098758  0.910176
3.183157  1.053178
3.216362  1.052854
3.199476  1.024252
3.200612  1.139341
3.216931  1.110404
3.233250  1.081468
3.183725  1.110728
3.166838  1.082114
3.200044  1.081791
3.267050  1.138681
3.233831  1.139011
3.250150  1.110074
3.251335  1.225148
3.234427  1.196546
3.217519  1.167943
3.283958  1.167283
3.267646  1.196216
3.250739  1.167613
3.351236  1.224299
3.384612  1.223603
3.417988  1.222908
3.383837  1.166419
3.367536  1.195359
3.400912  1.194663
3.317935  1.224582
3.284635  1.224865
3.317258  1.167000
3.334247  1.195650
3.300947  1.195933
3.350548  1.166710
3.401596  1.309907
3.505539  1.307118
3.436243  1.308977
3.470891  1.308048
3.487481  1.278816
3.469422  1.250514
3.418185  1.280675
3.434774  1.251444
3.452833  1.279746
3.368022  1.252835
3.384809  1.281371
3.401398  1.252139
3.519875  1.278708
3.601169  1.302920
3.566087  1.248898
3.583628  1.275909
3.537416  1.305719
3.569292  1.304319
3.534210  1.250298
3.551751  1.277309
3.501816  1.250406
3.614521  1.273662
3.627873  1.244405
3.596980  1.246652
3.663683  1.296109
3.658939  1.382902
3.723495  1.461364
3.701976  1.435210
3.680458  1.409056
3.725493  1.373021
3.682940  1.322770
3.670940  1.352836
3.692216  1.377962
3.704217  1.347896
3.632426  1.299514
3.639683  1.356241
3.620426  1.329581
3.651683  1.326175
3.645778  1.270257
3.747012  1.399175
3.735253  1.430270
3.713735  1.404116
3.475383  -1.277556
3.375732  -1.276507
3.276093  -1.275459
3.176458  -1.274421
3.127443  -1.187754
3.077963  -1.101640
3.111390  -1.101845
3.144817  -1.102049
3.111854  -1.044434
3.094908  -1.073037
3.128336  -1.073241
3.509202  -1.220378
3.492292  -1.248967
3.442767  -1.219677
3.459075  -1.248617
3.408949  -1.276857
3.442166  -1.277206
3.392641  -1.247917
3.409550  -1.219327
3.359428  -1.247567
3.343123  -1.218627
3.293002  -1.246868
3.259789  -1.246549
3.193365  -1.245857
3.193934  -1.188404
3.160689  -1.188079
3.160120  -1.245532
3.143782  -1.216643
3.210272  -1.217293
3.177027  -1.216968
3.475984  -1.220028
3.509118  -1.278740
3.520933  -1.362379
3.490566  -1.305831
3.505749  -1.334105
3.539484  -1.335288
3.558036  -1.308197
3.542853  -1.279923
3.524301  -1.307014
3.526027  -1.250151
3.376337  -1.218977
3.425858  -1.248267
3.243484  -1.217639
3.242882  -1.275113
3.209670  -1.274767
3.226577  -1.246203
3.309910  -1.218278
3.276697  -1.217958
3.309306  -1.275808
3.342519  -1.276158
3.326215  -1.247218
3.144377  -1.159254
3.161310  -1.130754
3.110950  -1.159050
3.094456  -1.130345
3.127883  -1.130549
3.177622  -1.159579
3.029070  -1.015155
2.980240  -0.928488
3.012793  -0.986266
2.996516  -0.957377
3.013408  -0.928809
2.997134  -0.899921
3.014029  -0.871354
3.046575  -0.929130
3.030302  -0.900242
3.062313  -1.015380
3.095557  -1.015605
3.045961  -0.986587
3.062852  -0.958019
3.029684  -0.957698
3.079204  -0.986812
3.045368  -1.043983
3.061665  -1.072812
3.078611  -1.044209
2.931372  -0.841997
2.882078  -0.755550
2.898509  -0.784365
2.914941  -0.813181
2.965164  -0.784655
2.948268  -0.813326
2.948733  -0.755839
2.915406  -0.755694
2.931837  -0.784510
2.997739  -0.842524
2.964556  -0.842261
2.981452  -0.813589
2.963950  -0.899658
2.947661  -0.870828
2.980845  -0.871091
2.898959  -0.726975
2.915840  -0.698401
2.932286  -0.727120
2.833092  -0.669126
2.784291  -0.582455
2.735454  -0.495768
2.768012  -0.553559
2.751733  -0.524664
2.801763  -0.496431
2.768608  -0.496099
2.801167  -0.553891
2.818042  -0.525326
2.784888  -0.524995
2.866302  -0.669359
2.899511  -0.669593
2.849421  -0.697934
2.865750  -0.726742
2.882630  -0.698167
2.849993  -0.640509
2.817459  -0.582728
2.850626  -0.583001
2.834334  -0.554164
2.866893  -0.611891
2.816825  -0.640236
2.800558  -0.611345
2.833726  -0.611618
2.883202  -0.640742
3.609560  -1.374760
3.587578  -1.312324
3.598569  -1.343542
3.661391  -1.321812
3.635476  -1.348286
3.624485  -1.317068
3.687445  -1.395393
3.635522  -1.381638
3.661483  -1.388516
3.687353  -1.328690
3.687399  -1.362042
3.661437  -1.355164
3.734995  -1.377185
3.711220  -1.386289
3.711174  -1.352937
3.550475  -1.366506
3.580018  -1.370633
3.569027  -1.339415
3.723495  -1.461364
3.711478  -1.439374
3.699461  -1.417384
3.735253  -1.430270
3.747012  -1.399175
3.723237  -1.408279
2.752336  -0.467218
2.685446  -0.409995
2.635321  -0.324393
2.668738  -0.381461
2.652030  -0.352927
2.703276  -0.323757
2.669299  -0.324075
2.719984  -0.352290
2.702715  -0.381142
2.686007  -0.352609
2.769218  -0.438667
2.752549  -0.410076
2.718997  -0.410035
2.736267  -0.381183
2.785490  -0.467549
2.718784  -0.467177
2.702115  -0.438586
2.735667  -0.438627
2.651765  -0.295986
2.582622  -0.240838
2.650643  -0.239727
2.616632  -0.240282
2.617755  -0.296541
2.600188  -0.268690
2.668209  -0.267578
2.634199  -0.268134
2.685743  -0.295668
2.599683  -0.212043
2.616744  -0.183249
2.633693  -0.211488
2.534051  -0.155124
2.485279  -0.068447
2.436500  0.018182
2.487099  0.103723
2.453366  0.046696
2.470233  0.075209
2.519633  0.045970
2.503366  0.074846
2.469633  0.017819
2.502767  0.017456
2.486500  0.046333
2.567302  -0.154901
2.600554  -0.154678
2.550242  -0.183696
2.566432  -0.212267
2.583493  -0.183472
2.550874  -0.126520
2.518359  -0.068734
2.551439  -0.069022
2.567697  -0.097915
2.517794  -0.126232
2.501536  -0.097339
2.534616  -0.097627
2.584125  -0.126296
2.502153  -0.039933
2.519027  -0.011420
2.469019  -0.039570
2.452759  -0.010694
2.485893  -0.011057
2.535233  -0.040221
2.520243  0.103367
2.553386  0.103011
2.536510  0.074491
2.537708  0.189307
2.570862  0.188940
2.604016  0.188574
2.570255  0.131539
2.553982  0.160423
2.587135  0.160057
2.503969  0.132251
2.520838  0.160779
2.537112  0.131895
2.588250  0.274987
2.639525  0.361896
2.655871  0.333205
2.672217  0.304515
2.673754  0.362972
2.707983  0.364048
2.690100  0.334282
2.604556  0.246060
2.620863  0.217134
2.571403  0.246427
2.554555  0.217867
2.587709  0.217500
2.621688  0.275266
2.655125  0.275545
2.622433  0.332926
2.605342  0.303956
2.638779  0.304236
2.637994  0.246339
2.690785  0.448604
2.725070  0.392951
2.707927  0.420777
2.759572  0.450865
2.725178  0.449735
2.742321  0.421908
2.656611  0.390798
2.673698  0.419701
2.690841  0.391875
2.741668  0.534951
2.794611  0.622890
2.776963  0.593577
2.759316  0.564264
2.810400  0.536864
2.776034  0.535907
2.828047  0.566177
2.811329  0.594533
2.793682  0.565220
2.776533  0.479648
2.759101  0.507300
2.793466  0.508256
2.707746  0.477386
2.724707  0.506169
2.742140  0.478517
2.862711  0.624128
2.828661  0.623509
2.845379  0.595152
2.847434  0.710969
2.898140  0.796898
2.949135  0.882910
2.932137  0.854239
2.915138  0.825569
2.964746  0.796422
2.931443  0.796660
2.981745  0.825092
2.965440  0.854001
2.948442  0.825330
2.880734  0.710772
2.930936  0.739217
2.914538  0.768058
2.864336  0.739612
2.881238  0.768255
2.914035  0.710574
2.897636  0.739415
2.880319  0.653488
2.863877  0.682228
2.897177  0.682031
2.812219  0.652250
2.829826  0.681609
2.846269  0.652869
2.947841  0.767820
3.015507  0.882245
2.982321  0.882578
2.998626  0.853669
2.999773  0.968634
2.966015  0.911484
2.982894  0.940059
3.032386  0.910820
3.016080  0.939727
2.999200  0.911152
3.032956  0.968315
3.066139  0.967997
3.049263  0.939408
3.050385  1.054337
3.101028  1.140243
3.116762  1.053780
3.083574  1.054059
3.084147  1.111608
3.067266  1.082972
3.117336  1.111329
3.133643  1.082415
3.100455  1.082694
3.083010  0.996565
3.066697  1.025451
3.099886  1.025172
3.016644  0.997201
3.033514  1.025769
3.049827  0.996883
3.167417  1.139642
3.151679  1.226110
3.202317  1.311902
3.185437  1.283304
3.168558  1.254707
3.218116  1.225469
3.184897  1.225789
3.234995  1.254066
3.218656  1.282984
3.201777  1.254386
3.134223  1.139942
3.134795  1.197488
3.117912  1.168865
3.184301  1.168264
3.167990  1.197187
3.151106  1.168565
3.150530  1.111028
3.201208  1.196866
3.302019  1.310939
3.268785  1.311260
3.235551  1.311581
3.268229  1.253745
3.285124  1.282342
3.251890  1.282663
3.334830  1.253179
3.318425  1.282059
3.301530  1.253462
3.335211  1.310595
3.368404  1.310251
3.351617  1.281715
3.457565  1.392857
3.353734  1.396111
3.422955  1.393942
3.388344  1.395026
3.385642  1.338641
3.369688  1.367376
3.420252  1.337557
3.473556  1.364278
3.489548  1.335698
3.438909  1.365207
3.454900  1.336627
3.404298  1.366292
3.319258  1.339329
3.336496  1.367720
3.352450  1.338985
3.559285  1.392005
3.614679  1.473481
3.685905  1.553739
3.662163  1.526986
3.638421  1.500234
3.687223  1.465403
3.650951  1.469442
3.710965  1.492156
3.698435  1.522947
3.674693  1.496195
3.541370  1.363709
3.523454  1.335414
3.525378  1.392289
3.491472  1.392573
3.507463  1.363993
3.573246  1.362310
3.587208  1.332615
3.592503  1.388970
3.625721  1.385936
3.629432  1.443288
3.644186  1.413095
3.596214  1.446322
3.577750  1.419163
3.610968  1.416129
3.555331  1.334014
3.606464  1.359275
3.665704  1.439249
3.424650  -1.363325
3.325004  -1.362274
3.225370  -1.361227
3.125734  -1.360234
3.076847  -1.273360
3.027262  -1.187331
3.060319  -1.244684
3.043791  -1.216007
3.094050  -1.187613
3.060656  -1.187472
3.110578  -1.216290
3.093713  -1.244825
3.077184  -1.216148
3.456744  -1.363010
3.488839  -1.362695
3.441561  -1.334735
3.458472  -1.306146
3.473655  -1.334420
3.392038  -1.305446
3.408344  -1.334386
3.358219  -1.362624
3.391435  -1.362975
3.341913  -1.333685
3.358822  -1.305096
3.308700  -1.333336
3.292397  -1.304397
3.242278  -1.332638
3.209066  -1.332292
3.192762  -1.303356
3.259186  -1.304048
3.225974  -1.303702
3.425255  -1.305796
3.325610  -1.304747
3.375129  -1.334035
3.258581  -1.361576
3.291793  -1.361925
3.275489  -1.332987
3.093143  -1.302318
3.109438  -1.331276
3.159550  -1.303025
3.142642  -1.331630
3.143254  -1.274067
3.110051  -1.273714
3.126346  -1.302672
3.126916  -1.245178
3.192158  -1.360896
3.158946  -1.360565
3.175854  -1.331961
3.044162  -1.158767
3.061063  -1.130203
3.077556  -1.158908
2.978408  -1.100857
2.929558  -1.014177
2.880493  -0.927747
2.913203  -0.985367
2.896848  -0.956557
2.946991  -0.928241
2.913742  -0.927994
2.946452  -0.985614
2.963346  -0.957051
2.930097  -0.956804
3.011593  -1.101118
3.044778  -1.101379
2.994692  -1.129682
3.010977  -1.158506
3.027878  -1.129943
2.995295  -1.072290
2.962729  -1.014503
2.995899  -1.014829
2.979623  -0.985940
3.012183  -1.043723
2.962124  -1.071964
2.945841  -1.043071
2.979012  -1.043397
3.028480  -1.072551
3.469921  -1.447822
3.439740  -1.391491
3.454831  -1.419657
3.503929  -1.390860
3.486925  -1.419341
3.471835  -1.391176
3.550670  -1.439359
3.628750  -1.474819
3.602723  -1.462999
3.576697  -1.451179
3.589930  -1.396293
3.570300  -1.417826
3.622353  -1.441466
3.615957  -1.408113
3.596327  -1.429646
3.530845  -1.388039
3.540758  -1.413699
3.560388  -1.392166
3.496837  -1.445001
3.523754  -1.442180
3.513841  -1.416520
2.897453  -0.899164
2.831485  -0.841233
2.864781  -0.841488
2.898076  -0.841743
2.865214  -0.784111
2.848350  -0.812672
2.881645  -0.812927
2.914412  -0.870580
2.864157  -0.898909
2.847821  -0.870071
2.881117  -0.870326
2.930702  -0.899411
2.782444  -0.754772
2.733639  -0.668102
2.684966  -0.581513
2.717414  -0.639239
2.701190  -0.610376
2.751183  -0.582141
2.718625  -0.524350
2.635970  -0.494733
2.581377  -0.412677
2.617340  -0.353821
2.599358  -0.383249
2.650756  -0.410889
2.616067  -0.411783
2.634048  -0.382355
2.815655  -0.755031
2.848867  -0.755290
2.799327  -0.726223
2.766790  -0.668443
2.750523  -0.639553
2.718075  -0.581827
2.701795  -0.552931
2.668634  -0.552586
2.652302  -0.523660
2.702293  -0.495423
2.669131  -0.495078
2.685463  -0.524005
2.816209  -0.697675
2.799941  -0.668785
2.767407  -0.611004
2.734299  -0.610690
2.832538  -0.726482
2.798791  -0.783592
2.815138  -0.812413
2.832002  -0.783851
2.783674  -0.639894
2.766175  -0.725882
2.749907  -0.696992
2.783058  -0.697333
2.734904  -0.553245
2.652462  -0.466487
2.617772  -0.467381
2.599575  -0.440029
2.668954  -0.438241
2.634264  -0.439135
2.685623  -0.466832
3.648315  -1.448344
3.667880  -1.421869
3.641918  -1.414991
3.691913  -1.465849
3.685905  -1.553739
3.660331  -1.470334
3.666853  -1.527432
3.647801  -1.501126
3.698435  -1.522947
3.710965  -1.492156
3.679383  -1.496641
3.679896  -1.443859
2.532895  -0.326145
2.549055  -0.354989
2.565216  -0.383833
2.567037  -0.325561
2.601179  -0.324977
2.583198  -0.354405
2.549470  -0.297709
2.566046  -0.269274
2.583613  -0.297125
2.483373  -0.240403
2.434724  -0.153815
2.386001  -0.067286
2.337224  0.019346
2.369742  -0.038409
2.353483  -0.009532
2.403408  0.018570
2.370316  0.018958
2.402834  -0.038797
2.419667  -0.010307
2.386575  -0.009919
2.516456  -0.240548
2.549539  -0.240693
2.516388  -0.297564
2.499881  -0.268984
2.532963  -0.269129
2.500266  -0.211977
2.467833  -0.154252
2.451576  -0.125359
2.452186  -0.068060
2.419093  -0.067673
2.418483  -0.124972
2.402242  -0.096129
2.468427  -0.096903
2.435335  -0.096516
2.517159  -0.183551
2.500942  -0.154688
2.484685  -0.125795
2.533349  -0.212122
2.467157  -0.211541
2.450941  -0.182678
2.484050  -0.183114
2.435926  -0.039184
2.387685  0.104790
2.438297  0.190345
2.404556  0.133308
2.421427  0.161827
2.470832  0.132597
2.454565  0.161471
2.453961  0.104079
2.420823  0.104434
2.420228  0.047051
2.370865  0.076309
2.354044  0.047827
2.403957  0.075921
2.387136  0.047439
2.437095  0.075565
2.437694  0.132953
2.471434  0.189999
2.488903  0.275924
2.539548  0.361456
2.555782  0.332633
2.572016  0.303810
2.572874  0.361603
2.606199  0.361749
2.589108  0.332780
2.504571  0.189653
2.505171  0.247052
2.521440  0.218179
2.555134  0.275299
2.522018  0.275612
2.522666  0.332946
2.505785  0.304435
2.538900  0.304122
2.487702  0.161125
2.538287  0.246739
2.455166  0.218872
2.472034  0.247398
2.488303  0.218525
2.589887  0.447214
2.640649  0.532737
2.692915  0.621173
2.745620  0.709570
2.728052  0.680104
2.710483  0.650638
2.760712  0.622318
2.726813  0.621745
2.778281  0.651783
2.761950  0.680677
2.744382  0.651211
2.606433  0.418775
2.622979  0.390335
2.556328  0.390042
2.573108  0.418628
2.589653  0.390189
2.623520  0.447677
2.657152  0.448141
2.640066  0.419238
2.657361  0.504693
2.674073  0.476648
2.606808  0.475722
2.623728  0.504229
2.640440  0.476185
2.674322  0.533475
2.707995  0.534213
2.691034  0.505431
2.709166  0.592432
2.725417  0.563692
2.743065  0.593005
2.658071  0.562216
2.675493  0.591694
2.691744  0.562954
2.813496  0.710502
2.779558  0.710036
2.795888  0.681143
2.797313  0.797022
2.849573  0.883925
2.832153  0.854958
2.814733  0.825990
2.830922  0.796981
2.864531  0.796939
2.865762  0.854916
2.881951  0.825907
2.848342  0.825948
2.830727  0.739653
2.814020  0.768338
2.847629  0.768296
2.762851  0.738721
2.780082  0.767871
2.796789  0.739187
2.915948  0.883248
2.882761  0.883587
2.898950  0.854578
2.899573  0.969275
2.882907  0.940825
2.866240  0.912375
2.932615  0.911698
2.916094  0.940487
2.899427  0.912037
2.966373  0.968847
2.932973  0.969061
2.949494  0.940273
2.950742  1.055289
2.916630  0.997946
2.933686  1.026618
2.983429  0.997519
2.967086  1.026404
2.950029  0.997732
2.983957  1.054972
3.017171  1.054655
3.000300  1.026087
3.001458  1.141067
3.052124  1.227046
3.102713  1.312889
3.085850  1.284275
3.068987  1.255660
3.118494  1.226422
3.085309  1.226734
3.119035  1.283963
3.135357  1.255036
3.169115  1.312231
3.135914  1.312560
3.152236  1.283634
3.034076  1.083247
3.017767  1.112157
3.067838  1.140517
3.034648  1.140792
3.050957  1.111882
2.967647  1.083882
2.984553  1.112475
3.000862  1.083565
3.018347  1.169727
3.035235  1.198386
3.084727  1.169177
3.068426  1.198112
3.051537  1.169452
3.101610  1.197800
3.102172  1.255348
3.153369  1.398689
3.136483  1.370089
3.119598  1.341489
3.186001  1.340831
3.169685  1.369760
3.152799  1.341160
3.253012  1.397694
3.219798  1.398026
3.186583  1.398358
3.219215  1.340499
3.236114  1.369097
3.202899  1.369428
3.285684  1.339857
3.269348  1.368776
3.252449  1.340178
3.286586  1.397167
3.320160  1.396639
3.302922  1.368248
3.404517  1.481789
3.387589  1.453230
3.370661  1.424670
3.422200  1.452145
3.439882  1.422501
3.405272  1.423586
3.507628  1.478866
3.569842  1.576191
3.646023  1.645148
3.620630  1.622163
3.595236  1.599177
3.647217  1.561223
3.608530  1.568707
3.672611  1.584209
3.659317  1.614679
3.633923  1.591693
3.490940  1.450196
3.474253  1.421527
3.438887  1.480815
3.473258  1.479840
3.456570  1.451171
3.524847  1.449912
3.542066  1.420958
3.578995  1.475276
3.528366  1.511308
3.549104  1.543749
3.599733  1.507718
3.584788  1.541954
3.623475  1.534470
3.508159  1.421243
3.303693  1.483480
3.337301  1.482916
3.370909  1.482353
3.320373  1.454357
3.337053  1.425234
3.353981  1.453793
3.269906  1.426290
3.286799  1.454885
3.303480  1.425762
3.543312  1.477071
3.564050  1.509513
3.560531  1.448117
3.373926  -1.449087
3.274281  -1.448038
3.174649  -1.446988
3.074995  -1.446035
3.141431  -1.446670
3.108213  -1.446352
3.108821  -1.388834
3.091908  -1.417435
3.158344  -1.418070
3.142039  -1.389152
3.125126  -1.417752
3.407742  -1.391912
3.390834  -1.420500
3.341311  -1.391212
3.357619  -1.420149
3.307496  -1.448388
3.340711  -1.448738
3.291189  -1.419450
3.308096  -1.390862
3.257977  -1.419101
3.241674  -1.390164
3.191556  -1.418401
3.208463  -1.389814
3.175251  -1.389483
3.374527  -1.391562
3.405924  -1.448666
3.422853  -1.535901
3.524188  -1.537017
3.608776  -1.570464
3.552384  -1.548166
3.580580  -1.559315
3.622092  -1.506700
3.615434  -1.538582
3.593896  -1.495551
3.559042  -1.516284
3.587238  -1.527433
3.437923  -1.448244
3.438542  -1.506542
3.454232  -1.477182
3.390235  -1.478025
3.406544  -1.506963
3.422233  -1.477604
3.422832  -1.420078
3.274885  -1.390513
3.324404  -1.419800
3.207860  -1.447338
3.241071  -1.447688
3.224767  -1.418751
3.026058  -1.359481
2.976736  -1.272991
3.059917  -1.302067
3.042988  -1.330774
2.993177  -1.301821
3.009617  -1.330651
3.010107  -1.273114
3.043477  -1.273237
3.026547  -1.301944
3.092509  -1.359983
3.059283  -1.359732
3.076213  -1.331025
3.058683  -1.417184
3.042370  -1.388332
3.075596  -1.388583
2.993578  -1.244438
3.010420  -1.215884
3.026949  -1.244561
2.927700  -1.186540
2.878872  -1.099869
2.911424  -1.157650
2.895148  -1.128759
2.912050  -1.100198
2.895767  -1.071305
2.912663  -1.042741
2.945229  -1.100528
2.928946  -1.071634
2.960888  -1.186804
2.994075  -1.187067
2.944046  -1.215357
2.960391  -1.244174
2.977233  -1.215621
2.944603  -1.157979
2.961505  -1.129418
2.928326  -1.129089
2.977790  -1.158243
2.829839  -1.013354
2.780734  -0.926925
2.797102  -0.955735
2.813471  -0.984544
2.863609  -0.956283
2.846724  -0.984818
2.847240  -0.927473
2.813987  -0.927199
2.830356  -0.956009
2.896319  -1.013903
2.863079  -1.013628
2.879964  -0.985093
2.862528  -1.071030
2.846183  -1.042192
2.879423  -1.042466
2.797651  -0.898361
2.814568  -0.869797
2.830904  -0.898635
3.506099  -1.507285
3.488010  -1.477554
3.456632  -1.536273
3.490410  -1.536645
3.472321  -1.506913
3.533016  -1.504464
3.541843  -1.471912
3.567869  -1.483732
3.514927  -1.474733
3.660195  -1.559314
3.634486  -1.564889
3.641143  -1.533007
2.731790  -0.840408
2.682988  -0.753742
2.634297  -0.667142
2.651187  -0.638599
2.668076  -0.610056
2.700525  -0.667782
2.667411  -0.667462
2.684301  -0.638919
2.765022  -0.840683
2.798254  -0.840958
2.748105  -0.869247
2.764420  -0.898086
2.781337  -0.869522
2.748675  -0.811863
2.716140  -0.754085
2.699871  -0.725195
2.666757  -0.724875
2.650527  -0.696009
2.716755  -0.696649
2.683641  -0.696329
2.765559  -0.783317
2.749292  -0.754428
2.733023  -0.725538
2.781906  -0.812138
2.715523  -0.811520
2.699255  -0.782631
2.732407  -0.782974
2.585412  -0.581221
2.530317  -0.499533
2.548682  -0.526762
2.567047  -0.553991
2.619117  -0.523562
2.602265  -0.552391
2.565535  -0.497933
2.600753  -0.496333
2.583900  -0.525162
2.651782  -0.581415
2.618597  -0.581318
2.635450  -0.552489
2.618002  -0.638502
2.601707  -0.609861
2.634892  -0.609958
2.547337  -0.470581
2.564357  -0.441629
2.582555  -0.468981
2.481377  -0.412795
2.432738  -0.326238
2.383770  -0.238945
2.335517  -0.152233
2.286017  -0.065365
2.302517  -0.094321
2.319017  -0.123277
2.369173  -0.095602
2.352345  -0.123917
2.352673  -0.066646
2.320155  -0.008891
2.303086  -0.037128
2.319345  -0.066005
2.336414  -0.037769
2.514711  -0.412756
2.548044  -0.412716
2.497691  -0.441708
2.514004  -0.470620
2.531024  -0.441668
2.498550  -0.383912
2.466124  -0.326207
2.449617  -0.297626
2.450172  -0.239917
2.416971  -0.239431
2.416415  -0.297140
2.400093  -0.268043
2.466495  -0.269015
2.433294  -0.268529
2.515722  -0.355028
2.499509  -0.326176
2.483002  -0.297595
2.531883  -0.383872
3.646023  -1.645148
3.633608  -1.620254
3.621192  -1.595359
3.659317  -1.614679
3.672611  -1.584209
3.646901  -1.589784
2.465164  -0.383943
2.448951  -0.355090
2.482337  -0.355059
2.400755  -0.210568
2.417740  -0.182192
2.433956  -0.211055
2.401655  -0.153288
2.368586  -0.152760
2.367685  -0.210041
2.351601  -0.181137
2.384670  -0.181664
2.385414  -0.124445
2.335845  -0.094961
2.288327  0.105994
2.338895  0.191405
2.322039  0.162934
2.305183  0.134464
2.354566  0.105191
2.321446  0.105592
2.371422  0.133662
2.355158  0.162533
2.338302  0.134063
2.304626  0.077111
2.320925  0.048228
2.337745  0.076710
2.237087  0.021216
2.269707  -0.036505
2.253397  -0.007644
2.303845  0.019969
2.270466  0.020593
2.286776  -0.008268
2.271247  0.077734
2.254167  0.049475
2.287546  0.048852
2.405163  0.190698
2.372029  0.191052
2.388293  0.162180
2.389508  0.276960
2.355766  0.219923
2.372637  0.248441
2.422034  0.219217
2.405771  0.248088
2.388900  0.219570
2.422640  0.276615
2.455771  0.276269
2.438903  0.247743
2.440125  0.362519
2.406380  0.305480
2.423253  0.333999
2.456384  0.333654
2.472643  0.304789
2.439512  0.305134
2.473266  0.362165
2.490746  0.448087
2.541367  0.533683
2.591997  0.619295
2.646143  0.709890
2.677324  0.650745
2.661734  0.680318
2.712461  0.709676
2.679302  0.709783
2.694893  0.680211
2.506407  0.361811
2.507013  0.419210
2.523281  0.390333
2.456999  0.391042
2.473872  0.419565
2.490140  0.390688
2.489525  0.333300
2.523793  0.447796
2.573714  0.476037
2.557540  0.504860
2.507620  0.476619
2.524493  0.505151
2.556840  0.447505
2.540667  0.476328
2.540060  0.418919
2.574461  0.533367
2.624432  0.561590
2.608214  0.590442
2.558243  0.562220
2.575120  0.590757
2.607555  0.533052
2.591338  0.561905
2.590634  0.504545
2.625636  0.619921
2.610046  0.649493
2.628094  0.679692
2.659276  0.620547
2.643685  0.650119
2.641854  0.591068
2.695573  0.796708
2.747171  0.883803
2.763885  0.854876
2.780599  0.825949
2.815439  0.883884
2.781305  0.883844
2.798019  0.854917
2.729486  0.796813
2.763399  0.796917
2.712772  0.825739
2.729971  0.854771
2.746685  0.825844
2.728938  0.738616
2.712255  0.767662
2.746169  0.767767
2.662620  0.738829
2.679096  0.767768
2.695779  0.738722
2.799025  0.970372
2.850536  1.055925
2.833365  1.027407
2.816195  0.998890
2.866057  0.969641
2.832541  0.970006
2.883227  0.998158
2.866881  1.027042
2.849711  0.998524
2.764456  0.912659
2.781740  0.941516
2.832724  0.912741
2.815875  0.941556
2.798590  0.912700
2.849391  0.941191
2.917340  1.055501
2.883938  1.055713
2.900284  1.026830
2.901797  1.141989
2.867623  1.084613
2.884710  1.113301
2.934427  1.084189
2.918112  1.113089
2.901025  1.084401
2.935018  1.141682
2.952603  1.227796
3.003077  1.313912
3.019426  1.284957
3.035775  1.256001
2.985777  1.227546
3.018950  1.227296
2.969428  1.256501
2.986252  1.285207
3.002601  1.256251
2.968238  1.141375
2.968888  1.198886
2.985173  1.169977
3.002062  1.198636
2.951332  1.112782
2.918733  1.170591
2.935668  1.199194
2.951953  1.170284
3.069501  1.313230
3.036289  1.313571
3.052638  1.284616
3.053742  1.399690
3.104417  1.485472
3.070634  1.428284
3.087525  1.456878
3.137051  1.427617
3.120734  1.456545
3.120160  1.399023
3.086951  1.399356
3.103843  1.427951
3.036854  1.371097
3.019965  1.342505
3.086389  1.341823
3.070066  1.370756
3.053177  1.342164
3.103275  1.370423
3.204047  1.484480
3.170837  1.484811
3.137627  1.485142
3.170261  1.427286
3.187154  1.455883
3.153944  1.456214
3.236690  1.426623
3.220369  1.455551
3.203476  1.426955
3.237262  1.484147
3.254731  1.570273
3.220942  1.513078
3.237836  1.541675
3.287372  1.512411
3.271051  1.541342
3.270478  1.483813
3.254157  1.512744
3.253584  1.455218
3.454241  1.567090
3.354387  1.569280
3.387671  1.568550
3.420956  1.567820
3.421091  1.510223
3.472036  1.537682
3.489832  1.508274
3.437666  1.538657
3.455462  1.509248
3.371097  1.540116
3.387807  1.510953
3.320591  1.512080
3.337489  1.540680
3.354199  1.511516
3.404381  1.539386
3.492774  1.570124
3.531308  1.573157
3.510570  1.540716
3.572293  1.668532
3.570659  1.606971
3.571476  1.637751
3.621447  1.652943
3.596870  1.660737
3.596053  1.629957
3.491806  1.654904
3.466762  1.596362
3.479284  1.625633
3.543830  1.602429
3.517818  1.628666
3.505296  1.599395
3.518635  1.659447
3.545464  1.663989
3.544647  1.633209
3.603875  1.735535
3.593348  1.713201
3.582820  1.690866
3.631974  1.675277
3.617925  1.705406
3.607397  1.683072
3.287949  1.569942
3.321168  1.569611
3.304270  1.541011
3.323198  -1.534852
3.223558  -1.533802
3.123926  -1.532753
3.024301  -1.531713
3.041199  -1.503154
3.058097  -1.474594
3.107616  -1.503847
3.091305  -1.474941
3.090718  -1.532407
3.057510  -1.532060
3.074407  -1.503501
3.340107  -1.506264
3.357016  -1.477675
3.290587  -1.476976
3.306892  -1.505914
3.256771  -1.534152
3.289984  -1.534502
3.240466  -1.505214
3.257374  -1.476626
3.207255  -1.504864
3.190952  -1.475926
3.140834  -1.504165
3.157742  -1.475576
3.124523  -1.475259
3.323802  -1.477326
3.356416  -1.535202
3.389635  -1.535551
3.373326  -1.506613
3.224163  -1.476276
3.273679  -1.505564
3.157137  -1.533103
3.190348  -1.533452
3.174045  -1.504514
2.975301  -1.445037
2.925935  -1.358780
2.958846  -1.416285
2.942391  -1.387533
2.959309  -1.359014
2.992684  -1.359248
2.959803  -1.301588
2.942869  -1.330184
2.976243  -1.330418
3.008532  -1.445370
3.041764  -1.445702
3.007968  -1.502821
2.991634  -1.473929
3.024866  -1.474262
2.992220  -1.416519
3.009139  -1.388000
2.975765  -1.387766
3.025451  -1.416851
3.466751  -1.631189
3.559013  -1.641596
3.535797  -1.571876
3.547405  -1.606736
3.497505  -1.634658
3.528259  -1.638127
3.485897  -1.599798
3.505043  -1.568407
3.516651  -1.603267
3.437486  -1.567664
3.452119  -1.599426
3.471264  -1.568036
3.371221  -1.621130
3.339205  -1.563611
3.355213  -1.592370
3.405642  -1.564311
3.403064  -1.624483
3.434908  -1.627836
3.388432  -1.592720
3.420275  -1.596073
3.372424  -1.563961
3.575601  -1.617885
3.592188  -1.594174
3.563992  -1.583025
3.617020  -1.643964
3.603875  -1.735535
3.588921  -1.704222
3.573967  -1.672909
3.588017  -1.642780
3.617925  -1.705406
3.631974  -1.675277
3.602971  -1.674093
3.604604  -1.619069
2.877031  -1.272237
2.828192  -1.185552
2.779287  -1.098857
2.730092  -1.012546
2.763341  -1.012815
2.796590  -1.013084
2.763853  -0.955466
2.746973  -0.984006
2.780222  -0.984275
2.910266  -1.272489
2.943501  -1.272740
2.893921  -1.243672
2.861362  -1.185882
2.845085  -1.156991
2.845677  -1.099531
2.812482  -1.099194
2.811891  -1.156654
2.795589  -1.127756
2.861979  -1.128430
2.828784  -1.128093
2.910811  -1.215106
2.894531  -1.186211
2.878255  -1.157320
2.927156  -1.243923
2.893333  -1.301085
2.909634  -1.329933
2.926568  -1.301336
2.860752  -1.243342
2.844472  -1.214447
2.877641  -1.214777
2.796138  -1.070356
2.812989  -1.041855
2.762889  -1.070087
2.746490  -1.041316
2.779740  -1.041586
2.829333  -1.070693
2.681147  -0.926045
2.632339  -0.839379
2.583680  -0.752800
2.616119  -0.810519
2.599900  -0.781660
2.649885  -0.753428
2.616782  -0.753114
2.649222  -0.810833
2.666105  -0.782288
2.633002  -0.781974
2.714342  -0.926339
2.747538  -0.926632
2.698028  -0.897500
2.665490  -0.839722
2.698640  -0.840065
2.682372  -0.811176
2.714909  -0.868954
2.664877  -0.897157
2.648608  -0.868268
2.681759  -0.868611
2.731224  -0.897793
2.697462  -0.954879
2.713777  -0.983712
2.730658  -0.955172
2.617424  -0.695695
2.534688  -0.666028
2.479686  -0.584263
2.514928  -0.583249
2.550170  -0.582235
2.551596  -0.637759
2.568504  -0.609490
2.516354  -0.638773
2.498020  -0.611518
2.533262  -0.610504
2.600552  -0.724248
2.567349  -0.723876
2.551018  -0.694952
2.601094  -0.666771
2.567891  -0.666399
2.584221  -0.695323
2.633655  -0.724562
2.584799  -0.638130
2.513440  -0.527776
2.496563  -0.556020
2.531805  -0.555005
2.430753  -0.498354
2.382105  -0.411799
2.332797  -0.324196
2.282471  -0.235274
2.299247  -0.264915
2.316022  -0.294555
2.366779  -0.267362
2.349788  -0.295779
2.350004  -0.237721
2.316237  -0.236498
2.333013  -0.266138
2.463941  -0.498747
2.497129  -0.499140
2.447628  -0.469835
2.415196  -0.412131
2.398983  -0.383278
2.399425  -0.325557
2.366111  -0.324877
2.383102  -0.296460
2.464502  -0.441315
2.448287  -0.412463
2.415861  -0.354758
2.365669  -0.382598
2.349233  -0.353397
2.382547  -0.354078
2.480816  -0.470228
2.447064  -0.526991
2.463375  -0.555627
2.480252  -0.527383
2.432074  -0.383611
2.414537  -0.469502
2.398321  -0.440650
2.431412  -0.440983
2.300153  -0.207593
2.234533  -0.149760
2.268194  -0.150585
2.301855  -0.151409
2.268855  -0.093497
2.251694  -0.121629
2.285355  -0.122453
2.317835  -0.179913
2.266492  -0.206769
2.250512  -0.178265
2.284174  -0.179089
2.333919  -0.208817
2.185488  -0.063301
2.137010  0.023193
2.188454  0.107430
2.239041  0.192879
2.222179  0.164396
2.205316  0.135913
2.255036  0.106472
2.221745  0.106951
2.255470  0.163917
2.271898  0.134955
2.238607  0.135434
2.202688  -0.035129
2.170369  0.022534
2.203728  0.021875
2.204665  0.078692
2.220876  0.049954
2.171306  0.079351
2.154158  0.051272
2.187517  0.050613
2.219887  -0.006957
2.169329  -0.034470
2.153169  -0.005639
2.186528  -0.006298
2.218998  -0.063989
2.252507  -0.064677
2.236197  -0.035817
2.201836  -0.092121
2.218184  -0.120941
2.235346  -0.092809
2.305610  0.191896
2.272326  0.192387
2.288754  0.163426
2.237956  0.078213
2.290111  0.278018
2.340718  0.363574
2.306980  0.306536
2.323849  0.335055
2.373245  0.305831
2.356981  0.334703
2.356376  0.277312
2.323243  0.277665
2.322634  0.220276
2.273087  0.249638
2.256064  0.221258
2.306372  0.249147
2.289349  0.220767
2.339505  0.248794
2.340112  0.306184
2.373853  0.363223
2.391329  0.449133
2.357588  0.392094
2.374459  0.420613
2.423860  0.391390
2.407594  0.420261
2.406989  0.362871
2.390724  0.391742
2.390117  0.334351
2.424468  0.448784
2.457607  0.448436
2.440733  0.419913
2.442024  0.534635
2.508252  0.534000
2.475138  0.534318
2.474505  0.476937
2.458265  0.505786
2.491379  0.505468
2.408227  0.477633
2.425126  0.506134
2.441366  0.477285
2.492952  0.620162
2.546355  0.708052
2.612880  0.709277
2.579618  0.708665
2.576783  0.648881
2.561569  0.678466
2.594832  0.679079
2.558982  0.619584
2.528554  0.678755
2.510753  0.649459
2.525967  0.619873
2.543768  0.649170
2.525228  0.562509
2.509090  0.591336
2.542105  0.591047
2.459000  0.563144
2.475976  0.591653
2.492114  0.562827
2.595385  0.795436
2.579042  0.766308
2.562698  0.737180
2.629224  0.738405
2.612304  0.766920
2.595961  0.737793
2.662177  0.796284
2.628781  0.795860
2.645700  0.767344
2.644806  0.883030
2.696520  0.969812
2.749987  1.056725
2.732165  1.027754
2.714343  0.998783
2.764857  0.970185
2.730689  0.969998
2.766333  1.027941
2.782679  0.999156
2.817020  1.056192
2.783503  1.056458
2.799849  1.027674
2.611859  0.824634
2.628332  0.853832
2.678651  0.825482
2.661728  0.854256
2.645255  0.825058
2.678928  0.883288
2.730287  0.912472
2.713404  0.941142
2.662044  0.911957
2.679282  0.940884
2.713049  0.883545
2.696166  0.912215
2.695850  0.854514
2.747572  0.941329
2.748511  0.998969
2.800882  1.142224
2.783917  1.113724
2.766952  1.085224
2.833984  1.084691
2.817433  1.113457
2.800468  1.084958
2.868159  1.142067
2.834520  1.142145
2.851072  1.113379
2.852752  1.228629
2.818172  1.171025
2.835462  1.199827
2.885449  1.170869
2.869101  1.199749
2.851810  1.170947
2.886036  1.228352
2.919319  1.228074
2.902384  1.199471
2.903604  1.314461
2.954170  1.400586
2.937315  1.371878
2.920459  1.343169
2.969919  1.314095
2.936762  1.314278
2.986775  1.342803
2.970472  1.371695
2.953617  1.342986
2.936270  1.256684
2.919937  1.285573
2.953095  1.285390
2.869703  1.257240
2.886654  1.285850
2.902986  1.256962
3.020551  1.399989
3.004817  1.486430
3.038017  1.486111
3.071217  1.485792
3.037434  1.428603
3.021126  1.457517
3.054325  1.457198
2.987360  1.400288
2.971052  1.429201
2.987935  1.457816
3.004243  1.428902
3.003663  1.371396
3.055440  1.572275
3.071766  1.543341
3.088091  1.514407
3.038566  1.543660
3.021692  1.515045
3.054891  1.514726
3.155084  1.571270
3.121870  1.571605
3.088655  1.571940
3.138195  1.542671
3.121306  1.514072
3.187726  1.513410
3.171405  1.542340
3.154516  1.513741
3.104980  1.543006
3.221515  1.570605
3.188300  1.570938
3.204621  1.542008
3.205768  1.657068
3.171979  1.599869
3.188873  1.628468
3.238410  1.599204
3.222089  1.628136
3.205194  1.599537
3.304714  1.655464
3.400840  1.651408
3.436440  1.595196
3.418640  1.623302
3.369871  1.596656
3.385356  1.624032
3.403156  1.595926
3.238750  1.656533
3.271732  1.655999
3.271392  1.598670
3.288053  1.627067
3.255071  1.627602
3.337829  1.598008
3.368798  1.652760
3.336756  1.654112
3.321271  1.626736
3.353314  1.625384
3.304610  1.598339
3.431162  1.652574
3.461484  1.653739
3.448962  1.624468
3.519980  1.740849
3.433026  1.731664
3.490995  1.737787
3.462010  1.734725
3.472212  1.680491
3.452619  1.706077
3.411569  1.678160
3.422297  1.704912
3.441890  1.679325
3.537418  1.716743
3.554855  1.692637
3.575910  1.737306
3.559487  1.824843
3.546318  1.796845
3.533149  1.768847
3.547945  1.739077
3.589079  1.765304
3.574283  1.795073
3.561114  1.767075
3.565383  1.714972
3.510589  1.712201
3.501197  1.683552
3.481604  1.709139
3.528026  1.688095
3.272477  -1.620612
3.172835  -1.619565
3.073204  -1.618518
3.056903  -1.589583
3.040602  -1.560648
3.090111  -1.589930
3.107019  -1.561342
3.073810  -1.560995
3.306291  -1.563439
3.289384  -1.592025
3.239865  -1.562739
3.256171  -1.591675
3.206049  -1.619914
3.239263  -1.620263
3.189743  -1.590977
3.206651  -1.562389
3.156532  -1.590628
3.140229  -1.561690
3.106414  -1.618867
3.139625  -1.619216
3.123322  -1.590279
3.273078  -1.563089
3.305392  -1.620785
3.320606  -1.706952
3.288520  -1.649392
3.304563  -1.678172
3.337478  -1.678345
3.354349  -1.649737
3.338306  -1.620957
3.321435  -1.649565
3.322298  -1.592198
3.173440  -1.562040
3.222957  -1.591326
2.973575  -1.617524
2.924685  -1.530676
2.875245  -1.444471
2.941949  -1.444848
2.908597  -1.444660
2.908205  -1.501941
2.891725  -1.473206
2.941557  -1.502130
2.958429  -1.473583
2.925077  -1.473395
2.957279  -1.588575
2.940982  -1.559625
2.991096  -1.531368
2.957890  -1.531022
3.007393  -1.560317
2.990484  -1.588921
2.974187  -1.559971
3.039994  -1.618187
3.006785  -1.617856
3.023694  -1.589252
2.974762  -1.502476
2.892141  -1.415907
2.909038  -1.387344
2.925494  -1.416096
2.826366  -1.357930
2.777514  -1.271241
2.810082  -1.329033
2.793798  -1.300137
2.810686  -1.271573
2.794407  -1.242678
2.811299  -1.214115
2.843859  -1.271905
2.827579  -1.243010
2.859556  -1.358213
2.892746  -1.358497
2.843254  -1.329365
2.860143  -1.300801
2.826970  -1.300469
2.876444  -1.329649
2.842659  -1.386777
2.858952  -1.415624
2.875849  -1.387060
3.511695  -1.729347
3.416860  -1.711831
3.480084  -1.723508
3.448472  -1.717669
3.450121  -1.658069
3.433491  -1.684950
3.496714  -1.696628
3.481733  -1.663908
3.465102  -1.690789
3.527468  -1.700097
3.543241  -1.670846
3.512487  -1.667377
3.386434  -1.651363
3.401647  -1.681597
3.418278  -1.654716
3.573149  -1.733472
3.559487  -1.824843
3.542422  -1.731410
3.543557  -1.793011
3.527626  -1.761179
3.574283  -1.795073
3.589079  -1.765304
3.558353  -1.763242
3.558195  -1.702159
3.352691  -1.708579
3.384776  -1.710205
3.369563  -1.679971
2.728599  -1.184665
2.679456  -1.098181
2.695837  -1.127009
2.712218  -1.155837
2.762391  -1.127460
2.745495  -1.156063
2.746010  -1.098632
2.712733  -1.098406
2.729114  -1.127235
2.794994  -1.185257
2.761797  -1.184961
2.778693  -1.156358
2.761209  -1.242382
2.744904  -1.213524
2.778102  -1.213820
2.696335  -1.069636
2.713214  -1.041091
2.729612  -1.069861
2.630498  -1.011675
2.581692  -0.925011
2.532992  -0.838409
2.549888  -0.809873
2.566784  -0.781337
2.599223  -0.839055
2.566107  -0.838732
2.583004  -0.810196
2.663696  -1.011965
2.696894  -1.012256
2.646817  -1.040510
2.663137  -1.069346
2.680016  -1.040801
2.647381  -0.983132
2.614843  -0.925356
2.598574  -0.896467
2.565458  -0.896144
2.549225  -0.867276
2.615457  -0.867923
2.582341  -0.867600
2.664264  -0.954589
2.647995  -0.925701
2.631726  -0.896812
2.680579  -0.983422
2.614229  -0.982787
2.597960  -0.953899
2.631112  -0.954244
2.484066  -0.752446
2.429033  -0.670605
2.447377  -0.697885
2.465721  -0.725166
2.517814  -0.694834
2.500940  -0.723640
2.464251  -0.669079
2.499469  -0.667553
2.482595  -0.696360
2.550475  -0.752682
2.517270  -0.752564
2.534144  -0.723758
2.516683  -0.809755
2.500374  -0.781100
2.533579  -0.781218
2.445917  -0.641824
2.462802  -0.613044
2.481136  -0.640298
2.380120  -0.583897
2.331475  -0.497348
2.282734  -0.410748
2.232967  -0.322175
2.266244  -0.322848
2.299521  -0.323522
2.299422  -0.381897
2.316109  -0.353047
2.266145  -0.381223
2.249556  -0.351699
2.282833  -0.352373
2.413308  -0.584019
2.446497  -0.584141
2.396424  -0.612800
2.412729  -0.641702
2.429613  -0.612922
2.396997  -0.555383
2.364568  -0.497684
2.348352  -0.468832
2.348981  -0.411448
2.315857  -0.411098
2.332545  -0.382247
2.413875  -0.526869
2.397660  -0.498019
2.365229  -0.440315
2.315228  -0.468481
2.298981  -0.439614
2.332105  -0.439965
2.430186  -0.555505
2.381444  -0.469167
2.363905  -0.555047
2.347690  -0.526198
2.380782  -0.526533
2.249468  -0.293208
2.265970  -0.264241
2.282745  -0.293882
2.182964  -0.234328
2.199632  -0.263610
2.216299  -0.292892
2.216133  -0.234643
2.249302  -0.234959
2.232801  -0.263925
2.200154  -0.206139
2.217343  -0.177950
2.233323  -0.206454
2.134204  -0.147780
2.150457  -0.176629
2.166711  -0.205479
2.167647  -0.148440
2.201090  -0.149100
2.151299  -0.119620
2.085467  -0.061232
2.101713  -0.090081
2.117958  -0.118931
2.168394  -0.091461
2.118808  -0.061922
2.152148  -0.062612
2.135053  -0.090771
2.184742  -0.120281
2.183900  -0.177290
2.102648  -0.033090
2.119829  -0.004949
2.135988  -0.033780
2.087523  0.110240
2.138125  0.195490
2.171678  0.136783
2.154901  0.166136
2.205402  0.193749
2.171764  0.194619
2.188540  0.165266
2.104019  0.081224
2.120514  0.052208
2.121167  0.109303
2.104390  0.138657
2.121257  0.167073
2.154810  0.108367
2.138034  0.137720
2.137662  0.080288
2.036728  0.025299
2.053660  0.053613
2.070591  0.081927
2.070155  0.024597
2.103582  0.023895
2.087087  0.052911
2.052974  -0.003544
2.069221  -0.032388
2.086402  -0.004247
2.190517  0.279327
2.173053  0.251381
2.155589  0.223436
2.222866  0.221695
2.206692  0.250511
2.189228  0.222565
2.256913  0.278454
2.241405  0.364736
2.207480  0.307797
2.224442  0.336267
2.273875  0.306924
2.257640  0.335830
2.223715  0.278891
2.240677  0.307360
2.239890  0.250075
2.307613  0.363962
2.274509  0.364349
2.290744  0.335443
2.291925  0.450185
2.275085  0.421702
2.258245  0.393219
2.324454  0.392444
2.308190  0.421315
2.291349  0.392832
2.358195  0.449483
2.325060  0.449834
2.341324  0.420964
2.342533  0.535742
2.308795  0.478704
2.325664  0.507223
2.375064  0.478002
2.358798  0.506872
2.341929  0.478353
2.375696  0.535373
2.408860  0.535004
2.391962  0.506503
2.393645  0.621355
2.446805  0.707637
2.411365  0.650116
2.429085  0.678876
2.462187  0.678478
2.477569  0.649320
2.513172  0.707914
2.479988  0.707775
2.495371  0.678617
2.409771  0.592449
2.425898  0.563542
2.359570  0.564280
2.376608  0.592818
2.392734  0.563911
2.426747  0.620958
2.459849  0.620560
2.444467  0.649718
2.442873  0.592051
2.495746  0.794290
2.512616  0.765544
2.529485  0.736798
2.562172  0.795054
2.528959  0.794672
2.545829  0.765926
2.479432  0.765405
2.463119  0.736521
2.496302  0.736659
2.544531  0.881193
2.528269  0.852225
2.512007  0.823257
2.578434  0.824021
2.611381  0.882418
2.577956  0.881805
2.561482  0.852607
2.594907  0.853220
2.545220  0.823639
2.593816  0.968609
2.628051  0.969010
2.662286  0.969411
2.627809  0.911556
2.610813  0.940083
2.645048  0.940484
2.560959  0.910332
2.577388  0.939470
2.594384  0.910944
2.644317  1.056330
2.661718  1.027491
2.679119  0.998651
2.714764  1.056593
2.679540  1.056462
2.696942  1.027622
2.610650  0.997850
2.627483  1.027090
2.644885  0.998250
2.697636  1.142900
2.751827  1.228858
2.733764  1.200205
2.715700  1.171552
2.766467  1.142449
2.732051  1.142674
2.784530  1.171102
2.768179  1.199980
2.750115  1.171327
2.662090  1.085187
2.679863  1.114043
2.732537  1.085450
2.715086  1.114175
2.697313  1.085318
2.749502  1.113949
2.819111  1.228705
2.785469  1.228781
2.801820  1.199903
2.803780  1.315309
2.769145  1.257675
2.786462  1.286492
2.836428  1.257522
2.820104  1.286416
2.802786  1.257599
2.837055  1.315026
2.870329  1.314744
2.853379  1.286133
2.854665  1.401224
2.887291  1.343382
2.870978  1.372303
2.921001  1.400799
2.887833  1.401012
2.904146  1.372091
2.820742  1.343947
2.837703  1.372586
2.854016  1.343665
2.905315  1.487298
2.955837  1.573250
2.938997  1.544600
2.922156  1.515949
2.971650  1.486720
2.938483  1.487009
2.972164  1.544310
2.988491  1.515370
3.022239  1.572600
3.006482  1.659063
2.989601  1.630459
2.972719  1.601855
2.989038  1.572925
3.039121  1.601204
3.022802  1.630134
3.005920  1.601530
2.871549  1.429916
2.888432  1.458607
2.937885  1.429490
2.921600  1.458394
2.904717  1.429703
2.954768  1.458105
3.005365  1.543985
2.955323  1.515660
3.106121  1.658063
3.072908  1.658396
3.039695  1.658730
3.089227  1.629467
3.072334  1.600871
3.056015  1.629800
3.138763  1.600201
3.122442  1.629132
3.105549  1.600536
3.172552  1.657399
3.139337  1.657731
3.155658  1.628800
3.156804  1.743861
3.123015  1.686662
3.139910  1.715262
3.189447  1.685999
3.173125  1.714930
3.156231  1.686330
3.256456  1.742870
3.190021  1.743531
3.223238  1.743200
3.222664  1.685668
3.239560  1.714269
3.206343  1.714600
3.272542  1.713735
3.288628  1.684599
3.255646  1.685134
3.350457  1.738447
3.319961  1.683125
3.335209  1.710786
3.384046  1.680421
3.367251  1.709434
3.352004  1.681773
3.287789  1.741396
3.319123  1.739921
3.303875  1.712260
3.377980  1.736186
3.386701  1.826029
3.477881  1.832396
3.462929  1.798818
3.447977  1.765241
3.402142  1.794574
3.417584  1.763119
3.417094  1.828151
3.447487  1.830273
3.432536  1.796696
3.405503  1.733925
3.362538  1.767641
3.374620  1.796835
3.390061  1.765380
3.394774  1.707173
3.505947  1.771364
3.491914  1.801880
3.476962  1.768303
3.532285  1.827360
3.505083  1.829878
3.519116  1.799362
3.512886  1.913016
3.501218  1.886142
3.489549  1.859269
3.543954  1.854234
3.528420  1.883625
3.516751  1.856751
3.221751  -1.706373
3.122112  -1.705326
3.022479  -1.704281
2.922851  -1.703282
2.939759  -1.674696
2.956667  -1.646110
3.006178  -1.675362
2.989877  -1.646443
2.989270  -1.703948
2.956061  -1.703615
2.972969  -1.675029
3.238660  -1.677786
3.255568  -1.649199
3.189141  -1.648501
3.205446  -1.677437
3.155325  -1.705675
3.188538  -1.706024
3.139020  -1.676739
3.155927  -1.648152
3.105809  -1.676390
3.089507  -1.647454
3.039387  -1.675693
3.056296  -1.647106
3.023086  -1.646774
3.222354  -1.648850
3.254703  -1.706566
3.287655  -1.706759
3.271611  -1.677979
3.122717  -1.647803
3.172233  -1.677088
3.055690  -1.704629
3.088901  -1.704978
3.072598  -1.676042
3.270465  -1.793525
3.237989  -1.735423
3.254227  -1.764474
3.303892  -1.735810
3.287179  -1.764667
3.270941  -1.735617
3.370216  -1.794189
3.463265  -1.823357
3.447797  -1.786182
3.432329  -1.749006
3.385764  -1.766736
3.401312  -1.739284
3.401232  -1.803912
3.432249  -1.813635
3.416780  -1.776459
3.303715  -1.793746
3.336966  -1.793968
3.337143  -1.736031
3.353679  -1.765110
3.320429  -1.764889
3.369228  -1.737657
2.873933  -1.616677
2.824686  -1.530134
2.907767  -1.559343
2.890850  -1.588010
2.841102  -1.558982
2.857517  -1.587829
2.858019  -1.530315
2.891352  -1.530495
2.874435  -1.559162
2.940361  -1.617242
2.907147  -1.616959
2.924064  -1.588292
2.906545  -1.674413
2.890239  -1.645545
2.923453  -1.645828
2.841539  -1.501580
2.858392  -1.473025
2.874872  -1.501760
2.775670  -1.443612
2.726830  -1.356920
2.677936  -1.270222
2.628695  -1.183886
2.661996  -1.184146
2.695297  -1.184406
2.662536  -1.126749
2.645615  -1.155318
2.678917  -1.155578
2.808861  -1.443898
2.842053  -1.444184
2.792008  -1.472452
2.808347  -1.501293
2.825200  -1.472739
2.792568  -1.415051
2.760009  -1.357256
2.743725  -1.328360
2.744321  -1.270901
2.711128  -1.270561
2.710532  -1.328020
2.694234  -1.299121
2.760619  -1.299801
2.727427  -1.299461
2.809467  -1.386490
2.793187  -1.357593
2.776903  -1.328697
2.825760  -1.415337
2.759390  -1.414714
2.743110  -1.385817
2.776289  -1.386154
2.694823  -1.241703
2.711711  -1.213184
2.661522  -1.241443
2.645108  -1.212665
2.678410  -1.212924
2.728016  -1.242043
3.495552  -1.760684
3.479409  -1.792021
3.463940  -1.754845
3.527413  -1.824348
3.512886  -1.913016
3.495339  -1.823852
3.496346  -1.883130
3.479806  -1.853244
3.528420  -1.883625
3.543954  -1.854234
3.511880  -1.853739
3.511483  -1.792516
2.579858  -1.097306
2.531046  -1.010641
2.482373  -0.924057
2.514822  -0.981780
2.498598  -0.952918
2.548586  -0.924693
2.515479  -0.924375
2.547928  -0.982098
2.564810  -0.953554
2.531704  -0.953236
2.613057  -1.097598
2.646257  -1.097889
2.596738  -1.068762
2.564197  -1.010986
2.597347  -1.011330
2.581079  -0.982442
2.613618  -1.040219
2.563587  -1.068418
2.547317  -1.039529
2.580467  -1.039874
2.629937  -1.069054
2.596137  -1.126166
2.612416  -1.155026
2.629336  -1.126458
2.516119  -0.866958
2.433405  -0.837302
2.378476  -0.755383
2.413673  -0.754404
2.448869  -0.753425
2.450292  -0.809017
2.467179  -0.780732
2.415095  -0.809996
2.396786  -0.782689
2.431982  -0.781710
2.499246  -0.895508
2.466050  -0.895139
2.449728  -0.866221
2.499796  -0.838040
2.466600  -0.837671
2.482923  -0.866589
2.532352  -0.895826
2.483487  -0.809386
2.412181  -0.698864
2.395329  -0.727123
2.430525  -0.726145
2.329503  -0.669440
2.280850  -0.582890
2.231960  -0.495555
2.182724  -0.407740
2.132862  -0.319971
2.149482  -0.349227
2.166103  -0.378484
2.216219  -0.350697
2.199472  -0.379218
2.249397  -0.409745
2.216061  -0.408743
2.232808  -0.380221
2.362680  -0.669829
2.395856  -0.670217
2.346375  -0.640926
2.313940  -0.583226
2.297725  -0.554376
2.298303  -0.496751
2.265809  -0.439017
2.215548  -0.466284
2.199136  -0.437012
2.248884  -0.467286
2.232472  -0.438015
2.363247  -0.612411
2.347030  -0.583561
2.314600  -0.525862
2.265132  -0.496153
2.282056  -0.467884
2.379552  -0.641314
2.345827  -0.698088
2.362152  -0.726735
2.379004  -0.698476
2.330815  -0.554712
2.313285  -0.640590
2.297068  -0.611740
2.330158  -0.612076
2.264553  -0.553779
2.248257  -0.524667
2.281428  -0.525265
2.166230  -0.320705
2.199598  -0.321440
2.182851  -0.349962
2.166263  -0.262876
2.083748  -0.233219
2.035003  -0.146673
2.051251  -0.175522
2.067499  -0.204370
2.117385  -0.176260
2.100566  -0.204739
2.068070  -0.147042
2.101137  -0.147411
2.084318  -0.175891
2.149562  -0.291423
2.100119  -0.262136
2.116490  -0.291053
2.116820  -0.233588
2.149892  -0.233958
2.133191  -0.262506
2.182931  -0.292158
2.133639  -0.205109
2.068646  -0.089712
1.986284  -0.060123
2.002524  -0.088973
2.018763  -0.117823
2.051824  -0.118193
2.019345  -0.060493
2.052406  -0.060862
2.035585  -0.089343
2.084891  -0.118562
2.003099  -0.031649
2.019913  -0.003175
2.036160  -0.032018
1.988060  0.111870
1.937541  0.026396
1.954381  0.054888
1.971220  0.083379
2.020505  0.054156
2.004283  0.083013
1.970603  0.026031
2.003666  0.025665
1.987443  0.054522
2.038541  0.197212
2.004887  0.140317
2.021714  0.168764
2.071196  0.139231
2.054868  0.168221
2.021214  0.111327
2.054369  0.110783
2.038041  0.139774
2.037437  0.082470
2.071736  0.196638
2.089165  0.282870
2.142189  0.366161
2.106839  0.310634
2.124514  0.338397
2.174408  0.308272
2.158298  0.337216
2.156733  0.280508
2.122949  0.281689
2.140623  0.309453
2.104930  0.196064
2.105485  0.253743
2.121805  0.224617
2.139269  0.252562
2.088063  0.167647
2.055416  0.225765
2.072290  0.254317
2.088610  0.225191
1.953789  -0.002443
1.970036  -0.031283
1.986851  -0.002809
2.208333  0.365211
2.175261  0.365686
2.191370  0.336741
2.192634  0.451291
2.243135  0.536787
2.226302  0.508289
2.209468  0.479790
2.258828  0.450554
2.225731  0.450922
2.275662  0.479052
2.259399  0.507920
2.242565  0.479421
2.208891  0.422440
2.225148  0.393588
2.241988  0.422071
2.175819  0.422914
2.159004  0.394537
2.192076  0.394063
2.309400  0.536090
2.276268  0.536439
2.292531  0.507571
2.293738  0.622346
2.260003  0.565307
2.276871  0.593826
2.326268  0.564610
2.310003  0.593478
2.293136  0.564958
2.327041  0.622016
2.360343  0.621686
2.343305  0.593148
2.345099  0.708071
2.412903  0.707781
2.379001  0.707926
2.377463  0.650261
2.361281  0.679166
2.395183  0.679021
2.310858  0.650921
2.327979  0.679496
2.344161  0.650591
2.395682  0.793803
2.378821  0.765226
2.361960  0.736648
2.429764  0.736359
2.412723  0.765081
2.395862  0.736504
2.462391  0.794127
2.429036  0.793965
2.446078  0.765243
2.444911  0.879968
2.478801  0.822849
2.461856  0.851408
2.511324  0.880784
2.478117  0.880376
2.495062  0.851817
2.412091  0.822524
2.428501  0.851246
2.445446  0.822687
2.493514  0.966666
2.560382  0.967962
2.526948  0.967314
2.527525  0.909684
2.510519  0.938175
2.543953  0.938823
2.477313  0.937767
2.461112  0.908867
2.494318  0.909276
2.542013  1.053863
2.596447  1.143906
2.560158  1.083877
2.578302  1.113892
2.628360  1.085522
2.612404  1.114714
2.576114  1.054686
2.610215  1.055508
2.594259  1.084700
2.509680  0.995732
2.525846  1.024798
2.576548  0.997027
2.559281  1.025445
2.543114  0.996380
2.593382  1.026268
2.663906  1.143235
2.630177  1.143571
2.646133  1.114379
2.650358  1.231461
2.666118  1.201940
2.681877  1.172420
2.718004  1.229725
2.684181  1.230593
2.699941  1.201073
2.632388  1.202276
2.614418  1.173091
2.648147  1.172756
2.704251  1.316321
2.686287  1.288034
2.668323  1.259748
2.735969  1.258012
2.720110  1.287167
2.702146  1.258880
2.770604  1.315646
2.737427  1.315984
2.753286  1.286829
2.755194  1.402205
2.721232  1.344949
2.738213  1.373577
2.787585  1.344274
2.771389  1.373240
2.754408  1.344612
2.788351  1.401878
2.805741  1.488074
2.856179  1.574304
2.872558  1.545302
2.888937  1.516300
2.838932  1.487816
2.872124  1.487557
2.822553  1.516817
2.839366  1.545561
2.855745  1.516559
2.821508  1.401551
2.822049  1.459124
2.838357  1.430174
2.855240  1.458866
2.804546  1.372913
2.772043  1.430828
2.788892  1.459451
2.805200  1.430501
2.889399  1.573953
2.922618  1.573601
2.905777  1.544951
2.906854  1.660063
2.923182  1.631126
2.939509  1.602188
2.889962  1.631477
2.873071  1.602890
2.906290  1.602539
2.973273  1.659397
2.940063  1.659730
2.956391  1.630792
2.957518  1.745852
2.940630  1.717256
2.923742  1.688660
2.973840  1.716923
2.990161  1.687993
2.956951  1.688326
3.057157  1.744856
3.023944  1.745188
2.990731  1.745520
3.040266  1.716258
3.023374  1.687661
3.089800  1.686994
3.073479  1.715925
3.056587  1.687327
3.007053  1.716591
3.123589  1.744193
3.090373  1.744524
3.106694  1.715593
3.107839  1.830653
3.074051  1.773455
3.090945  1.802054
3.140482  1.772792
3.124161  1.801722
3.107267  1.773123
3.207487  1.829665
3.303703  1.826745
3.239559  1.828691
3.271631  1.827718
3.272205  1.770828
3.287954  1.798787
3.240133  1.771802
3.223810  1.800733
3.173699  1.772462
3.141055  1.830324
3.174271  1.829994
3.190593  1.801063
3.157377  1.801393
3.206916  1.772132
3.255882  1.799760
3.319287  1.797312
3.331369  1.826506
3.359035  1.826267
3.334872  1.767879
3.346953  1.797073
3.303538  1.769354
3.337617  1.905027
3.370340  1.852361
3.353978  1.878694
3.315008  1.852839
3.326312  1.878933
3.342674  1.852600
3.426044  1.913302
3.464102  2.000000
3.451416  1.971101
3.438730  1.942202
3.483939  1.913111
3.454991  1.913207
3.496625  1.942011
3.480363  1.971005
3.467677  1.942106
3.443323  1.886333
3.460602  1.859365
3.472270  1.886238
3.399815  1.855120
3.412930  1.884211
3.430208  1.857242
3.396568  1.910544
3.367093  1.907786
3.383454  1.881453
3.171032  -1.792129
3.071390  -1.791089
2.971758  -1.790047
2.872128  -1.789050
2.823235  -1.702209
2.773923  -1.615889
2.807260  -1.616152
2.840596  -1.616414
2.807765  -1.558719
2.790844  -1.587304
2.824181  -1.587567
3.204845  -1.734958
3.187938  -1.763544
3.138418  -1.734260
3.154725  -1.763195
3.104604  -1.791435
3.137818  -1.791782
3.088297  -1.762501
3.105204  -1.733914
3.055086  -1.762153
3.038783  -1.733217
2.988665  -1.761458
2.955456  -1.761125
2.905944  -1.731871
2.855830  -1.760103
2.839532  -1.731156
2.889646  -1.702924
2.856440  -1.702567
2.889036  -1.760460
2.872738  -1.731514
3.171632  -1.734609
3.204176  -1.792594
3.237321  -1.793059
3.221083  -1.764009
3.071993  -1.733565
3.121511  -1.762848
2.939154  -1.732203
2.938548  -1.789714
2.905338  -1.789382
2.922246  -1.760793
3.005572  -1.732869
2.972363  -1.732536
3.004969  -1.790394
3.038179  -1.790741
3.021876  -1.761805
2.840134  -1.673698
2.857033  -1.645187
2.806798  -1.673436
2.790360  -1.644663
2.823697  -1.644925
2.873340  -1.674056
3.219965  -1.878930
3.319218  -1.882574
3.413536  -1.912419
3.350657  -1.892523
3.382097  -1.902471
3.384656  -1.833599
3.399096  -1.873009
3.336217  -1.853113
3.353217  -1.823651
3.367657  -1.863061
3.302967  -1.852891
3.286716  -1.823208
3.236798  -1.850462
3.253631  -1.821993
3.253049  -1.880145
3.286134  -1.881360
3.269882  -1.851677
3.203654  -1.849997
3.187343  -1.821063
3.220487  -1.821528
3.319966  -1.823429
3.430113  -1.882731
3.446689  -1.853044
3.415673  -1.843322
3.479770  -1.912817
3.464102  -2.000000
3.447247  -1.970806
3.430391  -1.941612
3.446653  -1.912618
3.480363  -1.971005
3.496625  -1.942011
3.463508  -1.941811
3.463229  -1.882931
2.724997  -1.529302
2.676151  -1.442606
2.708715  -1.500403
2.692433  -1.471505
2.709324  -1.442941
2.693044  -1.414044
2.709937  -1.385482
2.742497  -1.443276
2.726217  -1.414379
2.758227  -1.529579
2.791456  -1.529857
2.741888  -1.500738
2.758779  -1.472175
2.725606  -1.471840
2.775118  -1.501016
2.741306  -1.558164
2.757614  -1.587027
2.774535  -1.558442
2.627287  -1.355999
2.578091  -1.269582
2.594490  -1.298388
2.610888  -1.327194
2.661053  -1.298814
2.644170  -1.327407
2.644654  -1.270008
2.611373  -1.269795
2.627771  -1.298601
2.693649  -1.356613
2.660468  -1.356306
2.677351  -1.327714
2.659863  -1.413737
2.643575  -1.384868
2.676756  -1.385175
2.594959  -1.241017
2.611827  -1.212451
2.628241  -1.241230
2.529212  -1.182932
2.480401  -1.096267
2.431692  -1.009661
2.448586  -0.981126
2.465479  -0.952592
2.497928  -1.010314
2.464810  -1.009987
2.481704  -0.981453
2.562373  -1.183250
2.595534  -1.183568
2.545505  -1.211815
2.561798  -1.240698
2.578666  -1.212133
2.546094  -1.154390
2.513553  -1.096614
2.497283  -1.067725
2.464165  -1.067399
2.447928  -1.038530
2.514165  -1.039183
2.481046  -1.038856
2.562976  -1.125848
2.546705  -1.096960
2.530435  -1.068071
2.579255  -1.154708
2.512942  -1.154044
2.496672  -1.125156
2.529824  -1.125502
2.383414  -0.923320
2.327770  -0.841664
2.346318  -0.868883
2.364866  -0.896101
2.416741  -0.865975
2.400078  -0.894648
2.362982  -0.840210
2.398193  -0.838756
2.381530  -0.867429
2.449387  -0.923812
2.416401  -0.923566
2.433064  -0.894893
2.415599  -0.980881
2.399507  -0.952100
2.432493  -0.952346
2.344672  -0.812904
2.361574  -0.784143
2.379884  -0.811450
2.278877  -0.754973
2.230226  -0.668424
2.181491  -0.581834
2.131797  -0.492969
2.165185  -0.493831
2.198572  -0.494693
2.198314  -0.553074
2.215137  -0.524315
2.164927  -0.552212
2.148362  -0.522590
2.181750  -0.523453
2.312077  -0.755110
2.345277  -0.755246
2.295175  -0.783870
2.311473  -0.812767
2.328375  -0.784007
2.295752  -0.726462
2.263318  -0.668763
2.247101  -0.639913
2.247731  -0.582538
2.214611  -0.582186
2.231434  -0.553426
2.312628  -0.697951
2.296411  -0.669102
2.263975  -0.611401
2.213981  -0.639561
2.197736  -0.610697
2.230856  -0.611049
2.328952  -0.726599
2.280193  -0.640252
2.262660  -0.726124
2.246443  -0.697274
2.279535  -0.697613
2.148773  -0.464559
2.165748  -0.436150
2.182160  -0.465421
2.082374  -0.405495
2.115824  -0.406244
2.149274  -0.406992
2.116032  -0.348479
2.099203  -0.376987
2.132653  -0.377735
2.098848  -0.434653
2.115323  -0.463811
2.132298  -0.435401
2.033250  -0.318745
1.984468  -0.232162
2.050655  -0.232866
2.017562  -0.232514
2.018158  -0.175170
2.001313  -0.203666
2.034406  -0.204018
2.099658  -0.319562
2.066454  -0.319154
2.066915  -0.261727
2.016990  -0.289884
2.000729  -0.261023
2.050083  -0.290236
2.033822  -0.261375
2.083287  -0.290645
2.049625  -0.347662
2.065999  -0.376579
2.082829  -0.348070
1.935722  -0.145607
1.968220  -0.203311
1.951971  -0.174459
2.001909  -0.146318
1.968816  -0.145962
1.985064  -0.174814
1.969430  -0.088618
1.887004  -0.059070
1.952576  -0.117112
1.903243  -0.087916
1.919483  -0.116761
1.920097  -0.059421
1.953191  -0.059772
1.936337  -0.088267
1.985670  -0.117468
1.903849  -0.030581
1.920695  -0.002092
1.936943  -0.030932
1.888791  0.112890
1.838270  0.027414
1.921291  0.055228
1.905041  0.084059
1.855111  0.055906
1.871951  0.084398
1.871361  0.027075
1.904451  0.026736
1.888201  0.055567
1.954970  0.112210
1.921880  0.112550
1.938131  0.083719
1.939305  0.198395
1.989752  0.283812
1.956121  0.226867
1.972936  0.255340
2.022278  0.226078
2.006015  0.254945
2.005463  0.197606
1.972384  0.198001
1.971808  0.140712
1.922467  0.169894
1.905629  0.141392
1.955557  0.169553
1.938719  0.141052
1.988635  0.169159
1.854515  -0.001414
1.870759  -0.030242
1.887605  -0.001753
1.989199  0.226473
2.022889  0.283498
2.056027  0.283184
2.039152  0.254631
2.040550  0.368806
2.093158  0.452289
2.074430  0.367924
2.108309  0.367042
2.109502  0.423579
2.125845  0.394870
2.075622  0.424461
2.058086  0.396633
2.091966  0.395752
2.072960  0.311515
2.056755  0.340160
2.090635  0.339279
2.006684  0.312143
2.023617  0.340474
2.039822  0.311829
2.159475  0.451624
2.143867  0.537905
2.194345  0.623391
2.177519  0.594895
2.160693  0.566400
2.210046  0.537160
2.176956  0.537532
2.226872  0.565655
2.210608  0.594523
2.193782  0.566028
2.126317  0.451956
2.126964  0.509366
2.110061  0.480827
2.176378  0.480162
2.160123  0.509034
2.143220  0.480495
2.142660  0.423247
2.193212  0.508661
2.260607  0.622694
2.227476  0.623042
2.243739  0.594175
2.244946  0.708947
2.211212  0.651909
2.228079  0.680428
2.277474  0.651213
2.261210  0.680080
2.244343  0.651561
2.278330  0.708655
2.311714  0.708363
2.294594  0.679788
2.295776  0.794338
2.312217  0.765583
2.328658  0.736827
2.329078  0.794160
2.362380  0.793981
2.345519  0.765404
2.261889  0.737411
2.278833  0.765875
2.295274  0.737119
2.345665  0.879765
2.379010  0.822457
2.362337  0.851111
2.312406  0.822814
2.329035  0.851289
2.345708  0.822635
2.411829  0.879900
2.378747  0.879833
2.395419  0.851179
2.394434  0.965385
2.442333  1.051971
2.426367  1.023109
2.410401  0.994247
2.460487  0.966239
2.427461  0.965812
2.476453  0.995101
2.459393  1.023536
2.443427  0.994674
2.411260  0.936912
2.428085  0.908440
2.444286  0.937340
2.378178  0.936845
2.361922  0.908305
2.395003  0.908372
2.508786  1.053232
2.475559  1.052602
2.492620  1.024167
2.493577  1.142308
2.546742  1.229337
2.511298  1.171318
2.529020  1.200327
2.579879  1.172383
2.563310  1.200860
2.527867  1.142841
2.562157  1.143373
2.545589  1.171850
2.525867  1.083345
2.509722  1.112827
2.544012  1.113359
2.459414  1.082084
2.476495  1.112196
2.492641  1.082714
2.615819  1.230753
2.581281  1.230045
2.597849  1.201568
2.604071  1.317507
2.584961  1.288117
2.565851  1.258727
2.634929  1.260143
2.619500  1.288825
2.600390  1.259435
2.670858  1.316717
2.655619  1.403191
2.638436  1.374630
2.621253  1.346069
2.637464  1.317112
2.688040  1.345278
2.671830  1.374234
2.654647  1.345673
2.652893  1.288430
2.722003  1.402534
2.688811  1.402862
2.705021  1.373906
2.706278  1.488915
2.672505  1.431765
2.689392  1.460340
2.738889  1.431108
2.722583  1.460011
2.705697  1.431437
2.739432  1.488634
2.772586  1.488354
2.755738  1.459731
2.756792  1.574710
2.807281  1.660956
2.823050  1.574439
2.789921  1.574575
2.790451  1.632207
2.773622  1.603459
2.823580  1.632072
2.839880  1.603188
2.806751  1.603323
2.789424  1.516953
2.773108  1.545832
2.806237  1.545696
2.723116  1.517513
2.739954  1.546112
2.756270  1.517233
2.873663  1.660361
2.857933  1.746814
2.908563  1.832629
2.874810  1.775419
2.891686  1.804024
2.941200  1.774778
2.924881  1.803704
2.924323  1.746173
2.891128  1.746494
2.908005  1.775099
2.840472  1.660658
2.841049  1.718195
2.824165  1.689575
2.890547  1.688980
2.874240  1.717897
2.857356  1.689278
2.856771  1.631774
2.907435  1.717577
3.008193  1.831649
2.974983  1.831976
2.941773  1.832303
2.991301  1.803050
2.974410  1.774451
2.958091  1.803377
3.040836  1.773787
3.024514  1.802718
3.007623  1.774119
3.074624  1.830985
3.041408  1.831317
3.057730  1.802386
3.058876  1.917447
3.025087  1.860248
3.041982  1.888848
3.091518  1.859585
3.075197  1.888516
3.058303  1.859917
3.158520  1.916461
3.092091  1.917119
3.125305  1.916790
3.124733  1.859256
3.141626  1.887858
3.108412  1.888187
3.191165  1.858597
3.174842  1.887529
3.157949  1.858926
3.258163  1.915495
3.288523  1.856328
3.273343  1.885912
3.224379  1.858275
3.241271  1.886885
3.256451  1.857302
3.224949  1.915817
3.191734  1.916139
3.208057  1.887207
3.284648  1.912006
3.311133  1.908517
3.299828  1.882422
3.371960  1.996863
3.413164  2.085741
3.399429  2.056115
3.385694  2.026489
3.433388  1.998954
3.402674  1.997909
3.447122  2.028580
3.430143  2.057161
3.416408  2.027535
3.287224  1.990522
3.320820  1.933525
3.304022  1.962024
3.343714  1.994750
3.315469  1.992636
3.360512  1.966251
3.349065  1.935639
3.332267  1.964138
3.389988  1.969010
3.408016  1.941156
3.420702  1.970055
3.378540  1.938398
3.267850  1.940504
3.277537  1.965513
3.294335  1.937015
3.120307  -1.877894
3.169241  -1.964707
3.268910  -1.965748
3.364754  -1.995920
3.285679  -1.938023
3.302448  -1.910299
3.349575  -1.958138
3.334397  -1.920356
3.332806  -1.985863
3.300858  -1.975805
3.317627  -1.948081
3.137215  -1.849306
3.154124  -1.820717
3.087695  -1.820024
3.020669  -1.876852
2.921035  -1.875809
2.904733  -1.846889
2.888430  -1.817970
2.937943  -1.847222
2.954850  -1.818634
2.921640  -1.818302
3.104001  -1.848959
3.053882  -1.877199
3.087094  -1.877547
3.037576  -1.848264
3.054483  -1.819676
3.004366  -1.847917
2.988062  -1.818982
2.954246  -1.876157
2.987458  -1.876504
2.971154  -1.847569
3.120910  -1.820371
3.153526  -1.878240
3.186149  -1.936115
3.203057  -1.907523
3.186745  -1.878585
3.136618  -1.906832
3.152930  -1.935769
3.169838  -1.907177
3.170435  -1.849651
3.021272  -1.819329
3.070789  -1.848612
2.772489  -1.788149
2.723313  -1.701561
2.806320  -1.730856
2.789404  -1.759502
2.739705  -1.730424
2.756097  -1.759286
2.756620  -1.701777
2.789927  -1.701993
2.773012  -1.730640
2.838915  -1.788749
2.805702  -1.788449
2.822617  -1.759803
2.821399  -1.874802
2.887823  -1.875474
2.854611  -1.875138
2.838309  -1.846218
2.855218  -1.817634
2.871521  -1.846554
2.805096  -1.845918
2.788793  -1.817033
2.822005  -1.817334
2.740183  -1.673004
2.757053  -1.644447
2.773490  -1.673220
2.674317  -1.614989
2.625470  -1.528286
2.576582  -1.441581
2.527446  -1.355159
2.560726  -1.355439
2.594006  -1.355719
2.561209  -1.298108
2.544327  -1.326633
2.577608  -1.326913
2.707519  -1.615289
2.740721  -1.615589
2.690649  -1.643846
2.706981  -1.672704
2.723851  -1.644147
2.691210  -1.586427
2.658646  -1.528625
2.642364  -1.499726
2.642962  -1.442264
2.609772  -1.441923
2.609174  -1.499384
2.592878  -1.470483
2.659258  -1.471166
2.626068  -1.470824
2.708104  -1.557864
2.691821  -1.528963
2.675539  -1.500065
2.724412  -1.586727
3.236280  -1.907870
3.252595  -1.936809
3.269364  -1.909084
3.202464  -1.965054
3.235687  -1.965401
3.219372  -1.936462
3.381015  -1.968086
3.397276  -1.940252
3.365836  -1.930304
3.430986  -1.998640
3.397870  -1.997280
3.414131  -1.969446
3.413164  -2.085741
3.397027  -2.055801
3.380890  -2.025860
3.430143  -2.057161
3.447122  -2.028580
3.414006  -2.027220
2.658035  -1.586088
2.641753  -1.557187
2.674928  -1.557526
2.593484  -1.413054
2.610385  -1.384527
2.560203  -1.412774
2.543824  -1.383966
2.577105  -1.384246
2.626673  -1.413395
2.478572  -1.268560
2.429757  -1.181894
2.381070  -1.095303
2.413528  -1.153030
2.397299  -1.124167
2.447291  -1.095946
2.414181  -1.095625
2.446638  -1.153352
2.463520  -1.124809
2.430409  -1.124488
2.511745  -1.268901
2.544918  -1.269241
2.495452  -1.240018
2.462908  -1.182240
2.496060  -1.182586
2.479790  -1.153698
2.512332  -1.211475
2.462300  -1.239671
2.446029  -1.210783
2.479180  -1.211129
2.528625  -1.240358
2.494863  -1.297427
2.511154  -1.326293
2.528036  -1.297767
2.414818  -1.038208
2.332124  -1.008561
2.277273  -0.926489
2.312653  -0.925433
2.348034  -0.924376
2.349221  -0.980147
2.366317  -0.951734
2.313840  -0.981204
2.295556  -0.953846
2.330937  -0.952790
2.397944  -1.066756
2.364755  -1.066389
2.348439  -1.037475
2.398502  -1.009294
2.365313  -1.008928
2.381629  -1.037842
2.431054  -1.067077
2.382410  -0.980514
2.310938  -0.869939
2.294105  -0.898214
2.329486  -0.897158
2.228263  -0.840510
2.179603  -0.753957
2.130729  -0.666592
2.081543  -0.578711
2.031810  -0.490985
2.048388  -0.520227
2.064965  -0.549469
2.115046  -0.521549
2.098294  -0.550130
2.148175  -0.580793
2.114859  -0.579752
2.131610  -0.551171
2.261432  -0.840895
2.294601  -0.841280
2.245135  -0.811998
2.212694  -0.754296
2.196477  -0.725446
2.197060  -0.667814
2.164571  -0.610086
2.114334  -0.637298
2.097938  -0.608005
2.147650  -0.638339
2.131254  -0.609046
2.262006  -0.783486
2.245786  -0.754635
2.213352  -0.696935
2.163895  -0.667203
2.180816  -0.638950
2.278304  -0.812383
2.244600  -0.869170
2.260936  -0.897830
2.277769  -0.869555
2.229569  -0.725785
2.212043  -0.811659
2.195823  -0.782808
2.228914  -0.783147
2.163312  -0.724836
2.147020  -0.695714
2.180186  -0.696325
2.065139  -0.491646
2.098468  -0.492307
2.081717  -0.520888
2.065519  -0.433992
1.982711  -0.404244
1.933919  -0.317667
1.885191  -0.231071
1.917677  -0.288801
1.901434  -0.259936
1.951376  -0.231799
1.918284  -0.231435
1.950769  -0.289165
1.967619  -0.260664
1.934526  -0.260300
2.048665  -0.462489
1.999078  -0.433158
2.015444  -0.462072
2.049153  -0.405078
2.015932  -0.404661
2.016404  -0.347245
1.966447  -0.375385
1.950183  -0.346526
2.000140  -0.318386
1.967030  -0.318026
1.999558  -0.375745
1.983294  -0.346885
2.081994  -0.463150
2.032778  -0.376162
2.032298  -0.433575
1.983879  -0.289525
1.918879  -0.174095
1.836468  -0.144508
1.852709  -0.173362
1.868950  -0.202217
1.902035  -0.202583
1.902637  -0.145241
1.869553  -0.144874
1.885794  -0.173729
1.935127  -0.202947
1.870158  -0.087549
1.853313  -0.116029
1.886398  -0.116395
1.787751  -0.058014
1.739030  0.028442
1.755270  -0.000377
1.771510  -0.029196
1.804591  -0.029538
1.821431  -0.001062
1.772110  0.028099
1.805190  0.027757
1.788350  -0.000719
1.820835  -0.058366
1.853919  -0.058718
1.837675  -0.029890
1.803990  -0.086846
1.820229  -0.115677
1.837074  -0.087198
1.789553  0.113894
1.840067  0.199375
1.890543  0.284910
1.873718  0.256399
1.856892  0.227887
1.906226  0.198722
1.873146  0.199048
1.923051  0.227234
1.956682  0.284178
1.923613  0.284544
1.906797  0.256072
1.939867  0.255706
1.806391  0.142388
1.823229  0.170881
1.872549  0.141718
1.856308  0.170547
1.855711  0.113225
1.822632  0.113559
1.839470  0.142053
1.822031  0.056241
1.805792  0.085067
1.838871  0.084733
1.889388  0.170220
1.755871  0.056926
1.772712  0.085410
1.788951  0.056583
1.889972  0.227560
1.940982  0.370334
1.907356  0.313385
1.924169  0.341860
1.973495  0.312653
1.957238  0.341494
1.940425  0.313019
1.974171  0.369825
1.991619  0.455880
2.044579  0.539307
2.009273  0.483689
2.026926  0.511498
2.076965  0.481295
2.060772  0.510301
2.025466  0.454683
2.059312  0.453486
2.043119  0.482492
2.007361  0.369315
2.007930  0.426855
2.024240  0.397830
2.041776  0.425658
1.990428  0.340984
1.957861  0.398850
1.974740  0.427365
1.991050  0.398340
2.110771  0.538372
2.077675  0.538839
2.093868  0.509833
2.095049  0.624487
2.111322  0.595626
2.127594  0.566766
2.161246  0.623756
2.128148  0.624121
2.144420  0.595261
2.078226  0.596094
2.061403  0.567700
2.094499  0.567233
2.145555  0.709992
2.128720  0.681490
2.111885  0.652989
2.178082  0.652258
2.161819  0.681125
2.144983  0.652623
2.211816  0.709295
2.178686  0.709643
2.194949  0.680776
2.196155  0.795547
2.162422  0.738510
2.179288  0.767028
2.228682  0.737814
2.212419  0.766680
2.195552  0.738162
2.229362  0.795144
2.262569  0.794741
2.245626  0.766277
2.246642  0.880395
2.212984  0.823829
2.229813  0.852112
2.279398  0.823024
2.263020  0.851709
2.246191  0.823427
2.279650  0.880185
2.312658  0.879975
2.296028  0.851499
2.295797  0.965725
2.329043  0.908418
2.312420  0.937071
2.263027  0.908838
2.279412  0.937281
2.296035  0.908628
2.361555  0.965498
2.328676  0.965611
2.345299  0.936958
2.343968  1.051115
2.391682  1.137847
2.375777  1.108936
2.359872  1.080026
2.409544  1.051686
2.376756  1.051400
2.425449  1.080597
2.408566  1.109222
2.392661  1.080311
2.377612  0.993961
2.360790  1.022538
2.393578  1.022824
2.327911  1.022651
2.311854  0.994188
2.344733  0.994075
2.459612  1.140821
2.425647  1.139334
2.442531  1.110709
2.442107  1.226661
2.476985  1.227553
2.511863  1.228445
2.476420  1.170426
2.459264  1.198543
2.494142  1.199435
2.408490  1.167451
2.425299  1.197056
2.442455  1.168939
2.493890  1.314177
2.552868  1.403335
2.530617  1.315287
2.567344  1.316397
2.569935  1.374726
2.587003  1.346117
2.533208  1.373616
2.513549  1.343897
2.550276  1.345007
2.511507  1.285897
2.529124  1.257617
2.548234  1.287007
2.459368  1.255833
2.476629  1.285005
2.494246  1.256725
2.621369  1.403239
2.587118  1.403287
2.604186  1.374678
2.606754  1.489980
2.588792  1.461098
2.570830  1.432217
2.639331  1.432121
2.623042  1.461050
2.605080  1.432169
2.673103  1.489270
2.639929  1.489625
2.656217  1.460695
2.657395  1.575646
2.623634  1.518535
2.640515  1.547091
2.689984  1.517825
2.673689  1.546736
2.656809  1.518180
2.690527  1.575334
2.723660  1.575022
2.706822  1.546424
2.707885  1.661436
2.758528  1.747673
2.808919  1.833589
2.792122  1.804951
2.775325  1.776312
2.824798  1.747101
2.791663  1.747387
2.841595  1.775739
2.875348  1.832949
2.859587  1.919429
2.842698  1.890816
2.825808  1.862203
2.842134  1.833269
2.875913  1.890496
2.892238  1.861563
2.859023  1.861883
2.740490  1.603619
2.724188  1.632528
2.774149  1.661116
2.741017  1.661276
2.757319  1.632368
2.674225  1.604243
2.691055  1.632840
2.707357  1.603931
2.724766  1.690182
2.741647  1.718927
2.791030  1.689862
2.774779  1.718767
2.757898  1.690022
2.807914  1.718481
2.825257  1.804664
2.858472  1.804344
2.808460  1.776026
2.959228  1.918443
2.942340  1.889838
2.925451  1.861234
2.991871  1.860580
2.975550  1.889511
2.958661  1.860907
2.926014  1.918771
2.892801  1.919100
2.909126  1.890167
3.025660  1.917779
2.992444  1.918111
3.008766  1.889180
3.009912  2.004243
2.976123  1.947043
2.993017  1.975643
3.042555  1.946379
3.026233  1.975311
3.009339  1.946711
3.109556  2.003251
3.043127  2.003912
3.076341  2.003582
3.075769  1.946049
3.092662  1.974650
3.059448  1.974981
3.125877  1.974321
3.142199  1.945391
3.108984  1.945720
3.207128  2.001104
3.174723  1.944675
3.190925  1.972890
3.142080  2.002536
3.174604  2.001820
3.158401  1.973605
3.241151  1.944032
3.224140  1.972568
3.207937  1.944353
3.233827  1.997577
3.260525  1.994049
3.250838  1.969040
3.322955  2.080281
3.355625  2.024669
3.339290  2.052475
3.383094  2.083921
3.353025  2.082101
3.369359  2.054295
3.311045  2.050361
3.237767  2.078134
3.270738  2.019726
3.254253  2.048930
3.294559  2.079566
3.266163  2.078850
3.299135  2.020442
3.282649  2.049646
3.327380  2.022556
3.360104  2.170185
3.347721  2.140217
3.335338  2.110249
3.395477  2.113889
3.377790  2.142037
3.365407  2.112069
3.217341  2.026781
3.227554  2.052458
3.244040  2.023253
3.069587  -1.963662
2.969947  -1.962616
2.870309  -1.961574
2.770658  -1.960542
2.721782  -1.873726
2.672564  -1.787307
2.705872  -1.787587
2.739181  -1.787868
2.706397  -1.730143
2.689480  -1.758725
2.722789  -1.759006
3.086493  -1.935073
3.103400  -1.906483
3.036975  -1.905789
3.053281  -1.934725
3.003160  -1.962964
3.036373  -1.963313
2.986854  -1.934028
3.003762  -1.905440
2.953643  -1.933680
2.937339  -1.904745
2.887217  -1.932986
2.854006  -1.932650
2.804486  -1.903382
2.787572  -1.931962
2.837092  -1.961230
2.803875  -1.960886
2.837702  -1.903726
2.820789  -1.932306
3.070188  -1.906136
3.102805  -1.964010
3.136023  -1.964359
3.119712  -1.935421
3.217736  -2.053958
3.315564  -2.083307
3.250345  -2.063741
3.282955  -2.073524
3.284461  -2.004934
3.300012  -2.044121
3.251852  -1.995151
3.234794  -2.024555
3.267403  -2.034338
3.185406  -1.994457
3.201571  -2.024208
3.218629  -1.994804
3.118505  -2.050466
3.184659  -2.052794
3.151582  -2.051630
3.152329  -1.993293
3.135417  -2.021880
3.168494  -2.023044
3.085893  -1.992597
3.102199  -2.021531
3.119111  -1.992945
3.348357  -2.025049
3.331961  -2.054178
3.316409  -2.014992
3.380630  -2.084929
3.348097  -2.084118
3.364494  -2.054989
2.970550  -1.905092
3.020068  -1.934376
2.904126  -1.904398
2.870914  -1.904062
2.903521  -1.961921
2.936734  -1.962268
2.920430  -1.933333
2.738684  -1.845200
2.755587  -1.816675
2.705376  -1.844920
2.688970  -1.816113
2.722278  -1.816394
2.788194  -1.874443
2.754366  -1.931604
2.738074  -1.902665
2.754988  -1.874085
2.771280  -1.903024
2.771890  -1.845559
2.623642  -1.700679
2.574790  -1.613971
2.607358  -1.671776
2.591074  -1.642873
2.607966  -1.614310
2.591683  -1.585409
2.608577  -1.556847
2.641141  -1.614650
2.624859  -1.585749
2.656866  -1.700973
2.690089  -1.701267
2.640534  -1.672116
2.657426  -1.643552
2.624250  -1.643213
2.673757  -1.672410
2.639949  -1.729555
2.656257  -1.758431
2.673173  -1.729849
2.525924  -1.527332
2.476807  -1.440830
2.493179  -1.469664
2.509552  -1.498498
2.559696  -1.470164
2.542810  -1.498748
2.543324  -1.441331
2.510065  -1.441080
2.526438  -1.469914
2.592288  -1.527968
2.559106  -1.527650
2.575992  -1.499066
2.558501  -1.585091
2.542213  -1.556211
2.575395  -1.556529
2.493687  -1.412273
2.510566  -1.383716
2.526945  -1.412523
2.427928  -1.354186
2.379109  -1.267521
2.330388  -1.180911
2.362869  -1.238651
2.346628  -1.209781
2.396634  -1.181566
2.347282  -1.152375
2.364176  -1.123839
2.363511  -1.181239
2.380405  -1.152703
2.461100  -1.354510
2.494273  -1.354835
2.444221  -1.383067
2.460514  -1.411949
2.477393  -1.383392
2.444809  -1.325644
2.412264  -1.267868
2.395992  -1.238979
2.412874  -1.210436
2.379751  -1.210109
2.461691  -1.297102
2.445418  -1.268214
2.429146  -1.239325
2.477982  -1.325968
3.360104  -2.170185
3.345257  -2.141226
3.330410  -2.112266
3.377790  -2.142037
3.395477  -2.113889
3.362944  -2.113078
2.411655  -1.325298
2.395382  -1.296409
2.428537  -1.296756
2.282059  -1.094527
2.226517  -1.012717
2.245031  -1.039987
2.263545  -1.067257
2.315436  -1.037216
2.298747  -1.065871
2.261719  -1.011331
2.296922  -1.009946
2.280233  -1.038601
2.348066  -1.095045
2.315063  -1.094786
2.331751  -1.066130
2.314278  -1.152116
2.298169  -1.123322
2.331172  -1.123580
2.243436  -0.983974
2.260354  -0.955232
2.278638  -0.982589
2.177640  -0.926040
2.128979  -0.839487
2.080246  -0.752899
2.030611  -0.663945
2.063983  -0.664827
2.097356  -0.665710
2.097074  -0.724130
2.113901  -0.695361
2.063701  -0.723248
2.047156  -0.693596
2.080529  -0.694479
2.210851  -0.926189
2.244062  -0.926339
2.193932  -0.954932
2.210225  -0.983824
2.227143  -0.955082
2.194515  -0.897530
2.162074  -0.839828
2.145854  -0.810977
2.146484  -0.753605
2.113365  -0.753252
2.130193  -0.724483
2.211389  -0.869020
2.195169  -0.840169
2.162728  -0.782467
2.112735  -0.810624
2.096490  -0.781762
2.129609  -0.782115
2.227725  -0.897680
2.178948  -0.811318
2.161420  -0.897189
2.145199  -0.868338
2.178294  -0.868679
2.047588  -0.635534
2.064565  -0.607122
2.080961  -0.636416
1.981242  -0.576467
2.014676  -0.577215
2.048109  -0.577963
2.014954  -0.519479
1.998098  -0.547973
2.031532  -0.548721
1.997698  -0.605626
2.014155  -0.634786
2.031132  -0.606374
1.932152  -0.489727
1.883365  -0.403156
1.915889  -0.460870
1.899627  -0.432013
1.949596  -0.403882
1.916480  -0.403519
1.965858  -0.432739
1.949005  -0.461233
1.932743  -0.432376
1.998591  -0.490566
1.965371  -0.490147
1.982224  -0.461652
1.948515  -0.518641
1.964879  -0.547554
1.981735  -0.519060
1.900216  -0.374660
1.834645  -0.316528
1.785924  -0.229953
1.851494  -0.288042
1.868343  -0.259556
1.819013  -0.230326
1.852102  -0.230698
1.802164  -0.258811
1.818405  -0.287669
1.835253  -0.259184
1.917068  -0.346163
1.900828  -0.317287
1.867737  -0.316907
1.884585  -0.288422
1.933332  -0.375022
1.867125  -0.374280
1.850885  -0.345404
1.883977  -0.345784
1.802772  -0.201471
1.819620  -0.172990
1.835861  -0.201844
1.737227  -0.143435
1.688516  -0.056977
1.639804  0.029467
1.656042  0.000652
1.672279  -0.028162
1.722192  -0.000031
1.705354  -0.028504
1.672879  0.029125
1.705954  0.028784
1.689117  0.000311
1.770307  -0.143793
1.803388  -0.144150
1.753459  -0.172274
1.769692  -0.201114
1.786540  -0.172632
1.770910  -0.086488
1.754068  -0.114961
1.704753  -0.085796
1.720990  -0.114615
1.721594  -0.057323
1.754673  -0.057669
1.737831  -0.086142
1.787149  -0.115319
1.738432  -0.028850
1.690336  0.114892
1.673492  0.086417
1.656648  0.057942
1.706567  0.086075
1.722798  0.057259
1.689723  0.057600
1.723408  0.114559
1.756480  0.114227
1.739639  0.085743
1.740825  0.200351
1.791255  0.285944
1.807526  0.257087
1.823796  0.228231
1.773905  0.200026
1.806986  0.199700
1.757635  0.228882
1.774445  0.257413
1.790716  0.228556
1.757067  0.171532
1.773310  0.142713
1.790148  0.171207
1.707165  0.143378
1.723995  0.171865
1.740238  0.143046
1.857447  0.285255
1.824351  0.285599
1.840622  0.256743
1.841771  0.371409
1.824933  0.342921
1.808094  0.314432
1.874286  0.313743
1.858029  0.342576
1.841190  0.314088
1.907912  0.370693
1.874841  0.371051
1.891099  0.342218
1.892231  0.456846
1.858591  0.399888
1.875411  0.428367
1.924731  0.399172
1.908481  0.428009
1.891661  0.399530
1.925360  0.456524
1.958490  0.456202
1.941611  0.427687
1.943050  0.541865
1.995591  0.625500
1.976893  0.541012
2.010736  0.540159
2.011920  0.596769
2.028250  0.568038
1.978077  0.597622
1.960563  0.569743
1.994407  0.568891
1.975430  0.484542
1.959240  0.513203
1.993083  0.512351
1.909170  0.485185
1.926110  0.513525
1.942300  0.484864
2.061896  0.624825
2.046276  0.711099
2.096766  0.796591
2.079936  0.768094
2.063106  0.739596
2.112462  0.710361
2.078791  0.653358
2.029381  0.682566
2.012486  0.654033
2.028744  0.625162
2.062533  0.682228
2.045638  0.653695
2.045073  0.596431
2.079369  0.710730
2.095627  0.681859
2.129292  0.738858
2.113029  0.767725
2.096199  0.739227
2.163025  0.795895
2.129896  0.796243
2.146159  0.767376
2.147365  0.882145
2.113632  0.825109
2.130499  0.853627
2.179892  0.824413
2.163628  0.853279
2.146762  0.824761
2.180457  0.881562
2.213550  0.880978
2.196721  0.852696
2.197498  0.966954
2.164076  0.910415
2.180787  0.938684
2.213880  0.938101
2.230261  0.909248
2.197169  0.909831
2.230265  0.966544
2.263031  0.966134
2.246646  0.937691
2.246126  1.051187
2.279240  0.994212
2.262683  1.022699
2.213708  0.995031
2.229917  1.023109
2.246474  0.994622
2.311354  1.051139
2.278740  1.051163
2.295297  1.022675
2.292234  1.136050
2.309478  1.107738
2.326723  1.079427
2.358533  1.137248
2.325383  1.136649
2.342628  1.108337
2.276865  1.107762
2.261495  1.079474
2.294109  1.079451
2.340612  1.223139
2.324486  1.194109
2.308360  1.165080
2.374659  1.166278
2.357635  1.194708
2.341509  1.165679
2.408275  1.225487
2.374444  1.224313
2.391467  1.195882
2.391959  1.311802
2.449295  1.402541
2.411071  1.342048
2.430183  1.372294
2.479025  1.343632
2.464160  1.373086
2.425936  1.312593
2.459913  1.313385
2.445048  1.342840
2.357728  1.252693
2.374843  1.282247
2.425391  1.255041
2.408675  1.283421
2.391559  1.253867
2.442652  1.284213
2.518343  1.403070
2.483819  1.402806
2.498684  1.373351
2.502790  1.489237
2.467127  1.431440
2.484958  1.460338
2.536175  1.431969
2.519483  1.460603
2.501651  1.431704
2.572099  1.489732
2.537445  1.489485
2.554137  1.460851
2.557857  1.576710
2.624216  1.576001
2.591036  1.576356
2.590455  1.518890
2.574156  1.547800
2.607335  1.547446
2.539501  1.547553
2.521146  1.518395
2.555800  1.518643
2.608471  1.662361
2.574728  1.605261
2.591600  1.633811
2.641087  1.604551
2.624779  1.633456
2.607908  1.604906
2.641609  1.662053
2.658947  1.748281
2.709284  1.834668
2.725698  1.805670
2.742113  1.776672
2.692141  1.748078
2.725334  1.747876
2.675726  1.777077
2.692505  1.805872
2.708920  1.776874
2.674747  1.661745
2.675260  1.719333
2.691573  1.690384
2.708454  1.719130
2.657917  1.633148
2.625296  1.691001
2.642122  1.719641
2.658435  1.690693
2.742495  1.834309
2.775707  1.833949
2.758910  1.805310
2.759956  1.920422
2.776277  1.891478
2.792598  1.862534
2.826377  1.919760
2.793166  1.920091
2.809487  1.891147
2.743065  1.891838
2.726174  1.863253
2.759386  1.862893
2.810622  2.006221
2.793733  1.977621
2.776845  1.949022
2.826944  1.977290
2.843266  1.948359
2.810055  1.948691
2.910263  2.005235
2.893371  1.976633
2.876479  1.948031
2.877049  2.005564
2.843835  2.005892
2.860157  1.976962
2.942906  1.947374
2.926585  1.976305
2.909693  1.947702
2.976696  2.004574
2.943479  2.004905
2.959801  1.975974
2.960948  2.091039
2.927158  2.033837
2.944053  2.062438
2.993591  2.033175
2.977269  2.062107
2.960374  2.033506
3.060597  2.090045
2.994164  2.090708
3.027381  2.090377
3.026807  2.032844
3.043702  2.061444
3.010486  2.061776
3.093236  2.032183
3.076917  2.061114
3.060022  2.032513
3.157171  2.087322
3.092788  2.089137
3.124980  2.088229
3.125427  2.031275
3.141299  2.059298
3.109108  2.060206
3.173823  2.058582
3.190475  2.029843
3.157951  2.030559
3.184036  2.084259
3.210901  2.081197
3.200688  2.055520
3.268482  2.164750
3.304955  2.253280
3.292797  2.223770
3.280640  2.194260
3.329563  2.168373
3.299023  2.166562
3.341721  2.197883
3.323338  2.225582
3.311180  2.196072
3.286640  2.136594
3.304798  2.108437
3.317180  2.138405
3.258244  2.135878
3.185793  2.163321
3.220442  2.106530
3.203118  2.134926
3.240919  2.164274
3.213356  2.163798
3.248005  2.107006
3.230681  2.135402
3.276401  2.107722
3.166712  2.112655
3.176252  2.137988
3.193577  2.109592
3.018868  -2.049426
2.919224  -2.048380
2.819583  -2.047340
2.803275  -2.018408
2.786967  -1.989475
2.836492  -2.018751
2.853400  -1.990163
2.820183  -1.989819
3.052680  -1.992250
3.035774  -2.020838
2.986254  -1.991552
3.002561  -2.020489
2.952439  -2.048729
2.985653  -2.049077
2.936132  -2.019792
2.953039  -1.991204
2.902919  -2.019445
2.886614  -1.990509
2.852797  -2.047687
2.886010  -2.048034
2.869705  -2.019098
3.019467  -1.991901
3.052080  -2.049773
3.067576  -2.136110
3.035104  -2.078321
3.051340  -2.107215
3.084552  -2.107562
3.101529  -2.079014
3.085292  -2.050120
3.068316  -2.078668
3.068986  -2.021185
2.919826  -1.990857
2.969346  -2.020141
2.671037  -1.959634
2.621935  -1.872992
2.704867  -1.902362
2.687952  -1.930998
2.638302  -1.901872
2.654670  -1.930753
2.655217  -1.873236
2.688500  -1.873481
2.671585  -1.902117
2.737451  -1.960239
2.704244  -1.959937
2.721159  -1.931301
2.719949  -2.046323
2.736852  -2.017730
2.753755  -1.989136
2.786372  -2.047001
2.753160  -2.046662
2.770063  -2.018069
2.703645  -2.017427
2.687341  -1.988530
2.720548  -1.988833
2.638811  -1.844430
2.655688  -1.815868
2.672094  -1.844675
2.572961  -1.786372
2.524109  -1.699642
2.475225  -1.612937
2.426191  -1.526422
2.459435  -1.526725
2.492680  -1.527028
2.459935  -1.469361
2.443063  -1.497891
2.476307  -1.498195
2.606162  -1.786684
2.639363  -1.786995
2.589286  -1.815245
2.605611  -1.844118
2.622487  -1.815557
2.589855  -1.757808
2.557287  -1.699987
2.541003  -1.671085
2.541602  -1.613626
2.508413  -1.613281
2.507814  -1.670740
2.491519  -1.641838
2.557896  -1.642528
2.524708  -1.642183
2.606749  -1.729243
2.590464  -1.700333
2.574180  -1.671430
2.623056  -1.758119
3.260567  -2.163973
3.278899  -2.137084
3.297232  -2.110195
3.246290  -2.127301
3.232013  -2.090629
3.264622  -2.100412
3.165643  -2.139128
3.200372  -2.082348
3.183007  -2.110738
3.228926  -2.155691
3.197284  -2.147409
3.214649  -2.119019
3.134218  -2.080020
3.149930  -2.109574
3.167295  -2.081184
3.326925  -2.168114
3.304955  -2.253280
3.293746  -2.166043
3.290159  -2.223511
3.275363  -2.193742
3.323338  -2.225582
3.341721  -2.197883
3.308542  -2.195813
3.312078  -2.139155
3.100265  -2.137116
3.132954  -2.138122
3.117241  -2.108568
2.556677  -1.757462
2.540393  -1.728552
2.573571  -1.728898
2.492124  -1.584402
2.509024  -1.555867
2.458880  -1.584098
2.442536  -1.555260
2.475780  -1.555563
2.525313  -1.584746
2.377288  -1.439814
2.328464  -1.353148
2.279759  -1.266551
2.230828  -1.179822
2.176071  -1.097589
2.211401  -1.096569
2.246730  -1.095548
2.247905  -1.151390
2.264982  -1.122959
2.212576  -1.152411
2.194324  -1.125000
2.229653  -1.123979
2.410461  -1.440153
2.443634  -1.440491
2.394168  -1.411271
2.361618  -1.353494
2.345346  -1.324605
2.345993  -1.267198
2.313512  -1.209458
2.263449  -1.237641
2.247139  -1.208732
2.297201  -1.180548
2.264015  -1.180185
2.296635  -1.238004
2.280325  -1.209095
2.411048  -1.382729
2.394773  -1.353840
2.362228  -1.296063
2.312876  -1.266874
2.329752  -1.238328
2.427341  -1.411610
2.393589  -1.468683
2.409890  -1.497553
2.426762  -1.469022
2.378500  -1.324951
2.361013  -1.410925
2.344738  -1.382036
2.377893  -1.382382
2.312229  -1.324282
2.295994  -1.295416
2.329111  -1.295740
2.281092  -1.151753
2.209702  -1.041008
2.192886  -1.069298
2.228216  -1.068278
2.127028  -1.011574
2.078357  -0.925017
2.029535  -0.837839
1.980345  -0.749700
2.013855  -0.692530
1.997100  -0.721115
2.046946  -0.751833
2.013645  -0.750766
2.030400  -0.722181
2.160191  -1.011955
2.193354  -1.012336
2.143898  -0.983063
2.111451  -0.925358
2.095231  -0.896507
2.095831  -0.838938
2.062683  -0.838389
2.062083  -0.895958
2.045809  -0.866898
2.112105  -0.867997
2.078957  -0.867448
2.160769  -0.954551
2.144546  -0.925699
2.128325  -0.896848
2.177062  -0.983443
2.143375  -1.040246
2.159723  -1.068918
2.176539  -1.040627
2.110804  -0.982722
2.094580  -0.953869
2.127675  -0.954210
2.063342  -0.781212
2.013138  -0.808460
1.996741  -0.779080
2.046438  -0.809526
2.030042  -0.780146
2.079587  -0.810075
1.930661  -0.661937
1.947222  -0.691191
1.963783  -0.720446
1.963977  -0.662606
1.997294  -0.663276
1.980539  -0.691861
1.964382  -0.604957
1.881588  -0.575209
1.832803  -0.488635
1.784099  -0.402052
1.816568  -0.459774
1.800334  -0.430913
1.850276  -0.402788
1.817188  -0.402420
1.866511  -0.431649
1.849657  -0.460142
1.899035  -0.489363
1.865326  -0.546351
1.849064  -0.517493
1.865919  -0.488999
1.915297  -0.518221
1.898443  -0.546715
1.882181  -0.517857
1.947521  -0.633447
1.897946  -0.604118
1.914303  -0.633028
1.948024  -0.576048
1.914806  -0.575628
1.931661  -0.547134
1.980838  -0.634116
1.931164  -0.604538
1.882773  -0.460506
1.833422  -0.431281
1.817797  -0.345036
1.735405  -0.315402
1.751636  -0.344285
1.767868  -0.373168
1.800948  -0.373544
1.801565  -0.316152
1.768485  -0.315777
1.784716  -0.344660
1.834036  -0.373912
1.769084  -0.258436
1.752245  -0.286919
1.785325  -0.287294
1.686699  -0.228843
1.637989  -0.142387
1.586568  -0.055428
1.539734  0.031245
1.591139  0.115932
1.606448  0.030060
1.573091  0.030652
1.574004  0.087703
1.556869  0.059474
1.607361  0.087110
1.623582  0.058289
1.590226  0.058881
1.719774  -0.229213
1.752849  -0.229583
1.720384  -0.171904
1.654226  -0.171206
1.670463  -0.200024
1.703542  -0.200374
1.704148  -0.143086
1.671069  -0.142737
1.671674  -0.085447
1.620849  -0.113401
1.603709  -0.084415
1.654533  -0.056461
1.620551  -0.055944
1.654832  -0.113917
1.637691  -0.084931
1.736617  -0.200744
1.702934  -0.257696
1.719170  -0.286549
1.736009  -0.258066
1.687911  -0.114266
1.687305  -0.171555
1.622059  0.001169
1.570957  -0.026537
1.555345  0.002354
1.604314  -0.027130
1.588702  0.001761
1.638296  -0.027646
1.624204  0.115585
1.657270  0.115239
1.640426  0.086764
1.641684  0.201356
1.624836  0.172881
1.607987  0.144407
1.657901  0.172535
1.674119  0.143713
1.641053  0.144060
1.674731  0.201021
1.707778  0.200686
1.690948  0.172200
1.692081  0.286694
1.742517  0.372417
1.758197  0.286194
1.725139  0.286444
1.725705  0.343843
1.708893  0.315269
1.758763  0.343593
1.775009  0.314768
1.741951  0.315018
1.724577  0.229132
1.708329  0.257913
1.741387  0.257663
1.658483  0.229802
1.675282  0.258248
1.691530  0.229467
1.808687  0.371745
1.775602  0.372081
1.791848  0.343257
1.793027  0.457921
1.776190  0.429419
1.759354  0.400918
1.825523  0.400246
1.809275  0.429084
1.792438  0.400582
1.859163  0.457204
1.826095  0.457562
1.842343  0.428725
1.843475  0.543347
1.809843  0.486396
1.826659  0.514872
1.875979  0.485680
1.859727  0.514514
1.842911  0.486038
1.876667  0.542853
1.894096  0.628873
1.946957  0.712458
1.911716  0.656734
1.929337  0.684596
1.979380  0.654486
1.963168  0.683472
1.927928  0.627749
1.961759  0.626624
1.945548  0.655610
1.909858  0.542359
1.910414  0.599870
1.926732  0.570867
1.944245  0.598746
1.892919  0.514019
1.860349  0.571856
1.877223  0.600364
1.893540  0.571362
2.013169  0.711552
1.980063  0.712005
1.996274  0.683019
1.997455  0.797685
2.013729  0.768823
2.030002  0.739961
2.063662  0.796956
2.030559  0.797321
2.046832  0.768458
1.980623  0.769276
1.963790  0.740867
1.996896  0.740414
2.047971  0.883191
2.031133  0.854689
2.014294  0.826187
2.080501  0.825458
2.064236  0.854324
2.047397  0.825822
2.114234  0.882494
2.081102  0.882842
2.097367  0.853976
2.098574  0.968744
2.064839  0.911709
2.081706  0.940227
2.131101  0.911012
2.114838  0.939878
2.097970  0.911360
2.131549  0.968147
2.164524  0.967550
2.147812  0.939281
2.148084  1.053108
2.115077  0.996866
2.131581  1.024987
2.181027  0.995672
2.164555  1.024390
2.148052  0.996269
2.180765  1.052468
2.213446  1.051827
2.197236  1.023749
2.195700  1.137495
2.229317  1.079956
2.212509  1.108726
2.163956  1.081237
2.179828  1.109366
2.196637  1.080597
2.260056  1.136532
2.227878  1.137014
2.244687  1.108244
2.241660  1.221728
2.275376  1.164609
2.258518  1.193169
2.307628  1.222669
2.274644  1.222199
2.291502  1.193639
2.226340  1.193651
2.211020  1.165573
2.243198  1.165091
2.289694  1.308462
2.273683  1.279551
2.257671  1.250639
2.323640  1.251580
2.306667  1.280021
2.290655  1.251110
2.357871  1.310688
2.323782  1.309575
2.340755  1.281134
2.341067  1.397130
2.377143  1.398933
2.413219  1.400737
2.374995  1.340244
2.358031  1.368687
2.394107  1.370491
2.306818  1.338018
2.323943  1.367574
2.340907  1.339131
2.396085  1.486812
2.453883  1.576046
2.431653  1.487620
2.467222  1.488429
2.470186  1.547110
2.486488  1.518174
2.434617  1.546301
2.415351  1.516557
2.450919  1.517365
2.413821  1.458721
2.431558  1.430631
2.449390  1.459530
2.359406  1.427024
2.377745  1.456918
2.395482  1.428827
2.523199  1.576489
2.508948  1.663380
2.490593  1.634269
2.472238  1.605157
2.488541  1.576267
2.541554  1.605600
2.525251  1.634490
2.506896  1.605379
2.504844  1.547331
2.575297  1.662701
2.542123  1.663041
2.558425  1.634151
2.559548  1.749065
2.525815  1.691942
2.542682  1.720503
2.592164  1.691262
2.575856  1.720163
2.558989  1.691602
2.592681  1.748803
2.625814  1.748542
2.608989  1.719902
2.609986  1.834868
2.660422  1.921231
2.676185  1.834735
2.643086  1.834801
2.643610  1.892443
2.626798  1.863655
2.676709  1.892377
2.692996  1.863522
2.659897  1.863589
2.642627  1.777143
2.626307  1.806005
2.659406  1.805939
2.576361  1.777666
2.593174  1.806267
2.609494  1.777404
2.726778  1.920692
2.711057  2.007172
2.761666  2.093006
2.727926  2.035783
2.744796  2.064395
2.794303  2.035149
2.861297  2.092027
2.828087  2.092353
2.794876  2.092680
2.777985  2.064078
2.844405  2.063425
2.827513  2.034823
2.893941  2.034166
2.877619  2.063096
2.860727  2.034494
2.693600  1.920961
2.694178  1.978525
2.677300  1.949878
2.743656  1.949339
2.727356  1.978255
2.710478  1.949608
2.709887  1.892107
2.777433  2.006538
2.744245  2.006855
2.760545  1.977938
2.811195  2.063751
2.761115  2.035466
2.927731  2.091368
2.894514  2.091697
2.910836  2.062767
2.911982  2.177836
2.878192  2.120630
2.895087  2.149233
2.944626  2.119971
2.928304  2.148904
2.911409  2.120301
3.011639  2.176846
2.945201  2.177506
2.978420  2.177176
2.977845  2.119641
2.994742  2.148243
2.961523  2.148574
3.027958  2.147912
3.044278  2.118979
3.011061  2.119310
3.108970  2.174535
3.076722  2.118208
3.092846  2.146372
3.044083  2.176075
3.076527  2.175305
3.060402  2.147142
3.125037  2.145464
3.141104  2.116393
3.108913  2.117301
3.134578  2.170797
3.160186  2.167059
3.150645  2.141726
3.211950  2.246752
3.249638  2.192084
3.230794  2.219418
3.273954  2.251104
3.242952  2.248928
3.261796  2.221594
3.203231  2.218942
3.133998  2.245868
3.168528  2.190837
3.151263  2.218352
3.185966  2.246457
3.159982  2.246163
3.194512  2.191132
3.177247  2.218647
3.222075  2.191608
3.247752  2.334975
3.235818  2.305567
3.223884  2.276160
3.285887  2.280512
3.266820  2.307743
3.254886  2.278336
3.117313  2.198312
3.125655  2.222090
3.142920  2.194575
2.968144  -2.135193
2.868501  -2.134147
2.768861  -2.133104
2.752557  -2.104177
2.736253  -2.075250
2.785768  -2.104516
2.802676  -2.075928
2.769464  -2.075589
2.985052  -2.106604
3.001960  -2.078015
2.935531  -2.077318
2.951837  -2.106256
2.901715  -2.134496
2.934930  -2.134845
2.885409  -2.105558
2.902316  -2.076969
2.852195  -2.105212
2.835889  -2.076276
2.802074  -2.133452
2.835287  -2.133800
2.818982  -2.104864
2.968745  -2.077667
3.001288  -2.135499
3.034432  -2.135805
3.018196  -2.106910
2.869103  -2.076623
2.918623  -2.105907
3.015581  -2.221126
3.111603  -2.227803
3.209390  -2.247239
3.180225  -2.175165
3.194808  -2.211202
3.243508  -2.191728
3.226449  -2.219484
3.211867  -2.183446
3.047589  -2.223351
3.079596  -2.225577
3.082252  -2.166674
3.096928  -2.197238
3.050245  -2.164449
3.032913  -2.192787
3.064920  -2.195013
2.983956  -2.163838
2.999769  -2.192482
3.017100  -2.164143
3.129617  -2.198244
3.144199  -2.234281
3.176795  -2.240760
3.147630  -2.168686
3.162212  -2.204723
3.114941  -2.167680
2.571196  -1.958738
2.604476  -1.959037
2.637757  -1.959335
2.605022  -1.901574
2.588109  -1.930156
2.621389  -1.930454
2.620301  -2.045291
2.603933  -2.016440
2.587564  -1.987589
2.637213  -2.016738
2.654125  -1.988186
2.620845  -1.987887
2.686733  -2.045979
2.669229  -2.132060
2.653517  -2.045635
2.652920  -2.103137
2.636610  -2.074214
2.686136  -2.103481
2.703042  -2.074902
2.669826  -2.074558
2.670429  -2.017083
2.522285  -1.872069
2.473424  -1.785345
2.424564  -1.698596
2.375513  -1.612071
2.408214  -1.669754
2.391864  -1.640913
2.441988  -1.612648
2.408750  -1.612360
2.458338  -1.641490
2.441451  -1.670043
2.425101  -1.641201
2.555502  -1.872376
2.588719  -1.872684
2.539177  -1.843503
2.506603  -1.785687
2.490319  -1.756777
2.490927  -1.699293
2.457746  -1.698945
2.474633  -1.670391
2.556069  -1.814938
2.539782  -1.786030
2.507214  -1.728209
2.457137  -1.756428
2.440851  -1.727512
2.474032  -1.727861
2.572394  -1.843811
2.538589  -1.900959
2.554892  -1.929848
2.571805  -1.901266
2.735650  -2.132756
2.702439  -2.132408
2.719346  -2.103829
2.523498  -1.757119
2.505998  -1.843161
2.489711  -1.814253
2.522890  -1.814595
2.392406  -1.583521
2.409298  -1.554972
2.425643  -1.583810
2.326641  -1.525440
2.277817  -1.438773
2.229079  -1.352159
2.261571  -1.409901
2.245325  -1.381030
2.295335  -1.352818
2.262207  -1.352488
2.294699  -1.410231
2.311581  -1.381689
2.278453  -1.381360
2.359824  -1.525768
2.393008  -1.526095
2.343523  -1.496898
2.310974  -1.439120
2.344131  -1.439467
2.327856  -1.410578
2.360405  -1.468356
2.310366  -1.496551
2.294091  -1.467662
2.327248  -1.468009
2.376706  -1.497225
2.342932  -1.554317
2.359222  -1.583194
2.376115  -1.554644
3.273100  -2.251267
3.241245  -2.249253
3.258304  -2.221497
3.247752  -2.334975
3.234965  -2.305729
3.222177  -2.276484
3.266820  -2.307743
3.285887  -2.280512
3.254032  -2.278498
2.245972  -1.323623
2.262866  -1.295087
2.279101  -1.323952
2.180688  -1.265743
2.125269  -1.183769
2.143742  -1.211093
2.162215  -1.238418
2.214115  -1.208462
2.197401  -1.237102
2.160456  -1.182453
2.195642  -1.181138
2.178928  -1.209778
2.246735  -1.266281
2.213712  -1.266012
2.230425  -1.237372
2.212948  -1.323353
2.196818  -1.294548
2.229842  -1.294817
2.142203  -1.155042
2.159137  -1.126316
2.177390  -1.153727
2.076405  -1.097101
2.027730  -1.010548
1.979001  -0.923954
1.929423  -0.834905
1.962793  -0.835883
1.996164  -0.836861
1.995845  -0.895249
2.012690  -0.866544
1.962475  -0.894271
1.945949  -0.864588
1.979319  -0.865566
2.109627  -1.097264
2.142849  -1.097427
2.092693  -1.125990
2.108981  -1.154879
2.125915  -1.126153
2.093279  -1.068592
2.060829  -1.010890
2.044606  -0.982037
2.045238  -0.924663
2.012119  -0.924309
2.028964  -0.895603
2.110153  -1.040083
2.093929  -1.011232
2.061481  -0.953527
2.011487  -0.981683
1.995244  -0.952819
2.028363  -0.953173
2.126501  -1.068755
2.077705  -0.982379
2.060180  -1.068250
2.043955  -1.039399
2.077054  -1.039741
1.946397  -0.806503
1.963371  -0.778102
1.979767  -0.807481
1.880093  -0.747411
1.913510  -0.748174
1.946927  -0.748937
1.913805  -0.690428
1.896949  -0.718919
1.930366  -0.719683
1.896536  -0.776575
1.912980  -0.805740
1.929953  -0.777339
1.831022  -0.660686
1.782236  -0.574112
1.733472  -0.487594
1.684883  -0.400793
1.750347  -0.459080
1.767223  -0.430566
1.717955  -0.401212
1.751027  -0.401632
1.701079  -0.429726
1.717276  -0.458660
1.734151  -0.430146
1.897448  -0.661520
1.864235  -0.661103
1.864733  -0.603701
1.814760  -0.631828
1.798498  -0.602970
1.848471  -0.574843
1.799092  -0.545619
1.799692  -0.488288
1.766582  -0.487941
1.783458  -0.459427
1.847878  -0.632193
1.815354  -0.574478
1.815947  -0.517127
1.765982  -0.545273
1.749727  -0.516433
1.782837  -0.516780
1.881090  -0.632610
1.847379  -0.689594
1.863736  -0.718502
1.880592  -0.690011
1.832209  -0.545985
1.831616  -0.603336
1.701724  -0.372329
1.718565  -0.343866
1.734796  -0.372749
1.636180  -0.314244
1.587481  -0.227803
1.653626  -0.228496
1.620554  -0.228150
1.621153  -0.170859
1.604317  -0.199331
1.637390  -0.199678
1.669255  -0.314630
1.702330  -0.315016
1.669859  -0.257310
1.603714  -0.256617
1.619947  -0.285430
1.653020  -0.285777
1.636787  -0.256963
1.686095  -0.286163
1.652415  -0.343094
1.668649  -0.371943
1.685490  -0.343480
1.539523  -0.140956
1.555205  -0.112447
1.570886  -0.083937
1.605167  -0.141910
1.572345  -0.141433
1.588027  -0.112924
1.571495  -0.198854
1.555509  -0.169905
1.588331  -0.170382
1.473066  -0.052153
1.451683  0.037658
1.465938  -0.022216
1.458810  0.007721
1.510384  0.033382
1.481033  0.035520
1.495289  -0.024354
1.517511  0.003446
1.510900  -0.053244
1.548734  -0.054336
1.517371  -0.111355
1.495218  -0.081754
1.533052  -0.082846
1.533123  -0.025445
1.493368  0.117793
1.508823  0.088943
1.524279  0.060094
1.558548  0.116552
1.525958  0.117173
1.541413  0.088323
1.488161  0.005583
1.479473  0.091081
1.465578  0.064369
1.494928  0.062232
1.542599  0.202456
1.526189  0.174235
1.509778  0.146014
1.558779  0.173614
1.574959  0.144773
1.542368  0.145393
1.575628  0.202089
1.608656  0.201722
1.591807  0.173248
1.593175  0.287885
1.576316  0.259408
1.559458  0.230932
1.609345  0.259042
1.625514  0.230199
1.592486  0.230565
1.626143  0.287488
1.659112  0.287091
1.642313  0.258645
1.643565  0.373335
1.693872  0.458812
1.744281  0.544398
1.727478  0.515869
1.710675  0.487341
1.759975  0.458218
1.726923  0.458515
1.776778  0.486746
1.810411  0.543698
1.777346  0.544048
1.760530  0.515572
1.793594  0.515222
1.675909  0.315575
1.659737  0.344455
1.709533  0.372723
1.676549  0.373029
1.692721  0.344149
1.609972  0.316368
1.626768  0.344852
1.642940  0.315971
1.660334  0.401828
1.677103  0.430320
1.726302  0.401215
1.710087  0.430014
1.693318  0.401521
1.743139  0.429717
1.743726  0.487043
1.794733  0.629848
1.761098  0.572881
1.777916  0.601365
1.827228  0.572181
1.810980  0.601014
1.794163  0.572531
1.827854  0.629523
1.860975  0.629198
1.844101  0.600689
1.845556  0.714910
1.898003  0.798708
1.879356  0.714093
1.913157  0.713275
1.914321  0.769958
1.930639  0.741208
1.880521  0.770775
1.863038  0.742843
1.896839  0.742025
1.877916  0.657552
1.861736  0.686231
1.895536  0.685414
1.811674  0.658202
1.828615  0.686556
1.844795  0.657877
1.964305  0.798026
1.948674  0.884294
1.931784  0.855765
1.914893  0.827237
1.931154  0.798367
1.981195  0.826555
1.964934  0.855425
1.948044  0.826896
1.947472  0.769617
2.014872  0.883559
1.981773  0.883927
1.998033  0.855057
1.999182  0.969793
1.982346  0.941294
1.965510  0.912794
2.031708  0.912058
2.015445  0.940926
1.998609  0.912426
2.065443  0.969094
2.032313  0.969444
2.048576  0.940576
2.049784  1.055345
2.016049  0.998310
2.032917  1.026828
2.082311  0.997611
2.066048  1.026478
2.049180  0.997961
2.082551  1.054599
2.115317  1.053854
2.098814  1.025732
2.099486  1.140098
2.066352  1.083596
2.082919  1.111847
2.115685  1.111101
2.131885  1.082105
2.099118  1.082850
2.131557  1.139230
2.163629  1.138363
2.147757  1.110234
2.145844  1.223287
2.179081  1.166092
2.162463  1.194690
2.114939  1.167828
2.130392  1.195557
2.147010  1.166960
2.209721  1.222248
2.177783  1.222767
2.194401  1.194170
2.190144  1.306808
2.238677  1.393821
2.222500  1.364816
2.206322  1.335812
2.256511  1.307910
2.223328  1.307359
2.272689  1.336915
2.255683  1.365368
2.239505  1.336363
2.207316  1.278448
2.224488  1.250088
2.240499  1.278999
2.175378  1.278967
2.160611  1.251127
2.192549  1.250608
2.306937  1.396027
2.272807  1.394924
2.289813  1.366471
2.290300  1.482655
2.346671  1.572479
2.309090  1.512597
2.327880  1.542538
2.379613  1.515368
2.363142  1.543923
2.418146  1.574857
2.382408  1.573668
2.398880  1.545112
2.255885  1.423432
2.273093  1.453044
2.324145  1.425638
2.307222  1.454147
2.290015  1.424535
2.325562  1.484041
2.360823  1.485426
2.344352  1.513982
2.342484  1.455532
2.404647  1.662631
2.385322  1.632580
2.365996  1.602530
2.437471  1.604908
2.421059  1.633769
2.401734  1.603719
2.474181  1.663131
2.439414  1.662881
2.455826  1.634019
2.460034  1.750091
2.441572  1.720938
2.423109  1.691784
2.492643  1.692284
2.476339  1.721187
2.457876  1.692034
2.526377  1.749407
2.493205  1.749749
2.509510  1.720845
2.510688  1.835808
2.476919  1.778663
2.493803  1.807236
2.543262  1.777979
2.526975  1.806894
2.510090  1.778321
2.543788  1.835495
2.576887  1.835181
2.560074  1.806580
2.561078  1.921591
2.611715  2.007984
2.662067  2.093987
2.645283  2.065319
2.628499  2.036652
2.677943  2.007443
2.644829  2.007713
2.678397  2.065049
2.695267  2.093660
2.728466  2.093333
2.694727  2.036110
2.711597  2.064722
2.593684  1.863776
2.577381  1.892683
2.627307  1.921351
2.594192  1.921471
2.610495  1.892563
2.527485  1.864402
2.544281  1.892997
2.560584  1.864089
2.577957  1.950389
2.594836  1.979187
2.644186  1.950149
2.627950  1.979066
2.611071  1.950269
2.661064  1.978796
2.661613  2.036381
2.712693  2.179819
2.745342  2.121944
2.729017  2.150882
2.678942  2.122598
2.695818  2.151208
2.712142  2.122271
2.812328  2.178827
2.779116  2.179158
2.745905  2.179488
2.795441  2.150220
2.778553  2.121613
2.762229  2.150551
2.844974  2.120960
2.828651  2.149893
2.811764  2.121287
2.878764  2.178166
2.845546  2.178497
2.861869  2.149563
2.863014  2.264636
2.829223  2.207430
2.846119  2.236033
2.895659  2.206770
2.879336  2.235703
2.862441  2.207100
2.962679  2.263642
2.896236  2.264305
2.929457  2.263973
2.928881  2.206438
2.945780  2.235040
2.912558  2.235371
2.995319  2.205778
2.978999  2.234710
2.962100  2.206108
3.062333  2.262639
3.141790  2.323186
3.115304  2.303004
3.088819  2.282821
3.086221  2.257049
3.110110  2.251458
3.139192  2.297413
3.136595  2.271641
3.112707  2.277231
2.995897  2.263308
3.029115  2.262973
3.028537  2.205443
3.045435  2.234041
3.012217  2.234376
3.093425  2.203903
3.077879  2.233271
3.060981  2.204673
3.101767  2.227681
3.165177  2.297708
3.188563  2.272230
3.212431  2.331045
3.188530  2.415218
3.172950  2.384540
3.157370  2.353863
3.177110  2.327115
3.228011  2.361722
3.208271  2.388470
3.192691  2.357793
3.200497  2.301637
3.162579  2.271935
2.917424  -2.220962
2.817776  -2.219916
2.718133  -2.218870
2.618495  -2.217828
2.569614  -2.131000
2.520504  -2.044444
2.553244  -2.102148
2.536874  -2.073296
2.587035  -2.045009
2.553770  -2.044727
2.603405  -2.073861
2.586510  -2.102430
2.570140  -2.073578
2.951237  -2.163783
2.934331  -2.192372
2.884809  -2.163085
2.901116  -2.192024
2.850992  -2.220265
2.884208  -2.220613
2.834684  -2.191327
2.851593  -2.162737
2.801471  -2.190979
2.785166  -2.162041
2.735042  -2.190281
2.701831  -2.189933
2.652318  -2.160650
2.585908  -2.159943
2.602202  -2.188885
2.635407  -2.189239
2.636024  -2.131707
2.602819  -2.131354
2.619113  -2.160296
2.918023  -2.163434
2.950143  -2.221017
2.965103  -2.307040
2.933317  -2.249654
2.949210  -2.278347
2.981929  -2.278402
2.998755  -2.249764
2.982862  -2.221071
2.966036  -2.249709
2.967050  -2.192427
2.818379  -2.162389
2.867900  -2.191675
2.685530  -2.160997
2.684920  -2.218523
2.651708  -2.218175
2.668619  -2.189586
2.751951  -2.161693
2.718741  -2.161345
2.751347  -2.219219
2.784562  -2.219567
2.768256  -2.190630
3.058386  -2.309413
3.152426  -2.321462
3.171414  -2.296721
3.190402  -2.271980
3.138818  -2.290242
3.125211  -2.259022
3.157806  -2.265501
3.093864  -2.255006
3.076125  -2.282210
3.121079  -2.317446
3.089732  -2.313430
3.107472  -2.286226
3.029849  -2.250555
3.044117  -2.279984
3.061857  -2.252781
2.996197  -2.307831
3.027291  -2.308622
3.013023  -2.279193
3.215977  -2.330470
3.188530  -2.415218
3.184201  -2.325966
3.176495  -2.383966
3.164460  -2.352714
3.208271  -2.388470
3.228011  -2.361722
3.196236  -2.357218
3.203189  -2.301225
2.537401  -2.015876
2.554299  -1.987307
2.570667  -2.016158
2.471606  -1.957765
2.422738  -1.871037
2.455317  -1.928856
2.439027  -1.899947
2.455920  -1.871381
2.439633  -1.842473
2.456528  -1.813909
2.489103  -1.871725
2.472816  -1.842817
2.504803  -1.958090
2.537999  -1.958414
2.488499  -1.929200
2.505392  -1.900634
2.472210  -1.900290
2.521696  -1.929524
2.487905  -1.986658
2.504205  -2.015551
2.521102  -1.986983
2.619715  -2.102784
2.373867  -1.784347
2.324888  -1.697718
2.407665  -1.727180
2.390766  -1.755763
2.341214  -1.726594
2.357541  -1.755471
2.358113  -1.698011
2.391339  -1.698303
2.374440  -1.726887
2.440238  -1.785012
2.407053  -1.784679
2.423952  -1.756096
2.406448  -1.842140
2.390157  -1.813244
2.423343  -1.813576
2.341763  -1.669169
2.358638  -1.640620
2.374989  -1.669462
2.276000  -1.611074
2.227169  -1.524401
2.178449  -1.437793
2.129534  -1.351065
2.074864  -1.268686
2.110138  -1.267705
2.145413  -1.266724
2.146585  -1.322624
2.163636  -1.294183
2.111310  -1.323606
2.093087  -1.296146
2.128362  -1.295165
2.309171  -1.611406
2.342342  -1.611739
2.292296  -1.639955
2.308592  -1.668837
2.325467  -1.640288
2.292880  -1.582529
2.260327  -1.524747
2.244052  -1.495858
2.244694  -1.438446
2.212202  -1.380704
2.162144  -1.408884
2.145839  -1.379974
2.195897  -1.351794
2.162715  -1.351430
2.195326  -1.409248
2.179020  -1.380339
2.309760  -1.553985
2.293484  -1.525094
2.260934  -1.467315
2.211571  -1.438120
2.228448  -1.409575
2.326051  -1.582862
2.277209  -1.496205
2.259723  -1.582183
2.243446  -1.553292
2.276603  -1.553638
2.210929  -1.495531
2.194689  -1.466662
2.227812  -1.466989
2.179767  -1.322989
2.108467  -1.212075
2.091665  -1.240380
2.126940  -1.239399
2.025787  -1.182632
1.977106  -1.096074
1.928291  -1.008870
1.879139  -0.920653
1.912661  -0.863488
1.895900  -0.892070
1.945713  -0.922854
1.912426  -0.921754
1.929187  -0.893171
2.058948  -1.183011
2.092109  -1.183390
2.042660  -1.154122
2.010205  -1.096416
1.993981  -1.067565
1.994584  -1.009988
1.962097  -0.952260
1.911907  -0.979465
1.895523  -0.950059
1.945194  -0.980565
1.928810  -0.951159
2.059532  -1.125611
2.043305  -1.096759
2.010856  -1.039056
1.961437  -1.009429
1.978341  -0.981124
2.075820  -1.154501
2.042146  -1.211317
2.058505  -1.240001
2.075307  -1.211696
2.027080  -1.067907
2.009560  -1.153779
1.993333  -1.124926
2.026433  -1.125269
1.960834  -1.067006
1.944562  -1.037938
1.977709  -1.038497
1.829510  -0.832875
1.846053  -0.862134
1.862596  -0.891394
1.862814  -0.833551
1.896119  -0.834228
1.879357  -0.862811
1.863232  -0.775899
1.780458  -0.746161
1.731644  -0.659577
1.682965  -0.572823
1.634322  -0.486037
1.650536  -0.514966
1.666751  -0.543894
1.716636  -0.516004
1.699801  -0.544413
1.700422  -0.487075
1.667372  -0.486556
1.683586  -0.515485
1.846371  -0.804387
1.796809  -0.775065
1.813159  -0.803970
1.846881  -0.746994
1.813670  -0.746577
1.814168  -0.689177
1.764187  -0.717299
1.747915  -0.688438
1.797896  -0.660316
1.764770  -0.659947
1.797313  -0.717669
1.781041  -0.688808
1.879675  -0.805063
1.830524  -0.718086
1.830020  -0.775482
1.765372  -0.602600
1.748508  -0.631089
1.781634  -0.631458
1.715417  -0.630659
1.699191  -0.601741
1.749146  -0.573682
1.716055  -0.573253
1.732282  -0.602171
1.732891  -0.544843
1.668030  -0.429207
1.651176  -0.457622
1.684226  -0.458141
1.585847  -0.399528
1.538084  -0.312571
1.492695  -0.224279
1.522955  -0.283140
1.507825  -0.253710
1.555886  -0.226629
1.524291  -0.225454
1.571015  -0.256059
1.554550  -0.284315
1.539420  -0.254884
1.618859  -0.399950
1.651871  -0.400371
1.619402  -0.342672
1.554005  -0.341557
1.569926  -0.370542
1.602625  -0.371100
1.603482  -0.313686
1.570783  -0.313129
1.587248  -0.284873
1.635637  -0.371522
1.602005  -0.428364
1.618164  -0.457201
1.635018  -0.428786
1.586704  -0.342114
1.508305  -0.196505
1.440575  -0.146467
1.379467  -0.089015
1.372103  0.000354
1.404244  0.107311
1.420057  0.084093
1.435870  0.060875
1.398630  0.012789
1.425156  0.025223
1.382817  0.036007
1.393530  0.071659
1.409343  0.048441
1.523914  -0.168730
1.506540  -0.142793
1.473558  -0.144630
1.475322  -0.198342
1.457949  -0.172405
1.490931  -0.170567
1.539900  -0.197679
1.451406  -0.115029
1.441866  -0.064440
1.410667  -0.076728
1.374558  -0.029435
1.377012  -0.059225
1.405758  -0.017148
1.439412  -0.034650
1.408212  -0.046938
1.462236  -0.083591
1.420206  -0.127317
1.399836  -0.108166
1.431036  -0.095878
1.484388  -0.113192
1.432284  -0.004714
1.463660  0.114299
1.441835  0.204976
1.494561  0.289237
1.476986  0.261150
1.459410  0.233063
1.509011  0.203296
1.476190  0.146854
1.429305  0.172421
1.416774  0.139866
1.433952  0.110805
1.459013  0.175915
1.446482  0.143360
1.449765  0.087587
1.475423  0.204136
1.492601  0.175075
1.510573  0.260310
1.526586  0.231383
1.492998  0.232223
1.527432  0.288787
1.560303  0.288336
1.543445  0.259859
1.545031  0.374592
1.528207  0.346141
1.511384  0.317689
1.561079  0.345690
1.577127  0.316787
1.544255  0.317238
1.577876  0.374173
1.594716  0.459559
1.645123  0.545241
1.661373  0.516431
1.677622  0.487621
1.627768  0.459310
1.660820  0.459061
1.611518  0.488119
1.628321  0.516680
1.644570  0.487870
1.610720  0.373754
1.610999  0.430818
1.627282  0.402076
1.644051  0.430569
1.593924  0.345271
1.561592  0.402914
1.578154  0.431236
1.594437  0.402495
1.711228  0.544679
1.678176  0.544960
1.694425  0.516150
1.695539  0.630886
1.678734  0.602338
1.661928  0.573789
1.728034  0.573227
1.711787  0.602057
1.694981  0.573508
1.761668  0.630194
1.728604  0.630540
1.744851  0.601711
1.745981  0.716344
1.712353  0.659372
1.729167  0.687858
1.778482  0.658680
1.762232  0.687512
1.745418  0.659026
1.779173  0.715866
1.796585  0.801865
1.849314  0.885621
1.814161  0.829784
1.831737  0.857702
1.881773  0.827679
1.865544  0.856650
1.830391  0.800813
1.864197  0.799760
1.847967  0.828731
1.812364  0.715388
1.812909  0.772880
1.829232  0.743895
1.846715  0.771828
1.795423  0.687034
1.762849  0.744851
1.779717  0.773358
1.796041  0.744373
1.915554  0.884736
1.882434  0.885178
1.898664  0.856208
1.899856  0.970882
1.950391  1.056393
1.933546  1.027890
1.916701  0.999386
1.966073  0.970156
1.932965  0.970519
1.982918  0.998660
1.966654  1.027527
1.949810  0.999023
1.916129  0.942020
1.932401  0.913157
1.949237  0.941657
1.883009  0.942462
1.866161  0.914041
1.899281  0.913599
2.016653  1.055694
1.983522  1.056044
1.999786  1.027177
2.000994  1.141946
1.967258  1.084911
1.984126  1.113428
2.033521  1.084212
2.017257  1.113079
2.000389  1.084561
2.033825  1.141330
2.066655  1.140714
2.050088  1.112463
2.049613  1.225927
2.017200  1.169940
2.033407  1.197933
2.082862  1.168708
2.066238  1.197317
2.050031  1.169324
2.081690  1.225047
2.113767  1.224167
2.098315  1.196437
2.095936  1.309300
2.129208  1.251958
2.112572  1.280629
2.065054  1.253718
2.080495  1.281509
2.097131  1.252838
2.158741  1.307638
2.127339  1.308469
2.143975  1.279798
2.139935  1.392706
2.173408  1.335440
2.156671  1.364073
2.205763  1.393449
2.172849  1.393078
2.189585  1.364445
2.125268  1.364904
2.110602  1.337102
2.142005  1.336271
2.187664  1.479220
2.171754  1.450382
2.155844  1.421544
2.221673  1.422287
2.204668  1.450753
2.188759  1.421916
2.256088  1.481510
2.221876  1.480365
2.238880  1.451899
2.239288  1.568063
2.275082  1.569535
2.310877  1.571007
2.273296  1.511124
2.256292  1.539594
2.292086  1.541066
2.204872  1.508834
2.222080  1.538448
2.239084  1.509979
2.295819  1.658667
2.355166  1.748869
2.332095  1.659989
2.368371  1.661310
2.371660  1.720123
2.388153  1.691377
2.335383  1.718802
2.315601  1.688735
2.351877  1.690056
2.312770  1.629938
2.329720  1.601209
2.349046  1.631259
2.258132  1.598264
2.276976  1.628466
2.293926  1.599736
2.425078  1.749684
2.390122  1.749276
2.406616  1.720530
2.410863  1.836661
2.392297  1.807397
2.373731  1.778133
2.443644  1.778948
2.427253  1.807805
2.408688  1.778540
2.477413  1.836093
2.444138  1.836377
2.460528  1.807520
2.461687  1.922480
2.427804  1.865268
2.444746  1.893874
2.494355  1.864699
2.478021  1.893589
2.461080  1.864983
2.494817  1.922184
2.512113  2.008475
2.562345  2.095066
2.578802  2.066039
2.595258  2.037012
2.545314  2.008311
2.578514  2.008148
2.528857  2.037339
2.545601  2.066202
2.562058  2.037175
2.527947  1.921888
2.528435  1.979514
2.544756  1.950553
2.561635  1.979350
2.511151  1.893293
2.478496  1.951145
2.495305  1.979810
2.511626  1.950849
2.595586  2.094706
2.628826  2.094347
2.612042  2.065679
2.613034  2.180835
2.663705  2.266626
2.646254  2.180497
2.679474  2.180158
2.680034  2.237690
2.696364  2.208755
2.646815  2.238029
2.629925  2.209432
2.663144  2.209093
2.629379  2.151886
2.645723  2.122936
2.662598  2.151547
2.596138  2.152246
2.579241  2.123656
2.612482  2.123296
2.763358  2.265633
2.730140  2.265964
2.696923  2.266295
2.746470  2.237028
2.729581  2.208424
2.796005  2.207762
2.779681  2.236697
2.762793  2.208093
2.713252  2.237359
2.829795  2.264968
2.796577  2.265301
2.812900  2.236365
2.814046  2.351439
2.780254  2.294235
2.797150  2.322837
2.846691  2.293570
2.830368  2.322504
2.813473  2.293902
2.913712  2.350450
3.013394  2.349445
3.029707  2.320510
3.046020  2.291574
3.098991  2.331939
3.056193  2.340692
3.072506  2.311757
2.847268  2.351109
2.880490  2.350779
2.879913  2.293241
2.896812  2.321845
2.863590  2.322175
2.930034  2.321514
2.996489  2.320844
2.979584  2.292243
2.946357  2.292578
2.946939  2.350115
2.980167  2.349780
2.963262  2.321179
2.913135  2.292909
3.012802  2.291909
3.085774  2.410784
3.037521  2.369892
3.061648  2.390338
3.123118  2.352385
3.104446  2.381585
3.080319  2.361138
3.154278  2.413740
3.120026  2.412262
3.138698  2.383063
3.127326  2.493959
3.113475  2.466234
3.099625  2.438509
3.168129  2.441465
3.147727  2.467712
3.133877  2.439987
2.866699  -2.306735
2.767050  -2.305688
2.667408  -2.304641
2.651104  -2.275703
2.634799  -2.246766
2.684316  -2.276051
2.701224  -2.247460
2.668012  -2.247113
2.883607  -2.278144
2.900515  -2.249553
2.834084  -2.248856
2.850391  -2.277795
2.800266  -2.306037
2.833482  -2.306386
2.783959  -2.277097
2.800867  -2.248507
2.750744  -2.276749
2.734438  -2.247809
2.700622  -2.304990
2.733836  -2.305339
2.717530  -2.276400
2.867300  -2.249204
2.899500  -2.306836
2.932301  -2.306938
2.916408  -2.278245
2.767653  -2.248158
2.817175  -2.277446
2.518853  -2.216867
2.469862  -2.130144
2.552693  -2.159623
2.535773  -2.188245
2.486192  -2.159051
2.502522  -2.187959
2.503112  -2.130429
2.536363  -2.130715
2.519443  -2.159337
2.585281  -2.217508
2.552067  -2.217187
2.568987  -2.188565
2.567768  -2.303610
2.634194  -2.304297
2.600981  -2.303954
2.601586  -2.246422
2.584677  -2.275016
2.617890  -2.275360
2.551463  -2.274696
2.535158  -2.245781
2.568372  -2.246102
2.486743  -2.101577
2.503623  -2.073011
2.519993  -2.101863
2.420917  -2.043464
2.372046  -1.956730
2.323188  -1.869979
2.355760  -1.927813
2.339474  -1.898896
2.389554  -1.870684
2.356371  -1.870332
2.388944  -1.928166
2.405841  -1.899602
2.372657  -1.899249
2.454112  -2.043791
2.487308  -2.044117
2.437232  -2.072357
2.453547  -2.101250
2.470427  -2.072684
2.437813  -2.014897
2.405233  -1.957075
2.438419  -1.957420
2.422130  -1.928511
2.454710  -1.986331
2.404627  -2.014552
2.388336  -1.985641
2.421523  -1.985986
2.471009  -2.015224
2.911979  -2.391519
2.881792  -2.334996
2.896885  -2.363258
2.947395  -2.335199
3.002603  -2.392881
3.096408  -2.401288
3.127326  -2.493959
3.117020  -2.463069
3.106714  -2.432179
3.157823  -2.410575
3.127115  -2.405931
3.147727  -2.467712
3.168129  -2.441465
3.137421  -2.436822
2.942187  -2.391973
2.972395  -2.392427
2.977603  -2.335653
2.990103  -2.364267
2.929687  -2.363359
2.959895  -2.363813
2.914593  -2.335098
3.021197  -2.365058
3.071060  -2.340038
3.083734  -2.370663
3.033871  -2.395683
3.065139  -2.398486
3.039791  -2.337236
3.052465  -2.367861
3.008697  -2.336445
3.133753  -2.348071
3.115080  -2.374679
3.102406  -2.344055
3.145788  -2.379323
2.340081  -1.841435
2.274243  -1.783364
2.307451  -1.783691
2.340659  -1.784019
2.308006  -1.726267
2.291125  -1.754815
2.324333  -1.755143
2.356974  -1.812891
2.306873  -1.841107
2.290558  -1.812235
2.323766  -1.812563
2.373264  -1.841788
2.225358  -1.696710
2.176522  -1.610032
2.127769  -1.523405
2.160271  -1.581156
2.144020  -1.552280
2.194036  -1.524069
2.160902  -1.523737
2.193404  -1.581488
2.210287  -1.552944
2.177153  -1.552612
2.258534  -1.697046
2.291711  -1.697382
2.242238  -1.668165
2.209681  -1.610379
2.242840  -1.610726
2.226564  -1.581835
2.259119  -1.639619
2.209079  -1.667817
2.192800  -1.638924
2.225960  -1.639272
2.275415  -1.668501
2.241653  -1.725595
2.257948  -1.754479
2.274830  -1.725931
2.144662  -1.494868
2.161555  -1.466330
2.177796  -1.495199
2.078652  -1.437328
2.024025  -1.354827
2.042234  -1.382327
2.060443  -1.409828
2.112573  -1.379819
2.095613  -1.408574
2.059194  -1.353573
2.094364  -1.352319
2.077404  -1.381073
2.145183  -1.437638
2.111918  -1.437483
2.128878  -1.408729
2.111396  -1.494713
2.095024  -1.466020
2.128290  -1.466175
2.040971  -1.326113
2.057917  -1.297400
2.076141  -1.324860
1.975152  -1.268154
1.926471  -1.181595
1.877752  -1.095006
1.828233  -1.005864
1.861586  -1.006866
1.894938  -1.007868
1.894598  -1.066294
1.911445  -1.037582
1.861246  -1.065292
1.844740  -1.035578
1.878092  -1.036580
2.008389  -1.268331
2.041626  -1.268509
1.991443  -1.297045
2.007734  -1.325936
2.024680  -1.297222
1.992030  -1.239647
1.959577  -1.181941
1.943349  -1.153088
1.943988  -1.095718
1.910870  -1.095362
1.910231  -1.152732
1.893992  -1.123869
1.960228  -1.124581
1.927110  -1.124225
2.008909  -1.211139
1.992682  -1.182286
1.976455  -1.153434
2.025268  -1.239824
1.958925  -1.239301
1.942698  -1.210448
1.975803  -1.210794
1.927716  -1.066650
1.845202  -0.977460
1.862170  -0.949057
1.878554  -0.978462
1.778943  -0.918348
1.812341  -0.919117
1.845740  -0.919885
1.812654  -0.861366
1.795798  -0.889857
1.829197  -0.890625
1.795373  -0.947520
1.811803  -0.976692
1.828771  -0.948288
1.729888  -0.831638
1.681134  -0.745061
1.632424  -0.658345
1.583692  -0.571274
1.649271  -0.629837
1.666118  -0.601330
1.616783  -0.571790
1.649874  -0.572307
1.599936  -0.600298
1.616180  -0.629321
1.633027  -0.600814
1.796303  -0.832462
1.763096  -0.832050
1.763601  -0.774653
1.713637  -0.802779
1.697385  -0.773920
1.747350  -0.745794
1.697970  -0.716566
1.698570  -0.659166
1.665497  -0.658755
1.682344  -0.630248
1.746745  -0.803145
1.714242  -0.745428
1.714807  -0.688072
1.664897  -0.716156
1.648660  -0.687250
1.681734  -0.687661
1.779952  -0.803558
1.746240  -0.860541
1.762591  -0.889445
1.779447  -0.860953
1.731078  -0.716933
1.730493  -0.774286
1.600569  -0.542862
1.617445  -0.514449
1.633660  -0.543378
1.535013  -0.484048
1.485448  -0.392855
1.442011  -0.302844
1.470969  -0.362851
1.456490  -0.332848
1.506060  -0.309329
1.474035  -0.306086
1.520539  -0.339332
1.552381  -0.397304
1.518914  -0.395079
1.502994  -0.366094
1.536460  -0.368318
1.568116  -0.484711
1.601219  -0.485374
1.551239  -0.513123
1.567466  -0.542199
1.584342  -0.513786
1.568902  -0.427701
1.501970  -0.423253
1.518491  -0.453650
1.551957  -0.455875
1.535436  -0.425477
1.585061  -0.456538
1.488514  -0.336090
1.475801  -0.250467
1.458906  -0.276656
1.490930  -0.279898
1.412142  -0.223327
1.336240  -0.169078
1.350649  -0.142390
1.365058  -0.115703
1.371019  -0.161541
1.405797  -0.154004
1.385428  -0.134853
1.432055  -0.276338
1.422098  -0.249833
1.465844  -0.223962
1.438993  -0.223645
1.448950  -0.250150
1.431098  -0.172087
1.421620  -0.197707
1.361541  -0.187161
1.386842  -0.205244
1.396319  -0.179624
1.448471  -0.198025
1.294912  -0.075512
1.272999  0.017436
1.280303  -0.013547
1.287608  -0.044530
1.320642  -0.050223
1.346373  -0.024934
1.306033  0.011742
1.339068  0.006048
1.313338  -0.019241
1.323097  -0.080013
1.351282  -0.084514
1.308688  -0.106701
1.322464  -0.137889
1.336873  -0.111202
1.348827  -0.054724
1.325438  0.082335
1.332259  0.182742
1.329986  0.149273
1.327712  0.115804
1.377975  0.098986
1.351707  0.090661
1.356548  0.027681
1.340993  0.055008
1.367262  0.063334
1.290478  0.039069
1.307958  0.060702
1.323513  0.033375
1.380249  0.132455
1.356254  0.157598
1.353980  0.124130
1.405310  0.197564
1.383667  0.297917
1.368785  0.190153
1.366531  0.259525
1.349395  0.221134
1.403057  0.266936
1.422446  0.235956
1.385921  0.228545
1.392780  0.165010
1.457596  0.292131
1.420632  0.295024
1.440021  0.264043
1.449256  0.377499
1.427393  0.350972
1.405530  0.324444
1.464357  0.348079
1.479459  0.318658
1.442494  0.321551
1.481181  0.376530
1.513106  0.375561
1.496282  0.347110
1.496234  0.460855
1.480574  0.433069
1.464915  0.405284
1.512499  0.432100
1.528765  0.403346
1.496840  0.404315
1.529061  0.460423
1.561888  0.459991
1.545327  0.431668
1.546008  0.545990
1.596413  0.631719
1.646786  0.717381
1.629995  0.688827
1.613204  0.660273
1.662497  0.631164
1.629455  0.631441
1.679288  0.659718
1.712916  0.716690
1.679851  0.717035
1.663037  0.688550
1.696102  0.688204
1.612085  0.545490
1.562810  0.574566
1.579611  0.603143
1.628886  0.574067
1.612650  0.602893
1.579046  0.545740
1.595848  0.574317
1.578480  0.488369
1.562244  0.517179
1.595282  0.516930
1.512825  0.489233
1.529416  0.517611
1.545652  0.488801
1.645692  0.602615
1.646246  0.659995
1.697236  0.802847
1.663602  0.745870
1.680419  0.774358
1.729733  0.745178
1.713485  0.774013
1.696668  0.745524
1.730353  0.802520
1.763469  0.802193
1.746601  0.773685
1.747908  0.888024
1.800418  0.971899
1.781710  0.887223
1.815512  0.886422
1.816717  0.943140
1.833015  0.914380
1.782915  0.943941
1.765412  0.915983
1.799214  0.915181
1.780359  0.830585
1.764134  0.859305
1.797936  0.858503
1.714127  0.831239
1.731018  0.859632
1.747243  0.830912
1.866710  0.971221
1.851074  1.057486
1.834189  1.028957
1.817304  1.000428
1.833564  0.971560
1.883596  0.999750
1.867335  1.028618
1.850450  1.000089
1.849863  0.942801
1.917285  1.056757
1.884180  1.057122
1.900440  1.028254
1.901598  1.142994
1.884757  1.114492
1.867916  1.085989
1.934126  1.085260
1.917862  1.114127
1.901021  1.085624
1.967862  1.142295
1.934730  1.142645
1.950994  1.113778
1.952201  1.228547
1.918466  1.171512
1.935333  1.200030
1.984729  1.170813
1.968465  1.199680
1.951597  1.171163
1.984672  1.227674
2.017143  1.226800
2.000936  1.198807
2.001761  1.313340
1.968721  1.256811
1.985241  1.285076
2.017712  1.284202
2.033663  1.255065
2.001192  1.255938
2.033153  1.311993
2.064544  1.310647
2.049103  1.282856
2.046009  1.395347
2.079293  1.337982
2.062651  1.366665
2.016511  1.340676
2.031260  1.368011
2.047902  1.339329
2.108626  1.393586
2.077317  1.394467
2.093960  1.365784
2.088193  1.477675
2.136609  1.564607
2.120470  1.535629
2.104332  1.506652
2.154507  1.478705
2.121350  1.478190
2.170645  1.507682
2.153627  1.536144
2.137489  1.507167
2.105440  1.449352
2.122688  1.421029
2.138597  1.449867
2.074132  1.450232
2.060070  1.422790
2.091379  1.421909
2.205062  1.566911
2.170835  1.565759
2.187854  1.537296
2.189084  1.653962
2.250160  1.746935
2.209443  1.684953
2.229801  1.715944
2.280599  1.688090
2.265380  1.717512
2.320164  1.748224
2.285162  1.747579
2.300382  1.718157
2.154101  1.594392
2.171592  1.624177
2.222554  1.596696
2.205819  1.625329
2.188327  1.595544
2.224663  1.655530
2.260241  1.657099
2.245021  1.686521
2.241397  1.626897
2.306043  1.834087
2.268787  1.775985
2.287415  1.805036
2.338791  1.777275
2.322417  1.805681
2.303789  1.776630
2.375923  1.835803
2.361891  1.923351
2.343275  1.893596
2.324659  1.863841
2.340983  1.834945
2.394539  1.865558
2.378215  1.894454
2.359599  1.864700
2.357357  1.806539
2.428422  1.922770
2.395157  1.923060
2.411481  1.894164
2.412736  2.009183
2.378839  1.951961
2.395788  1.980572
2.445370  1.951381
2.429053  1.980282
2.412105  1.951671
2.445862  2.008947
2.478988  2.008711
2.462179  1.980046
2.463220  2.095080
2.513512  2.181585
2.529303  2.095071
2.496261  2.095076
2.496748  2.152750
2.479984  2.123915
2.529790  2.152745
2.546067  2.123906
2.513026  2.123910
2.495815  2.037343
2.479517  2.066212
2.512559  2.066207
2.429564  2.037816
2.446392  2.066448
2.462690  2.037579
2.579860  2.181085
2.564134  2.267579
2.614734  2.353420
2.597867  2.324806
2.581000  2.296192
2.630515  2.266944
2.597324  2.267261
2.647381  2.295557
2.631058  2.324489
2.614191  2.295875
2.546686  2.181335
2.547260  2.238914
2.530386  2.210249
2.580434  2.238664
2.596734  2.209750
2.563560  2.210000
2.562964  2.152495
2.613624  2.238347
2.714390  2.352428
2.697495  2.323828
2.680600  2.295227
2.747035  2.294565
2.730713  2.323497
2.713818  2.294896
2.681171  2.352759
2.647953  2.353089
2.664276  2.324158
2.780827  2.351769
2.747608  2.352098
2.763931  2.323167
2.861491  2.435423
2.896305  2.378774
2.878898  2.407098
2.829861  2.379433
2.845676  2.407428
2.863083  2.379104
2.764532  2.437931
2.731104  2.380929
2.747818  2.409430
2.797541  2.380269
2.781037  2.409100
2.764323  2.380599
2.829171  2.436259
2.796852  2.437095
2.813356  2.408264
2.964414  2.436273
3.004867  2.427777
3.045321  2.419280
2.980740  2.407330
2.997067  2.378388
3.021194  2.398834
2.930612  2.379057
2.947513  2.407665
2.963840  2.378723
2.895798  2.435706
2.930106  2.435990
2.913205  2.407382
3.043860  2.491748
3.071803  2.437772
3.057831  2.464760
2.990896  2.454765
3.017378  2.473256
3.031349  2.446268
3.099504  2.493222
3.071682  2.492485
3.085653  2.465497
3.064178  2.571150
3.057405  2.544683
3.050633  2.518215
3.106277  2.519690
3.085227  2.545420
3.078455  2.518952
2.815427  -2.392293
2.861622  -2.478032
2.846223  -2.449452
2.830825  -2.420873
2.847611  -2.392035
2.879795  -2.391777
2.878407  -2.449195
2.895193  -2.420357
2.863009  -2.420615
2.849608  -2.335254
2.832517  -2.363773
2.783176  -2.334556
2.716321  -2.391462
2.616677  -2.390412
2.517035  -2.389364
2.468110  -2.302601
2.534548  -2.303274
2.501329  -2.302937
2.500727  -2.360443
2.484418  -2.331522
2.533946  -2.360779
2.550857  -2.332195
2.517638  -2.331858
2.799301  -2.363425
2.749356  -2.391739
2.782391  -2.392016
2.733231  -2.362871
2.750140  -2.334280
2.700016  -2.362522
2.683712  -2.333581
2.633587  -2.361821
2.600374  -2.361478
2.584071  -2.332544
2.550249  -2.389713
2.583463  -2.390062
2.567160  -2.361128
2.816392  -2.334905
2.864701  -2.363515
2.716926  -2.333930
2.766266  -2.363148
2.650497  -2.333231
2.617284  -2.332887
2.649891  -2.390762
2.683106  -2.391112
2.666802  -2.362172
2.419181  -2.215870
2.485629  -2.216535
2.452405  -2.216202
2.451800  -2.273691
2.435490  -2.244780
2.485024  -2.274023
2.501938  -2.245445
2.468714  -2.245113
2.452968  -2.158719
2.436074  -2.187295
2.469298  -2.187627
2.518243  -2.274359
2.370237  -2.129163
2.321357  -2.042430
2.272476  -1.955705
2.223575  -1.869021
2.239875  -1.897916
2.256175  -1.926811
2.306284  -1.898554
2.289380  -1.927130
2.289983  -1.869660
2.256779  -1.869340
2.273079  -1.898235
2.403446  -2.129490
2.436654  -2.129817
2.387130  -2.100596
2.354543  -2.042774
2.338253  -2.013863
2.338856  -1.956389
2.305666  -1.956047
2.322570  -1.927471
2.404024  -2.072030
2.387730  -2.043119
2.355150  -1.985297
2.305063  -2.013521
2.288769  -1.984613
2.321960  -1.984955
2.420339  -2.100923
2.386552  -2.158065
2.402866  -2.186968
2.419760  -2.158392
2.371440  -2.014208
2.353944  -2.100252
2.337650  -2.071341
2.370837  -2.071685
2.240464  -1.840469
2.257354  -1.811916
2.273669  -1.840788
2.945066  -2.475571
2.983424  -2.420444
2.964245  -2.448007
2.923008  -2.419536
2.934037  -2.447553
2.953216  -2.419990
2.889437  -2.477212
2.917251  -2.476391
2.906222  -2.448374
3.034061  -2.482070
3.054843  -2.455143
3.075625  -2.428215
3.096237  -2.489996
3.065149  -2.486033
3.085931  -2.459106
3.013089  -2.422610
3.023575  -2.452340
3.044357  -2.425413
3.004396  -2.479903
2.974731  -2.477737
2.993910  -2.450174
3.064178  -2.571150
3.054139  -2.541457
3.044100  -2.511763
3.085227  -2.545420
3.106277  -2.519690
3.075188  -2.515726
2.174714  -1.782350
2.125879  -1.695669
2.075998  -1.609727
2.026035  -1.523946
2.059344  -1.581133
2.042690  -1.552540
2.093858  -1.523585
2.059946  -1.523766
2.110512  -1.552179
2.093255  -1.580953
2.076601  -1.552359
2.207891  -1.782688
2.241067  -1.783026
2.191595  -1.753803
2.159039  -1.696016
2.142760  -1.667123
2.143014  -1.609930
2.109506  -1.609829
2.126763  -1.581054
2.208477  -1.725257
2.192198  -1.696363
2.159641  -1.638578
2.109252  -1.667022
2.092625  -1.638374
2.126133  -1.638476
2.224772  -1.754141
2.191001  -1.811240
2.207288  -1.840131
2.224177  -1.811578
2.175920  -1.667470
2.158436  -1.753456
2.142157  -1.724563
2.175317  -1.724910
2.043574  -1.495074
1.974602  -1.439284
2.009285  -1.438632
2.043969  -1.437980
2.061113  -1.466201
2.008891  -1.495725
1.991747  -1.467505
2.026430  -1.466853
2.077485  -1.494893
2.007550  -1.382979
1.991076  -1.411132
2.025760  -1.410480
1.924501  -1.353670
1.875801  -1.267098
1.827102  -1.180327
1.777770  -1.091935
1.811412  -1.034554
1.794591  -1.063244
1.844425  -1.093982
1.811098  -1.092958
1.827919  -1.064268
1.957675  -1.354056
1.990850  -1.354442
1.941384  -1.325165
1.908918  -1.267450
1.892691  -1.238597
1.893348  -1.181172
1.860869  -1.123446
1.810658  -1.150863
1.794214  -1.121399
1.843985  -1.151887
1.827542  -1.122423
1.958268  -1.296659
1.942035  -1.267802
1.909581  -1.210096
1.860225  -1.180750
1.877108  -1.152309
1.974559  -1.325550
1.941201  -1.382208
1.957902  -1.410746
1.974376  -1.382594
1.925808  -1.238949
1.908268  -1.324813
1.892034  -1.295955
1.925151  -1.296307
1.859568  -1.238174
1.843335  -1.209250
1.876458  -1.209673
1.728358  -1.003812
1.744829  -1.033186
1.761300  -1.062560
1.761650  -1.004496
1.794942  -1.005180
1.778121  -1.033870
1.762081  -0.946836
1.679322  -0.917112
1.630587  -0.830537
1.581937  -0.743705
1.533254  -0.656796
1.549481  -0.685766
1.565709  -0.714735
1.615595  -0.686798
1.598766  -0.715252
1.599367  -0.657828
1.566310  -0.657312
1.582538  -0.686282
1.745220  -0.975324
1.695667  -0.946012
1.712013  -0.974912
1.745736  -0.917936
1.712529  -0.917524
1.713033  -0.860129
1.663077  -0.888254
1.646832  -0.859395
1.696788  -0.831271
1.664285  -0.773553
1.647436  -0.802045
1.663688  -0.830904
1.680536  -0.802412
1.778511  -0.976008
1.696177  -0.888621
1.679933  -0.859762
1.729384  -0.889033
1.728874  -0.946424
1.614370  -0.801593
1.598154  -0.772649
1.648068  -0.744609
1.615002  -0.744157
1.631219  -0.773101
1.631831  -0.715704
1.566879  -0.599781
1.550067  -0.628289
1.583123  -0.628805
1.484189  -0.569226
1.433420  -0.477876
1.373016  -0.384900
1.413285  -0.446884
1.393150  -0.415892
1.447971  -0.390203
1.410493  -0.387551
1.468105  -0.421195
1.450763  -0.449536
1.430628  -0.418544
1.517357  -0.569908
1.550524  -0.570591
1.518071  -0.512441
1.450343  -0.508326
1.467266  -0.538776
1.501130  -0.540833
1.501148  -0.481991
1.467284  -0.479933
1.484627  -0.451593
1.534298  -0.541516
1.500544  -0.598416
1.516899  -0.627606
1.533712  -0.599099
1.484207  -0.510383
1.396014  -0.357548
1.419012  -0.330196
1.433492  -0.360200
1.349189  -0.273968
1.255556  -0.243140
1.228926  -0.147798
1.237803  -0.179579
1.246680  -0.211359
1.309346  -0.193765
1.282451  -0.218453
1.264698  -0.154891
1.300469  -0.161985
1.273574  -0.186672
1.380130  -0.283594
1.411070  -0.293219
1.357131  -0.310945
1.365074  -0.347922
1.388072  -0.320571
1.370174  -0.257088
1.391158  -0.240208
1.401114  -0.266713
1.340557  -0.204041
1.286767  -0.253416
1.317978  -0.263692
1.344873  -0.239005
1.313662  -0.228729
1.365857  -0.222124
1.272917  -0.099608
1.189873  -0.047809
1.250922  -0.123703
1.202891  -0.081139
1.215908  -0.114469
1.224886  -0.057043
1.259899  -0.066278
1.237904  -0.090373
1.286693  -0.130796
1.245290  -0.004312
1.182839  0.050266
1.217581  -0.026061
1.185184  0.017574
1.187528  -0.015117
1.212892  0.039323
1.242946  0.028379
1.215237  0.006631
1.252594  -0.035295
1.252025  0.115956
1.276496  0.104749
1.300967  0.093542
1.278770  0.138218
1.305515  0.160480
1.303241  0.127011
1.259016  0.083116
1.266007  0.050276
1.205901  0.072163
1.228963  0.094059
1.235954  0.061219
1.283487  0.071909
1.229636  0.206462
1.298052  0.190649
1.263844  0.198556
1.244562  0.146125
1.237099  0.176294
1.271307  0.168387
1.292268  0.269134
1.294747  0.351526
1.293921  0.324062
1.293094  0.296598
1.353201  0.288323
1.322734  0.278728
1.354027  0.315787
1.324387  0.333656
1.323561  0.306192
1.250513  0.227353
1.271390  0.248243
1.318929  0.211539
1.305598  0.240337
1.284721  0.219446
1.336065  0.249931
1.366584  0.387944
1.318693  0.363665
1.342638  0.375805
1.377973  0.327926
1.372278  0.357935
1.348333  0.345796
1.421698  0.380981
1.394141  0.384463
1.399836  0.354454
1.400260  0.463404
1.447289  0.546870
1.431612  0.519048
1.415936  0.491226
1.432251  0.462554
1.416592  0.434769
1.432924  0.406134
1.464242  0.461704
1.448583  0.433919
1.389034  0.438251
1.377809  0.413098
1.405366  0.409616
1.463604  0.518198
1.479919  0.489526
1.447927  0.490376
1.480195  0.546576
1.497330  0.632399
1.547668  0.718163
1.563917  0.689348
1.580165  0.660534
1.530358  0.632172
1.563386  0.631946
1.514109  0.660987
1.530889  0.689575
1.547137  0.660760
1.513101  0.546283
1.513556  0.603596
1.529782  0.574793
1.546584  0.603369
1.496510  0.517905
1.463969  0.575380
1.480650  0.603889
1.496876  0.575086
1.613746  0.717642
1.580707  0.717902
1.596956  0.689088
1.598041  0.803873
1.581250  0.775303
1.564459  0.746733
1.630537  0.746212
1.614289  0.775042
1.597498  0.746472
1.664171  0.803189
1.631106  0.803531
1.647354  0.774700
1.648484  0.889347
1.614856  0.832364
1.631670  0.860855
1.680985  0.831680
1.664735  0.860513
1.647920  0.832022
1.681625  0.888906
1.699075  0.974867
1.751926  1.058669
1.716692  1.002801
1.734309  1.030735
1.784254  1.000822
1.768090  1.029745
1.732856  0.973878
1.766637  0.972888
1.750473  1.001812
1.714767  0.888465
1.715353  0.945919
1.731631  0.916972
1.749134  0.944930
1.697876  0.860073
1.665348  0.917853
1.682211  0.946360
1.698489  0.917413
1.818025  1.057880
1.784976  1.058274
1.801140  1.029351
1.802258  1.144076
1.852803  1.229597
1.835955  1.201090
1.819106  1.172583
1.868484  1.143355
1.818530  1.115213
1.834802  1.086349
1.835371  1.143716
1.851643  1.114852
1.785480  1.115607
1.768703  1.087138
1.801753  1.086743
1.885333  1.171862
1.869068  1.200730
1.852220  1.172223
1.919068  1.228897
1.885936  1.229247
1.902201  1.200380
1.903409  1.315155
1.869672  1.258116
1.886541  1.286636
1.935937  1.257416
1.919673  1.286286
1.902805  1.257766
1.936193  1.314550
1.968977  1.313945
1.952457  1.285681
1.952016  1.399329
1.919612  1.343213
1.935814  1.371271
1.985180  1.342003
1.968598  1.370666
1.952396  1.342608
1.983347  1.398002
2.014678  1.396674
1.999929  1.369339
1.995795  1.481552
2.029271  1.424082
2.012533  1.452817
1.966609  1.426737
1.981202  1.454145
1.997940  1.425409
2.057394  1.478968
2.026594  1.480260
2.043332  1.451525
2.037674  1.563395
2.071353  1.506248
2.054513  1.534822
2.103630  1.564203
2.070652  1.563799
2.087492  1.535226
2.023714  1.536114
2.009755  1.508833
2.040554  1.507541
2.085681  1.650075
2.069678  1.621182
2.053676  1.592288
2.119633  1.593096
2.102657  1.621586
2.086654  1.592692
2.154616  1.652666
2.120149  1.651371
2.137125  1.622881
2.138179  1.739446
2.175506  1.741942
2.212833  1.744439
2.172116  1.682457
2.155147  1.710951
2.192474  1.713448
2.103180  1.679866
2.120679  1.709656
2.137648  1.681161
2.196261  1.830228
2.261915  1.918477
2.232855  1.831514
2.269449  1.832801
2.276624  1.890347
2.291334  1.862217
2.240031  1.889061
2.218146  1.859644
2.254740  1.860931
2.214227  1.802464
2.232193  1.774699
2.250821  1.803750
2.157540  1.769707
2.176900  1.799968
2.194867  1.772203
2.328566  1.921726
2.295241  1.920101
2.309950  1.891971
2.317944  2.007430
2.299267  1.977779
2.280591  1.948128
2.347242  1.951377
2.332593  1.979404
2.313917  1.949753
2.381138  2.008599
2.349541  2.008015
2.364190  1.979988
2.364576  2.095430
2.333488  2.036763
2.349032  2.066097
2.396683  2.037932
2.380630  2.066681
2.365085  2.037348
2.397458  2.095313
2.430339  2.095197
2.413511  2.066564
2.414212  2.181490
2.464717  2.268033
2.515227  2.354270
2.498391  2.325524
2.481554  2.296779
2.530995  2.267730
2.497856  2.267881
2.547832  2.296476
2.531530  2.325373
2.581565  2.353703
2.548396  2.353987
2.564698  2.325089
2.446884  2.123884
2.430548  2.152687
2.480412  2.181553
2.447312  2.181522
2.463648  2.152718
2.381122  2.124116
2.397667  2.152803
2.414003  2.124000
2.431047  2.210338
2.447882  2.239185
2.497247  2.210401
2.480982  2.239217
2.464147  2.210369
2.514121  2.239065
2.514693  2.296627
2.565762  2.440212
2.548917  2.411565
2.532072  2.382917
2.598410  2.382351
2.582086  2.411281
2.565241  2.382634
2.665418  2.439223
2.632199  2.439553
2.598980  2.439883
2.631629  2.382021
2.648523  2.410622
2.615304  2.410952
2.698066  2.381360
2.681742  2.410291
2.664847  2.381690
2.698456  2.438792
2.731494  2.438362
2.714780  2.409861
2.813516  2.522781
2.716101  2.525031
2.682312  2.467826
2.699207  2.496428
2.732245  2.495998
2.748389  2.466964
2.715351  2.467395
2.780860  2.466214
2.797188  2.494498
2.748573  2.524281
2.781044  2.523531
2.764717  2.495248
2.845499  2.464542
2.829507  2.493662
2.813180  2.465378
2.895209  2.518931
2.977609  2.546572
2.999692  2.528297
3.021776  2.510022
2.973210  2.509805
2.968812  2.473039
2.995294  2.491531
2.941346  2.463826
2.918277  2.491378
2.950142  2.537358
2.922676  2.528145
2.945744  2.500592
2.872730  2.463259
2.883970  2.491095
2.907038  2.463542
2.840747  2.521498
2.867978  2.520214
2.856739  2.492378
3.035321  2.562957
2.999125  2.646743
2.991953  2.613353
2.984781  2.579962
3.006465  2.554765
3.042493  2.596348
3.020809  2.621546
3.013637  2.588155
3.028549  2.536490
2.765244  -2.478291
2.816572  -2.574111
2.831588  -2.542084
2.846605  -2.510058
2.797370  -2.478205
2.829496  -2.478119
2.782353  -2.510231
2.799462  -2.542171
2.814479  -2.510145
2.781972  -2.449625
2.798699  -2.420959
2.814097  -2.449539
2.732629  -2.420405
2.665589  -2.477237
2.682499  -2.448645
2.699410  -2.420054
2.632981  -2.419353
2.649285  -2.448295
2.666195  -2.419704
2.748936  -2.449348
2.698807  -2.477588
2.732026  -2.477940
2.715718  -2.448997
2.765664  -2.420682
2.892162  -2.549393
2.841768  -2.565871
2.866965  -2.557632
2.871802  -2.501819
2.927432  -2.500178
2.970536  -2.557082
2.999125  -2.646743
3.032964  -2.566461
3.001750  -2.561771
2.989595  -2.616856
2.980066  -2.586969
3.020809  -2.621546
3.042493  -2.596348
3.011280  -2.591658
2.909797  -2.524785
2.944411  -2.554519
2.918287  -2.551956
2.962046  -2.529911
2.953556  -2.502741
2.935921  -2.527348
2.881982  -2.525606
2.899617  -2.500999
2.856785  -2.533845
2.565944  -2.476180
2.466309  -2.475122
2.417408  -2.388311
2.450009  -2.446185
2.433708  -2.417248
2.483826  -2.389013
2.450617  -2.388662
2.483218  -2.446536
2.500127  -2.417950
2.466917  -2.417599
2.582855  -2.447591
2.599766  -2.419001
2.549641  -2.447242
2.533338  -2.418303
2.499520  -2.475475
2.532732  -2.475828
2.516429  -2.446889
2.566552  -2.418652
2.599159  -2.476533
2.632374  -2.476885
2.616070  -2.447943
2.451209  -2.331171
2.368475  -2.301584
2.401097  -2.359402
2.384786  -2.330493
2.434898  -2.302262
2.401687  -2.301923
2.434309  -2.359741
2.417998  -2.330832
2.467518  -2.360092
2.385377  -2.273013
2.402279  -2.244441
2.418589  -2.273352
2.319547  -2.214863
2.335857  -2.243770
2.352166  -2.272677
2.352759  -2.215198
2.385970  -2.215534
2.336444  -2.186296
2.270671  -2.128123
2.221789  -2.041388
2.288167  -2.042082
2.254978  -2.041735
2.254377  -2.099211
2.238083  -2.070300
2.287566  -2.099558
2.304461  -2.070994
2.271272  -2.070647
2.353341  -2.157729
2.303859  -2.128469
2.337048  -2.128816
2.320755  -2.099905
2.369655  -2.186632
2.369068  -2.244105
2.286963  -2.157036
2.303255  -2.185949
2.320152  -2.157383
2.238684  -2.012827
2.172916  -1.954681
2.239289  -1.955364
2.206103  -1.955023
2.205498  -2.012486
2.189207  -1.983584
2.255580  -1.984266
2.222394  -1.983925
2.271874  -2.013174
2.206689  -1.897575
2.189802  -1.926128
2.222989  -1.926469
2.124052  -1.867986
2.075275  -1.781332
2.026384  -1.694612
1.972295  -1.611655
2.008122  -1.553183
1.990208  -1.582419
2.041430  -1.610370
2.006862  -1.611012
2.024776  -1.581776
2.140340  -1.896885
2.156628  -1.925783
2.157226  -1.868331
2.190401  -1.868676
2.173514  -1.897230
2.140940  -1.839441
2.108421  -1.781671
2.092143  -1.752778
2.092714  -1.695317
2.059549  -1.694964
2.058978  -1.752425
2.042681  -1.723518
2.109011  -1.724223
2.075846  -1.723871
2.157827  -1.810895
2.141568  -1.782010
2.125289  -1.753117
2.174114  -1.839786
2.991711  -2.532078
3.012886  -2.507074
3.022925  -2.536767
2.983221  -2.504907
2.107793  -1.839101
2.091534  -1.810217
2.124680  -1.810556
2.042922  -1.666317
2.008354  -1.666960
1.990324  -1.639307
2.059460  -1.638022
2.024892  -1.638665
2.076087  -1.666669
1.923644  -1.525046
1.939861  -1.553916
1.956078  -1.582785
1.957774  -1.524679
1.991905  -1.524313
1.973991  -1.553549
1.940630  -1.496459
1.957616  -1.467871
1.974760  -1.496092
1.873901  -1.439223
1.824940  -1.352490
1.776494  -1.266060
1.727388  -1.177311
1.760626  -1.178316
1.793864  -1.179321
1.793363  -1.237482
1.810233  -1.208904
1.760125  -1.236477
1.743757  -1.206894
1.776995  -1.207899
1.907468  -1.439243
1.941035  -1.439264
1.890482  -1.467831
1.907063  -1.496438
1.924049  -1.467851
1.890767  -1.410706
1.858127  -1.352884
1.841893  -1.324026
1.842699  -1.266752
1.809596  -1.266406
1.808791  -1.323680
1.792643  -1.294870
1.858847  -1.295562
1.825745  -1.295216
1.907634  -1.382188
1.891314  -1.353277
1.875081  -1.324420
1.924334  -1.410726
1.857580  -1.410312
1.841260  -1.381401
1.874447  -1.381795
1.826466  -1.237828
1.744182  -1.148852
1.760976  -1.120393
1.777420  -1.149857
1.677789  -1.089288
1.711116  -1.090170
1.744443  -1.091052
1.711502  -1.032304
1.694646  -1.060796
1.727973  -1.061678
1.694322  -1.118629
1.710855  -1.147970
1.727649  -1.119511
1.628753  -1.002586
1.580007  -0.916012
1.612504  -0.973728
1.596255  -0.944870
1.646217  -0.916745
1.613112  -0.916379
1.662466  -0.945603
1.645609  -0.974094
1.629360  -0.945237
1.695156  -1.003403
1.661954  -1.002995
1.678811  -0.974503
1.645098  -1.031486
1.661444  -1.060387
1.678300  -1.031895
1.596867  -0.887520
1.531404  -0.829187
1.482817  -0.742307
1.548248  -0.800693
1.565093  -0.772199
1.515857  -0.742773
1.548897  -0.743239
1.499013  -0.771267
1.515209  -0.800227
1.532053  -0.771733
1.613727  -0.859028
1.597526  -0.830087
1.564465  -0.829637
1.581309  -0.801143
1.629972  -0.887887
1.563806  -0.887070
1.547605  -0.858129
1.580666  -0.858579
1.499629  -0.713803
1.516442  -0.685299
1.532669  -0.714269
1.434170  -0.655514
1.386162  -0.568870
1.336759  -0.482935
1.348844  -0.450256
1.360930  -0.417578
1.401200  -0.479562
1.368979  -0.481249
1.381065  -0.448570
1.467198  -0.655942
1.500226  -0.656369
1.450386  -0.684445
1.466601  -0.713376
1.483414  -0.684872
1.467516  -0.597989
1.402164  -0.597752
1.418167  -0.626633
1.450843  -0.626751
1.451513  -0.569107
1.418837  -0.568989
1.417667  -0.508207
1.369694  -0.540225
1.353226  -0.511580
1.401914  -0.538539
1.385447  -0.509894
1.483871  -0.627179
1.434590  -0.538657
1.434840  -0.597870
1.285420  -0.420318
1.343817  -0.396706
1.314618  -0.408512
1.319646  -0.462063
1.302533  -0.441190
1.331731  -0.429384
1.275576  -0.337920
1.185448  -0.315597
1.145404  -0.221730
1.172100  -0.284308
1.158752  -0.253019
1.218839  -0.236003
1.182121  -0.228867
1.232187  -0.267292
1.208817  -0.291445
1.195469  -0.260156
1.308056  -0.353580
1.340536  -0.369240
1.324651  -0.295285
1.300114  -0.316603
1.262229  -0.274733
1.245533  -0.330479
1.215490  -0.323038
1.268903  -0.306326
1.238860  -0.298886
1.332594  -0.332263
1.278857  -0.365386
1.282138  -0.392852
1.311337  -0.381046
1.293440  -0.285009
1.201086  -0.172442
1.173245  -0.197086
1.209962  -0.204223
1.142242  -0.130369
1.084225  -0.071309
1.103564  -0.090995
1.122903  -0.110682
1.173996  -0.075329
1.158119  -0.102849
1.154657  -0.055642
1.119441  -0.063476
1.138780  -0.083162
1.200031  -0.141988
1.171136  -0.136178
1.187014  -0.108659
1.144350  -0.191276
1.143296  -0.160822
1.172191  -0.166632
1.108428  0.001592
1.092292  -0.047009
1.100360  -0.022708
1.162724  -0.031342
1.135576  -0.014875
1.127508  -0.039175
1.158035  0.034041
1.133232  0.017817
1.160380  0.001350
1.085201  0.076811
1.092943  0.051738
1.100685  0.026665
1.117747  0.067963
1.156992  0.140962
1.135787  0.240479
1.213883  0.296256
1.161819  0.259071
1.187851  0.277664
1.219134  0.266325
1.224385  0.236394
1.167070  0.229140
1.198353  0.217801
1.193102  0.247733
1.165608  0.110730
1.174223  0.080498
1.150293  0.059114
1.109131  0.098195
1.133062  0.119578
1.141677  0.089346
1.188669  0.132627
1.220347  0.124291
1.197285  0.102395
1.125489  0.042890
1.181206  0.162795
1.205421  0.184629
1.149923  0.174134
1.142855  0.207307
1.174138  0.195968
1.212884  0.154460
1.240011  0.287215
1.266139  0.278175
1.245262  0.257284
1.240838  0.314679
1.210980  0.396044
1.297995  0.452421
1.238902  0.381205
1.266825  0.366365
1.296912  0.418789
1.295830  0.385158
1.268990  0.433629
1.239985  0.414837
1.267907  0.399997
1.267793  0.333103
1.212915  0.329519
1.211947  0.362782
1.239870  0.347942
1.266966  0.305639
1.320858  0.430929
1.343721  0.409437
1.319775  0.397297
1.366171  0.459743
1.350002  0.547131
1.332083  0.456082
1.332666  0.515561
1.315331  0.483991
1.366755  0.519222
1.383507  0.491313
1.349419  0.487652
1.354946  0.434590
1.382431  0.547044
1.414860  0.546957
1.399184  0.519135
1.398653  0.633553
1.382436  0.604746
1.366219  0.575939
1.414865  0.604659
1.431077  0.575764
1.398648  0.575851
1.431546  0.633168
1.464438  0.632784
1.447757  0.604274
1.448530  0.718852
1.498912  0.804645
1.549284  0.890372
1.532494  0.861796
1.515703  0.833221
1.564998  0.804130
1.531955  0.804388
1.581789  0.832706
1.615417  0.889688
1.582351  0.890030
1.565537  0.861539
1.598603  0.861197
1.514622  0.718393
1.465324  0.747450
1.482118  0.776047
1.531416  0.746990
1.515164  0.775818
1.481576  0.718622
1.498370  0.747220
1.481063  0.661217
1.464796  0.690034
1.497843  0.689805
1.415279  0.661986
1.431904  0.690419
1.448171  0.661601
1.548207  0.775560
1.548746  0.832963
1.599735  0.975855
1.566101  0.918866
1.582918  0.947360
1.632234  0.918183
1.615985  0.947019
1.599168  0.918524
1.632849  0.975525
1.665962  0.975196
1.649098  0.946689
1.650568  1.060995
1.702823  1.145097
1.684354  1.060220
1.718140  1.059444
1.719191  1.116287
1.735558  1.087478
1.685405  1.117063
1.667987  1.089029
1.701773  1.088253
1.682906  1.003576
1.666737  1.032286
1.700523  1.031510
1.616680  1.004235
1.633624  1.032615
1.649793  1.003906
1.769113  1.144416
1.753417  1.230714
1.736552  1.202175
1.719688  1.173636
1.735968  1.144756
1.785977  1.172956
1.769697  1.201835
1.752833  1.173296
1.752336  1.115947
1.819675  1.229970
1.786546  1.230342
1.802826  1.201463
1.804008  1.316203
1.787144  1.287707
1.770281  1.259211
1.836538  1.258466
1.820273  1.287335
1.803409  1.258838
1.870275  1.315504
1.837142  1.315854
1.853407  1.286985
1.854615  1.401764
1.820877  1.344724
1.837746  1.373244
1.887145  1.344024
1.870880  1.372894
1.854011  1.344374
1.887082  1.400952
1.919549  1.400141
1.903347  1.372083
1.904190  1.486640
1.871140  1.430056
1.887665  1.458348
1.920132  1.457536
1.936074  1.428433
1.903607  1.429244
1.934725  1.484944
1.965260  1.483248
1.950667  1.455841
1.946010  1.567382
1.979200  1.510162
1.962605  1.538772
1.918130  1.513554
1.932070  1.540468
1.948665  1.511858
2.007119  1.564724
1.976565  1.566053
1.993160  1.537443
1.986242  1.648557
2.034655  1.735490
2.018518  1.706512
2.002380  1.677535
2.052535  1.649569
2.003386  1.620170
2.020530  1.591782
2.019389  1.649063
2.036532  1.620676
1.972832  1.621499
1.959421  1.594441
1.989975  1.593111
2.068672  1.678547
2.051664  1.707018
2.035526  1.678041
2.103671  1.738128
2.069163  1.736809
2.086172  1.708337
2.087674  1.825175
2.157082  1.926044
2.110810  1.858798
2.133946  1.892421
2.183201  1.862167
2.170141  1.894105
2.226971  1.920999
2.192026  1.923521
2.205086  1.891583
2.052328  1.765385
2.070001  1.795280
2.121344  1.768023
2.104509  1.796599
2.086836  1.766704
2.123870  1.826859
2.160066  1.828544
2.147006  1.860482
2.140705  1.798283
2.238431  1.994160
2.256505  2.085744
2.250480  2.055216
2.244456  2.024688
2.291439  2.003007
2.264935  1.998584
2.297464  2.033535
2.328553  2.092201
2.292529  2.088973
2.276984  2.059639
2.313008  2.062868
2.184198  1.948749
2.211315  1.971455
2.254087  1.943705
2.246259  1.968933
2.219143  1.946227
2.272763  1.973356
2.270960  2.029112
2.313763  2.180716
2.275591  2.117401
2.294677  2.149059
2.347639  2.123858
2.330701  2.152287
2.311615  2.120630
2.347246  2.180974
2.365473  2.268408
2.415743  2.354866
2.432068  2.325922
2.448392  2.296977
2.398555  2.268283
2.431636  2.268158
2.382230  2.297228
2.398987  2.326047
2.415311  2.297103
2.380729  2.181232
2.381720  2.239436
2.397966  2.210463
2.414801  2.239310
2.364184  2.152545
2.331000  2.209947
2.348237  2.239178
2.364483  2.210205
2.448905  2.354668
2.482066  2.354469
2.465229  2.325723
2.466109  2.441204
2.516790  2.527007
2.499896  2.498406
2.483003  2.469805
2.532544  2.440543
2.499327  2.440873
2.549438  2.469144
2.533114  2.498075
2.516220  2.469474
2.482482  2.412226
2.498855  2.383248
2.515699  2.411895
2.449321  2.412424
2.432532  2.383645
2.465693  2.383447
2.616446  2.526019
2.583227  2.526348
2.550008  2.526677
2.582656  2.468814
2.599551  2.497417
2.566332  2.497746
2.649094  2.468155
2.632770  2.497087
2.615875  2.468485
2.649664  2.525690
2.682883  2.525360
2.665988  2.496758
2.766787  2.610836
2.667136  2.611831
2.633343  2.554623
2.650239  2.583227
2.699780  2.553964
2.683458  2.582897
2.666561  2.554293
2.797939  2.552133
2.782363  2.581484
2.732997  2.553633
2.700353  2.611499
2.733570  2.611168
2.749892  2.582234
2.716675  2.582566
2.765468  2.552883
2.838166  2.593894
2.911809  2.618003
2.906276  2.584979
2.900743  2.551955
2.955676  2.570382
2.933743  2.594192
2.928209  2.561168
2.876195  2.543919
2.857180  2.568906
2.887262  2.609966
2.862714  2.601930
2.881728  2.576942
2.821732  2.546485
2.829949  2.570190
2.848964  2.545202
2.790580  2.605189
2.814373  2.599541
2.806156  2.575837
2.970020  2.637163
2.940915  2.627583
2.962848  2.603772
2.932207  2.720691
2.925408  2.686461
2.918609  2.652232
2.976819  2.671393
2.954513  2.696042
2.947714  2.661812
2.713411  -2.563421
2.747967  -2.506668
2.730689  -2.535044
2.681530  -2.505965
2.697470  -2.534693
2.714748  -2.506316
2.747798  -2.566984
2.782185  -2.570547
2.765076  -2.538607
2.829268  -2.696604
2.903431  -2.627398
2.845525  -2.591873
2.874478  -2.609636
2.853989  -2.673535
2.878710  -2.650467
2.825036  -2.655773
2.820804  -2.614942
2.849757  -2.632704
2.746188  -2.643670
2.793110  -2.597297
2.769649  -2.620483
2.801575  -2.678959
2.773881  -2.661314
2.797343  -2.638128
2.724337  -2.590170
2.735262  -2.616920
2.758724  -2.593734
2.899674  -2.601396
2.895918  -2.575395
2.870721  -2.583634
2.614672  -2.562898
2.515211  -2.561943
2.532122  -2.533355
2.549033  -2.504768
2.482609  -2.504062
2.498910  -2.533002
2.515821  -2.504415
2.648616  -2.505791
2.631644  -2.534345
2.582186  -2.505086
2.598429  -2.533992
2.548364  -2.562261
2.581518  -2.562580
2.565275  -2.533674
2.615401  -2.505439
2.680498  -2.563247
2.647585  -2.563072
2.664557  -2.534519
2.948167  -2.580520
2.925799  -2.603959
2.967227  -2.640295
2.935329  -2.633847
2.957697  -2.610408
2.922043  -2.577958
2.932207  -2.720691
2.922615  -2.689593
2.913023  -2.658496
2.954513  -2.696042
2.976819  -2.671393
2.944921  -2.664944
2.366682  -2.474068
2.317782  -2.387282
2.350991  -2.387625
2.384199  -2.387968
2.383591  -2.445482
2.400499  -2.416897
2.350382  -2.445139
2.334082  -2.416211
2.367291  -2.416554
2.399891  -2.474419
2.433100  -2.474771
2.416800  -2.445834
2.415574  -2.560881
2.432485  -2.532295
2.449397  -2.503708
2.382979  -2.503006
2.399276  -2.531944
2.416188  -2.503357
2.448786  -2.561235
2.481998  -2.561589
2.465698  -2.532649
2.334680  -2.358716
2.268853  -2.300558
2.302061  -2.300900
2.335268  -2.301242
2.302649  -2.243428
2.285751  -2.271993
2.318959  -2.272335
2.351578  -2.330150
2.301472  -2.358374
2.285163  -2.329466
2.318370  -2.329808
2.367888  -2.359059
2.219981  -2.213814
2.171113  -2.127073
2.122249  -2.040346
2.073395  -1.953634
2.024554  -1.866932
2.057114  -1.924734
2.040834  -1.895833
2.057720  -1.867284
2.041461  -1.838399
2.058368  -1.809865
2.090886  -1.867635
2.074627  -1.838750
2.253169  -2.214164
2.286358  -2.214513
2.236877  -2.185251
2.204299  -2.127423
2.188005  -2.098511
2.155429  -2.040693
2.188609  -2.041041
2.204897  -2.069949
2.154825  -2.098164
2.138537  -2.069255
2.171717  -2.069602
2.253774  -2.156687
2.237485  -2.127773
2.221191  -2.098861
2.270066  -2.185600
2.236271  -2.242729
2.252562  -2.271644
2.269460  -2.243078
2.203691  -2.184900
2.187402  -2.155987
2.220588  -2.156337
2.139138  -2.011791
2.156027  -1.983236
2.172318  -2.012138
2.106568  -1.953983
2.139742  -1.954332
2.090280  -1.925085
2.107166  -1.896536
2.074000  -1.896184
2.123454  -1.925434
2.105964  -2.011442
2.089679  -1.982538
2.122853  -1.982887
1.975470  -1.780819
1.920950  -1.698084
1.939123  -1.725662
1.957296  -1.753240
2.009412  -1.723347
1.992441  -1.752083
1.991239  -1.695769
1.956095  -1.696926
1.974268  -1.724505
2.042006  -1.781161
2.008738  -1.780990
2.025709  -1.752254
2.008193  -1.838228
1.991831  -1.809523
2.025099  -1.809694
1.938065  -1.669274
1.955180  -1.640465
1.973210  -1.668117
1.872142  -1.611449
1.904681  -1.669206
1.888411  -1.640327
1.905526  -1.611518
1.938910  -1.611587
1.921796  -1.640396
1.906476  -1.553847
1.823375  -1.524827
1.774365  -1.438061
1.725297  -1.350716
1.791725  -1.351899
1.758511  -1.351308
1.758009  -1.408946
1.741653  -1.379831
1.791223  -1.409537
1.808081  -1.381014
1.774867  -1.380422
1.889309  -1.582648
1.839631  -1.553701
1.855886  -1.582575
1.856798  -1.524900
1.890221  -1.524973
1.840217  -1.496292
1.807544  -1.438448
1.840722  -1.438836
1.824402  -1.409925
1.922693  -1.582717
1.857059  -1.467758
1.807039  -1.495905
1.790702  -1.466983
1.823880  -1.467370
1.873640  -1.496365
1.873054  -1.553774
1.759428  -1.294278
1.742363  -1.322497
1.775577  -1.323089
1.676460  -1.262931
1.710412  -1.205851
1.693436  -1.234391
1.743149  -1.265017
1.709805  -1.263974
1.726781  -1.235434
1.709018  -1.321455
1.692739  -1.292193
1.726084  -1.293236
1.627201  -1.174755
1.643620  -1.204147
1.660040  -1.233539
1.660596  -1.175607
1.693992  -1.176459
1.677016  -1.204999
1.660926  -1.117777
1.578184  -1.088062
1.529454  -1.001486
1.480882  -0.914826
1.432296  -0.827906
1.448492  -0.856879
1.464687  -0.885852
1.514564  -0.857733
1.497723  -0.886280
1.498368  -0.828760
1.465332  -0.828333
1.481528  -0.857306
1.644064  -1.146266
1.594523  -1.116960
1.610862  -1.145858
1.644587  -1.088879
1.611385  -1.088471
1.611896  -1.031078
1.561940  -1.059204
1.545697  -1.030345
1.595653  -1.002219
1.563156  -0.944503
1.546305  -0.972994
1.562554  -1.001852
1.579405  -0.973361
1.677459  -1.147118
1.595040  -1.059570
1.578797  -1.030711
1.628242  -1.059979
1.627725  -1.117368
1.513264  -0.972599
1.497073  -0.943712
1.546965  -0.915616
1.513924  -0.915221
1.530114  -0.944108
1.530764  -0.886675
1.465977  -0.770840
1.449137  -0.799373
1.482173  -0.799800
1.383835  -0.741231
1.336273  -0.655345
1.401538  -0.655458
1.368905  -0.655402
1.369532  -0.597695
1.352903  -0.626520
1.385535  -0.626577
1.416829  -0.741590
1.449823  -0.741948
1.417392  -0.684087
1.352127  -0.683974
1.367981  -0.712602
1.400613  -0.712659
1.384759  -0.684030
1.433607  -0.713017
1.399989  -0.770123
1.416143  -0.799014
1.432983  -0.770481
1.289051  -0.571456
1.235915  -0.489179
1.253627  -0.516604
1.271339  -0.544030
1.320856  -0.512442
1.304953  -0.541949
1.303144  -0.485016
1.269530  -0.487097
1.287241  -0.514523
1.353791  -0.569732
1.321421  -0.570594
1.337324  -0.541087
1.320532  -0.627382
1.304792  -0.599419
1.337162  -0.598557
1.252417  -0.466225
1.268918  -0.443272
1.286031  -0.464144
1.204119  -0.406592
1.111027  -0.386995
1.105028  -0.304219
1.037885  -0.254150
1.062780  -0.163197
1.073725  -0.243343
1.109564  -0.232537
1.090321  -0.182708
1.117863  -0.202219
1.054482  -0.193514
1.046183  -0.223832
1.082023  -0.213026
1.231219  -0.411167
1.258320  -0.415743
1.214718  -0.434121
1.225316  -0.461650
1.241818  -0.438696
1.251757  -0.360810
1.191671  -0.345929
1.173088  -0.400060
1.142058  -0.393527
1.160641  -0.339396
1.135834  -0.363195
1.197895  -0.376260
1.166865  -0.369728
1.227938  -0.383701
1.221714  -0.353370
1.255038  -0.388277
1.131945  -0.249227
1.118486  -0.276723
1.060266  -0.270839
1.082647  -0.287529
1.096106  -0.260033
1.158641  -0.311804
1.131834  -0.308012
1.145293  -0.280515
1.109027  -0.359403
1.107028  -0.331811
1.133834  -0.335604
1.089267  -0.152254
1.115754  -0.141311
1.069928  -0.132567
0.991273  -0.098605
1.077076  -0.101938
1.022257  -0.089507
1.053241  -0.080408
1.015109  -0.120136
1.038945  -0.141666
1.046093  -0.111037
1.116809  -0.171765
1.096415  -0.121625
1.000000  0.000000
1.036143  0.000531
1.072285  0.001061
1.028400  0.025604
1.056801  0.051208
1.064543  0.026134
1.028075  -0.023770
1.056150  -0.047539
1.064217  -0.023239
0.997091  -0.032868
0.994182  -0.065737
1.025166  -0.056638
0.991273  0.098605
1.022583  0.091341
1.053892  0.084076
0.997091  0.032868
0.994182  0.065737
1.025492  0.058472
1.061358  0.172052
1.031916  0.291030
1.051544  0.211712
1.041730  0.251371
1.101163  0.257329
1.066540  0.274180
1.086167  0.194861
1.110977  0.217670
1.076354  0.234520
1.069306  0.140305
1.077253  0.108558
1.014635  0.123088
1.037996  0.147570
1.045944  0.115823
1.093236  0.161689
1.125114  0.151326
1.118045  0.184498
1.101184  0.129942
1.124909  0.340923
1.124404  0.456329
1.153599  0.359297
1.182289  0.377670
1.153262  0.436234
1.182121  0.416139
1.124572  0.417860
1.124741  0.379391
1.153431  0.397765
1.062914  0.307661
1.093911  0.324292
1.132161  0.273960
1.128535  0.307442
1.097537  0.290811
1.154567  0.326034
1.184225  0.311145
1.158193  0.292553
1.183257  0.344408
1.210120  0.479119
1.210693  0.423736
1.210407  0.451427
1.268703  0.461320
1.239412  0.470220
1.239698  0.442528
1.152976  0.463925
1.181548  0.471522
1.181835  0.443831
1.255597  0.551739
1.302097  0.635055
1.286597  0.607283
1.271097  0.579511
1.318534  0.548667
1.287065  0.550203
1.318065  0.605747
1.334034  0.576439
1.334282  0.634554
1.366468  0.634054
1.350251  0.605246
1.283862  0.485527
1.269729  0.518633
1.301198  0.517097
1.240438  0.527532
1.225279  0.503326
1.254571  0.494426
1.302565  0.577975
1.349590  0.720076
1.333759  0.691736
1.317928  0.663395
1.365944  0.691235
1.382299  0.662394
1.350113  0.662895
1.382570  0.719668
1.399772  0.805478
1.450178  0.891134
1.466423  0.862304
1.482667  0.833475
1.432819  0.805200
1.465866  0.804923
1.416574  0.834030
1.433376  0.862582
1.449621  0.833752
1.415550  0.719260
1.416025  0.776603
1.432277  0.747727
1.449071  0.776325
1.398924  0.690827
1.366317  0.748543
1.383045  0.777011
1.399297  0.748135
1.516249  0.890626
1.483213  0.890880
1.499458  0.862050
1.500536  0.976869
1.483750  0.948290
1.466964  0.919712
1.533035  0.919204
1.516785  0.948036
1.499999  0.919458
1.566669  0.976193
1.533602  0.976531
1.549852  0.947698
1.550979  1.062362
1.517350  1.005366
1.534164  1.033864
1.583483  1.004690
1.567231  1.033526
1.550417  1.005028
1.584175  1.061906
1.601707  1.147736
1.654004  1.232007
1.686550  1.174067
1.670277  1.203037
1.619139  1.175826
1.636572  1.203917
1.635412  1.146856
1.669118  1.145976
1.652845  1.174946
1.617372  1.061451
1.617994  1.118822
1.634281  1.089909
1.651699  1.117943
1.600427  1.033071
1.567888  1.090820
1.584798  1.119278
1.601085  1.090364
1.720279  1.231145
1.687142  1.231576
1.703415  1.202606
1.704607  1.317306
1.755210  1.402812
1.738342  1.374310
1.721475  1.345808
1.770874  1.316571
1.720877  1.288442
1.737147  1.259578
1.737741  1.316939
1.754011  1.288075
1.687739  1.288873
1.670872  1.260440
1.704009  1.260009
1.787742  1.345073
1.771476  1.373942
1.754608  1.345441
1.821480  1.402113
1.788345  1.402463
1.804611  1.373593
1.805820  1.488376
1.772080  1.431333
1.788950  1.459855
1.838350  1.430635
1.822085  1.459505
1.805215  1.430984
1.838610  1.487797
1.871400  1.487219
1.854875  1.458927
1.853829  1.572273
1.821823  1.516342
1.837826  1.544307
1.887403  1.515184
1.870616  1.543729
1.854613  1.515763
1.884556  1.570643
1.915283  1.569013
1.901343  1.542098
1.895547  1.653385
1.929189  1.596050
1.912368  1.624718
1.867735  1.599311
1.881641  1.626348
1.898462  1.597680
1.956011  1.650166
1.925779  1.651776
1.942600  1.623108
1.934170  1.733358
1.968885  1.676824
1.951527  1.705091
2.001160  1.734779
1.967665  1.734069
1.985022  1.705802
1.921295  1.706700
1.908421  1.680043
1.938653  1.678433
1.983679  1.820939
1.967176  1.791745
1.950673  1.762551
2.017663  1.763973
2.000671  1.792456
1.984168  1.763262
2.053009  1.823763
2.018344  1.822351
2.035336  1.793868
2.036709  1.910633
2.076833  1.915770
2.116957  1.920907
2.070686  1.853661
2.053697  1.882147
2.093822  1.887284
2.001356  1.850837
2.019032  1.880735
2.036021  1.852249
2.079408  1.994146
2.105299  1.971445
2.131190  1.948745
2.050942  1.938470
2.065175  1.966308
2.091066  1.943608
2.167249  2.029805
2.171900  2.110550
2.168799  2.056720
2.170350  2.083635
2.228303  2.094013
2.200102  2.102281
2.226753  2.067098
2.197001  2.048451
2.198551  2.075366
2.160471  1.960631
2.163860  1.995218
2.108688  2.006032
2.137968  2.017918
2.134579  1.983332
2.190976  2.017923
2.214704  2.006042
2.220728  2.036570
2.187587  1.983336
2.215464  2.183721
2.280997  2.181718
2.248230  2.182719
2.242824  2.118403
2.229144  2.151062
2.261911  2.150060
2.200943  2.159331
2.186421  2.134940
2.214623  2.126672
2.265831  2.269080
2.232253  2.212174
2.249042  2.240627
2.297786  2.210170
2.281808  2.239625
2.265019  2.211172
2.299045  2.268856
2.332259  2.268632
2.315022  2.239401
2.316315  2.354930
2.366615  2.441900
2.382600  2.354888
2.349458  2.354909
2.349848  2.412910
2.333082  2.383920
2.382991  2.412889
2.399367  2.383877
2.366224  2.383899
2.349087  2.297249
2.332701  2.326090
2.365844  2.326068
2.282659  2.297697
2.299487  2.326313
2.315873  2.297473
2.432944  2.441436
2.417245  2.527928
2.400368  2.499252
2.383492  2.470576
2.399780  2.441668
2.449821  2.470112
2.433533  2.499020
2.416656  2.470344
2.416156  2.412656
2.483608  2.527314
2.450426  2.527621
2.466715  2.498713
2.467813  2.613805
2.450957  2.585179
2.434101  2.556554
2.500464  2.555940
2.484138  2.584872
2.467282  2.556247
2.567473  2.612819
2.534253  2.613148
2.501033  2.613476
2.533684  2.555611
2.550579  2.584215
2.517359  2.584544
2.600122  2.554952
2.583797  2.583885
2.566903  2.555281
2.600694  2.612489
2.633915  2.612160
2.617018  2.583556
2.827802  2.688017
2.720245  2.694418
2.735759  2.666557
2.751273  2.638697
2.807463  2.662290
2.787125  2.636563
2.791949  2.690151
2.756097  2.692284
2.771611  2.664424
2.684839  2.639360
2.618166  2.698636
2.584371  2.641424
2.601269  2.670030
2.634490  2.669701
2.702542  2.666889
2.652193  2.697230
2.686219  2.695824
2.650813  2.640766
2.668516  2.668295
2.718056  2.639028
2.831257  2.656643
2.834711  2.625268
2.810918  2.630916
2.617592  2.641095
2.855804  2.664679
2.883807  2.641341
2.897406  2.709800
2.863467  2.792947
2.851579  2.757971
2.839690  2.722994
2.862604  2.698909
2.909294  2.744776
2.886381  2.768862
2.874492  2.733885
2.859259  2.633305
2.890606  2.675570
2.661672  -2.648596
2.564117  -2.648773
2.464468  -2.647710
2.364854  -2.646601
2.315954  -2.559802
2.398667  -2.589455
2.381761  -2.618028
2.332254  -2.588735
2.348554  -2.617668
2.349161  -2.560162
2.382367  -2.560522
2.365461  -2.589095
2.630338  -2.591464
2.646005  -2.620030
2.596635  -2.648714
2.629153  -2.648655
2.580969  -2.620148
2.597820  -2.591523
2.531513  -2.590886
2.497685  -2.648064
2.530901  -2.648419
2.547815  -2.619829
2.498297  -2.590532
2.481382  -2.619121
2.431872  -2.589824
2.431264  -2.647341
2.398059  -2.646971
2.448170  -2.618767
2.414965  -2.618398
2.696165  -2.591812
2.678918  -2.620204
2.663252  -2.591638
2.689844  -2.646954
2.710017  -2.735618
2.722074  -2.704969
2.734131  -2.674319
2.789518  -2.709608
2.749767  -2.722613
2.761824  -2.691964
2.718016  -2.645312
2.677787  -2.677603
2.693902  -2.706611
2.705959  -2.675961
2.707090  -2.618562
2.781079  -2.784919
2.733704  -2.752051
2.757392  -2.768485
2.813205  -2.726042
2.797142  -2.755480
2.773455  -2.739047
2.863467  -2.792947
2.897894  -2.712662
2.863581  -2.704633
2.852068  -2.760833
2.840668  -2.728718
2.886381  -2.768862
2.909294  -2.744776
2.874981  -2.736747
2.888302  -2.681564
2.836005  -2.790271
2.808542  -2.787595
2.824605  -2.758156
2.564667  -2.591205
2.613487  -2.620089
2.465084  -2.590178
2.514599  -2.619475
2.267066  -2.473024
2.218164  -2.386264
2.284576  -2.386943
2.251370  -2.386604
2.250765  -2.444104
2.234464  -2.415184
2.283971  -2.444443
2.300877  -2.415863
2.267670  -2.415523
2.300271  -2.473372
2.333476  -2.473720
2.317177  -2.444791
2.332863  -2.531224
2.349773  -2.502646
2.283362  -2.501950
2.299658  -2.530876
2.316567  -2.502298
2.366070  -2.531584
2.235060  -2.357696
2.251957  -2.329127
2.268266  -2.358035
2.169288  -2.299510
2.120422  -2.212759
2.071570  -2.126018
2.104138  -2.183845
2.087854  -2.154931
2.137932  -2.126721
2.104751  -2.126369
2.137319  -2.184197
2.154216  -2.155635
2.121035  -2.155283
2.202476  -2.299859
2.235665  -2.300209
2.186186  -2.270944
2.153608  -2.213111
2.186794  -2.213463
2.170505  -2.184549
2.203083  -2.242379
2.152999  -2.270593
2.136711  -2.241676
2.169897  -2.242028
2.219374  -2.271294
2.185580  -2.328428
2.201872  -2.357346
2.218768  -2.328777
2.088463  -2.097460
2.022724  -2.039289
1.973916  -1.952593
2.006455  -2.010390
1.990186  -1.981492
2.040235  -1.953287
2.007076  -1.952940
2.039614  -2.010737
2.056504  -1.982186
2.023345  -1.981839
2.105356  -2.068903
2.089074  -2.039993
2.055899  -2.039641
2.055288  -2.097108
2.039006  -2.068198
2.072181  -2.068551
2.121644  -2.097812
2.072789  -2.011090
1.990796  -1.924040
2.007675  -1.895486
2.023955  -1.924387
1.924827  -1.866387
1.870292  -1.783658
1.941708  -1.837864
1.958589  -1.809341
1.905351  -1.782712
1.940410  -1.781765
1.888470  -1.811234
1.906649  -1.838811
1.923529  -1.810288
1.991312  -1.866751
1.958070  -1.866569
1.957553  -1.923858
1.941190  -1.895122
1.974433  -1.895304
1.974950  -1.838046
1.887178  -1.755133
1.904064  -1.726609
1.922237  -1.754187
1.821514  -1.697009
1.854659  -1.697367
1.887805  -1.697725
1.837773  -1.725892
1.854032  -1.754775
1.870919  -1.726250
1.838390  -1.668489
1.855266  -1.639969
1.871535  -1.668847
1.772740  -1.610373
1.723978  -1.523746
1.675218  -1.437128
1.625751  -1.348508
1.658729  -1.407588
1.642240  -1.378048
1.658933  -1.349244
1.692115  -1.349980
1.691911  -1.408324
1.708604  -1.379520
1.675422  -1.378784
1.805874  -1.610732
1.839008  -1.611090
1.789618  -1.581858
1.757111  -1.524106
1.740774  -1.495184
1.741316  -1.437750
1.708267  -1.437439
1.724960  -1.408635
1.806497  -1.553342
1.790243  -1.524466
1.757570  -1.466623
1.707725  -1.494873
1.691471  -1.466001
1.724520  -1.466312
1.822752  -1.582216
1.788998  -1.639252
1.805256  -1.668130
1.822132  -1.639610
1.773906  -1.495545
1.756486  -1.581497
1.740232  -1.552622
1.773365  -1.552982
1.642654  -1.319983
1.576628  -1.260238
1.609905  -1.261136
1.643182  -1.262033
1.610343  -1.203249
1.593485  -1.231744
1.626763  -1.232641
1.659557  -1.291457
1.593002  -1.289661
1.609377  -1.319085
1.626280  -1.290559
1.675836  -1.320719
1.527605  -1.173543
1.478824  -1.086985
1.511344  -1.144690
1.495084  -1.115838
1.545064  -1.087703
1.495701  -1.058485
1.430077  -1.000445
1.381666  -0.913284
1.447012  -0.971905
1.463947  -0.943365
1.414738  -0.913798
1.447810  -0.914312
1.397803  -0.942337
1.413940  -0.971391
1.430875  -0.942851
1.594002  -1.174351
1.560803  -1.173947
1.561324  -1.116556
1.511944  -1.087344
1.512577  -1.029986
1.496328  -1.001139
1.463203  -1.000792
1.480138  -0.972252
1.544464  -1.145050
1.528204  -1.116197
1.577663  -1.145454
1.543946  -1.202441
1.560287  -1.231339
1.577144  -1.202845
1.528821  -1.058844
1.462575  -1.058138
1.446326  -1.029291
1.479452  -1.029639
1.398543  -0.884824
1.415420  -0.856365
1.431615  -0.885338
1.333174  -0.826601
1.284680  -0.740255
1.235550  -0.656736
1.177873  -0.568931
1.253384  -0.628309
1.271217  -0.599883
1.214932  -0.569772
1.251992  -0.570614
1.197099  -0.598199
1.216325  -0.627468
1.234158  -0.599041
1.366215  -0.827036
1.399256  -0.827471
1.349338  -0.855495
1.365502  -0.884389
1.382379  -0.855930
1.366948  -0.769687
1.300845  -0.769037
1.317009  -0.797819
1.350061  -0.798144
1.350784  -0.740906
1.317732  -0.740580
1.319076  -0.683648
1.268304  -0.712415
1.251927  -0.684576
1.302699  -0.655809
1.269125  -0.656272
1.301878  -0.711952
1.285501  -0.684112
1.383102  -0.798579
1.334930  -0.712277
1.333896  -0.769362
1.286958  -0.627846
1.216568  -0.515763
1.197221  -0.542347
1.234280  -0.543188
1.135385  -0.478193
1.037602  -0.462335
1.005514  -0.361167
1.016210  -0.394890
1.026906  -0.428613
1.086552  -0.412108
1.062077  -0.437222
1.075856  -0.378385
1.040685  -0.369776
1.051381  -0.403499
1.149548  -0.508439
1.163710  -0.538685
1.168895  -0.481855
1.202405  -0.485517
1.183058  -0.512101
1.181208  -0.430459
1.119146  -0.417394
1.102791  -0.472907
1.070196  -0.467621
1.127266  -0.447794
1.094671  -0.442508
1.158296  -0.454326
1.150177  -0.423927
1.191806  -0.457988
1.038686  -0.342184
1.071857  -0.323202
1.073856  -0.350794
1.027095  -0.289822
0.930899  -0.286821
0.955771  -0.311603
0.980643  -0.336385
1.016305  -0.325494
0.966561  -0.275931
1.002223  -0.265040
0.991433  -0.300713
1.049476  -0.306512
0.967230  -0.194670
0.990782  -0.214497
1.014333  -0.234323
0.943010  -0.256104
0.955120  -0.225387
0.978672  -0.245214
0.999080  -0.184179
1.030930  -0.173688
0.975245  -0.162649
0.983259  -0.130627
1.007095  -0.152158
1.022632  -0.204006
0.967230  0.194670
0.988792  0.226790
1.010354  0.258910
0.998606  0.187131
1.029982  0.179592
1.020168  0.219251
0.983259  0.130627
0.975245  0.162649
1.006620  0.155109
0.930899  0.286821
0.964572  0.288224
0.998244  0.289627
0.955120  0.225387
0.943010  0.256104
0.976682  0.257507
0.978003  0.379814
0.995974  0.350219
1.013945  0.320625
0.946601  0.317819
0.962302  0.348817
0.980273  0.319222
1.056680  0.387608
1.102166  0.356485
1.079423  0.372046
1.101829  0.433422
1.079255  0.410515
1.101998  0.394953
1.040171  0.323223
1.048425  0.355415
1.071168  0.339854
1.004229  0.382412
1.030454  0.385010
1.022200  0.352817
1.024170  0.469946
1.072263  0.555647
1.089643  0.522541
1.107024  0.489435
1.057581  0.465407
1.090992  0.460868
1.040201  0.498513
1.056232  0.527080
1.073612  0.493974
1.167137  0.554886
1.207691  0.638004
1.239628  0.580494
1.223659  0.609249
1.270628  0.636038
1.239159  0.637021
1.255128  0.608266
1.138648  0.489181
1.152893  0.522034
1.103888  0.555394
1.135512  0.555140
1.121268  0.522287
1.035007  0.442500
1.045843  0.415054
1.068418  0.437961
1.181465  0.529630
1.195792  0.504375
1.167220  0.496778
1.196624  0.553837
1.180655  0.582592
1.194173  0.610298
1.226110  0.552788
1.210141  0.581543
1.210951  0.528581
1.251404  0.722262
1.268302  0.693193
1.285199  0.664124
1.284133  0.721534
1.316861  0.720805
1.301030  0.692464
1.236833  0.694176
1.222262  0.666090
1.253731  0.665107
1.300677  0.806285
1.284253  0.778277
1.267829  0.750270
1.316981  0.777548
1.333286  0.748812
1.300557  0.749541
1.333709  0.806016
1.366740  0.805747
1.350013  0.777280
1.351063  0.891953
1.401418  0.977628
1.451773  1.063375
1.434988  1.034792
1.418203  1.006210
1.467496  0.977122
1.434457  0.977375
1.484281  1.005704
1.517910  1.062699
1.484842  1.063037
1.468027  1.034539
1.501096  1.034202
1.417140  0.891407
1.384102  0.891680
1.383536  0.834303
1.367300  0.863128
1.400338  0.862855
1.317473  0.834841
1.334268  0.863397
1.350504  0.834572
1.367848  0.920511
1.384633  0.949070
1.433925  0.919965
1.417671  0.948796
1.400886  0.920238
1.450710  0.948543
1.451242  1.005957
1.502225  1.148878
1.468590  1.091876
1.485407  1.120377
1.534727  1.091200
1.518476  1.120039
1.501659  1.091538
1.535385  1.148497
1.568546  1.148116
1.551637  1.119658
1.552829  1.234176
1.586554  1.233453
1.620279  1.232730
1.585414  1.176549
1.569122  1.205363
1.602847  1.204640
1.519093  1.177310
1.535961  1.205743
1.552254  1.176930
1.605219  1.318301
1.621481  1.289536
1.637742  1.260772
1.587756  1.290259
1.570292  1.262218
1.604017  1.261495
1.671478  1.317638
1.655806  1.403921
1.638944  1.375381
1.622082  1.346841
1.638348  1.317969
1.688340  1.346178
1.672073  1.375050
1.655211  1.346509
1.654610  1.289205
1.722075  1.403182
1.688941  1.403551
1.705208  1.374680
1.706410  1.489424
1.689542  1.460923
1.672674  1.432422
1.738943  1.431683
1.722677  1.460553
1.705809  1.432052
1.772683  1.488725
1.739546  1.489075
1.755813  1.460204
1.757022  1.574993
1.723280  1.517947
1.740151  1.546470
1.789554  1.517248
1.773288  1.546120
1.756417  1.517598
1.789291  1.574086
1.821560  1.573180
1.805557  1.545214
1.806312  1.659735
1.773452  1.603240
1.789882  1.631487
1.822151  1.630581
1.837990  1.601427
1.805721  1.602333
1.836057  1.657618
1.865802  1.655502
1.851896  1.628464
1.846718  1.739007
1.879271  1.681926
1.862994  1.710466
1.819781  1.686159
1.833249  1.712583
1.849526  1.684042
1.905019  1.735241
1.875869  1.737124
1.892145  1.708583
1.883092  1.818735
1.932632  1.906350
1.916119  1.877145
1.899605  1.847940
1.950150  1.820204
1.900118  1.790276
1.917144  1.761817
1.916621  1.819470
1.933647  1.791011
1.870967  1.792159
1.858843  1.765583
1.887993  1.763700
1.966663  1.849409
1.949648  1.877880
1.933134  1.848675
2.002017  1.909205
1.967324  1.907777
1.984340  1.879307
1.981050  1.993288
1.948772  1.935329
1.964911  1.964309
2.018156  1.938184
1.999603  1.965736
1.983464  1.936757
2.013836  1.993574
2.046622  1.993860
2.032389  1.966022
2.025997  2.078124
1.996032  2.021567
2.011015  2.049845
2.061604  2.022139
2.043800  2.050131
2.028818  2.021853
2.101894  2.091676
2.116769  2.186933
2.111811  2.155180
2.106852  2.123428
2.148565  2.104258
2.125229  2.097967
2.135146  2.161472
2.153523  2.136011
2.130188  2.129719
2.145464  2.050428
2.123679  2.071052
2.086903  2.026656
2.094398  2.059166
2.116183  2.038542
2.051296  2.082641
2.076595  2.087159
2.069099  2.054649
2.147014  2.077343
2.182566  2.184791
2.170806  2.272830
2.152794  2.244197
2.134782  2.215565
2.149668  2.185862
2.200578  2.213424
2.185692  2.243127
2.167680  2.214494
2.168044  2.160401
2.234156  2.270330
2.202481  2.271580
2.217367  2.241877
2.217702  2.356441
2.186438  2.300700
2.202070  2.328571
2.249788  2.298200
2.233745  2.327321
2.218113  2.299450
2.250573  2.355938
2.283444  2.355434
2.266616  2.326817
2.267477  2.441842
2.300036  2.383901
2.283756  2.412871
2.333569  2.441880
2.300523  2.441861
2.316802  2.412891
2.234294  2.384908
2.250885  2.413375
2.267165  2.384404
2.317899  2.528387
2.368245  2.614736
2.351463  2.585953
2.334681  2.557170
2.384130  2.528081
2.351015  2.528234
2.384579  2.585800
2.400912  2.556864
2.434624  2.614116
2.401435  2.614426
2.417768  2.585490
2.284285  2.470690
2.301092  2.499539
2.350377  2.470729
2.334138  2.499558
2.317331  2.470709
2.367253  2.499405
2.367797  2.557017
2.418832  2.700610
2.401970  2.671985
2.385108  2.643361
2.451486  2.642740
2.435159  2.671675
2.418297  2.643050
2.518498  2.699622
2.485276  2.699952
2.452054  2.700281
2.484708  2.642411
2.501603  2.671017
2.468381  2.671346
2.551148  2.641753
2.534823  2.670688
2.517928  2.642082
2.551721  2.699294
2.584944  2.698965
2.568046  2.670359
2.764473  2.779066
2.734987  2.722634
2.749730  2.750850
2.806692  2.718367
2.785582  2.748717
2.770840  2.720500
2.830469  2.788320
2.797471  2.783693
2.818581  2.753344
2.669252  2.783642
2.569184  2.785439
2.635896  2.784241
2.602540  2.784840
2.601839  2.727570
2.585512  2.756505
2.635195  2.726971
2.703247  2.724159
2.686250  2.753900
2.652224  2.755306
2.669221  2.725565
2.700992  2.782116
2.732732  2.780591
2.717990  2.752375
2.618868  2.755906
2.535394  2.728228
2.552289  2.756833
2.568616  2.727899
2.792947  2.863467
2.783456  2.835334
2.773964  2.807200
2.839961  2.816454
2.816454  2.839961
2.806962  2.811827
2.608263  -2.732791
2.513372  -2.734549
2.413725  -2.733466
2.480156  -2.734188
2.446940  -2.733827
2.447554  -2.676295
2.430639  -2.704881
2.480769  -2.676656
2.497071  -2.705603
2.463855  -2.705242
2.642181  -2.733733
2.676099  -2.734676
2.626066  -2.704726
2.643869  -2.676661
2.659984  -2.705668
2.578832  -2.676779
2.545002  -2.733963
2.576633  -2.733377
2.593548  -2.704785
2.547202  -2.677365
2.530287  -2.705957
2.513986  -2.677011
2.611351  -2.676720
2.561917  -2.705371
2.397435  -2.704511
2.381144  -2.675556
2.414349  -2.675926
2.265250  -2.645482
2.216350  -2.558737
2.167469  -2.471973
2.233255  -2.530166
2.250160  -2.501595
2.200668  -2.472323
2.233867  -2.472674
2.183762  -2.500894
2.200056  -2.529816
2.216961  -2.501245
2.331653  -2.646228
2.298451  -2.645855
2.299053  -2.588362
2.282151  -2.616922
2.315353  -2.617295
2.314178  -2.732300
2.281559  -2.674421
2.297868  -2.703361
2.347962  -2.675167
2.331070  -2.703734
2.314761  -2.674794
2.380542  -2.733077
2.347360  -2.732689
2.364252  -2.704122
2.249551  -2.559092
2.282753  -2.559447
2.266456  -2.530521
2.232650  -2.587652
2.248950  -2.616567
2.265851  -2.588007
2.709697  -2.835957
2.792947  -2.863467
2.765197  -2.854297
2.737447  -2.845127
2.733491  -2.818944
2.757285  -2.801931
2.709910  -2.769064
2.637296  -2.804520
2.685563  -2.825478
2.661430  -2.814999
2.685776  -2.758585
2.661536  -2.781553
2.709803  -2.802510
2.685670  -2.792032
2.733598  -2.785498
2.617941  -2.756701
2.627618  -2.780611
2.651859  -2.757643
2.788991  -2.837284
2.785035  -2.811101
2.761241  -2.828114
2.816454  -2.839961
2.839961  -2.816454
2.812498  -2.813778
2.184367  -2.443403
2.201265  -2.414834
2.217566  -2.443754
2.118593  -2.385209
2.069724  -2.298454
2.020867  -2.211719
1.972010  -2.124987
1.923025  -2.038331
1.955682  -2.096102
1.939353  -2.067216
1.989491  -2.038969
1.956952  -1.981172
1.939989  -2.009752
1.956258  -2.038650
1.973222  -2.010071
2.151783  -2.385561
2.184973  -2.385912
2.135491  -2.356642
2.102912  -2.298806
2.086624  -2.269889
2.087237  -2.212412
2.054669  -2.154585
1.988296  -2.153898
2.004581  -2.182808
2.037768  -2.183152
2.038384  -2.125674
2.005197  -2.125331
2.021482  -2.154241
2.152390  -2.328076
2.136100  -2.299158
2.103523  -2.241324
2.054052  -2.212065
2.070953  -2.183498
2.168682  -2.356994
2.134885  -2.414130
2.151177  -2.443051
2.168075  -2.414482
2.119812  -2.270241
2.102304  -2.356290
2.086014  -2.327372
2.119202  -2.327724
2.053438  -2.269542
2.037152  -2.240630
2.070338  -2.240977
2.005820  -2.067855
1.988915  -2.096421
1.972586  -2.067536
2.022102  -2.096764
1.873116  -1.952075
1.821145  -1.867786
1.890353  -1.923512
1.907590  -1.894949
1.855705  -1.867320
1.890266  -1.866853
1.838468  -1.895882
1.855792  -1.923978
1.873029  -1.895416
1.906389  -2.009579
1.889752  -1.980827
1.940316  -1.952420
1.906716  -1.952248
1.923352  -1.981000
1.923953  -1.923685
1.853909  -1.811701
1.837527  -1.839744
1.872088  -1.839277
1.770860  -1.782567
1.722101  -1.695921
1.673340  -1.609289
1.624589  -1.522654
1.575356  -1.434718
1.608953  -1.377245
1.592154  -1.405981
1.641930  -1.436325
1.608643  -1.435521
1.625442  -1.406785
1.787622  -1.810974
1.804383  -1.839380
1.804004  -1.782931
1.837148  -1.783295
1.820766  -1.811337
1.804630  -1.725528
1.787745  -1.754048
1.738354  -1.724803
1.754607  -1.753685
1.755239  -1.696283
1.788376  -1.696646
1.771492  -1.725166
1.820889  -1.754411
1.738981  -1.667405
1.755860  -1.638889
1.706473  -1.609650
1.690219  -1.580775
1.690849  -1.523382
1.657719  -1.523018
1.657090  -1.580411
1.640839  -1.551533
1.707099  -1.552260
1.673969  -1.551896
1.772118  -1.667767
1.739607  -1.610012
1.723353  -1.581136
1.689594  -1.638166
1.705847  -1.667043
1.722727  -1.638528
1.658342  -1.465637
1.591767  -1.464030
1.608178  -1.493342
1.641465  -1.494146
1.625054  -1.464833
1.674595  -1.494509
1.525897  -1.346035
1.542384  -1.375596
1.558870  -1.405157
1.559182  -1.346859
1.592467  -1.347684
1.575668  -1.376420
1.559718  -1.288837
1.477024  -1.259030
1.428333  -1.172384
1.461993  -1.115451
1.445163  -1.143918
1.494514  -1.173157
1.461423  -1.172771
1.478254  -1.144304
1.542808  -1.317436
1.493315  -1.288031
1.509606  -1.317033
1.543427  -1.259835
1.510226  -1.259432
1.510745  -1.202039
1.460794  -1.230148
1.444563  -1.201266
1.493885  -1.230534
1.477654  -1.201652
1.576092  -1.318260
1.527086  -1.230937
1.526517  -1.288434
1.379594  -1.085698
1.331095  -0.998535
1.363428  -1.056644
1.347261  -1.027589
1.397083  -0.999808
1.364089  -0.999172
1.413249  -1.028862
1.396421  -1.057280
1.380255  -1.028226
1.395840  -1.114593
1.412086  -1.143489
1.445747  -1.086556
1.412670  -1.086127
1.428917  -1.115022
1.429498  -1.057709
1.364809  -0.941701
1.347952  -0.970118
1.380946  -0.970755
1.282590  -0.911977
1.233960  -0.825569
1.185068  -0.740817
1.217662  -0.797318
1.201365  -0.769067
1.251476  -0.740442
1.201895  -0.712790
1.218723  -0.684763
1.218272  -0.740630
1.235099  -0.712603
1.315616  -0.912412
1.348641  -0.912848
1.316313  -0.855059
1.250170  -0.854371
1.266380  -0.883174
1.299452  -0.883518
1.300102  -0.826257
1.267031  -0.825913
1.267773  -0.768693
1.250866  -0.797131
1.234569  -0.768880
1.332477  -0.883954
1.298759  -0.940830
1.314927  -0.969683
1.331784  -0.941265
1.283938  -0.797475
1.283241  -0.854715
1.133442  -0.653696
1.084558  -0.562773
1.117147  -0.623389
1.100853  -0.593081
1.146768  -0.566878
1.115663  -0.564826
1.163063  -0.597186
1.148252  -0.625441
1.131958  -0.595133
1.201514  -0.655723
1.167478  -0.654710
1.182288  -0.626454
1.167859  -0.711777
1.150650  -0.682737
1.184687  -0.683750
1.118443  -0.506387
1.053254  -0.495815
0.987369  -0.563077
0.935656  -0.463144
0.884742  -0.374483
0.958942  -0.429152
0.982228  -0.395159
0.925000  -0.370044
0.965257  -0.365606
0.901714  -0.404037
0.918685  -0.433591
0.941971  -0.399598
1.101501  -0.534580
1.068906  -0.529294
1.019765  -0.562976
1.052162  -0.562875
1.004113  -0.529497
1.020858  -0.495916
0.969638  -0.462875
1.003620  -0.462605
0.992924  -0.428882
1.132605  -0.536632
1.085848  -0.501101
0.952894  -0.496455
0.970131  -0.529766
0.986876  -0.496186
1.036510  -0.529395
0.900128  -0.345263
0.915514  -0.316042
0.940385  -0.340824
0.884742  0.374483
0.915829  0.376260
0.946916  0.378037
0.915514  0.316042
0.900128  0.345263
0.931215  0.347040
0.928205  0.463464
0.972053  0.552242
0.942821  0.493056
0.957437  0.522649
1.006797  0.497378
0.989425  0.524810
0.960193  0.465624
0.993392  0.409858
1.008781  0.439902
0.992181  0.467785
0.944804  0.435581
0.961404  0.407697
0.899230  0.404143
0.913717  0.433803
0.930317  0.405920
0.976792  0.437741
1.019618  0.412456
0.974809  0.495217
1.005456  0.553377
1.017653  0.637936
1.113474  0.640010
1.049593  0.638627
1.081534  0.639318
1.086000  0.583768
1.099737  0.611889
1.054060  0.583077
1.035856  0.610507
0.987253  0.580807
1.002453  0.609371
1.038860  0.554512
1.020656  0.581942
1.022828  0.525945
1.067797  0.611198
1.149249  0.583261
1.131362  0.611635
1.117625  0.583514
1.144880  0.639341
1.156435  0.724071
1.201511  0.807351
1.186485  0.779591
1.171460  0.751831
1.219748  0.722865
1.188091  0.723468
1.218142  0.778988
1.234773  0.750625
1.203117  0.751228
1.176285  0.638672
1.173520  0.695382
1.190605  0.666693
1.205177  0.694779
1.162767  0.610967
1.142114  0.696051
1.127794  0.668030
1.159200  0.667361
1.234566  0.806996
1.267622  0.806640
1.251197  0.778633
1.251967  0.892732
1.235148  0.864272
1.218329  0.835812
1.268204  0.863916
1.284440  0.835100
1.251385  0.835456
1.284999  0.892472
1.302271  0.978352
1.352687  1.064085
1.368930  1.035266
1.385174  1.006447
1.335320  0.978111
1.368369  0.977869
1.319076  1.006930
1.335881  1.035507
1.352125  1.006688
1.318031  0.892213
1.318535  0.949552
1.334799  0.920753
1.351584  0.949311
1.301236  0.863657
1.268735  0.921272
1.285503  0.949812
1.301767  0.921012
1.418744  1.063611
1.385715  1.063848
1.401959  1.035029
1.403018  1.149880
1.386241  1.121282
1.369464  1.092683
1.435521  1.092210
1.419270  1.121045
1.402493  1.092446
1.469156  1.149212
1.436087  1.149546
1.452339  1.120711
1.453463  1.235394
1.419833  1.178385
1.436648  1.206890
1.485971  1.177717
1.469717  1.206555
1.452902  1.178051
1.486585  1.234988
1.504182  1.320790
1.556393  1.405166
1.588944  1.347256
1.572668  1.376211
1.521585  1.348915
1.538989  1.377041
1.537861  1.319960
1.571540  1.319130
1.555265  1.348086
1.519707  1.234582
1.520397  1.291918
1.536613  1.263047
1.554077  1.291089
1.502839  1.206149
1.470369  1.263859
1.487275  1.292325
1.503491  1.263453
1.622669  1.404336
1.589531  1.404751
1.605806  1.375796
1.607000  1.490517
1.657607  1.576040
1.640738  1.547533
1.623869  1.519025
1.673273  1.489788
1.623268  1.461652
1.639537  1.432786
1.640136  1.490153
1.656405  1.461287
1.590131  1.462067
1.573262  1.433616
1.606400  1.433201
1.690142  1.518296
1.673875  1.547168
1.657005  1.518661
1.723884  1.575342
1.690745  1.575691
1.707013  1.546819
1.708222  1.661613
1.674479  1.604565
1.691350  1.633089
1.740755  1.603866
1.724488  1.632740
1.707617  1.604215
1.740918  1.660987
1.773615  1.660361
1.757185  1.632114
1.753008  1.743989
1.723151  1.689072
1.738079  1.716530
1.788544  1.687819
1.770776  1.715904
1.755847  1.688446
1.784245  1.742328
1.815482  1.740668
1.802013  1.714244
1.794306  1.825243
1.834409  1.908445
1.821042  1.880711
1.807674  1.852977
1.853497  1.820905
1.829247  1.767752
1.811777  1.796498
1.766774  1.771074
1.780540  1.798158
1.798011  1.769413
1.823901  1.823074
1.841372  1.794329
1.866864  1.848639
1.850637  1.878542
1.899891  1.907048
1.867150  1.907746
1.883378  1.877843
1.837269  1.850808
1.880411  1.991060
1.865077  1.963522
1.849743  1.935983
1.915225  1.934587
1.897818  1.962824
1.882484  1.935285
1.947504  1.992545
1.913957  1.991803
1.931364  1.963566
1.929015  2.078117
1.896612  2.020079
1.912814  2.049098
1.963705  2.021564
1.946360  2.049841
1.930159  2.020822
1.961342  2.078119
1.993669  2.078121
1.978687  2.049843
1.973348  2.162025
1.943793  2.106086
1.958570  2.134055
1.990897  2.134058
2.008447  2.106091
1.976120  2.106088
2.048446  2.152982
2.084078  2.112111
2.066262  2.132547
2.093995  2.175616
2.071220  2.164299
2.089036  2.143864
2.033480  2.103076
2.040963  2.128029
2.058779  2.107594
1.998380  2.159010
2.024221  2.246152
2.092840  2.286057
2.047094  2.259454
2.069967  2.272756
2.108793  2.219974
2.100816  2.253016
2.085920  2.206673
2.055070  2.226413
2.077943  2.239714
2.023413  2.155996
2.032296  2.215096
2.040371  2.184039
2.063145  2.195356
2.015930  2.131043
2.144817  2.277239
2.118829  2.281648
2.126805  2.248607
2.122723  2.360070
2.186043  2.357651
2.154383  2.358861
2.154779  2.301910
2.138751  2.330990
2.170411  2.329780
2.112762  2.335399
2.102801  2.310728
2.128790  2.306319
2.169130  2.443419
2.138192  2.387853
2.153661  2.415636
2.201512  2.385434
2.185321  2.414426
2.169852  2.386643
2.201913  2.442893
2.218880  2.528793
2.268934  2.615125
2.285256  2.586212
2.301578  2.557300
2.335142  2.614866
2.302038  2.614995
2.318360  2.586083
2.234695  2.442367
2.235079  2.499809
2.251886  2.528658
2.284893  2.528522
2.235565  2.557570
2.252249  2.586348
2.268571  2.557435
2.218103  2.413900
2.251278  2.470825
2.268085  2.499674
2.185714  2.471877
2.202297  2.500335
2.218496  2.471351
2.319184  2.701587
2.302434  2.672767
2.285684  2.643946
2.351892  2.643686
2.335538  2.672637
2.318788  2.643816
2.385616  2.700936
2.352400  2.701261
2.368754  2.672311
2.369849  2.787418
2.352961  2.758807
2.336072  2.730197
2.402504  2.729546
2.386177  2.758482
2.369288  2.729872
2.469520  2.786431
2.436296  2.786760
2.403073  2.787089
2.435728  2.729217
2.452624  2.757824
2.419400  2.758153
2.502172  2.728559
2.485846  2.757495
2.468950  2.728888
2.502741  2.786100
2.535963  2.785770
2.519067  2.757164
2.713122  2.851906
2.628674  2.884540
2.608844  2.851506
2.589014  2.818473
2.642200  2.850907
2.655726  2.817274
2.622370  2.817874
2.747356  2.803346
2.730239  2.827626
2.683876  2.806396
2.698499  2.829151
2.656824  2.873662
2.684973  2.862784
2.670350  2.840029
2.715616  2.804871
2.766339  2.859613
2.739731  2.855760
2.756847  2.831480
2.520214  2.874789
2.536537  2.845006
2.552861  2.815222
2.592521  2.881290
2.556367  2.878039
2.572691  2.848256
2.486418  2.815883
2.503316  2.845336
2.519639  2.815553
2.720691  2.932207
2.718168  2.905440
2.715645  2.878673
2.768862  2.886381
2.744776  2.909294
2.742254  2.882527
2.558094  -2.816254
2.619432  -2.897160
2.598986  -2.870191
2.578540  -2.843223
2.584495  -2.812343
2.610895  -2.808432
2.625386  -2.866280
2.631341  -2.835400
2.604940  -2.839311
2.591540  -2.760612
2.574817  -2.788433
2.528279  -2.761784
2.462638  -2.820306
2.430029  -2.762413
2.446333  -2.791359
2.496460  -2.763135
2.479549  -2.791720
2.463245  -2.762774
2.543186  -2.789019
2.494456  -2.818955
2.526275  -2.817604
2.511368  -2.790369
2.559909  -2.761198
2.601218  -2.784522
2.363091  -2.819140
2.330482  -2.761247
2.346786  -2.790193
2.396847  -2.762024
2.379969  -2.790582
2.363664  -2.761635
2.429455  -2.819917
2.396273  -2.819529
2.413151  -2.790971
2.165654  -2.644434
2.214636  -2.731195
2.181981  -2.673354
2.198309  -2.702275
2.231507  -2.702624
2.248379  -2.674053
2.198853  -2.644783
2.232052  -2.645133
2.199451  -2.587303
2.116757  -2.557685
2.133056  -2.586601
2.149355  -2.615518
2.182553  -2.615868
2.149954  -2.558036
2.183152  -2.558386
2.166253  -2.586952
2.215751  -2.616218
2.215180  -2.673704
2.247817  -2.731563
2.280997  -2.731932
2.264688  -2.702992
2.150565  -2.500544
2.067892  -2.470909
2.019027  -2.384152
2.035926  -2.355586
2.052825  -2.327020
2.052216  -2.384505
2.085405  -2.384857
2.069115  -2.355938
2.133661  -2.529114
2.084180  -2.499834
2.100468  -2.528760
2.101084  -2.471264
2.134276  -2.471618
2.084792  -2.442342
2.101693  -2.413776
2.035316  -2.413071
2.051604  -2.441990
2.068504  -2.413423
2.166858  -2.529465
2.117985  -2.442697
2.117372  -2.500189
2.263579  -2.817982
2.247265  -2.789053
2.230950  -2.760124
2.280445  -2.789421
2.296750  -2.818368
2.329920  -2.818754
2.297311  -2.760860
2.313616  -2.789807
2.264131  -2.760492
2.720691  -2.932207
2.686938  -2.920525
2.653185  -2.908843
2.649520  -2.876759
2.679608  -2.856358
2.717026  -2.900124
2.713362  -2.868040
2.683273  -2.888441
2.744776  -2.909294
2.768862  -2.886381
2.741112  -2.877210
2.655475  -2.845879
1.970168  -2.297414
1.921304  -2.210682
1.872232  -2.123999
1.906094  -2.066887
1.889163  -2.095443
1.938751  -2.124658
1.905492  -2.124328
1.922422  -2.095772
2.003967  -2.240284
1.987067  -2.268849
1.937592  -2.239593
1.953880  -2.268504
1.954492  -2.211028
1.987679  -2.211373
1.955108  -2.153552
1.904947  -2.181788
1.888589  -2.152893
1.938206  -2.182117
1.921849  -2.153223
2.036539  -2.298107
2.003353  -2.297761
2.020253  -2.269196
2.002741  -2.355240
1.986454  -2.326327
2.019640  -2.326673
1.971394  -2.182463
1.970780  -2.239938
1.822379  -2.037415
1.771615  -1.951977
1.839282  -1.952042
1.805449  -1.952010
1.805458  -2.008936
1.788536  -1.980456
1.839292  -2.008968
1.856204  -1.980521
1.822370  -1.980489
1.838997  -2.066276
1.855615  -2.095137
1.855928  -2.037720
1.889476  -2.038026
1.872545  -2.066581
1.872840  -2.009273
1.804635  -1.895850
1.788125  -1.923914
1.821959  -1.923946
1.720475  -1.866540
1.671453  -1.781364
1.622697  -1.694831
1.573944  -1.608209
1.524964  -1.521054
1.475717  -1.432928
1.492132  -1.462303
1.508548  -1.491679
1.541761  -1.492275
1.558559  -1.463496
1.508930  -1.433525
1.542143  -1.434121
1.525346  -1.462900
1.787588  -1.867371
1.754031  -1.866955
1.754065  -1.810558
1.687794  -1.809756
1.704134  -1.838148
1.737270  -1.838549
1.737725  -1.782166
1.704589  -1.781765
1.705218  -1.724402
1.688336  -1.752883
1.638949  -1.723675
1.655201  -1.752520
1.655832  -1.695194
1.688966  -1.695558
1.639578  -1.666317
1.607076  -1.608569
1.590826  -1.579691
1.558172  -1.521587
1.591381  -1.522121
1.574970  -1.492809
1.770827  -1.838964
1.737521  -1.895019
1.754568  -1.923498
1.771078  -1.895434
1.721472  -1.753284
1.720929  -1.810157
1.656459  -1.637803
1.640208  -1.608929
1.607707  -1.551173
1.557617  -1.579157
1.541290  -1.550106
1.574499  -1.550639
1.672713  -1.666680
1.672084  -1.724039
1.623958  -1.580051
1.606446  -1.665957
1.590195  -1.637083
1.623327  -1.637443
1.509171  -1.374999
1.492444  -1.403964
1.525657  -1.404560
1.426427  -1.344566
1.377712  -1.257921
1.329238  -1.171130
1.361554  -1.228991
1.345396  -1.200060
1.395301  -1.171966
1.362270  -1.171548
1.394586  -1.229409
1.411459  -1.200897
1.443920  -1.258660
1.410816  -1.258291
1.427690  -1.229778
1.492741  -1.345545
1.459584  -1.345056
1.460159  -1.287542
1.410189  -1.315684
1.393950  -1.286803
1.443293  -1.316054
1.427054  -1.287172
1.476450  -1.316544
1.442857  -1.374020
1.459287  -1.403474
1.476014  -1.374510
1.378428  -1.200478
1.362809  -1.114175
1.280576  -1.083949
1.314256  -1.027007
1.297416  -1.055478
1.346588  -1.085115
1.313582  -1.084532
1.330422  -1.056061
1.346024  -1.142652
1.296797  -1.113009
1.313018  -1.142069
1.329803  -1.113592
1.379055  -1.143070
1.232093  -0.997396
1.183390  -0.910943
1.134644  -0.824686
1.085539  -0.739938
1.101907  -0.768187
1.118276  -0.796436
1.168260  -0.768773
1.151452  -0.796729
1.151891  -0.740524
1.118715  -0.740231
1.135084  -0.768480
1.265094  -0.997776
1.298094  -0.998156
1.265758  -0.940450
1.199624  -0.939761
1.215859  -0.968578
1.248925  -0.968923
1.249524  -0.911632
1.216457  -0.911288
1.217103  -0.854027
1.167141  -0.882191
1.150893  -0.853438
1.200854  -0.825274
1.167749  -0.824980
1.184557  -0.797024
1.281926  -0.969303
1.248254  -1.026247
1.264415  -1.055098
1.281255  -1.026627
1.200247  -0.882485
1.183998  -0.853732
1.233313  -0.882829
1.232691  -0.940105
1.101507  -0.711190
1.035679  -0.650406
1.051972  -0.621195
1.068265  -0.591984
1.068267  -0.651503
1.100854  -0.652600
1.084560  -0.622292
1.117474  -0.682443
1.052299  -0.680250
1.068919  -0.710094
1.084887  -0.681347
1.134683  -0.711484
1.019576  -0.621297
1.003472  -0.592187
1.035869  -0.592086
0.875361  -0.566896
0.830600  -0.457463
0.845521  -0.493941
0.860441  -0.530418
0.915558  -0.497728
0.895459  -0.532312
0.865619  -0.459357
0.900638  -0.461251
0.880539  -0.495834
0.950033  -0.564350
0.912697  -0.565623
0.932795  -0.531039
0.942598  -0.653899
0.920186  -0.624898
0.897773  -0.595897
0.957522  -0.623625
0.972445  -0.593351
0.935109  -0.594624
0.973625  -0.652735
1.004652  -0.651571
0.988549  -0.622461
0.848648  -0.429803
0.866695  -0.402143
0.883666  -0.431697
0.830600  0.457463
0.867790  0.547126
0.911592  0.637441
0.896991  0.607336
0.882391  0.577231
0.937299  0.550537
0.902544  0.548831
0.908067  0.491351
0.887928  0.519238
0.922683  0.520944
0.863135  0.459463
0.842997  0.487351
0.855394  0.517238
0.895670  0.461463
0.875532  0.489351
0.866695  0.402143
0.848648  0.429803
0.881183  0.431803
0.951899  0.580642
0.931745  0.609041
0.917145  0.578936
0.982299  0.637771
0.946945  0.637606
0.967099  0.609206
1.060496  0.723878
1.078155  0.695922
1.095815  0.667966
1.031934  0.666584
1.046215  0.695231
1.063874  0.667275
0.960286  0.724385
0.927823  0.666422
0.944055  0.695404
0.998531  0.666753
0.979409  0.695569
0.963177  0.666588
0.993689  0.724216
1.027093  0.724047
1.012812  0.695400
1.124455  0.724007
1.092475  0.723943
1.110135  0.695986
1.104075  0.809895
1.138981  0.752679
1.121528  0.781287
1.169032  0.808199
1.136553  0.809047
1.154007  0.780439
1.089548  0.781223
1.075022  0.752551
1.107002  0.752615
1.152782  0.893800
1.136547  0.865832
1.120311  0.837863
1.169025  0.864984
1.185268  0.836167
1.152789  0.837015
1.185844  0.893444
1.218905  0.893088
1.202087  0.864628
1.203243  0.979181
1.186423  0.950720
1.169602  0.922260
1.219484  0.950364
1.235725  0.921548
1.202664  0.921904
1.236252  0.978904
1.269261  0.978628
1.252493  0.950088
1.253592  1.064877
1.303912  1.150595
1.354249  1.236396
1.337470  1.207796
1.320691  1.179196
1.369983  1.150118
1.336947  1.150357
1.386762  1.178719
1.420392  1.235728
1.387320  1.236062
1.370505  1.207557
1.403577  1.207224
1.319655  1.064349
1.286623  1.064613
1.286044  1.007194
1.269818  1.036035
1.302850  1.035771
1.220026  1.007746
1.236809  1.036312
1.253035  1.007470
1.270365  1.093450
1.287138  1.122023
1.336428  1.092922
1.320170  1.121758
1.303397  1.093186
1.353205  1.121520
1.353726  1.178957
1.404702  1.321921
1.371067  1.264904
1.387884  1.293413
1.437209  1.264237
1.420956  1.293079
1.404138  1.264570
1.437862  1.321544
1.471022  1.321167
1.454115  1.292702
1.455317  1.407263
1.489009  1.406564
1.522701  1.405865
1.487893  1.349614
1.471605  1.378438
1.505297  1.377739
1.421574  1.350368
1.438445  1.378815
1.454733  1.349991
1.507601  1.491519
1.523865  1.462734
1.540129  1.433950
1.490173  1.463433
1.472745  1.435348
1.506437  1.434649
1.573867  1.490851
1.558230  1.577116
1.541353  1.548583
1.524477  1.520051
1.540734  1.491185
1.590743  1.519383
1.574486  1.548250
1.557610  1.519717
1.556998  1.462401
1.624481  1.576399
1.591355  1.576757
1.607612  1.547891
1.608802  1.662661
1.591944  1.634146
1.575087  1.605631
1.641339  1.604914
1.625070  1.633787
1.608213  1.605272
1.675082  1.661962
1.641942  1.662312
1.658210  1.633438
1.659419  1.748239
1.625674  1.691187
1.642546  1.719713
1.691954  1.690488
1.675686  1.719364
1.658814  1.690838
1.690615  1.746822
1.721812  1.745406
1.706883  1.717947
1.700650  1.830294
1.673162  1.775590
1.686906  1.802942
1.718103  1.801525
1.735555  1.772757
1.704359  1.774174
1.731868  1.828610
1.742138  1.911464
1.759527  1.882724
1.776917  1.853984
1.803652  1.909451
1.772895  1.910458
1.790284  1.881717
1.763087  1.826927
1.714479  1.857350
1.728308  1.884407
1.745698  1.855667
1.749321  1.799842
1.781323  1.991793
1.799018  1.964011
1.816714  1.936228
1.847381  1.991305
1.814352  1.991549
1.832048  1.963766
1.768261  1.965017
1.755200  1.938241
1.785957  1.937234
1.832008  2.075002
1.815113  2.047266
1.798218  2.019530
1.864276  2.019041
1.848142  2.047021
1.831247  2.019285
1.896679  2.077078
1.864343  2.076040
1.880478  2.048060
1.880867  2.161710
1.926121  2.243659
1.895952  2.189026
1.911036  2.216343
1.957605  2.189236
1.941863  2.216448
1.911694  2.161815
1.942521  2.161920
1.926779  2.189131
1.848294  2.103905
1.864581  2.132807
1.912966  2.105981
1.896916  2.133846
1.880630  2.104943
1.927743  2.133951
1.958821  2.244490
1.991521  2.245321
1.990305  2.190067
2.007263  2.218110
1.974563  2.217279
2.015338  2.187053
2.025426  2.353489
2.069824  2.444421
2.055025  2.414110
2.040226  2.383800
2.090291  2.357877
2.057859  2.355683
2.105090  2.388187
2.087457  2.416304
2.072658  2.385994
2.047897  2.331012
2.070369  2.308535
2.025024  2.317710
2.024622  2.281931
2.047495  2.295233
1.958669  2.310345
1.936970  2.265888
1.947820  2.288116
2.002370  2.267550
1.980519  2.288947
2.003174  2.339107
1.980921  2.324726
2.002772  2.303329
1.969670  2.266719
2.080330  2.333206
2.136028  2.443753
2.102926  2.444087
2.120559  2.415970
2.119589  2.529803
2.086413  2.472882
2.103001  2.501343
2.152617  2.472214
2.136103  2.501008
2.119515  2.472548
2.152686  2.529466
2.185783  2.529130
2.169200  2.500672
2.169620  2.615505
2.219798  2.701872
2.235829  2.615252
2.202725  2.615378
2.203072  2.673083
2.186346  2.644294
2.236177  2.672956
2.252555  2.644041
2.219451  2.644167
2.202460  2.557697
2.186040  2.586601
2.219145  2.586474
2.136266  2.558370
2.152943  2.586937
2.169363  2.558034
2.286055  2.701682
2.252927  2.701777
2.269305  2.672861
2.270177  2.788401
2.253384  2.759558
2.236591  2.730715
2.286513  2.759463
2.302848  2.730525
2.269720  2.730620
2.336625  2.787745
2.303401  2.788073
2.319737  2.759135
2.320991  2.874155
2.304053  2.845570
2.287115  2.816986
2.353563  2.816330
2.337277  2.845243
2.320339  2.816658
2.420539  2.873242
2.387357  2.873547
2.354174  2.873851
2.386746  2.816026
2.403642  2.844634
2.370460  2.844938
2.453193  2.815368
2.436866  2.844305
2.419969  2.815697
2.453764  2.873758
2.486989  2.874273
2.470091  2.844821
2.690019  2.916318
2.646743  2.999125
2.640720  2.960930
2.634697  2.922735
2.659346  2.900429
2.696042  2.954513
2.671393  2.976819
2.665369  2.938624
2.687496  2.889551
2.558298  2.967678
2.471469  2.952706
2.500412  2.957697
2.529355  2.962688
2.532909  2.905752
2.545603  2.936715
2.605215  2.912253
2.581757  2.939966
2.569062  2.909002
2.617261  2.988643
2.587780  2.978161
2.611238  2.950448
2.487718  2.926734
2.503966  2.900761
2.437516  2.899730
2.454493  2.926218
2.470741  2.900246
2.516660  2.931725
2.512555  -2.901645
2.542914  -2.844718
2.527734  -2.873181
2.583806  -2.898655
2.548180  -2.900150
2.563360  -2.871686
2.479277  -2.847419
2.495916  -2.874532
2.511095  -2.846068
2.551370  -2.983598
2.525493  -2.928963
2.538432  -2.956281
2.596744  -2.925973
2.574057  -2.954786
2.561119  -2.927468
2.646743  -2.999125
2.637639  -2.965137
2.628536  -2.931148
2.671393  -2.976819
2.696042  -2.954513
2.662289  -2.942831
2.614952  -2.993949
2.583161  -2.988774
2.605848  -2.959961
2.412111  -2.904644
2.379431  -2.847641
2.395771  -2.876143
2.445796  -2.848419
2.428954  -2.876531
2.412613  -2.848030
2.479074  -2.902645
2.445593  -2.903645
2.462435  -2.875532
2.312485  -2.904818
2.212827  -2.903751
2.163904  -2.816934
2.114975  -2.730151
2.181416  -2.730847
2.148196  -2.730499
2.147594  -2.788006
2.131285  -2.759079
2.180815  -2.788354
2.197725  -2.759775
2.164505  -2.759427
2.329354  -2.876259
2.346222  -2.847699
2.279881  -2.846927
2.296183  -2.875873
2.246046  -2.904107
2.279266  -2.904462
2.229744  -2.875161
2.246662  -2.846572
2.197129  -2.817283
2.230354  -2.817632
2.180212  -2.845873
2.196519  -2.874812
2.213437  -2.846222
2.313052  -2.847313
2.345694  -2.904760
2.378903  -2.904702
2.362562  -2.876201
2.148761  -2.673006
2.131868  -2.701579
2.165089  -2.701927
2.066051  -2.643373
2.132453  -2.644080
2.099252  -2.643726
2.099855  -2.586248
2.082953  -2.614810
2.116154  -2.615164
2.082359  -2.672299
2.098667  -2.701225
2.115560  -2.672653
2.214040  -2.788704
2.017187  -2.556600
2.049763  -2.614448
2.033475  -2.585524
2.083567  -2.557323
2.050377  -2.556962
2.066665  -2.585886
2.050990  -2.499473
1.968324  -2.469844
1.919467  -2.383092
1.870611  -2.296359
1.821757  -2.209639
1.772918  -2.122938
1.805477  -2.180739
1.789198  -2.151838
1.806023  -2.123291
1.839127  -2.123645
1.838582  -2.181092
1.855407  -2.152546
1.854939  -2.209987
1.888122  -2.210335
1.871764  -2.181440
2.034088  -2.528036
1.984612  -2.498762
2.000899  -2.527681
2.001513  -2.470199
2.034703  -2.470554
1.985225  -2.441280
1.952654  -2.383445
1.985841  -2.383799
2.002126  -2.412716
1.952038  -2.440926
1.935753  -2.412009
1.968940  -2.412363
2.067278  -2.528398
2.018415  -2.441635
2.017801  -2.499117
1.936367  -2.354532
1.903797  -2.296711
1.936982  -2.297062
1.887509  -2.267800
1.904406  -2.239241
1.920694  -2.268152
1.953268  -2.325973
1.903181  -2.354181
1.886896  -2.325270
1.920082  -2.325622
1.969554  -2.354886
2.262964  -2.875517
1.854326  -2.267453
1.838042  -2.238546
1.871224  -2.238894
1.822302  -2.152192
1.789405  -2.094430
1.722030  -2.036515
1.755955  -2.094130
1.738993  -2.065323
1.755480  -2.036815
1.788929  -2.037115
1.805892  -2.065923
1.772442  -2.065623
1.822510  -2.094784
1.738558  -2.008336
1.755087  -1.980156
1.772008  -2.008636
1.670545  -1.951533
1.704868  -2.008188
1.687706  -1.979860
1.704235  -1.951681
1.737925  -1.951829
1.721397  -1.980008
1.703831  -1.894871
1.620779  -1.866380
1.572052  -1.780367
1.523299  -1.693747
1.474557  -1.607129
1.507052  -1.664874
1.490804  -1.636001
1.540815  -1.607849
1.507686  -1.607489
1.540181  -1.665234
1.557062  -1.636722
1.523933  -1.636361
1.687188  -1.923202
1.637368  -1.894765
1.653956  -1.923149
1.654011  -1.866434
1.687243  -1.866487
1.637671  -1.838041
1.654562  -1.809703
1.605186  -1.780699
1.638319  -1.781031
1.588934  -1.751855
1.556432  -1.694108
1.589564  -1.694470
1.573313  -1.665596
1.720878  -1.923350
1.670902  -1.838095
1.670599  -1.894818
1.605815  -1.723343
1.555801  -1.751494
1.539550  -1.722620
1.572683  -1.722982
1.622067  -1.752187
1.588294  -1.809038
1.604537  -1.837709
1.621428  -1.809370
1.491359  -1.578437
1.425411  -1.519260
1.491779  -1.520456
1.458595  -1.519858
1.458948  -1.461706
1.442179  -1.490483
1.475364  -1.491081
1.508161  -1.549745
1.458175  -1.577839
1.441793  -1.548550
1.474977  -1.549148
1.524488  -1.578797
1.375813  -1.429962
1.392346  -1.459728
1.408878  -1.489494
1.442416  -1.431939
1.409114  -1.430951
1.425647  -1.460717
1.409556  -1.373031
1.327071  -1.343438
1.278320  -1.256894
1.230012  -1.169535
1.295293  -1.228306
1.312266  -1.199718
1.263088  -1.170067
1.296163  -1.170598
1.246115  -1.198655
1.262218  -1.227775
1.279190  -1.199186
1.392684  -1.401497
1.359566  -1.401121
1.343318  -1.372279
1.393308  -1.344190
1.360190  -1.343814
1.376437  -1.372655
1.425986  -1.402485
1.343951  -1.314932
1.360832  -1.286427
1.377070  -1.315308
1.311451  -1.257237
1.344581  -1.257579
1.328424  -1.228648
1.310821  -1.314590
1.294571  -1.285742
1.327701  -1.286085
1.246867  -1.141006
1.263722  -1.112478
1.279942  -1.141538
1.181534  -1.082787
1.132867  -0.996354
1.084169  -0.909895
1.035176  -0.823870
1.101488  -0.824414
1.068332  -0.824142
1.067838  -0.881220
1.051507  -0.852545
1.100994  -0.881492
1.117819  -0.853089
1.084663  -0.852817
1.214548  -1.083174
1.247562  -1.083562
1.197693  -1.111703
1.213853  -1.140619
1.230708  -1.112090
1.215240  -1.025860
1.149089  -1.025165
1.165312  -1.053976
1.198387  -1.054323
1.199017  -0.997049
1.165942  -0.996701
1.166549  -0.939414
1.116634  -0.967534
1.100402  -0.938715
1.150317  -0.910594
1.117243  -0.910244
1.149708  -0.967884
1.133475  -0.939064
1.231401  -1.054711
1.182783  -0.968231
1.182164  -1.025512
1.134068  -0.881841
1.068751  -0.767915
1.051963  -0.795892
1.085120  -0.796164
0.986922  -0.737700
0.890646  -0.738364
0.972147  -0.709766
0.957373  -0.681833
0.907964  -0.710209
0.925281  -0.682054
0.922738  -0.738143
0.954830  -0.737921
0.940055  -0.709988
1.019794  -0.738446
1.052667  -0.739192
1.003174  -0.708602
1.019427  -0.679504
0.988400  -0.680668
1.036047  -0.709348
1.003006  -0.766423
1.019091  -0.795146
1.035879  -0.767169
0.769370  -0.535350
0.804700  -0.545865
0.840031  -0.556380
0.789780  -0.509388
0.810190  -0.483425
0.825110  -0.519903
0.797820  -0.630260
0.823667  -0.609138
0.849514  -0.588017
0.778854  -0.566987
0.788337  -0.598623
0.814184  -0.577502
0.864112  -0.665075
0.819917  -0.641865
0.842014  -0.653470
0.871611  -0.599622
0.867861  -0.632349
0.845764  -0.620744
0.916436  -0.657625
0.890274  -0.661350
0.894024  -0.628623
0.881801  -0.713935
0.872957  -0.689505
0.899119  -0.685780
0.769370  0.535350
0.794921  0.636795
0.855153  0.724943
0.892779  0.666608
0.873966  0.695775
0.814998  0.666178
0.835076  0.695560
0.833811  0.637010
0.872701  0.637226
0.853889  0.666393
0.802177  0.539275
0.819211  0.606905
0.843500  0.577016
0.858101  0.607121
0.834983  0.543201
0.777887  0.569165
0.786404  0.602980
0.810694  0.573090
0.810190  0.483425
0.789780  0.509388
0.822587  0.513313
0.890198  0.724757
0.925242  0.724571
0.909010  0.695590
1.005964  0.810691
0.905783  0.811276
0.923951  0.782313
0.942119  0.753349
0.888907  0.782498
0.872030  0.753721
0.907074  0.753535
1.024141  0.781753
1.042318  0.752816
1.071371  0.810160
1.053320  0.895382
1.104060  0.980254
1.087147  0.951963
1.070233  0.923673
1.119628  0.894327
1.086474  0.894855
1.120301  0.951436
1.136542  0.922618
1.103388  0.923145
1.038668  0.810426
1.037535  0.867152
1.021749  0.838921
1.070238  0.866886
1.087157  0.838391
1.103392  0.866359
1.056845  0.781488
0.975512  0.753154
0.990738  0.781922
0.939177  0.811081
0.972570  0.810886
0.957345  0.782118
1.008915  0.752985
1.054453  0.838656
1.137121  0.979896
1.170182  0.979538
1.153362  0.951078
1.154523  1.065641
1.137702  1.037179
1.120881  1.008717
1.170763  1.036821
1.187003  1.008001
1.153942  1.008359
1.187546  1.065387
1.204786  1.151289
1.255138  1.237044
1.271396  1.208228
1.287654  1.179411
1.321212  1.236612
1.288175  1.236828
1.304433  1.208012
1.220569  1.065132
1.221055  1.122485
1.237828  1.151058
1.270870  1.150827
1.221570  1.179874
1.238354  1.208459
1.254612  1.179643
1.203786  1.036566
1.237323  1.093681
1.254096  1.122254
1.171277  1.094191
1.188032  1.122740
1.204300  1.093936
1.305408  1.322959
1.288651  1.294321
1.271894  1.265682
1.337969  1.265251
1.321688  1.294105
1.304931  1.265466
1.371604  1.322267
1.338506  1.322613
1.354786  1.293759
1.355920  1.408457
1.322245  1.351459
1.339083  1.379958
1.388441  1.350766
1.372181  1.379612
1.355343  1.351113
1.389052  1.408059
1.406507  1.493989
1.458760  1.578336
1.423925  1.522105
1.441342  1.550220
1.491321  1.520458
1.475040  1.549397
1.440205  1.493166
1.473903  1.492342
1.457623  1.521281
1.422185  1.407661
1.422777  1.465080
1.439047  1.436171
1.456475  1.464257
1.405313  1.379214
1.372782  1.436968
1.389645  1.465478
1.405915  1.436570
1.525073  1.577522
1.491916  1.577929
1.508197  1.548990
1.509411  1.663725
1.559993  1.749286
1.543132  1.720766
1.526272  1.692245
1.575671  1.663016
1.525684  1.634855
1.541957  1.605986
1.542541  1.663370
1.558814  1.634501
1.492527  1.635262
1.475644  1.606799
1.508800  1.606392
1.592532  1.691536
1.576263  1.720411
1.559402  1.691891
1.626277  1.748588
1.593135  1.748937
1.609404  1.720062
1.608441  1.833196
1.576142  1.777256
1.592292  1.805226
1.642426  1.776558
1.625434  1.804877
1.609284  1.776907
1.639177  1.832229
1.669913  1.831261
1.656170  1.803910
1.650269  1.917913
1.691513  2.002794
1.739407  2.080703
1.723442  2.054733
1.707478  2.028764
1.751386  1.995460
1.721450  1.999127
1.767351  2.021430
1.753379  2.051067
1.737414  2.025097
1.683856  1.859500
1.667062  1.888706
1.622384  1.861435
1.636326  1.889674
1.653120  1.860468
1.711515  1.913614
1.680892  1.915763
1.697685  1.886557
1.708388  1.972351
1.725263  1.941907
1.738325  1.968684
1.677765  1.974500
1.664017  1.946206
1.694640  1.944057
1.801141  2.076902
1.770274  2.078803
1.784246  2.049166
1.789241  2.170227
1.836772  2.254759
1.820929  2.226582
1.805085  2.198405
1.850325  2.164549
1.819783  2.167388
1.866169  2.192727
1.896338  2.247359
1.866555  2.251059
1.851471  2.223743
1.881253  2.220043
1.756018  2.110545
1.772630  2.140386
1.817752  2.106744
1.803497  2.138485
1.786885  2.108644
1.834039  2.135646
1.835627  2.195566
1.875054  2.335793
1.849533  2.281770
1.862293  2.308782
1.909098  2.274370
1.892076  2.305081
1.879316  2.278070
1.902925  2.327310
1.930797  2.318827
1.919948  2.296599
1.971688  2.444164
2.020128  2.530713
2.003981  2.501863
1.987835  2.473014
2.037112  2.444336
2.004400  2.444250
2.053259  2.473185
2.086436  2.530106
2.053282  2.530410
2.036693  2.501949
2.069847  2.501646
2.007513  2.383714
1.989601  2.413939
2.022313  2.414025
1.942524  2.372630
1.897544  2.348072
1.920034  2.360351
1.947906  2.351868
1.953287  2.331106
1.925415  2.339589
1.961967  2.420320
1.952245  2.396475
1.997792  2.359869
1.970158  2.366250
1.979879  2.390094
1.975540  2.345488
2.020547  2.473100
2.070421  2.616454
2.036892  2.559293
2.053657  2.587874
2.103200  2.558687
2.086811  2.587570
2.070046  2.558990
2.103488  2.616138
2.136554  2.615821
2.119877  2.587254
2.120628  2.702253
2.153289  2.644421
2.136959  2.673337
2.186741  2.701999
2.153685  2.702126
2.170015  2.673210
2.087157  2.645054
2.103893  2.673653
2.120223  2.644737
2.171111  2.788478
2.221723  2.874491
2.204852  2.845820
2.187982  2.817149
2.237155  2.788427
2.204133  2.788452
2.254026  2.817098
2.237874  2.845794
2.221004  2.817123
2.137456  2.730995
2.154283  2.759736
2.203569  2.730740
2.187340  2.759609
2.170512  2.730867
2.220362  2.759583
2.287902  2.874267
2.272495  2.960352
2.381911  2.976705
2.475002  3.040568
2.412941  2.997993
2.443971  3.019281
2.472647  2.981994
2.473824  3.011281
2.411764  2.968705
2.441616  2.960706
2.442794  2.989993
2.254812  2.874379
2.255571  2.931732
2.238647  2.903111
2.304826  2.902887
2.345439  2.971254
2.308967  2.965803
2.288660  2.931620
2.341298  2.908338
2.361604  2.942522
2.325132  2.937071
2.270964  2.845682
2.407663  2.907730
2.394787  2.942217
2.374480  2.908034
2.271736  2.902999
2.424640  2.934218
2.571150  3.064178
2.530532  2.991975
2.502767  3.016272
2.539101  3.056308
2.507051  3.048438
2.566866  3.032011
2.562582  2.999845
2.534817  3.024142
2.621546  3.020809
2.596348  3.042493
2.592064  3.010327
2.501590  2.986984
2.459448  -2.984878
2.361193  -2.989440
2.393945  -2.987919
2.426696  -2.986399
2.427890  -2.931389
2.443669  -2.958134
2.494852  -2.929390
2.477150  -2.957134
2.461371  -2.930389
2.490089  -2.984452
2.520729  -2.984025
2.507791  -2.956707
2.498892  -3.054603
2.472596  -3.008120
2.485744  -3.031362
2.533877  -3.007267
2.516385  -3.030935
2.503237  -3.007693
2.571150  -3.064178
2.564557  -3.037318
2.557964  -3.010458
2.596348  -3.042493
2.621546  -3.020809
2.589755  -3.015634
2.547064  -3.060986
2.522978  -3.057795
2.540471  -3.034126
2.378166  -2.961175
2.395139  -2.932909
2.328721  -2.933025
2.261758  -2.988308
2.162080  -2.989515
2.113183  -2.902680
2.064262  -2.815874
2.130090  -2.874098
2.146997  -2.845516
2.097476  -2.816227
2.130690  -2.816581
2.080569  -2.844809
2.096876  -2.873745
2.113783  -2.845163
2.344957  -2.961233
2.294903  -2.988685
2.328048  -2.989063
2.295576  -2.932648
2.278667  -2.960478
2.311812  -2.960855
2.361930  -2.932967
2.410918  -2.959654
2.229137  -2.931937
2.195306  -2.989112
2.228532  -2.988710
2.245447  -2.960123
2.195911  -2.932339
2.178996  -2.960927
2.129482  -2.931625
2.145781  -2.960570
2.146398  -2.903037
2.179612  -2.903394
2.163305  -2.874455
2.262357  -2.932293
2.162697  -2.931982
2.212222  -2.960525
2.081166  -2.787300
2.098071  -2.758725
2.114380  -2.787653
2.015345  -2.729098
1.966481  -2.642310
1.982769  -2.671240
1.999057  -2.700169
2.049149  -2.671948
2.032247  -2.700523
2.032861  -2.643019
2.000285  -2.585170
1.983383  -2.613740
1.999671  -2.642665
2.016573  -2.614094
2.048555  -2.729449
2.081765  -2.729800
2.047956  -2.786948
2.031650  -2.758023
2.064861  -2.758374
2.065457  -2.700874
2.015959  -2.671594
1.917619  -2.555535
1.868759  -2.468783
1.819912  -2.382034
1.852476  -2.439867
1.836194  -2.410950
1.886282  -2.382739
1.853097  -2.382386
1.885661  -2.440219
1.902564  -2.411655
1.869379  -2.411303
1.950808  -2.555890
1.983997  -2.556245
1.934521  -2.526971
1.901947  -2.469137
1.935136  -2.469490
1.918850  -2.440573
1.951423  -2.498407
1.901332  -2.526618
1.885046  -2.497701
1.918234  -2.498054
1.967710  -2.527326
1.933906  -2.584460
1.950194  -2.613385
1.967096  -2.584815
1.836812  -2.353476
1.771055  -2.295310
1.722223  -2.208593
1.754777  -2.266404
1.738500  -2.237499
1.788579  -2.209291
1.755401  -2.208942
1.787956  -2.266753
1.804856  -2.238196
1.771678  -2.237847
1.853711  -2.324917
1.837426  -2.296009
1.804240  -2.295660
1.803626  -2.353126
1.787341  -2.324218
1.820526  -2.324568
1.869997  -2.353828
1.821141  -2.267103
1.739121  -2.180041
1.672455  -2.122519
1.620428  -2.037257
1.655113  -2.094098
1.637770  -2.065678
1.688163  -2.036762
1.654295  -2.037010
1.688980  -2.093851
1.705505  -2.065183
1.671638  -2.065430
1.756019  -2.151490
1.739430  -2.122798
1.705943  -2.122659
1.705634  -2.179902
1.689044  -2.151210
1.722532  -2.151350
1.772299  -2.180390
1.722468  -2.093991
1.637133  -2.008683
1.653839  -1.980108
1.671001  -2.008435
1.570554  -1.951402
1.603803  -2.008639
1.587179  -1.980020
1.603884  -1.951445
1.637214  -1.951489
1.604038  -1.894721
1.521373  -1.865890
1.472654  -1.779282
1.423447  -1.692160
1.374758  -1.605359
1.325234  -1.515444
1.408527  -1.547960
1.391642  -1.576659
1.341742  -1.545416
1.358250  -1.575387
1.358626  -1.516716
1.392019  -1.517988
1.375134  -1.546688
1.587296  -1.923061
1.537767  -1.894394
1.554160  -1.922898
1.554508  -1.866054
1.587644  -1.866217
1.538266  -1.837383
1.505787  -1.779644
1.489536  -1.750770
1.490015  -1.693218
1.457520  -1.635472
1.440483  -1.663816
1.456731  -1.692689
1.473768  -1.664345
1.620626  -1.923105
1.620509  -1.980064
1.555159  -1.808875
1.538919  -1.780005
1.506417  -1.722258
1.456252  -1.750241
1.439849  -1.721200
1.473133  -1.721729
1.571401  -1.837546
1.570902  -1.894557
1.522668  -1.751132
1.505133  -1.837021
1.488894  -1.808152
1.522026  -1.808513
1.390988  -1.634292
1.407217  -1.663226
1.441291  -1.606539
1.408024  -1.605949
1.424254  -1.634882
1.424909  -1.577249
1.358953  -1.458456
1.342094  -1.486950
1.375486  -1.488222
1.276565  -1.428866
1.227837  -1.342184
1.179429  -1.254785
1.245356  -1.256191
1.212393  -1.255488
1.211701  -1.313051
1.195565  -1.283918
1.244665  -1.313754
1.261493  -1.285324
1.228529  -1.284621
1.310236  -1.371914
1.260322  -1.399972
1.244080  -1.371078
1.293993  -1.343020
1.260915  -1.342602
1.277743  -1.314172
1.293400  -1.400390
1.277158  -1.371496
1.342730  -1.429597
1.309648  -1.429232
1.326483  -1.400756
1.292788  -1.457726
1.309011  -1.486585
1.325871  -1.458091
1.213151  -1.197952
1.196290  -1.226368
1.229254  -1.227071
1.130989  -1.168193
1.082333  -1.081763
1.033546  -0.995380
0.984834  -0.909043
1.001071  -0.937822
1.017309  -0.966601
1.067295  -0.938390
1.050421  -0.966885
1.051058  -0.909611
1.017946  -0.909327
1.034183  -0.938106
1.163997  -1.168640
1.197004  -1.169088
1.164686  -1.111255
1.098552  -1.110573
1.114770  -1.139383
1.147837  -1.139724
1.148467  -1.082446
1.115400  -1.082105
1.116022  -1.024824
1.066071  -1.052969
1.049809  -1.024175
1.099760  -0.996030
1.066653  -0.995705
1.083527  -0.967210
1.180845  -1.140172
1.147135  -1.197057
1.163282  -1.225921
1.180143  -1.197504
1.099178  -1.053294
1.082915  -1.024499
1.132245  -1.053635
1.131619  -1.110914
1.001614  -0.880652
1.018395  -0.852261
1.034726  -0.880936
0.935981  -0.822716
0.836688  -0.821663
0.920869  -0.794599
0.905758  -0.766482
0.854674  -0.793897
0.872660  -0.766131
0.869786  -0.822014
0.902883  -0.822365
0.887772  -0.794248
0.969046  -0.823100
1.002111  -0.823485
0.952961  -0.794377
0.969941  -0.766038
0.937850  -0.766260
0.986026  -0.794762
0.952265  -0.851491
0.968549  -0.880267
0.985330  -0.851876
0.807663  -0.730349
0.719393  -0.705889
0.748816  -0.714042
0.778240  -0.722196
0.801101  -0.663623
0.804382  -0.696986
0.771678  -0.655469
0.745536  -0.680679
0.774959  -0.688832
0.862985  -0.735693
0.835324  -0.733021
0.827013  -0.791225
0.817338  -0.760787
0.844999  -0.763459
0.826479  -0.708591
0.845295  -0.686833
0.823198  -0.675228
0.854140  -0.711263
0.701399  -0.607450
0.707397  -0.640263
0.713395  -0.673076
0.733540  -0.615053
0.765680  -0.622656
0.724056  -0.583416
0.746713  -0.559383
0.756197  -0.591020
0.739538  -0.647866
0.701399  0.607450
0.732573  0.617231
0.763747  0.627013
0.746713  0.559383
0.724056  0.583416
0.755230  0.593198
0.754391  0.740602
0.821566  0.730162
0.787979  0.735382
0.781411  0.671397
0.767901  0.706000
0.801489  0.700780
0.702365  0.681424
0.737049  0.720876
0.719707  0.701150
0.764069  0.651671
0.733217  0.666548
0.750559  0.686274
0.701721  0.632108
0.702043  0.656766
0.732895  0.641889
0.806505  0.813411
0.789134  0.789141
0.771763  0.764871
0.822721  0.783921
0.838937  0.754432
0.805350  0.759652
0.839598  0.812699
0.872691  0.811988
0.855814  0.783210
0.954330  0.896731
1.004627  0.981581
0.971096  0.925014
0.987861  0.953298
1.037089  0.924115
1.020858  0.952848
1.020323  0.895832
0.987327  0.896281
1.004092  0.924565
0.971541  0.868051
0.988753  0.839371
0.921966  0.839761
0.854745  0.897489
0.838665  0.869463
0.822585  0.841437
0.871758  0.868752
0.888771  0.840014
0.855678  0.840725
0.938148  0.868246
0.887940  0.897237
0.921135  0.896984
0.904953  0.868499
0.955359  0.839566
1.004538  0.867601
1.070916  0.980696
1.037771  0.981139
1.054002  0.952406
1.055320  1.066709
1.038423  1.038333
1.021525  1.009957
1.071567  1.037891
1.087813  1.009072
1.054669  1.009515
1.088388  1.066353
1.121455  1.065997
1.104634  1.037535
1.105787  1.152103
1.088965  1.123638
1.072142  1.095174
1.122032  1.123282
1.138277  1.094462
1.105210  1.094818
1.138786  1.151832
1.171786  1.151561
1.155032  1.123011
1.156069  1.237736
1.206337  1.323547
1.222115  1.237275
1.189092  1.237505
1.189581  1.294943
1.172825  1.266340
1.222604  1.294712
1.238871  1.265878
1.205848  1.266109
1.188547  1.180105
1.172308  1.208921
1.205331  1.208690
1.122547  1.180647
1.139308  1.209192
1.155547  1.180376
1.272384  1.323155
1.239361  1.323351
1.255628  1.294517
1.256701  1.409446
1.239913  1.380813
1.223125  1.352180
1.289172  1.351788
1.272937  1.380617
1.256149  1.351984
1.322847  1.408787
1.289774  1.409116
1.306010  1.380288
1.307161  1.494990
1.273521  1.437961
1.290341  1.466475
1.339667  1.437302
1.323414  1.466146
1.306594  1.437631
1.340276  1.494657
1.373392  1.494323
1.356529  1.465812
1.358079  1.580223
1.409373  1.665201
1.460166  1.750501
1.443235  1.722068
1.426304  1.693635
1.476065  1.664217
1.442719  1.664709
1.492996  1.692651
1.476581  1.721576
1.459650  1.693143
1.391639  1.579594
1.425199  1.578965
1.425835  1.636246
1.442297  1.607291
1.392275  1.636875
1.375177  1.608549
1.408737  1.607920
1.390364  1.522734
1.374222  1.551478
1.407782  1.550849
1.324133  1.523401
1.341106  1.551812
1.357249  1.523067
1.459181  1.635754
1.526717  1.749691
1.493442  1.750096
1.509857  1.721171
1.510819  1.835638
1.493935  1.807259
1.477050  1.778880
1.543602  1.778070
1.527210  1.806854
1.510326  1.778475
1.575900  1.834010
1.543360  1.834824
1.559751  1.806040
1.557008  1.920810
1.601862  2.008918
1.650275  2.093584
1.618000  2.037140
1.634137  2.065362
1.677767  2.033057
1.664021  2.063321
1.661629  2.004835
1.631746  2.006877
1.647883  2.035099
1.526215  1.864029
1.541612  1.892419
1.591297  1.862401
1.574152  1.891606
1.558756  1.863215
1.588095  1.919844
1.617997  1.978583
1.634133  1.948248
1.619182  1.918879
1.571959  1.950179
1.586911  1.979549
1.603046  1.949214
1.605239  1.890640
1.647881  1.976541
1.709696  2.084997
1.679985  2.089290
1.693732  2.059027
1.698889  2.175189
1.748115  2.271148
1.775532  2.203868
1.761823  2.237508
1.715297  2.207175
1.731706  2.239162
1.729006  2.173535
1.759124  2.171881
1.745415  2.205521
1.682684  2.147987
1.666480  2.120786
1.712395  2.143694
1.725901  2.112198
1.696190  2.116492
1.742512  2.142040
1.807220  2.260222
1.777667  2.265685
1.791376  2.232045
1.798660  2.355471
1.869978  2.430005
1.846205  2.405160
1.822433  2.380316
1.849589  2.342352
1.824124  2.348912
1.873362  2.367197
1.871670  2.398601
1.847897  2.373756
1.764963  2.299256
1.781811  2.327363
1.824068  2.288330
1.811364  2.321901
1.794516  2.293793
1.836829  2.315341
1.894160  2.410880
1.918342  2.391755
1.895852  2.379476
1.920359  2.530849
1.903565  2.497234
1.886772  2.463619
1.903881  2.434725
1.937785  2.439444
1.937468  2.501954
1.954578  2.473059
1.986871  2.530758
1.953615  2.530804
1.970725  2.501909
1.920675  2.468339
1.928063  2.415600
1.970883  2.617457
1.954041  2.588588
1.937200  2.559719
2.003713  2.559628
1.987298  2.588542
1.970456  2.559673
2.037242  2.616789
2.004062  2.617123
2.020477  2.588208
2.021353  2.703128
2.071927  2.789003
2.055069  2.760378
2.038211  2.731753
2.054444  2.702837
2.087536  2.702545
2.088160  2.760086
2.104988  2.788828
2.138049  2.788653
2.104394  2.731170
2.121222  2.759911
1.987706  2.646014
2.004529  2.674571
2.054065  2.645346
2.037709  2.674237
2.020886  2.645680
2.070801  2.673945
2.071302  2.731461
2.122719  2.874897
2.105788  2.846265
2.088857  2.817634
2.138849  2.846090
2.154980  2.817284
2.155720  2.874761
2.188721  2.874626
2.171851  2.845955
2.121919  2.817459
2.171429  2.959717
2.138955  2.903170
2.155192  2.931443
2.204958  2.902900
2.188194  2.931308
2.238806  2.960140
2.205118  2.959929
2.221882  2.931520
2.171957  2.903035
2.218912  3.040073
2.322454  3.035186
2.392398  3.089847
2.419933  3.073421
2.447467  3.056995
2.388902  3.052133
2.385407  3.014419
2.416437  3.035707
2.253426  3.038444
2.287940  3.036815
2.289148  2.985297
2.305801  3.010242
2.254634  2.986926
2.236773  3.013499
2.271287  3.011870
2.187257  2.986502
2.203084  3.013288
2.220945  2.986714
2.362092  2.996199
2.342273  3.015693
2.369083  3.071627
2.345769  3.053407
2.365588  3.033913
2.325620  2.990748
2.493959  3.127326
2.460105  3.114833
2.426252  3.102340
2.487640  3.098407
2.481321  3.069488
2.545420  3.085227
2.519690  3.106277
2.513370  3.077357
2.453786  3.085914
2.409457  -3.081283
2.426121  -3.049148
2.442784  -3.017013
2.393369  -3.050669
2.377281  -3.020054
2.410033  -3.018534
2.439269  -3.072390
2.469081  -3.063496
2.455932  -3.040255
2.307488  -3.066574
2.343292  -3.015151
2.325390  -3.040863
2.375468  -3.076380
2.341478  -3.071477
2.359380  -3.045766
2.277001  -3.014397
2.209806  -3.068595
2.244441  -3.015071
2.227123  -3.041833
2.177989  -3.015875
2.193897  -3.042235
2.211215  -3.015473
2.292245  -3.040486
2.242367  -3.067922
2.274928  -3.067248
2.259684  -3.041159
2.310146  -3.014774
2.493959  -3.127326
2.465792  -3.111978
2.437625  -3.096631
2.495604  -3.103085
2.497248  -3.078844
2.467436  -3.087737
2.519690  -3.106277
2.545420  -3.085227
2.521334  -3.082036
2.062447  -2.988430
2.013555  -2.901605
1.964661  -2.814807
2.030457  -2.873028
2.047360  -2.844451
1.997862  -2.815163
2.031062  -2.815518
1.980959  -2.843740
1.997257  -2.872672
2.014159  -2.844095
2.128869  -2.989153
2.095658  -2.988792
2.096271  -2.931263
2.079359  -2.959847
2.029852  -2.930547
2.046150  -2.959488
2.046765  -2.901963
2.079974  -2.902322
2.063667  -2.873386
2.112570  -2.960208
2.110754  -3.074283
2.078549  -3.017048
2.094652  -3.045666
2.144972  -3.017771
2.127863  -3.046027
2.111760  -3.017409
2.176789  -3.070491
2.143771  -3.072387
2.160880  -3.044131
2.063062  -2.930905
1.981556  -2.786237
1.998450  -2.757668
2.014756  -2.786593
1.915778  -2.728016
1.866914  -2.641237
1.818054  -2.554472
1.769189  -2.467731
1.720333  -2.380990
1.736619  -2.409903
1.752904  -2.438817
1.803004  -2.410599
1.786097  -2.439165
1.835569  -2.468433
1.802379  -2.468082
1.819287  -2.439516
1.948967  -2.728376
1.982156  -2.728737
1.932679  -2.699447
1.949580  -2.670879
1.965868  -2.699808
1.932072  -2.756946
1.948367  -2.785877
1.965261  -2.757307
1.900103  -2.641595
1.933292  -2.641953
1.883202  -2.670163
1.899490  -2.699090
1.916391  -2.670521
1.883816  -2.612670
1.851242  -2.554827
1.834955  -2.525909
1.801766  -2.525559
1.785477  -2.496645
1.851857  -2.497346
1.818667  -2.496996
1.900717  -2.584103
1.884431  -2.555181
1.868144  -2.526264
1.917005  -2.613028
1.850627  -2.612316
1.834340  -2.583394
1.867529  -2.583748
1.786719  -2.381686
1.753526  -2.381338
1.769812  -2.410251
1.754148  -2.323870
1.671237  -2.294396
1.705228  -2.237194
1.688232  -2.265795
1.737782  -2.295005
1.704510  -2.294701
1.721505  -2.266100
1.737241  -2.352430
1.703968  -2.352125
1.687603  -2.323261
1.720875  -2.323565
1.770433  -2.352778
1.622195  -2.207855
1.568113  -2.124655
1.602989  -2.066390
1.585551  -2.095522
1.637674  -2.123231
1.602893  -2.123943
1.620332  -2.094810
1.638542  -2.236702
1.654890  -2.265549
1.688880  -2.208347
1.655537  -2.208101
1.671885  -2.236948
1.655702  -2.150964
1.604167  -2.180122
1.586140  -2.152388
1.638948  -2.179410
1.620921  -2.151676
1.672291  -2.179656
1.520403  -2.037399
1.536306  -2.066485
1.552210  -2.095570
1.553745  -2.037352
1.587086  -2.037305
1.569648  -2.066437
1.537120  -2.008734
1.553837  -1.980068
1.570462  -2.008686
1.470733  -1.951444
1.422006  -1.864823
1.372573  -1.777828
1.322839  -1.689614
1.356375  -1.690462
1.389911  -1.691311
1.389531  -1.749272
1.406489  -1.720716
1.355995  -1.748423
1.339417  -1.719018
1.372953  -1.719867
1.504007  -1.951430
1.537281  -1.951416
1.487290  -1.980096
1.503847  -2.008748
1.520564  -1.980082
1.487613  -1.922926
1.455128  -1.865179
1.438888  -1.836310
1.439294  -1.778797
1.405933  -1.778313
1.405528  -1.835825
1.389051  -1.806826
1.455771  -1.807796
1.422411  -1.807311
1.504493  -1.894408
1.488251  -1.865535
1.472011  -1.836665
1.520887  -1.922912
1.454491  -1.922571
1.438248  -1.893697
1.471371  -1.894053
1.422891  -1.749757
1.357452  -1.633444
1.340145  -1.661529
1.373681  -1.662377
1.274299  -1.601305
1.307786  -1.602657
1.341272  -1.604008
1.308256  -1.544065
1.291278  -1.572685
1.324764  -1.574036
1.290479  -1.630741
1.306659  -1.660178
1.323965  -1.632093
1.226072  -1.514022
1.292180  -1.514970
1.259126  -1.514496
1.259734  -1.457252
1.242903  -1.485637
1.275957  -1.486111
1.242148  -1.543117
1.258224  -1.572211
1.275202  -1.543591
1.177464  -1.427222
1.128925  -1.340214
1.145105  -1.369216
1.161284  -1.398219
1.211046  -1.370530
1.194255  -1.398876
1.194866  -1.341527
1.162594  -1.283261
1.145759  -1.311737
1.161896  -1.340870
1.178730  -1.312394
1.209869  -1.485089
1.193667  -1.456156
1.243531  -1.428318
1.210498  -1.427770
1.226700  -1.456704
1.227289  -1.399424
1.178075  -1.369873
1.080489  -1.253633
1.031751  -1.167200
0.983020  -1.080763
1.015508  -1.138388
0.999264  -1.109575
1.049229  -1.081430
1.016125  -1.081096
1.065473  -1.110242
1.048612  -1.138721
1.032368  -1.109909
1.113469  -1.254017
1.146449  -1.254401
1.114156  -1.196673
1.047997  -1.196011
1.064243  -1.224822
1.097322  -1.225153
1.097910  -1.167862
1.064830  -1.167531
1.081691  -1.139052
1.130302  -1.225537
1.096634  -1.282493
1.112780  -1.311353
1.129614  -1.282877
1.081076  -1.196342
0.999862  -1.052302
0.934055  -0.994463
1.000383  -0.995075
0.967219  -0.994769
0.966698  -1.051996
0.950377  -1.023230
1.016704  -1.023841
0.983540  -1.023535
1.032967  -1.052636
0.967907  -0.937516
0.950981  -0.965990
0.984145  -0.966295
0.886170  -0.908123
0.791007  -0.907374
0.737317  -0.820843
0.773110  -0.878531
0.755213  -0.849687
0.803564  -0.821390
0.770441  -0.821116
0.806234  -0.878804
0.821461  -0.850233
0.788337  -0.849960
0.919058  -0.908429
0.951946  -0.908736
0.902774  -0.879654
0.919377  -0.851185
0.869676  -0.879303
0.853182  -0.850483
0.822728  -0.907624
0.854449  -0.907873
0.837955  -0.879053
0.935662  -0.879960
0.902132  -0.936903
0.918093  -0.965683
0.935020  -0.937210
0.886280  -0.850834
0.760765  -0.790678
0.784214  -0.760514
0.725368  -0.744207
0.646368  -0.772081
0.628761  -0.674860
0.670710  -0.750017
0.695052  -0.727953
0.658972  -0.685203
0.689183  -0.695546
0.634630  -0.707267
0.640499  -0.739674
0.664841  -0.717610
0.793889  -0.790952
0.731342  -0.782525
0.676684  -0.788335
0.707000  -0.804589
0.701026  -0.766271
0.754791  -0.752360
0.652974  -0.652390
0.677187  -0.629920
0.683185  -0.662733
0.628761  0.674860
0.651778  0.769153
0.724707  0.822065
0.676088  0.786791
0.700397  0.804428
0.744497  0.767756
0.734602  0.794911
0.685982  0.759636
0.720187  0.750119
0.710292  0.777273
0.653296  0.677048
0.668640  0.739910
0.685503  0.710667
0.702845  0.730393
0.677830  0.679236
0.636433  0.706291
0.644106  0.737722
0.660968  0.708479
0.677187  0.629920
0.652974  0.652390
0.677509  0.654578
0.779239  0.816295
0.751973  0.819180
0.761868  0.792026
0.757404  0.899575
0.773771  0.870854
0.790138  0.842132
0.789851  0.898880
0.822298  0.898185
0.806218  0.870158
0.746505  0.873738
0.735606  0.847902
0.762872  0.845017
0.905211  0.982702
0.955842  1.067774
0.938965  1.039417
0.922088  1.011059
0.971488  0.981954
0.938350  0.982328
0.972104  1.039043
0.988365  1.010312
0.955227  1.010686
0.937957  0.925388
0.921584  0.954045
0.954723  0.953671
0.871567  0.925893
0.805684  0.983684
0.789590  0.955648
0.773497  0.927611
0.822038  0.954952
0.838391  0.926221
0.805944  0.926916
0.888389  0.954298
0.838859  0.983356
0.872035  0.983029
0.855213  0.954625
0.904762  0.925641
1.022161  1.067064
1.006511  1.153133
0.989621  1.124680
0.972732  1.096227
0.989002  1.067419
1.022781  1.124325
1.039051  1.095517
1.005891  1.095872
1.005263  1.038688
1.039603  1.152790
1.072695  1.152446
1.055873  1.123982
1.057114  1.238609
1.040246  1.210117
1.023379  1.181625
1.073338  1.209774
1.089562  1.180938
1.056470  1.181282
1.090099  1.238318
1.123084  1.238027
1.106323  1.209483
1.107366  1.324323
1.157611  1.410112
1.207932  1.495974
1.191159  1.467353
1.174385  1.438732
1.223671  1.409668
1.190641  1.409890
1.240445  1.438289
1.274084  1.495318
1.241008  1.495646
1.224189  1.467131
1.257265  1.466803
1.139834  1.266599
1.123600  1.295461
1.173347  1.323805
1.140357  1.324064
1.156591  1.295202
1.073865  1.267181
1.090615  1.295752
1.106850  1.266890
1.124115  1.352919
1.140863  1.381515
1.190095  1.352402
1.173853  1.381257
1.157105  1.352660
1.206883  1.381035
1.207415  1.438511
1.258389  1.581553
1.224751  1.524501
1.241570  1.553027
1.290903  1.523845
1.274646  1.552699
1.257827  1.524173
1.291619  1.581110
1.309213  1.666802
1.359975  1.752064
1.392907  1.694155
1.376441  1.723110
1.426769  1.751022
1.393372  1.751543
1.409838  1.722589
1.324849  1.580667
1.325501  1.637943
1.341790  1.609083
1.342599  1.666269
1.326133  1.695223
1.343054  1.723643
1.375986  1.665735
1.359520  1.694689
1.307876  1.552256
1.358888  1.637409
1.275330  1.609970
1.292271  1.638386
1.308560  1.609526
1.411357  1.837039
1.394230  1.808714
1.377103  1.780389
1.427627  1.808193
1.443896  1.779347
1.410499  1.779868
1.477665  1.836105
1.444511  1.836572
1.460781  1.807726
1.461493  1.922385
1.444781  1.893936
1.428069  1.865488
1.494377  1.864553
1.477935  1.893469
1.461223  1.865021
1.525170  1.921335
1.493331  1.921860
1.509773  1.892944
1.509848  2.009311
1.477611  1.951360
1.493729  1.980335
1.541288  1.950310
1.525568  1.979811
1.509450  1.950835
1.540519  2.009180
1.571190  2.009049
1.556239  1.979680
1.562272  2.094527
1.527322  2.037716
1.544797  2.066121
1.575469  2.065990
1.588665  2.037454
1.557994  2.037585
1.591606  2.094213
1.620941  2.093898
1.604803  2.065676
1.611604  2.180962
1.661602  2.267006
1.674031  2.236400
1.686460  2.205795
1.640699  2.179038
1.669794  2.177114
1.628270  2.209644
1.644936  2.238325
1.657365  2.207719
1.624494  2.151836
1.637384  2.122710
1.653589  2.149912
1.578716  2.123339
1.595160  2.152151
1.608050  2.123024
1.690440  2.268387
1.719277  2.269767
1.702868  2.237781
1.715633  2.350675
1.679612  2.294895
1.697622  2.322785
1.726460  2.324166
1.737287  2.297657
1.708450  2.296276
1.743308  2.352274
1.770984  2.353872
1.754136  2.325765
1.764353  2.438950
1.818733  2.529604
1.834770  2.432986
1.799561  2.435968
1.800606  2.499386
1.782480  2.469168
1.835815  2.496404
1.852896  2.463204
1.817688  2.466186
1.775788  2.411124
1.787224  2.383297
1.810997  2.408142
1.731873  2.380100
1.748113  2.409525
1.759548  2.381699
1.886484  2.530434
1.870962  2.617795
1.853552  2.588398
1.836143  2.559001
1.852608  2.530019
1.903893  2.559831
1.887427  2.588813
1.870018  2.559416
1.869690  2.496819
1.937576  2.617570
1.904269  2.617683
1.920734  2.588701
1.921850  2.704088
1.887924  2.646560
1.904887  2.675324
1.954538  2.646334
1.938194  2.675211
1.921231  2.646447
1.955017  2.703768
1.988185  2.703448
1.971362  2.674891
1.972513  2.789900
2.023339  2.875678
2.038789  2.789302
2.005651  2.789601
2.006397  2.847085
1.989455  2.818493
2.039535  2.846786
2.055731  2.817894
2.022593  2.818194
2.005073  2.732052
1.988793  2.760976
2.021931  2.760677
1.938737  2.732692
1.955625  2.761296
1.971905  2.732372
2.056466  2.875418
2.089592  2.875157
2.072661  2.846526
2.073948  2.961534
2.057079  2.932915
2.040209  2.904297
2.090205  2.932655
2.106462  2.903776
2.073335  2.904036
2.106442  2.960928
2.138935  2.960322
2.122699  2.932049
2.123000  3.046410
2.090299  2.989826
2.106649  3.018118
2.139143  3.017512
2.155286  2.988614
2.122792  2.989220
2.154970  3.044298
2.175870  3.125858
2.272542  3.109776
2.289179  3.084913
2.305816  3.060050
2.352446  3.096490
2.312494  3.103133
2.329131  3.078270
2.186941  3.042185
2.190217  3.097263
2.254665  3.086542
2.236788  3.063307
2.271302  3.061678
2.171113  3.015400
2.204564  3.068668
2.208094  3.120497
2.240318  3.115137
2.222441  3.091902
2.140623  3.072893
2.158247  3.099375
2.172594  3.070780
2.335451  3.164423
2.293511  3.127992
2.314481  3.146208
2.373416  3.114706
2.354433  3.139565
2.333463  3.121349
2.415218  3.188530
2.407611  3.155636
2.400005  3.122742
2.467712  3.147727
2.441465  3.168129
2.433858  3.135234
2.388629  3.180494
2.362040  3.172459
2.381022  3.147600
2.415218  -3.188530
2.413298  -3.152781
2.411377  -3.117032
2.441465  -3.168129
2.467712  -3.147727
2.439545  -3.132380
2.328977  -3.154227
2.382630  -3.105598
2.355804  -3.129912
2.386471  -3.177096
2.357724  -3.165661
2.384551  -3.141347
2.321814  -3.125010
2.314651  -3.095792
2.348641  -3.100695
2.254820  -3.133955
2.162735  -3.163421
2.128081  -3.103996
2.145408  -3.133709
2.194116  -3.100204
2.178425  -3.131812
2.161098  -3.102100
2.289932  -3.089035
2.272376  -3.111495
2.224811  -3.090382
2.193430  -3.153599
2.224125  -3.143777
2.239815  -3.112169
2.209120  -3.121991
2.257371  -3.089708
2.304258  -3.147470
2.279539  -3.140713
2.297095  -3.118252
1.962817  -2.987351
1.913936  -2.900535
1.865067  -2.813730
1.881356  -2.842665
1.897646  -2.871600
1.947753  -2.843383
1.930845  -2.871959
1.898265  -2.814089
1.931463  -2.814448
1.914555  -2.843024
1.996027  -2.987710
2.029237  -2.988070
1.996642  -2.930187
1.979729  -2.958769
1.930230  -2.929474
1.946523  -2.958412
1.947142  -2.900892
1.980349  -2.901248
1.963436  -2.929830
2.012940  -2.959128
2.011710  -3.074184
2.057015  -3.158500
2.026812  -3.102289
2.041913  -3.130394
2.074928  -3.130427
2.092841  -3.102355
2.044725  -3.074217
2.077739  -3.074250
2.028622  -3.045599
2.045535  -3.017015
1.979114  -3.016295
1.995412  -3.045239
2.012325  -3.016655
2.061637  -3.045632
1.964051  -2.872316
1.898874  -2.756587
1.816206  -2.726941
1.767339  -2.640173
1.718467  -2.553420
1.784858  -2.554122
1.751663  -2.553771
1.751048  -2.611255
1.734758  -2.582338
1.784244  -2.611606
1.801149  -2.583039
1.767953  -2.582688
1.881970  -2.785159
1.832493  -2.755871
1.848780  -2.784800
1.849397  -2.727299
1.882587  -2.727657
1.833109  -2.698373
1.850011  -2.669805
1.800531  -2.640528
1.833722  -2.640882
1.817435  -2.611961
1.915169  -2.785518
2.059826  -3.102322
2.092255  -3.160140
2.127495  -3.161781
2.110168  -3.132068
1.866299  -2.698731
1.865683  -2.756229
1.783628  -2.669096
1.799917  -2.698018
1.816820  -2.669450
1.735374  -2.524857
1.669612  -2.466686
1.619703  -2.380606
1.569016  -2.295118
1.602808  -2.352110
1.585912  -2.323614
1.637163  -2.294637
1.603090  -2.294877
1.636881  -2.351869
1.654059  -2.323133
1.619985  -2.323373
1.752282  -2.496294
1.702804  -2.467034
1.735997  -2.467382
1.703426  -2.409555
1.652976  -2.437992
1.636340  -2.409299
1.686790  -2.380862
1.653247  -2.380734
1.686519  -2.438120
1.669883  -2.409427
1.768570  -2.525208
1.719711  -2.438469
1.702182  -2.524509
1.685897  -2.495597
1.719089  -2.495946
1.670425  -2.351997
1.604468  -2.236943
1.519066  -2.209263
1.551764  -2.152858
1.535415  -2.181060
1.587818  -2.208324
1.553442  -2.208794
1.569791  -2.180591
1.586742  -2.266030
1.552366  -2.266500
1.535716  -2.237881
1.570092  -2.237412
1.620816  -2.265790
1.468876  -2.123677
1.420120  -2.037017
1.371362  -1.950372
1.322355  -1.863127
1.273099  -1.774852
1.224201  -1.686863
1.256800  -1.745523
1.240501  -1.716193
1.289960  -1.688697
1.257081  -1.687780
1.306259  -1.718027
1.289679  -1.746440
1.273380  -1.717110
1.501955  -2.124003
1.535034  -2.124329
1.503228  -2.066159
1.486052  -2.094918
1.436372  -2.065903
1.452624  -2.094790
1.453548  -2.037144
1.486976  -2.037272
1.436991  -2.008492
1.453862  -1.979968
1.404486  -1.950729
1.388243  -1.921855
1.388789  -1.864258
1.355572  -1.863693
1.355026  -1.921290
1.338691  -1.892209
1.405124  -1.893339
1.371908  -1.892774
1.519131  -2.095244
1.485606  -2.152206
1.502336  -2.180734
1.518685  -2.152532
1.470419  -2.008620
1.469800  -2.066031
1.437610  -1.951087
1.421367  -1.922213
1.387615  -1.979253
1.403867  -2.008135
1.420739  -1.979611
1.355834  -1.806261
1.289518  -1.804277
1.305936  -1.833702
1.339094  -1.834694
1.339415  -1.776836
1.306257  -1.775844
1.322837  -1.747431
1.372311  -1.835259
1.322676  -1.805269
1.257600  -1.629825
1.240901  -1.658344
1.273780  -1.659261
1.175476  -1.598977
1.241358  -1.600529
1.208417  -1.599753
1.209207  -1.542341
1.192341  -1.570659
1.225282  -1.571435
1.191718  -1.628273
1.207960  -1.657568
1.224659  -1.629049
1.127041  -1.512443
1.078491  -1.425737
1.111482  -1.426232
1.144473  -1.426727
1.095302  -1.397229
1.112113  -1.368721
1.128293  -1.397724
1.160657  -1.455629
1.143849  -1.484036
1.193061  -1.513496
1.160051  -1.512969
1.176859  -1.484562
1.143186  -1.541288
1.159331  -1.570132
1.176196  -1.541814
1.094674  -1.454639
1.110857  -1.483541
1.127665  -1.455134
1.029912  -1.339051
0.981170  -1.252632
0.932401  -1.166198
0.966147  -1.109241
0.949274  -1.137720
0.998635  -1.166866
0.965518  -1.166532
0.982391  -1.138054
1.062916  -1.339438
1.095921  -1.339826
1.046105  -1.367946
1.062298  -1.396842
1.079109  -1.368334
1.063630  -1.282105
0.997417  -1.281438
1.013665  -1.310244
1.046771  -1.310578
1.047383  -1.253299
1.014276  -1.252966
1.014891  -1.195677
0.964914  -1.223821
0.948657  -1.195009
0.998030  -1.224155
0.981774  -1.195343
1.079775  -1.310966
1.031137  -1.224488
1.030524  -1.281772
0.883617  -1.079826
0.899879  -1.108617
0.916140  -1.137407
0.949886  -1.080451
0.916752  -1.080138
0.933013  -1.108929
0.900430  -1.051372
0.917242  -1.022917
0.933564  -1.051684
0.834885  -0.993429
0.735711  -0.992388
0.820259  -0.964744
0.805633  -0.936059
0.754143  -0.964050
0.772575  -0.935712
0.768769  -0.992735
0.801827  -0.993082
0.787201  -0.964397
0.867941  -0.993774
0.900998  -0.994119
0.851980  -0.964994
0.869075  -0.936558
0.837354  -0.936309
0.885037  -0.965338
0.851129  -1.022228
0.867373  -1.051027
0.884186  -1.022573
0.713481  -0.919353
0.650097  -0.872438
0.671225  -0.888076
0.692353  -0.903715
0.729371  -0.853680
0.721426  -0.886517
0.765165  -0.911367
0.739323  -0.915360
0.747268  -0.882524
0.728301  -0.968043
0.720891  -0.943698
0.746733  -0.939705
0.679170  -0.855240
0.708244  -0.838041
0.700298  -0.870878
0.647611  -0.805533
0.568909  -0.834893
0.552791  -0.738501
0.558164  -0.770632
0.563536  -0.802762
0.620548  -0.793019
0.594729  -0.813956
0.583983  -0.749694
0.615176  -0.760888
0.578114  -0.717287
0.603438  -0.696074
0.609307  -0.728481
0.648854  -0.838986
0.595972  -0.847408
0.623035  -0.859923
0.621791  -0.826471
0.677927  -0.821787
0.589356  -0.781825
0.552791  0.738501
0.569918  0.836119
0.653457  0.887584
0.625610  0.870429
0.597764  0.853274
0.624491  0.791475
0.597205  0.813797
0.652338  0.808630
0.652897  0.848107
0.625051  0.830952
0.585787  0.748719
0.618782  0.758936
0.603438  0.696074
0.578114  0.717287
0.611110  0.727505
0.677207  0.865745
0.700957  0.843905
0.676647  0.826268
0.558500  0.771040
0.564209  0.803580
0.591496  0.781258
0.722755  0.895578
0.706547  0.984771
0.688106  0.891581
0.688850  0.952375
0.671153  0.919980
0.723499  0.956372
0.740452  0.927974
0.705802  0.923977
0.711856  0.869742
0.739592  0.984408
0.772638  0.984046
0.756545  0.956010
0.856392  1.068970
0.888938  1.011458
0.872665  1.040214
0.922692  1.068173
0.889542  1.068572
0.905815  1.039815
0.822586  1.012113
0.839489  1.040541
0.855762  1.011785
0.906969  1.154167
0.957788  1.239618
0.973330  1.153478
0.940150  1.153823
0.940848  1.211135
0.923909  1.182651
0.974029  1.210790
0.990270  1.181962
0.957089  1.182306
0.890110  1.125768
0.873251  1.097369
0.939551  1.096572
0.923260  1.125370
0.906401  1.096971
0.956441  1.125025
0.757019  1.070123
0.740195  1.041673
0.723371  1.013222
0.773240  1.041310
0.789462  1.012497
0.756416  1.012859
0.790143  1.069739
0.823267  1.069355
0.806365  1.040926
0.990897  1.239282
1.024005  1.238946
1.007138  1.210454
1.008341  1.325074
0.991490  1.296589
0.974639  1.268104
1.024598  1.296252
1.040856  1.267431
1.007747  1.267767
1.041349  1.324823
1.058536  1.410755
1.108795  1.496624
1.125067  1.467787
1.141339  1.438949
1.174887  1.496191
1.141841  1.496408
1.158113  1.467570
1.074358  1.324573
1.074813  1.381944
1.091561  1.410540
1.124586  1.410326
1.075289  1.439378
1.092042  1.468001
1.108314  1.439164
1.057607  1.296002
1.091090  1.353134
1.107838  1.381730
1.025073  1.353634
1.041804  1.382194
1.058081  1.353384
1.159064  1.582420
1.142308  1.553821
1.125552  1.525223
1.191643  1.524789
1.175354  1.553605
1.158597  1.525006
1.225281  1.581842
1.192173  1.582131
1.208462  1.553316
1.209690  1.667829
1.175940  1.610889
1.192815  1.639359
1.242156  1.610312
1.225923  1.639070
1.209048  1.610601
1.242864  1.667487
1.276038  1.667144
1.259097  1.638728
1.260281  1.753408
1.292902  1.695671
1.276591  1.724540
1.226554  1.696355
1.243417  1.724882
1.259728  1.696013
1.293512  1.752960
1.326744  1.752512
1.309823  1.724091
1.311258  1.838360
1.362231  1.923675
1.345240  1.895236
1.328249  1.866798
1.377991  1.837480
1.344624  1.837920
1.394982  1.865918
1.378606  1.894796
1.361615  1.866358
1.343736  1.780829
1.327497  1.809595
1.360863  1.809154
1.277273  1.781726
1.294265  1.810043
1.310505  1.781277
1.428406  1.922815
1.412861  2.009357
1.395985  1.980796
1.379108  1.952236
1.395318  1.923245
1.445282  1.951376
1.429072  1.980367
1.412195  1.951806
1.411694  1.894366
1.477519  2.009326
1.445190  2.009342
1.461401  1.980351
1.463538  2.095027
1.429753  2.037914
1.446646  2.066470
1.494411  2.037883
1.478974  2.066455
1.462082  2.037898
1.496449  2.094860
1.529360  2.094693
1.511886  2.066288
1.514484  2.180592
1.564959  2.266358
1.615473  2.352103
1.581797  2.294940
1.598635  2.323522
1.646226  2.295372
1.630849  2.323738
1.597174  2.266574
1.629388  2.266790
1.614011  2.295156
1.546343  2.123215
1.530413  2.151903
1.480520  2.123548
1.497502  2.152070
1.513431  2.123382
1.546857  2.180715
1.596055  2.209428
1.580507  2.237893
1.531309  2.209181
1.548134  2.237770
1.579230  2.180839
1.563682  2.209304
1.562787  2.152027
1.612722  2.238109
1.648859  2.351627
1.682246  2.351151
1.664236  2.323261
1.666757  2.437819
1.718071  2.525204
1.770554  2.616451
1.753060  2.586035
1.735566  2.555619
1.751625  2.526671
1.785179  2.528137
1.786614  2.587502
1.802674  2.558553
1.769120  2.557086
1.699341  2.379723
1.683049  2.408771
1.632567  2.380675
1.649662  2.409247
1.665954  2.380199
1.699289  2.438196
1.731821  2.438573
1.733499  2.496452
1.748926  2.467701
1.767052  2.497919
1.715581  2.409148
1.700966  2.496076
1.683862  2.466948
1.716394  2.467324
1.837493  2.617347
1.804023  2.616899
1.820083  2.587950
1.822235  2.705074
1.805008  2.675533
1.787781  2.645992
1.854720  2.646888
1.838477  2.675981
1.821250  2.646440
1.888645  2.704416
1.855440  2.704745
1.871682  2.675652
1.872921  2.790826
1.923687  2.876676
1.974419  2.962502
1.990122  2.876011
1.956904  2.876344
1.957508  2.933893
1.940598  2.905285
1.990726  2.933561
2.007032  2.904619
1.973815  2.904952
1.839131  2.733658
1.856026  2.762242
1.905540  2.733000
1.889230  2.761913
1.872335  2.733329
1.906118  2.790517
1.939315  2.790208
1.922428  2.761604
1.939962  2.847751
1.956237  2.818825
1.973180  2.847418
1.906765  2.848059
1.889843  2.819443
1.923040  2.819134
2.007595  2.962179
2.040772  2.961856
2.023902  2.933238
2.025108  3.048451
2.008211  3.019801
1.991315  2.991152
2.041388  3.019479
2.057668  2.990506
2.024492  2.990829
2.057738  3.047771
2.090369  3.047090
2.074019  3.018798
2.075800  3.134082
2.042005  3.076995
2.058902  3.105538
2.107266  3.075634
2.109157  3.131341
2.142513  3.128599
2.091533  3.104858
2.124890  3.102117
2.074636  3.076314
2.239388  3.208691
2.129801  3.215572
2.145157  3.185667
2.160514  3.155763
2.218216  3.181080
2.197043  3.153469
2.202859  3.210985
2.166330  3.213278
2.181687  3.183374
2.250439  3.175720
2.261491  3.142748
2.229267  3.148108
2.093800  3.161245
2.111801  3.188408
2.127157  3.158504
2.271409  3.193935
2.303430  3.179179
2.282460  3.160964
2.334975  3.247752
2.303113  3.234732
2.271251  3.221712
2.335133  3.219976
2.335292  3.192200
2.303271  3.206956
2.388470  3.208271
2.361722  3.228011
2.361881  3.200235
2.334975  -3.247752
2.248618  -3.210109
2.306189  -3.235204
2.277404  -3.222657
2.275404  -3.191482
2.302190  -3.172854
2.332975  -3.216577
2.330976  -3.185402
2.304190  -3.204029
2.361722  -3.228011
2.388470  -3.208271
2.359723  -3.196836
2.250685  -3.184724
2.252753  -3.159340
2.219990  -3.194546
2.167184  -3.263995
2.165701  -3.230470
2.164218  -3.196946
2.191363  -3.178984
2.221473  -3.228071
2.194329  -3.246033
2.192846  -3.212508
2.277472  -3.166097
2.222058  -3.169162
2.090949  -3.234511
2.138806  -3.187118
2.114878  -3.210814
2.141772  -3.254167
2.116361  -3.244339
2.140289  -3.220642
2.068326  -3.183837
2.079637  -3.209174
2.103566  -3.185477
1.912089  -3.073084
1.960855  -3.159811
1.992908  -3.159374
2.024961  -3.158937
1.994758  -3.102726
1.977806  -3.131269
2.009860  -3.130831
1.945296  -3.073450
1.928344  -3.101993
1.944600  -3.130902
1.978503  -3.073817
1.961551  -3.102359
1.945907  -3.015928
1.928998  -3.044506
1.962205  -3.044873
1.863202  -2.986262
1.814341  -2.899443
1.880738  -2.900171
1.847539  -2.899807
1.848158  -2.842301
1.831249  -2.870872
1.864448  -2.871236
1.929612  -2.986988
1.896407  -2.986625
1.897025  -2.929111
1.830628  -2.928383
1.846915  -2.957322
1.880114  -2.957686
1.863826  -2.928747
1.913318  -2.958049
1.879498  -3.015202
1.895794  -3.044143
1.912703  -3.015565
1.765491  -2.812640
1.798057  -2.870509
1.781774  -2.841575
1.831875  -2.813367
1.798683  -2.813004
1.814966  -2.841938
1.799301  -2.755508
1.716634  -2.725868
1.667766  -2.639108
1.618910  -2.552374
1.651481  -2.610197
1.635195  -2.581285
1.652096  -2.552723
1.635811  -2.523811
1.569254  -2.466137
1.517417  -2.381348
1.551816  -2.323861
1.534616  -2.352604
1.585608  -2.380853
1.551512  -2.381100
1.568712  -2.352357
1.782396  -2.784074
1.732920  -2.754792
1.749206  -2.783716
1.749825  -2.726226
1.783015  -2.726583
1.733536  -2.697303
1.700957  -2.639463
1.684666  -2.610546
1.701567  -2.581983
1.734148  -2.639818
1.717857  -2.610900
1.815588  -2.784437
2.004863  -3.256498
2.039631  -3.191166
2.022247  -3.223832
1.975524  -3.192040
1.990194  -3.224269
2.007578  -3.191603
2.033559  -3.249169
2.062254  -3.241840
2.050942  -3.216503
1.750437  -2.668738
1.700345  -2.696948
1.684055  -2.668028
1.717246  -2.668383
1.766726  -2.697661
1.766111  -2.755150
1.652711  -2.495248
1.636159  -2.466503
1.602707  -2.466320
1.602358  -2.523628
1.585806  -2.494882
1.619259  -2.495065
1.685281  -2.553071
1.668996  -2.524160
1.668381  -2.581634
1.586071  -2.437626
1.551975  -2.437874
1.534696  -2.409611
1.602887  -2.409116
1.568791  -2.409363
1.619523  -2.437809
1.467861  -2.295191
1.484380  -2.323910
1.500898  -2.352629
1.501580  -2.295167
1.535298  -2.295142
1.518098  -2.323886
1.484930  -2.266549
1.501998  -2.237906
1.518648  -2.266524
1.418334  -2.209084
1.369466  -2.122562
1.320709  -2.035912
1.271957  -1.949278
1.223134  -1.861610
1.174191  -1.772377
1.206820  -1.831866
1.190505  -1.802121
1.207160  -1.773202
1.190861  -1.743873
1.207531  -1.715368
1.240129  -1.774027
1.223830  -1.744698
1.451911  -2.209144
1.485488  -2.209203
1.451352  -2.266489
1.434843  -2.237786
1.468420  -2.237846
1.452029  -2.152146
1.385755  -2.151403
1.402044  -2.180243
1.435181  -2.180615
1.435740  -2.123305
1.402603  -2.122934
1.403235  -2.065532
1.386350  -2.094047
1.336961  -2.064795
1.353213  -2.093679
1.353846  -2.036280
1.386983  -2.036648
1.337593  -2.007398
1.305092  -1.949643
1.288756  -1.920561
1.256208  -1.862116
1.289281  -1.862621
1.239789  -1.832691
1.256444  -1.803772
1.223475  -1.802946
1.468759  -2.180675
1.419487  -2.094419
1.418892  -2.151774
1.354478  -1.978885
1.338227  -1.950007
1.305556  -1.891844
1.255683  -1.920056
1.239408  -1.890833
1.272482  -1.891338
1.370730  -2.007767
1.370098  -2.065164
1.321891  -1.920926
1.304458  -2.007034
1.288208  -1.978156
1.321343  -1.978521
1.272863  -1.833197
1.125305  -1.684055
1.141600  -1.713496
1.157895  -1.742936
1.158270  -1.684991
1.191236  -1.685927
1.174566  -1.714432
1.142029  -1.655696
1.076642  -1.597635
1.028101  -1.511063
1.044281  -1.539920
1.060462  -1.568778
1.093441  -1.569238
1.110241  -1.540840
1.061081  -1.511523
1.094061  -1.511983
1.061694  -1.454179
0.979460  -1.424519
0.930665  -1.338037
0.881854  -1.251593
0.914394  -1.309222
0.898124  -1.280408
0.948064  -1.252286
0.914959  -1.251940
0.964335  -1.281100
0.947500  -1.309569
0.931229  -1.280754
1.158752  -1.627337
1.109587  -1.598082
1.142531  -1.598530
1.126386  -1.569685
1.174994  -1.656632
1.109084  -1.655249
1.092863  -1.626442
1.125808  -1.626889
1.044898  -1.482621
0.995674  -1.453367
1.011887  -1.482215
1.012470  -1.424925
1.045480  -1.425331
1.028684  -1.453773
1.077878  -1.483081
1.077261  -1.540380
1.013095  -1.367540
0.946930  -1.366864
0.963195  -1.395692
0.996277  -1.396030
0.996829  -1.338713
0.963747  -1.338375
0.980582  -1.309907
1.029287  -1.396436
0.980012  -1.367202
0.915552  -1.194663
0.898703  -1.223128
0.931808  -1.223474
0.833083  -1.165202
0.784393  -1.078795
0.801224  -1.050340
0.818054  -1.021884
0.751939  -1.021190
0.768166  -1.049993
0.784996  -1.021537
0.866189  -1.165534
0.899295  -1.165866
0.866772  -1.108285
0.849928  -1.136743
0.800623  -1.107597
0.816853  -1.136399
0.817468  -1.079138
0.850543  -1.079482
0.834298  -1.050683
0.883034  -1.137075
0.849340  -1.193999
0.865597  -1.222796
0.882446  -1.194331
0.833698  -1.107941
0.685222  -1.077748
0.644227  -0.978553
0.667312  -0.958819
0.690396  -0.939086
0.646184  -0.943181
0.648141  -0.907809
0.669269  -0.923448
0.674722  -0.983164
0.705217  -0.987776
0.702052  -1.049294
0.718882  -1.020841
0.671557  -1.044683
0.657892  -1.011618
0.688387  -1.016229
0.718279  -1.078097
0.751336  -1.078446
0.735109  -1.049644
0.697807  -0.963431
0.583346  -0.919125
0.627847  -0.888000
0.605596  -0.903562
0.623934  -0.958743
0.603640  -0.938934
0.625890  -0.923372
0.573721  -0.862970
0.489252  -0.909247
0.474320  -0.799036
0.515804  -0.884462
0.542357  -0.859678
0.505850  -0.810988
0.537379  -0.822941
0.479297  -0.835773
0.484274  -0.872510
0.510827  -0.847725
0.578534  -0.891048
0.520616  -0.912539
0.551981  -0.915832
0.547169  -0.887755
0.600784  -0.875485
0.500477  -0.778858
0.526634  -0.758679
0.532007  -0.790810
0.474320  0.799036
0.484711  0.894404
0.513113  0.874976
0.541516  0.855547
0.506186  0.811397
0.538052  0.823758
0.477784  0.830825
0.481247  0.862615
0.509650  0.843186
0.526634  0.758679
0.500477  0.778858
0.532343  0.791219
0.563308  0.917301
0.567715  0.863180
0.565511  0.890240
0.623407  0.897490
0.593357  0.907395
0.595561  0.880335
0.510910  0.902036
0.537109  0.909669
0.539312  0.882608
0.608018  0.987392
0.657872  1.071275
0.641254  1.043314
0.624636  1.015353
0.673704  0.985644
0.640861  0.986518
0.674097  1.042440
0.690322  1.013605
0.657479  1.014479
0.638310  0.920854
0.623164  0.954123
0.656007  0.953249
0.593115  0.964028
0.578211  0.940665
0.608261  0.930759
0.690921  1.070891
0.723970  1.070507
0.707146  1.042056
0.807624  1.155371
0.858392  1.240727
0.824547  1.183823
0.841469  1.212275
0.874584  1.211874
0.890777  1.183021
0.924656  1.239988
0.891524  1.240357
0.907716  1.211504
0.823880  1.126571
0.840136  1.097771
0.840739  1.154970
0.873854  1.154569
0.857662  1.183422
0.856995  1.126170
0.773887  1.098539
0.708371  1.156566
0.724587  1.127752
0.740803  1.098938
0.674705  1.099705
0.691538  1.128135
0.707754  1.099321
0.790756  1.126955
0.741456  1.156168
0.774540  1.155769
0.757671  1.127353
0.807012  1.098155
0.909151  1.326162
0.892231  1.297683
0.875312  1.269205
0.925363  1.297314
0.941575  1.268466
0.908444  1.268836
0.942214  1.325799
0.975277  1.325436
0.958426  1.296951
0.959606  1.411569
0.942787  1.383100
0.925969  1.354631
0.975851  1.382737
0.992096  1.353905
0.959032  1.354268
0.992583  1.411298
1.025560  1.411026
1.008828  1.382466
1.009771  1.497100
1.059941  1.583037
1.043218  1.554391
1.026494  1.525745
1.075787  1.496783
1.042779  1.496941
1.092511  1.525428
1.076226  1.554233
1.059502  1.525587
1.042281  1.439536
1.026026  1.468318
1.059034  1.468160
0.976328  1.440079
0.993049  1.468589
1.009304  1.439808
1.126023  1.582625
1.092982  1.582831
1.109267  1.554027
1.110551  1.668468
1.161305  1.754027
1.127469  1.696988
1.144387  1.725508
1.193562  1.696561
1.177434  1.725294
1.176644  1.668042
1.143597  1.668255
1.160515  1.696775
1.142893  1.611103
1.126722  1.639786
1.159768  1.639572
1.076811  1.611514
1.093681  1.639991
1.109852  1.611308
1.227289  1.753615
1.211978  1.839533
1.262982  1.924790
1.313956  2.010262
1.330048  1.981399
1.346139  1.952537
1.379893  2.009659
1.346925  2.009960
1.363016  1.981098
1.194297  1.753821
1.178196  1.782529
1.195087  1.811031
1.244180  1.782116
1.228079  1.810825
1.211188  1.782323
1.210425  1.725088
1.245071  1.839142
1.278164  1.838751
1.279074  1.895980
1.295166  1.867170
1.296065  1.924418
1.329148  1.924046
1.296965  1.981771
1.279974  1.953280
1.313056  1.952909
1.261172  1.810434
1.312157  1.895608
1.245981  1.896371
1.228979  1.867952
1.262073  1.867561
1.364718  2.095849
1.347797  2.067320
1.330877  2.038791
1.396814  2.038188
1.380766  2.067018
1.363845  2.038489
1.430598  2.095301
1.397658  2.095575
1.413706  2.066744
1.415350  2.181463
1.381595  2.124387
1.398473  2.152925
1.447475  2.123839
1.431413  2.152651
1.414535  2.124113
1.481440  2.180882
1.448395  2.181172
1.464457  2.152360
1.465829  2.267190
1.516535  2.352808
1.499633  2.324268
1.482731  2.295729
1.531916  2.266636
1.498872  2.266913
1.548818  2.295175
1.582494  2.352338
1.549514  2.352573
1.532677  2.323991
1.565656  2.323756
1.432176  2.210038
1.449002  2.238614
1.498266  2.209458
1.482047  2.238324
1.465221  2.209748
1.515091  2.238047
1.515774  2.295452
1.567145  2.438504
1.533405  2.381373
1.550275  2.409939
1.599364  2.380904
1.583255  2.409704
1.566384  2.381138
1.600349  2.438276
1.633553  2.438048
1.616458  2.409476
1.617941  2.524107
1.669511  2.612522
1.721934  2.703900
1.704459  2.673441
1.686985  2.642981
1.736873  2.615141
1.685698  2.583416
1.701885  2.554310
1.703192  2.613832
1.719379  2.584726
1.634213  2.495344
1.650485  2.466582
1.651318  2.524472
1.684695  2.524838
1.635131  2.553579
1.652321  2.583050
1.668508  2.553944
1.667590  2.495710
1.584077  2.467039
1.601009  2.495573
1.617281  2.466810
1.754348  2.645601
1.738141  2.674750
1.720666  2.644291
1.788802  2.704682
1.755368  2.704291
1.771575  2.675141
1.773208  2.791544
1.739025  2.733115
1.756117  2.762329
1.805893  2.733897
1.789551  2.762721
1.772459  2.733506
1.806446  2.791305
1.839683  2.791065
1.822788  2.762481
1.823999  2.877642
1.874749  2.963471
1.857832  2.934862
1.840916  2.906252
1.890458  2.876998
1.857229  2.877320
1.907374  2.905608
1.891062  2.934540
1.874145  2.905930
1.856614  2.819764
1.840307  2.848703
1.873536  2.848381
1.790139  2.820243
1.807069  2.848943
1.823376  2.820004
1.941196  2.962825
1.925446  3.049391
1.908547  3.020751
1.891648  2.992111
1.907972  2.963148
1.941770  3.020428
1.958095  2.991465
1.924871  2.991788
1.924285  2.934217
1.958667  3.049078
1.991887  3.048764
1.974991  3.020115
1.976143  3.136067
2.028078  3.223570
2.082574  3.313067
2.064409  3.283235
2.046244  3.253402
2.061986  3.220904
2.095894  3.218238
2.098316  3.280569
2.114059  3.248070
2.080151  3.250736
1.992464  3.106862
2.008786  3.077656
1.942345  3.078283
1.959244  3.107175
1.975566  3.077970
2.009362  3.135406
2.042581  3.134744
2.025683  3.106200
2.059893  3.163911
2.043986  3.193741
1.993455  3.165235
2.010766  3.194402
2.026674  3.164573
2.077893  3.191074
2.177487  3.280929
2.145696  3.237357
2.161591  3.259143
2.218754  3.232771
2.198121  3.256850
2.182225  3.235064
2.253280  3.304955
2.248650  3.272867
2.244019  3.240779
2.307743  3.266820
2.280512  3.285887
2.275881  3.253799
2.228016  3.296946
2.202751  3.288938
2.223385  3.264859
2.114211  3.302355
2.145849  3.291642
2.129954  3.269856
2.253280  -3.304955
2.251726  -3.273340
2.250172  -3.241724
2.280512  -3.285887
2.307743  -3.266820
2.278958  -3.254272
2.224581  -3.291302
2.195883  -3.277648
2.223027  -3.259686
2.170185  -3.360104
2.082012  -3.313503
2.001538  -3.364908
2.003755  -3.292635
2.002647  -3.328771
2.055187  -3.330638
2.028363  -3.347773
2.056296  -3.294501
2.030580  -3.275499
2.029471  -3.311636
2.110403  -3.297000
2.138793  -3.280498
2.169185  -3.328067
2.168184  -3.296031
2.140794  -3.344570
2.111403  -3.329036
2.139794  -3.312534
2.197883  -3.341721
2.225582  -3.323338
2.196883  -3.309685
2.084991  -3.287172
2.087970  -3.260842
2.059275  -3.268171
2.113382  -3.270670
1.812525  -3.071961
1.763644  -2.985145
1.714772  -2.898341
1.665916  -2.811560
1.617062  -2.724796
1.568094  -2.638069
1.585032  -2.609504
1.601971  -2.580939
1.634542  -2.638762
1.601318  -2.638415
1.618257  -2.609850
1.878901  -3.072709
1.845713  -3.072335
1.846310  -3.014828
1.779938  -3.014083
1.796231  -3.043022
1.829418  -3.043395
1.830016  -2.985890
1.796830  -2.985517
1.797442  -2.928010
1.731063  -2.927275
1.747353  -2.956210
1.780543  -2.956577
1.781151  -2.899076
1.748585  -2.841207
1.731679  -2.869774
1.682201  -2.840487
1.698487  -2.869414
1.699108  -2.811920
1.732300  -2.812280
1.682822  -2.782996
1.699728  -2.754432
1.650253  -2.725153
1.633963  -2.696233
1.600739  -2.695887
1.584416  -2.666978
1.650865  -2.667671
1.617641  -2.667324
1.862606  -3.043769
1.861343  -3.158713
1.927684  -3.159445
1.894514  -3.159079
1.895174  -3.101627
1.878258  -3.130170
1.911429  -3.130536
1.828798  -3.100878
1.845070  -3.129795
1.861986  -3.101252
1.906313  -3.243286
1.876333  -3.186904
1.891323  -3.215095
1.942674  -3.187636
1.924493  -3.215461
1.909503  -3.187270
1.939163  -3.247690
1.972013  -3.252094
1.957344  -3.219865
1.813729  -2.956950
1.813124  -3.014456
1.747962  -2.898708
1.764868  -2.870141
1.764252  -2.927643
1.716014  -2.783356
1.715393  -2.840847
1.683443  -2.725511
1.667154  -2.696591
1.633347  -2.753717
1.649631  -2.782639
1.666537  -2.754075
1.518487  -2.551613
1.466448  -2.466855
1.552332  -2.494629
1.535410  -2.523121
1.483794  -2.495107
1.501141  -2.523360
1.500716  -2.466615
1.534985  -2.466376
1.518063  -2.494868
1.585436  -2.552120
1.551962  -2.551866
1.568884  -2.523374
1.551558  -2.609250
1.535023  -2.580431
1.568497  -2.580685
1.483437  -2.438352
1.500427  -2.409850
1.517706  -2.438113
1.416345  -2.381454
1.367585  -2.294784
1.433517  -2.352699
1.450689  -2.323945
1.401010  -2.294920
1.434436  -2.295056
1.383838  -2.323674
1.400092  -2.352564
1.417264  -2.323810
1.450036  -2.381418
1.483726  -2.381383
1.433046  -2.409921
1.449747  -2.438388
1.466737  -2.409885
1.467208  -2.352664
1.936901  -3.319403
1.979992  -3.349740
1.958447  -3.334571
1.982209  -3.277466
1.959555  -3.298434
1.981101  -3.313603
1.916509  -3.268658
1.926705  -3.294030
1.949359  -3.273062
1.384501  -2.266217
1.401417  -2.237651
1.417927  -2.266353
1.318813  -2.208114
1.270055  -2.121440
1.221311  -2.034795
1.172202  -1.947481
1.123380  -1.858288
1.157254  -1.801014
1.140317  -1.829651
1.189883  -1.860503
1.156631  -1.859395
1.173568  -1.830758
1.351987  -2.208437
1.385160  -2.208761
1.335697  -2.179597
1.352582  -2.151080
1.303192  -2.121814
1.336329  -2.122188
1.286940  -2.092931
1.254444  -2.035167
1.238193  -2.006289
1.238705  -1.948679
1.205454  -1.948080
1.204941  -2.005690
1.188571  -1.976586
1.255075  -1.977784
1.221823  -1.977185
1.368871  -2.179920
1.335070  -2.237004
1.351328  -2.265894
1.368244  -2.237327
1.303824  -2.064421
1.287576  -2.035539
1.271326  -2.006662
1.320077  -2.093305
1.286308  -2.150331
1.302561  -2.179223
1.319445  -2.150705
1.253807  -2.092558
1.237559  -2.063676
1.270692  -2.064049
1.189179  -1.918857
1.155928  -1.917750
1.139654  -1.888019
1.206157  -1.890234
1.172905  -1.889126
1.222431  -1.919456
1.075165  -1.770410
1.091237  -1.799703
1.107308  -1.828995
1.108174  -1.771066
1.141182  -1.771721
1.124245  -1.800358
1.091878  -1.741625
1.026430  -1.682949
0.977596  -1.596487
1.043626  -1.597252
1.010611  -1.596870
1.010152  -1.654128
0.993874  -1.625308
1.043167  -1.654511
1.059905  -1.626073
1.026889  -1.625690
1.108592  -1.712840
1.059388  -1.683318
1.092347  -1.683686
1.042675  -1.712103
1.058920  -1.741256
1.075633  -1.712471
1.124887  -1.742281
1.076126  -1.654880
1.011266  -1.539538
0.994431  -1.568012
1.027446  -1.568395
0.928906  -1.509968
0.880195  -1.423471
0.831395  -1.336994
0.863928  -1.394645
0.847662  -1.365819
0.897575  -1.337689
0.864485  -1.337341
0.913841  -1.366515
0.897018  -1.394993
0.880752  -1.366167
0.995036  -1.510698
0.961971  -1.510333
0.962608  -1.453002
0.896432  -1.452303
0.912669  -1.481136
0.945757  -1.481485
0.946372  -1.424170
0.913283  -1.423820
0.930107  -1.395342
0.978822  -1.481850
0.945136  -1.538808
0.961366  -1.567647
0.978201  -1.539173
0.929520  -1.452653
0.848214  -1.308527
0.865034  -1.280060
0.881304  -1.308875
0.782622  -1.250567
0.815137  -1.308185
0.798879  -1.279376
0.815699  -1.250909
0.848777  -1.251251
0.831957  -1.279718
0.816262  -1.193657
0.733903  -1.164153
0.634728  -1.163115
0.586048  -1.076701
0.543373  -0.994386
0.556697  -0.969299
0.570021  -0.944212
0.507292  -0.937627
0.525332  -0.966006
0.538657  -0.940919
0.799442  -1.222112
0.750142  -1.192957
0.766382  -1.221762
0.800023  -1.164852
0.766963  -1.164502
0.767563  -1.107247
0.750733  -1.135700
0.701449  -1.106549
0.717676  -1.135351
0.667786  -1.163461
0.700844  -1.163807
0.651559  -1.134659
0.619106  -1.077050
0.605441  -1.043985
0.610609  -0.983830
0.576991  -0.989108
0.571823  -1.049263
0.557598  -1.021825
0.624834  -1.011269
0.591216  -1.016547
0.832520  -1.222454
0.783793  -1.136050
0.783202  -1.193307
0.734506  -1.106898
0.652164  -1.077399
0.638499  -1.044334
0.668390  -1.106203
0.618501  -1.134310
0.602275  -1.105506
0.635332  -1.105854
0.684617  -1.135005
0.590315  -0.964021
0.393895  -0.856953
0.393711  -0.961555
0.461903  -1.003263
0.416442  -0.975458
0.439172  -0.989361
0.480135  -0.940586
0.516216  -0.997345
0.489059  -1.000304
0.471019  -0.971924
0.498176  -0.968965
0.457405  -0.926683
0.425558  -0.944119
0.393834  -0.891821
0.393773  -0.926688
0.425681  -0.874385
0.457466  -0.891816
0.425619  -0.909252
0.420704  -0.837648
0.447512  -0.818342
0.452489  -0.855079
0.448289  -0.958022
0.393895  0.856953
0.405296  0.973881
0.511855  0.987305
0.440815  0.978355
0.476335  0.982830
0.493759  0.925371
0.502807  0.956338
0.458239  0.920896
0.431767  0.947388
0.467287  0.951863
0.424167  0.869437
0.397695  0.895929
0.401496  0.934905
0.454439  0.881920
0.427967  0.908413
0.447512  0.818342
0.420704  0.837648
0.450975  0.850131
0.529006  0.963970
0.546157  0.940635
0.575964  0.987363
0.558697  1.072842
0.575137  1.044359
0.591578  1.015875
0.591755  1.072320
0.624814  1.071797
0.608196  1.043836
0.519958  0.933003
0.543909  0.987334
0.543083  1.044330
0.527469  1.015817
0.559523  1.015846
0.561060  0.963999
0.609185  1.157594
0.592356  1.129344
0.575526  1.101093
0.625414  1.128821
0.641643  1.100048
0.608585  1.100570
0.642247  1.157252
0.675309  1.156909
0.658476  1.128478
0.759132  1.241943
0.809846  1.327336
0.792219  1.241538
0.825305  1.241132
0.826028  1.298466
0.842210  1.269596
0.792941  1.298872
0.776037  1.270407
0.809123  1.270002
0.791460  1.184228
0.775296  1.213086
0.808383  1.212680
0.725292  1.185025
0.742212  1.213484
0.758376  1.184627
0.876049  1.326553
0.842948  1.326944
0.859130  1.298075
0.659803  1.243031
0.726022  1.242306
0.692912  1.242668
0.692182  1.185387
0.675992  1.214209
0.626058  1.186073
0.642930  1.214552
0.659120  1.185730
0.709102  1.213847
0.860444  1.412679
0.843578  1.384232
0.826712  1.355784
0.876680  1.383840
0.892915  1.355001
0.859814  1.355392
0.893498  1.412309
0.926552  1.411939
0.909734  1.383470
0.910891  1.498088
0.894076  1.469618
0.877260  1.441149
0.927130  1.469248
0.943368  1.440409
0.910314  1.440779
0.943851  1.497758
0.976811  1.497429
0.960089  1.468919
0.961064  1.583621
0.993536  1.525940
0.977300  1.554781
1.026982  1.583232
0.994023  1.583426
1.010259  1.554586
0.927616  1.526599
0.944340  1.555110
0.960576  1.526270
1.011534  1.669336
0.977887  1.612193
0.994711  1.640765
1.043805  1.611803
1.027669  1.640570
1.010846  1.611998
1.044539  1.669047
1.062493  1.754718
1.113192  1.840253
1.079393  1.783230
1.096292  1.811742
1.129230  1.811511
1.145268  1.782769
1.095430  1.754488
1.128368  1.754257
1.078512  1.725968
1.094531  1.697218
1.111450  1.725738
1.077545  1.668758
1.045506  1.726257
1.028520  1.697797
1.061526  1.697507
1.060675  1.640280
1.112330  1.782999
1.146121  1.840013
1.179049  1.839773
1.162158  1.811271
1.163851  1.925792
1.214574  2.011306
1.230710  1.982468
1.246846  1.953629
1.280829  2.010610
1.247701  2.010958
1.263837  1.982119
1.179893  1.897039
1.195935  1.868286
1.196895  1.925458
1.229938  1.925124
1.180759  1.954297
1.197666  1.982802
1.213802  1.953963
1.212937  1.896705
1.146965  1.897279
1.130079  1.868766
1.163007  1.868526
1.265241  2.096893
1.248352  2.068364
1.231463  2.039835
1.297718  2.039139
1.281479  2.068016
1.264590  2.039487
1.331559  2.096197
1.298400  2.096545
1.314638  2.067668
1.315890  2.182501
1.282124  2.125429
1.299007  2.153965
1.348442  2.124733
1.332166  2.153617
1.315283  2.125081
1.349044  2.182155
1.382197  2.181809
1.365319  2.153271
1.366520  2.268123
1.417123  2.353795
1.433358  2.324927
1.449593  2.296058
1.483398  2.353137
1.450260  2.353466
1.466495  2.324598
1.382797  2.239236
1.399073  2.210349
1.332767  2.211041
1.349643  2.239582
1.365920  2.210695
1.399623  2.267812
1.432726  2.267501
1.383387  2.296680
1.400255  2.325238
1.416490  2.296369
1.415900  2.238925
1.467738  2.439483
1.534010  2.438831
1.500874  2.439157
1.500270  2.381699
1.484004  2.410591
1.517140  2.410265
1.450866  2.410920
1.433995  2.382358
1.467132  2.382029
1.518593  2.525044
1.484690  2.468003
1.501642  2.496523
1.550961  2.467351
1.534777  2.496197
1.517826  2.467677
1.551709  2.524731
1.584825  2.524419
1.567893  2.495885
1.569076  2.610840
1.622170  2.703326
1.637950  2.673058
1.653731  2.642790
1.688679  2.703709
1.655425  2.703517
1.671205  2.673249
1.601653  2.553018
1.585365  2.581929
1.535421  2.553642
1.552249  2.582241
1.568537  2.553330
1.602554  2.611401
1.636033  2.611961
1.604472  2.672497
1.586774  2.641669
1.620252  2.642229
1.618843  2.582490
1.673597  2.792490
1.656455  2.762769
1.639313  2.733048
1.705822  2.733430
1.689709  2.762960
1.672567  2.733239
1.740005  2.791860
1.706801  2.792175
1.722913  2.762645
1.724349  2.878470
1.775088  2.964452
1.825783  3.050248
1.841529  2.963798
1.808308  2.964125
1.808884  3.021650
1.791986  2.993051
1.842105  3.021323
1.858427  2.992397
1.825206  2.992724
1.690514  2.821150
1.707432  2.849810
1.756922  2.820519
1.740635  2.849495
1.723718  2.820835
1.757566  2.878194
1.790783  2.877918
1.773852  2.849219
1.791392  2.935516
1.807695  2.906579
1.824612  2.935189
1.758175  2.935791
1.741262  2.907131
1.774479  2.906855
1.859004  3.049962
1.892225  3.049677
1.875326  3.021037
1.876478  3.136891
1.925889  3.223662
1.959391  3.165266
1.942640  3.194464
1.892948  3.165815
1.909419  3.194739
1.909700  3.136617
1.942921  3.136342
1.926170  3.165540
1.892801  3.107724
1.909124  3.078558
1.842681  3.079129
1.859580  3.108010
1.875902  3.078843
1.926022  3.107450
1.994015  3.223601
1.959952  3.223631
1.976703  3.194433
1.973529  3.311235
2.011037  3.385050
1.986031  3.335840
1.998534  3.360445
2.058728  3.337061
2.034883  3.361055
2.046225  3.312457
2.009895  3.252792
1.991712  3.282014
2.009877  3.311846
2.028060  3.282624
1.957649  3.282044
1.941769  3.252853
1.975832  3.252823
2.170185  3.360104
2.085741  3.413164
2.084685  3.379798
2.083629  3.346433
2.140981  3.344425
2.111778  3.328746
2.142037  3.377790
2.113889  3.395477
2.112833  3.362112
2.022380  3.336451
2.060840  3.403792
2.035938  3.394421
2.059784  3.370427
2.172619  3.333712
2.175053  3.307321
2.143415  3.318033
2.225582  3.323338
2.197883  3.341721
2.200317  3.315329
2.085741  -3.413164
2.084498  -3.379943
2.083255  -3.346723
2.113889  -3.395477
2.142037  -3.377790
2.112646  -3.362257
2.057673  -3.397078
2.029606  -3.380993
2.056430  -3.363858
2.000000  -3.464102
1.908570  -3.413775
1.854321  -3.327495
1.890487  -3.385015
1.872404  -3.356255
1.881847  -3.324798
1.909374  -3.322100
1.918014  -3.382318
1.927458  -3.350860
1.899931  -3.353558
1.939560  -3.397486
1.970549  -3.381197
2.000513  -3.431037
2.001025  -3.397973
1.969523  -3.447326
1.939047  -3.430551
1.970036  -3.414262
2.028580  -3.447122
2.057161  -3.430143
2.029093  -3.414058
1.949003  -3.366029
1.712967  -3.070842
1.664074  -2.984044
1.615201  -2.897258
1.647783  -2.955115
1.631492  -2.926187
1.648392  -2.897619
1.681582  -2.897980
1.680973  -2.955476
1.697873  -2.926908
1.664682  -2.926548
1.746153  -3.071215
1.779339  -3.071588
1.729859  -3.042276
1.697264  -2.984411
1.730454  -2.984778
1.714163  -2.955843
1.746752  -3.013710
1.696669  -3.041909
1.680372  -3.012977
1.713562  -3.013344
1.763045  -3.042649
1.761857  -3.157660
1.810576  -3.244394
1.794336  -3.215483
1.778097  -3.186572
1.795019  -3.158011
1.828181  -3.158362
1.778747  -3.129094
1.795636  -3.100527
1.729264  -3.099782
1.745561  -3.128721
1.762450  -3.100154
1.811908  -3.129445
1.649011  -2.840126
1.566349  -2.810482
1.517497  -2.723720
1.467817  -2.637045
1.417111  -2.551736
1.484695  -2.551654
1.450903  -2.551695
1.450915  -2.608609
1.434013  -2.580172
1.484707  -2.608568
1.501597  -2.580090
1.467805  -2.580131
1.632106  -2.868692
1.582633  -2.839408
1.598917  -2.868333
1.599538  -2.810842
1.632727  -2.811201
1.583253  -2.781920
1.550686  -2.724079
1.534363  -2.695170
1.551228  -2.666619
1.583874  -2.724437
1.567551  -2.695528
1.665296  -2.869053
1.600157  -2.753358
1.550065  -2.781562
1.533781  -2.752641
1.566969  -2.752999
1.616442  -2.782279
1.615822  -2.839767
1.501243  -2.637386
1.534668  -2.637728
1.500937  -2.694828
1.484377  -2.665937
1.517803  -2.666278
1.518133  -2.608909
1.827498  -3.215834
1.844420  -3.187273
1.811259  -3.186922
1.842488  -3.244025
1.874400  -3.243655
1.859410  -3.215464
1.888982  -3.271356
1.871651  -3.299425
1.825157  -3.272095
1.839739  -3.299795
1.857070  -3.271725
1.899178  -3.296728
1.450002  -2.495148
1.433557  -2.523442
1.467349  -2.523401
1.365679  -2.466516
1.316905  -2.380358
1.268146  -2.293672
1.284399  -2.322567
1.300652  -2.351463
1.350691  -2.323309
1.333798  -2.351833
1.301292  -2.294043
1.334439  -2.294414
1.317545  -2.322938
1.399269  -2.466629
1.432858  -2.466742
1.399457  -2.409808
1.382568  -2.438162
1.333163  -2.409077
1.349421  -2.437796
1.350052  -2.380723
1.383198  -2.381088
1.366310  -2.409442
1.416157  -2.438275
1.382823  -2.494922
1.399967  -2.523329
1.416413  -2.495035
1.366945  -2.352198
1.301924  -2.236634
1.219396  -2.206983
1.170655  -2.120240
1.121942  -2.033695
1.072898  -1.944230
1.105594  -2.003873
1.089246  -1.974052
1.139100  -1.946397
1.105999  -1.945314
1.155448  -1.976219
1.138695  -2.004957
1.122347  -1.975135
1.285035  -2.265153
1.235646  -2.235880
1.251896  -2.264776
1.252535  -2.207360
1.285674  -2.207737
1.236282  -2.178469
1.253169  -2.149954
1.203788  -2.120640
1.187540  -2.091758
1.204426  -2.063276
1.236922  -2.121040
1.220674  -2.092158
1.318181  -2.265524
1.269421  -2.178846
1.268785  -2.236257
1.186902  -2.149154
1.203149  -2.178069
1.220035  -2.149554
1.188188  -2.034428
1.155065  -2.034061
1.154417  -2.091392
1.138179  -2.062543
1.171303  -2.062910
1.171818  -2.005324
1.106552  -1.886935
1.089725  -1.915583
1.122826  -1.916666
1.024051  -1.855796
1.090270  -1.857457
1.057161  -1.856627
1.058127  -1.798872
1.041089  -1.827334
1.074199  -1.828165
1.040333  -1.885274
1.056616  -1.914752
1.073443  -1.886105
0.975862  -1.768432
0.927116  -1.681909
0.992718  -1.739938
1.009574  -1.711443
0.960221  -1.682256
0.993326  -1.682602
0.943365  -1.710750
0.959613  -1.739591
0.976469  -1.711097
1.008963  -1.769092
1.042064  -1.769751
1.025819  -1.740597
0.991925  -1.797554
1.007988  -1.826675
1.025026  -1.798213
0.943943  -1.653435
0.960769  -1.624961
0.977047  -1.653782
0.878380  -1.595398
0.829656  -1.508900
0.780929  -1.422418
0.732155  -1.335960
0.683430  -1.249527
0.699672  -1.278338
0.715913  -1.307149
0.748977  -1.307496
0.765800  -1.279031
0.798315  -1.336649
0.764671  -1.393599
0.748413  -1.364779
0.765235  -1.336305
0.814573  -1.365468
0.797751  -1.393943
0.781493  -1.365124
0.911452  -1.595761
0.944524  -1.596124
0.895222  -1.566922
0.912064  -1.538445
0.862739  -1.509256
0.895822  -1.509612
0.863349  -1.451947
0.797171  -1.451245
0.813414  -1.480073
0.846503  -1.480424
0.847107  -1.423120
0.814018  -1.422769
0.830840  -1.394294
0.928294  -1.567285
0.894625  -1.624235
0.910871  -1.653072
0.927697  -1.624598
0.879586  -1.480780
0.845897  -1.537733
0.862139  -1.566566
0.878981  -1.538089
0.830260  -1.451596
0.782057  -1.307840
0.716494  -1.249874
0.749558  -1.250220
0.732736  -1.278685
0.700254  -1.221069
0.717079  -1.192611
0.650962  -1.191919
0.584231  -1.248490
0.535550  -1.162064
0.491112  -1.078155
0.508532  -1.050232
0.525952  -1.022309
0.554402  -1.077186
0.522757  -1.077671
0.540177  -1.049748
0.733318  -1.221416
0.667196  -1.220723
0.617297  -1.248836
0.650364  -1.249182
0.601063  -1.220032
0.568609  -1.162414
0.552383  -1.133609
0.520737  -1.134094
0.505925  -1.106125
0.569215  -1.105155
0.537570  -1.105640
0.684020  -1.192265
0.601669  -1.162764
0.585442  -1.133960
0.617896  -1.191573
0.568004  -1.219681
0.551777  -1.190872
0.584836  -1.191223
0.634130  -1.220377
0.481375  -1.053191
0.391712  -1.067030
0.315901  -1.011641
0.393045  -0.996713
0.392378  -1.031872
0.341171  -1.030104
0.366442  -1.048567
0.341838  -0.994946
0.367774  -0.978250
0.367108  -1.013409
0.471639  -1.028227
0.415109  -1.045774
0.438506  -1.024519
0.415775  -1.010616
0.498796  -1.025268
0.311894  -0.912618
0.339167  -0.928930
0.366439  -0.945243
0.339228  -0.894063
0.366562  -0.875508
0.366500  -0.910375
0.313230  -0.945626
0.314565  -0.978634
0.340502  -0.961938
0.457979  -1.074447
0.424845  -1.070738
0.448242  -1.049483
0.311894  0.912618
0.343028  0.933039
0.374162  0.953460
0.366562  0.875508
0.339228  0.894063
0.370362  0.914484
0.459798  1.070152
0.371370  1.080521
0.393987  1.009428
0.382679  1.044974
0.430322  1.073608
0.400846  1.077065
0.441631  1.038061
0.423463  1.005971
0.412155  1.041518
0.477150  1.042536
0.494503  1.014920
0.458983  1.010446
0.307171  1.011937
0.328571  1.034798
0.349970  1.057660
0.339879  0.999251
0.372588  0.986566
0.361279  1.022113
0.310320  0.945724
0.308746  0.978830
0.341454  0.966145
0.525730  1.071945
0.510002  1.158640
0.492764  1.071049
0.493267  1.129144
0.476533  1.099648
0.526233  1.130040
0.542465  1.101441
0.509499  1.100544
0.510117  1.043433
0.543063  1.158291
0.576124  1.157943
0.559294  1.129692
0.560497  1.244020
0.543665  1.215560
0.526834  1.187100
0.576726  1.215212
0.592956  1.186403
0.559895  1.186751
0.593599  1.243691
0.626701  1.243361
0.609828  1.214882
0.710574  1.328616
0.611058  1.329445
0.693650  1.300087
0.676726  1.271559
0.627306  1.300640
0.643554  1.271835
0.644230  1.329169
0.677402  1.328892
0.660478  1.300364
0.742946  1.270834
0.726760  1.299725
0.709836  1.271196
0.776755  1.327763
0.743664  1.328189
0.759850  1.299298
0.761166  1.413814
0.727438  1.357015
0.744302  1.385414
0.793619  1.356162
0.777392  1.384988
0.760528  1.356588
0.827351  1.413058
0.794258  1.413436
0.810485  1.384610
0.577350  1.272495
0.594204  1.300970
0.610452  1.272165
0.811678  1.499181
0.862080  1.584603
0.845280  1.556129
0.828479  1.527655
0.844749  1.498817
0.827934  1.470347
0.844189  1.441513
0.877820  1.498452
0.861005  1.469983
0.794841  1.470725
0.778003  1.442270
0.811096  1.441892
0.878351  1.555764
0.894621  1.526926
0.861550  1.527291
0.895075  1.584276
0.912548  1.670180
0.895725  1.641654
0.878903  1.613129
0.928069  1.583948
0.928720  1.641327
0.945543  1.669899
0.978538  1.669618
0.944892  1.612474
0.961715  1.641046
0.911345  1.555437
0.911897  1.612801
0.963249  1.755737
0.946349  1.727218
0.929448  1.698699
0.979344  1.726937
0.995439  1.698136
0.996330  1.755397
1.013967  1.841199
1.047042  1.840884
1.080117  1.840569
1.030142  1.812372
1.046318  1.783545
1.063217  1.812057
1.029412  1.755057
0.997061  1.812712
0.980155  1.784224
1.013236  1.783885
1.012425  1.726597
0.962443  1.698418
1.064568  1.926751
1.080776  1.897918
1.096984  1.869086
1.047701  1.898233
1.030834  1.869716
1.063909  1.869401
1.097662  1.926431
1.115186  2.012333
1.165805  2.097929
1.148315  2.011991
1.181444  2.011649
1.182061  2.069055
1.198317  2.040180
1.148932  2.069397
1.132059  2.040865
1.165188  2.040523
1.130757  1.926112
1.131407  1.983486
1.147629  1.954639
1.164537  1.983144
1.113870  1.897599
1.098313  1.983806
1.081441  1.955278
1.114535  1.954959
1.232095  2.097238
1.198950  2.097583
1.215206  2.068709
1.216430  2.183539
1.199555  2.155002
1.182680  2.126465
1.248971  2.125775
1.232700  2.154657
1.215825  2.126120
1.282737  2.182847
1.249583  2.183193
1.265854  2.154311
1.267059  2.269151
1.233306  2.212076
1.250182  2.240614
1.299613  2.211384
1.283336  2.240268
1.266460  2.211730
1.300212  2.268808
1.333366  2.268465
1.316490  2.239925
1.317709  2.354762
1.283942  2.297688
1.300826  2.326225
1.350250  2.297002
1.383985  2.354118
1.368459  2.440691
1.419712  2.527743
1.471146  2.615067
1.523417  2.699754
1.573956  2.791805
1.557109  2.761122
1.540263  2.730438
1.589252  2.702136
1.553856  2.640478
1.538637  2.670116
1.556335  2.700945
1.571554  2.671307
1.350847  2.354440
1.334626  2.383405
1.351543  2.412048
1.400901  2.382761
1.384680  2.411726
1.367764  2.383083
1.333980  2.325882
1.367117  2.325560
1.317096  2.297345
1.434645  2.439885
1.402628  2.498726
1.385543  2.469708
1.401552  2.440288
1.451730  2.468903
1.485633  2.525944
1.452672  2.526843
1.435721  2.498323
1.468681  2.497423
1.417773  2.411323
1.418636  2.469306
1.436856  2.556851
1.454001  2.585959
1.502778  2.555051
1.486962  2.585059
1.469817  2.555951
1.536433  2.612249
1.505993  2.671525
1.488570  2.643296
1.503789  2.613658
1.521213  2.641887
1.519605  2.583650
1.606099  2.732819
1.590027  2.762312
1.573181  2.731629
1.640383  2.792262
1.607170  2.792034
1.623241  2.762541
1.624743  2.879262
1.590885  2.820958
1.607814  2.850110
1.657313  2.821414
1.641028  2.850338
1.624099  2.821186
1.657945  2.878998
1.691147  2.878734
1.674230  2.850074
1.675457  2.965388
1.726141  3.051220
1.742456  3.022298
1.758772  2.993375
1.708667  2.965076
1.741877  2.964764
1.692352  2.993999
1.709246  3.022610
1.725562  2.993687
1.691754  2.936415
1.708051  2.907443
1.724964  2.936103
1.641648  2.907970
1.658552  2.936679
1.674850  2.907707
1.759355  3.050896
1.792569  3.050572
1.775670  3.021974
1.776816  3.137038
1.793138  3.108108
1.809460  3.079178
1.743032  3.079826
1.759924  3.108432
1.776246  3.079502
1.810037  3.136989
1.843258  3.136940
1.826359  3.108059
1.827231  3.223081
1.860117  3.223275
1.893003  3.223468
1.860062  3.165621
1.843647  3.194351
1.876533  3.194545
1.793621  3.165719
1.810426  3.194400
1.826842  3.165670
1.872872  3.310777
1.918403  3.407719
1.939976  3.311083
1.906424  3.310930
1.903226  3.375405
1.888049  3.343091
1.936778  3.375558
1.955153  3.343397
1.921601  3.343244
1.908216  3.252700
1.890544  3.281739
1.924096  3.281892
1.842444  3.252313
1.857658  3.281545
1.875330  3.252507
1.949281  3.400162
1.980159  3.392606
1.967656  3.368001
2.000000  3.464102
1.972801  3.445307
1.945602  3.426513
2.003679  3.437751
2.007358  3.411400
1.976480  3.418957
2.057161  3.430143
2.028580  3.447122
2.032259  3.420772
1.913016  -3.512886
1.911534  -3.479849
1.910052  -3.446812
1.942011  -3.496625
1.971005  -3.480363
1.940529  -3.463588
1.803661  -3.413917
1.820547  -3.385109
1.837434  -3.356302
1.873600  -3.413822
1.838631  -3.413869
1.855517  -3.385062
1.841399  -3.484088
1.816240  -3.437307
1.828820  -3.460698
1.886180  -3.437213
1.863790  -3.460651
1.851210  -3.437260
1.889144  -3.503287
1.865272  -3.493688
1.887662  -3.470250
1.759903  -3.330197
1.711114  -3.243410
1.776794  -3.301596
1.793685  -3.272995
1.744268  -3.243738
1.777422  -3.244066
1.727377  -3.272339
1.743640  -3.301268
1.760531  -3.272667
1.791375  -3.329296
1.822848  -3.328396
1.774489  -3.358103
1.789075  -3.386010
1.805961  -3.357203
1.808266  -3.300696
1.613352  -3.069760
1.662227  -3.156576
1.679140  -3.127998
1.696054  -3.099420
1.646557  -3.070121
1.679762  -3.070482
1.629644  -3.098699
1.645935  -3.127637
1.662849  -3.099059
1.630259  -3.041188
1.564483  -2.982961
1.581389  -2.954393
1.598295  -2.925826
1.597680  -2.983322
1.630877  -2.983683
1.614586  -2.954754
1.647167  -3.012616
1.580773  -3.011894
1.597062  -3.040827
1.613970  -3.012255
1.663464  -3.041549
1.695437  -3.156937
1.728647  -3.157299
1.712351  -3.128360
1.515627  -2.896176
1.466782  -2.809401
1.417965  -2.722651
1.434582  -2.694116
1.451200  -2.665581
1.484320  -2.723364
1.451142  -2.723007
1.467760  -2.694472
1.548819  -2.896537
1.582010  -2.896898
1.532534  -2.867612
1.499971  -2.809761
1.483687  -2.780841
1.450510  -2.780484
1.434237  -2.751568
1.500592  -2.752280
1.467415  -2.751924
1.549442  -2.839047
1.533160  -2.810122
1.516876  -2.781201
1.565726  -2.867972
1.531913  -2.925105
1.548198  -2.954033
1.565104  -2.925465
1.728029  -3.214827
1.744943  -3.186244
1.761182  -3.215155
1.678523  -3.185521
1.694818  -3.214466
1.711733  -3.185882
1.499346  -2.867251
1.483064  -2.838326
1.516253  -2.838687
1.367477  -2.636977
1.401135  -2.694093
1.384306  -2.665535
1.434371  -2.637023
1.400924  -2.637000
1.417753  -2.665558
1.384022  -2.608563
1.400566  -2.580149
1.417468  -2.608586
1.316760  -2.551408
1.266219  -2.465849
1.217477  -2.379212
1.283762  -2.379976
1.250620  -2.379594
1.251256  -2.322186
1.234367  -2.350699
1.267509  -2.351081
1.350211  -2.551517
1.383661  -2.551626
1.349373  -2.494813
1.283066  -2.494369
1.299913  -2.522888
1.333067  -2.523111
1.332526  -2.466294
1.299372  -2.466072
1.300009  -2.408855
1.249972  -2.436970
1.233725  -2.408091
1.283114  -2.437352
1.266867  -2.408473
1.366517  -2.523220
1.333666  -2.579931
1.350571  -2.608454
1.367116  -2.580040
1.316268  -2.437574
1.316219  -2.494591
1.168729  -2.292504
1.201228  -2.350309
1.184979  -2.321407
1.235007  -2.293283
1.201868  -2.292893
1.218118  -2.321796
1.202507  -2.235490
1.119987  -2.205707
1.071257  -2.118741
1.022182  -2.029269
1.054899  -2.088917
1.038541  -2.059093
1.055436  -2.030745
1.088689  -2.032220
1.088152  -2.090392
1.105047  -2.062043
1.071794  -2.060568
1.185618  -2.263997
1.136234  -2.234639
1.152482  -2.263571
1.153123  -2.206132
1.186259  -2.206558
1.136876  -2.177218
1.104390  -2.119240
1.137522  -2.119740
1.121285  -2.090892
1.218757  -2.264386
1.153766  -2.148729
1.103743  -2.176718
1.087500  -2.147729
1.120633  -2.148229
1.170012  -2.177643
1.169371  -2.235065
1.039088  -2.000923
1.055993  -1.972577
1.072341  -2.002398
0.973630  -1.940851
0.925290  -1.853916
0.876553  -1.767374
0.827828  -1.680848
0.844070  -1.709690
0.860312  -1.738532
0.910262  -1.710397
0.893407  -1.738886
0.860924  -1.681202
0.894020  -1.681556
0.877166  -1.710044
1.006719  -1.941977
1.039808  -1.943104
0.990437  -1.912499
1.007244  -1.884148
0.958210  -1.854543
0.991131  -1.855169
0.941403  -1.882894
0.957516  -1.911872
0.974324  -1.883521
1.023526  -1.913626
0.989814  -1.970324
1.005998  -1.999797
1.022903  -1.971450
0.959005  -1.796927
0.942147  -1.825421
0.892799  -1.796221
0.909044  -1.825068
0.909656  -1.767727
0.942759  -1.768079
0.925902  -1.796574
0.975068  -1.826048
0.926510  -1.739238
0.861529  -1.623882
0.779112  -1.594337
0.730399  -1.507844
0.681687  -1.421363
0.632944  -1.334922
0.699085  -1.335614
0.666014  -1.335268
0.665439  -1.392550
0.649192  -1.363736
0.698510  -1.392895
0.715332  -1.364428
0.682262  -1.364082
0.844679  -1.652365
0.795351  -1.623174
0.811590  -1.652011
0.812202  -1.594691
0.845291  -1.595044
0.828440  -1.623528
0.877775  -1.652719
0.812808  -1.537379
0.746637  -1.536675
0.762875  -1.565506
0.795960  -1.565858
0.796570  -1.508548
0.763485  -1.508196
0.764086  -1.450893
0.714162  -1.479017
0.697924  -1.450190
0.747848  -1.422066
0.714768  -1.421715
0.747242  -1.479368
0.731005  -1.450542
0.829049  -1.566212
0.780328  -1.479721
0.779722  -1.537027
0.731590  -1.393247
0.666602  -1.277992
0.649773  -1.306457
0.682843  -1.306803
0.600469  -1.277301
0.533727  -1.333871
0.485042  -1.247435
0.437849  -1.162118
0.340114  -1.163064
0.372693  -1.162748
0.405271  -1.162433
0.422470  -1.130422
0.407091  -1.098726
0.357313  -1.131053
0.374513  -1.099041
0.389892  -1.130737
0.616706  -1.306112
0.566800  -1.334221
0.599872  -1.334572
0.550562  -1.305411
0.518105  -1.247787
0.501878  -1.218978
0.518714  -1.190521
0.551168  -1.248139
0.534941  -1.219330
0.633535  -1.277647
0.567397  -1.276950
0.517499  -1.305059
0.501271  -1.276247
0.534334  -1.276599
0.583634  -1.305761
0.502983  -1.162082
0.470416  -1.162100
0.469311  -1.218996
0.453580  -1.190557
0.486147  -1.190539
0.473358  -1.106143
0.455603  -1.134130
0.488170  -1.134112
0.440224  -1.102434
0.301505  -1.090929
0.327244  -1.139019
0.314375  -1.114974
0.361643  -1.074996
0.331574  -1.082963
0.344444  -1.107008
0.311102  -1.038071
0.226973  -1.062570
0.228141  -0.965599
0.286258  -1.028618
0.256616  -1.045594
0.227752  -0.997923
0.227363  -1.030247
0.257394  -0.980947
0.286647  -0.996294
0.257005  -1.013270
0.306303  -1.064500
0.251817  -1.072023
0.276661  -1.081476
0.281460  -1.055047
0.336373  -1.056534
0.256059  -0.947939
0.283976  -0.930279
0.285312  -0.963286
0.228141  0.965599
0.221150  1.059706
0.225811  0.996968
0.223480  1.028337
0.278497  1.027860
0.249824  1.043783
0.254484  0.981045
0.280828  0.996491
0.283976  0.930279
0.256059  0.947939
0.282402  0.963385
0.411675  1.159956
0.319921  1.164137
0.287578  1.095233
0.243293  1.071548
0.265436  1.083390
0.300640  1.039702
0.294109  1.067467
0.271966  1.055625
0.443757  1.100087
0.427716  1.130022
0.477226  1.159079
0.461308  1.245063
0.444763  1.216694
0.428219  1.188325
0.444451  1.159517
0.477539  1.216255
0.493770  1.187447
0.494371  1.244715
0.527434  1.244368
0.510602  1.215908
0.460492  1.129583
0.398240  1.133478
0.384805  1.107000
0.337070  1.136265
0.354220  1.108393
0.350505  1.162743
0.381090  1.161350
0.367655  1.134871
0.414281  1.103543
0.343439  1.085425
0.315509  1.090329
0.309140  1.141169
0.298359  1.118201
0.326290  1.113297
0.322040  1.062564
0.252154  1.012414
0.460995  1.187886
0.511803  1.330445
0.528034  1.301637
0.544266  1.272829
0.478139  1.273523
0.494971  1.301984
0.511203  1.273176
0.544888  1.330112
0.577973  1.329778
0.561119  1.301303
0.661688  1.414830
0.712337  1.500229
0.694847  1.414491
0.728006  1.414153
0.728613  1.471424
0.744889  1.442619
0.695454  1.471763
0.678571  1.443297
0.711730  1.442958
0.694278  1.357354
0.677983  1.386092
0.711142  1.385753
0.627934  1.357907
0.644811  1.386369
0.661106  1.357630
0.562364  1.415844
0.528657  1.358911
0.545510  1.387378
0.594826  1.358245
0.578595  1.387045
0.561742  1.358578
0.595472  1.415506
0.628580  1.415168
0.611703  1.386707
0.778564  1.499531
0.762885  1.585677
0.746035  1.557195
0.729186  1.528712
0.745450  1.499880
0.779149  1.556845
0.795414  1.528013
0.829015  1.584961
0.795950  1.585319
0.812214  1.556487
0.761727  1.471075
0.762300  1.528363
0.813420  1.671183
0.864000  1.756705
0.879505  1.670515
0.846463  1.670849
0.847140  1.728198
0.830280  1.699691
0.880183  1.727864
0.896365  1.699022
0.863323  1.699356
0.796575  1.642681
0.779730  1.614179
0.829640  1.642323
0.845860  1.613463
0.812795  1.613821
0.862683  1.641989
0.930166  1.756060
0.914589  1.842233
0.897083  1.756383
0.897726  1.813724
0.880863  1.785215
0.930809  1.813401
0.947029  1.784569
0.913946  1.784892
0.913266  1.727541
0.980841  1.841544
0.947715  1.841888
0.963935  1.813056
0.965169  1.927786
0.948309  1.899268
0.931449  1.870751
0.981435  1.898924
0.997701  1.870062
0.964575  1.870406
1.031435  1.927096
0.998302  1.927441
1.014568  1.898579
1.015761  2.013364
0.998897  1.984838
0.982033  1.956312
1.032030  1.984493
1.048299  1.955622
1.015166  1.955967
1.082044  2.012677
1.048903  2.013020
1.065172  1.984149
1.066363  2.098962
1.049496  2.070429
1.032629  2.041897
1.082637  2.070086
1.098912  2.041210
1.065770  2.041553
1.132658  2.098273
1.099511  2.098617
1.115785  2.069741
1.116975  2.184569
1.100105  2.156033
1.083234  2.127498
1.149528  2.126809
1.133252  2.155689
1.116381  2.127153
1.183278  2.183882
1.150127  2.184226
1.166403  2.155346
1.167597  2.270169
1.133849  2.213102
1.150723  2.241636
1.200152  2.212415
1.183874  2.241292
1.167001  2.212759
1.233905  2.269490
1.200751  2.269830
1.217028  2.240953
1.218258  2.355800
1.268965  2.441408
1.252063  2.412872
1.235160  2.384336
1.251408  2.355454
1.284559  2.355108
1.285213  2.412526
1.301461  2.383644
1.268311  2.383990
1.184484  2.298712
1.201371  2.327256
1.250792  2.298034
1.234525  2.326917
1.217638  2.298373
1.267675  2.326571
1.302130  2.441169
1.335295  2.440930
1.318378  2.412287
1.319655  2.527387
1.372356  2.619723
1.354789  2.588944
1.337222  2.558166
1.386359  2.527625
1.353007  2.527506
1.403926  2.558403
1.388141  2.589063
1.370574  2.558285
1.352191  2.469590
1.335923  2.498488
1.369275  2.498607
1.285862  2.470068
1.302758  2.498728
1.319027  2.469829
1.405286  2.618171
1.423722  2.707296
1.439530  2.676553
1.455338  2.645810
1.456953  2.704782
1.490185  2.702268
1.472761  2.674039
1.438216  2.616619
1.406600  2.678105
1.389478  2.648914
1.422408  2.647362
1.421071  2.587511
1.474501  2.793082
1.490806  2.761973
1.507112  2.730864
1.540804  2.792231
1.507653  2.792657
1.523958  2.761547
1.457574  2.764487
1.440648  2.735891
1.473880  2.733377
1.525159  2.880244
1.508273  2.851190
1.491387  2.822136
1.557690  2.821285
1.541424  2.850764
1.524539  2.821710
1.591549  2.879589
1.558354  2.879916
1.574619  2.850437
1.575837  2.966297
1.542052  2.908928
1.558944  2.937613
1.608441  2.908273
1.592139  2.937285
1.575247  2.908601
1.609044  2.965994
1.642250  2.965691
1.625346  2.936982
1.626506  3.052191
1.677172  3.138015
1.643394  3.080799
1.660283  3.109407
1.709818  3.080152
1.710387  3.137690
1.743601  3.137364
1.693495  3.109084
1.726709  3.108758
1.659140  2.994322
1.642823  3.023256
1.592727  2.994928
1.609616  3.023559
1.625933  2.994625
1.659717  3.051867
1.692929  3.051544
1.676035  3.022933
1.676606  3.080475
1.727563  3.222851
1.693969  3.166294
1.710766  3.194573
1.760398  3.165643
1.794008  3.223004
1.760786  3.222928
1.743981  3.194247
1.777203  3.194324
1.727184  3.165968
1.774873  3.307608
1.743333  3.251104
1.759103  3.279356
1.809778  3.251256
1.840206  3.309721
1.813778  3.393924
1.836872  3.475532
1.821476  3.421127
1.829174  3.448330
1.891226  3.430323
1.864049  3.452928
1.883528  3.403121
1.853174  3.338493
1.833476  3.366209
1.848653  3.398523
1.868351  3.370807
1.807540  3.308664
1.800810  3.365152
1.787842  3.336380
1.820508  3.337436
1.792326  3.279432
1.824992  3.280488
1.776556  3.251180
1.913016  3.512886
1.914812  3.477831
1.916607  3.442775
1.971005  3.480363
1.942011  3.496625
1.943806  3.461569
1.856351  3.425725
1.887635  3.500435
1.862254  3.487984
1.889430  3.465379
1.824843  -3.559487
1.746529  -3.500605
1.709230  -3.416032
1.784617  -3.442813
1.765573  -3.471709
1.721663  -3.444223
1.734096  -3.472414
1.740707  -3.415327
1.772184  -3.414622
1.753140  -3.443518
1.830362  -3.534354
1.778152  -3.495099
1.809776  -3.489594
1.797196  -3.466203
1.835880  -3.509221
1.798738  -3.539860
1.772633  -3.520232
1.804257  -3.514727
1.854234  -3.543954
1.883625  -3.528420
1.859753  -3.518821
1.743012  -3.358809
1.660346  -3.329169
1.611470  -3.242320
1.627762  -3.271269
1.644054  -3.300219
1.694191  -3.271997
1.677269  -3.300583
1.644685  -3.242683
1.677900  -3.243047
1.660977  -3.271633
1.726121  -3.387420
1.676641  -3.358123
1.692935  -3.387078
1.693531  -3.329511
1.726717  -3.329854
1.709826  -3.358466
1.757598  -3.386715
1.710454  -3.300925
1.645308  -3.185157
1.562604  -3.155485
1.513748  -3.068670
1.530034  -3.097608
1.546319  -3.126547
1.596436  -3.098335
1.579520  -3.126910
1.546950  -3.069033
1.580151  -3.069397
1.547572  -3.011531
1.464902  -2.981872
1.416057  -2.895091
1.367222  -2.808322
1.318383  -2.722180
1.350943  -2.779608
1.334663  -2.750894
1.384771  -2.722494
1.351577  -2.722337
1.401051  -2.751208
1.384136  -2.779765
1.367857  -2.751051
1.628389  -3.213739
1.578893  -3.184430
1.595181  -3.213375
1.595811  -3.155849
1.629019  -3.156212
1.612100  -3.184794
1.661604  -3.214102
1.530660  -3.040100
1.481184  -3.010804
1.497466  -3.039737
1.498096  -2.982235
1.531289  -2.982598
1.481810  -2.953307
1.498719  -2.924742
1.449247  -2.895453
1.432965  -2.866528
1.433596  -2.809041
1.400409  -2.808682
1.399779  -2.866168
1.383501  -2.837245
1.449874  -2.837965
1.416687  -2.837605
1.563861  -3.040464
1.563235  -3.097972
1.612728  -3.127274
1.515004  -2.953670
1.514378  -3.011168
1.482437  -2.895815
1.466156  -2.866890
1.432339  -2.924018
1.448620  -2.952945
1.465529  -2.924380
1.417323  -2.780125
1.334748  -2.693779
1.351112  -2.665378
1.367942  -2.693936
1.268395  -2.636841
1.217555  -2.550739
1.283692  -2.551185
1.250623  -2.550962
1.249998  -2.494146
1.233776  -2.522442
1.266845  -2.522665
1.334449  -2.636932
1.301422  -2.636886
1.301721  -2.693734
1.285058  -2.665287
1.318085  -2.665333
1.300639  -2.579886
1.234502  -2.579439
1.251448  -2.608140
1.284517  -2.608363
1.267570  -2.579663
1.317544  -2.608409
1.167147  -2.464048
1.200752  -2.521842
1.183950  -2.492945
1.233195  -2.465249
1.200171  -2.464649
1.216974  -2.493546
1.200701  -2.407491
1.118068  -2.377960
1.151842  -2.320989
1.134955  -2.349475
1.184341  -2.378795
1.151205  -2.378378
1.168092  -2.349892
1.183924  -2.435770
1.134428  -2.406656
1.150787  -2.435352
1.167564  -2.407074
1.216948  -2.436370
1.069322  -2.291265
1.020593  -2.203779
0.971880  -2.114177
1.004356  -2.173911
0.988118  -2.144044
1.038132  -2.117219
1.005415  -2.057572
0.988648  -2.085874
1.005006  -2.115698
1.021773  -2.087396
1.102458  -2.291678
1.135593  -2.292091
1.086210  -2.262746
1.103098  -2.234226
1.053724  -2.204421
1.037481  -2.175433
1.054369  -2.147087
1.021244  -2.145565
1.119346  -2.263159
1.085570  -2.320164
1.101819  -2.349062
1.118706  -2.320576
1.086855  -2.205064
1.070612  -2.176075
1.036836  -2.232941
1.053079  -2.262103
1.069967  -2.233583
0.923384  -2.026528
0.874646  -1.940334
0.890892  -1.969065
0.907138  -1.997796
0.956881  -1.969410
0.940132  -1.997969
0.907640  -1.940506
0.940635  -1.940678
0.923886  -1.969237
0.939549  -2.055744
0.955715  -2.084961
0.956317  -2.027442
0.989250  -2.028356
0.972482  -2.056658
0.973065  -1.998883
0.908408  -1.882722
0.825986  -1.852845
0.777269  -1.766294
0.843458  -1.767014
0.810363  -1.766654
0.810975  -1.709330
0.794122  -1.737812
0.827217  -1.738172
0.891527  -1.911528
0.842206  -1.882008
0.858426  -1.911171
0.892189  -1.853559
0.859087  -1.853202
0.859697  -1.795864
0.809747  -1.823995
0.793508  -1.795144
0.842842  -1.824355
0.826603  -1.795504
0.924522  -1.911700
0.875943  -1.824711
0.875307  -1.882365
0.728560  -1.679766
0.761032  -1.737451
0.744796  -1.708609
0.794739  -1.680488
0.761649  -1.680127
0.777886  -1.708969
0.762261  -1.622813
0.679851  -1.593274
0.631144  -1.506789
0.582433  -1.420323
0.615518  -1.420669
0.648603  -1.421016
0.647992  -1.478314
0.664839  -1.449838
0.614907  -1.477967
0.598670  -1.449145
0.631755  -1.449492
0.745411  -1.651290
0.696087  -1.622104
0.712323  -1.650935
0.746025  -1.593982
0.712938  -1.593628
0.713550  -1.536320
0.663615  -1.564446
0.647379  -1.535617
0.697314  -1.507492
0.664229  -1.507141
0.681077  -1.478665
0.778500  -1.651650
0.696700  -1.564797
0.680465  -1.535969
0.729787  -1.565151
0.729174  -1.622459
0.599270  -1.391856
0.616107  -1.363389
0.632355  -1.392203
0.566198  -1.391505
0.483202  -1.419264
0.434525  -1.332810
0.385855  -1.246381
0.403187  -1.218293
0.420518  -1.190205
0.370608  -1.218609
0.355361  -1.190836
0.387940  -1.190521
0.549963  -1.362688
0.500044  -1.390800
0.500660  -1.333517
0.467593  -1.333164
0.466976  -1.390446
0.450751  -1.361628
0.516886  -1.362335
0.483818  -1.361982
0.583035  -1.363038
0.451364  -1.304352
0.451980  -1.247084
0.418917  -1.246733
0.436249  -1.218645
0.468203  -1.275893
0.418302  -1.304001
0.402078  -1.275191
0.435141  -1.275542
0.484432  -1.304705
0.549356  -1.419970
0.516279  -1.419617
0.533121  -1.391152
0.289617  -1.247066
0.233790  -1.163557
0.140666  -1.112546
0.202748  -1.146553
0.171707  -1.129550
0.169435  -1.095887
0.198204  -1.079229
0.231518  -1.129895
0.229245  -1.096233
0.200476  -1.112891
0.304673  -1.163228
0.269231  -1.163393
0.271008  -1.219230
0.252399  -1.191393
0.306449  -1.219065
0.323282  -1.191065
0.287840  -1.191229
0.353776  -1.246610
0.321696  -1.246838
0.338529  -1.218837
0.256361  -1.139348
0.278933  -1.115139
0.291803  -1.139183
0.254089  -1.105686
0.142345  -1.015212
0.170555  -1.030998
0.198764  -1.046784
0.141786  -1.047657
0.141226  -1.080101
0.169995  -1.063443
0.170944  -0.998674
0.199542  -0.982137
0.199153  -1.014461
0.142345  1.015212
0.134081  1.107872
0.192127  1.075761
0.163104  1.091817
0.139591  1.046099
0.136836  1.076985
0.168614  1.030043
0.194882  1.044875
0.165859  1.060930
0.199542  0.982137
0.170944  0.998674
0.197212  1.013506
0.218279  1.159863
0.190213  1.142533
0.162147  1.125202
0.219236  1.126477
0.220193  1.093092
0.191170  1.109147
0.241379  1.138320
0.264478  1.116776
0.242336  1.104934
0.362118  1.246108
0.378637  1.217391
0.395156  1.188674
0.348052  1.218784
0.333986  1.191461
0.364571  1.190067
0.395181  1.245760
0.428244  1.245411
0.411700  1.217042
0.286040  1.162712
0.252159  1.161288
0.275259  1.139744
0.262931  1.247153
0.248047  1.218056
0.233163  1.188960
0.281928  1.219481
0.300924  1.191809
0.267043  1.190384
0.295993  1.246805
0.329056  1.246456
0.314990  1.219133
0.412606  1.331487
0.428840  1.302679
0.445074  1.273871
0.378947  1.274568
0.395777  1.303027
0.412011  1.274219
0.445672  1.331140
0.478738  1.330792
0.461906  1.302332
0.463109  1.416885
0.513712  1.502303
0.496844  1.473830
0.479977  1.445357
0.496194  1.416538
0.529279  1.416191
0.529929  1.473484
0.613071  1.501250
0.629277  1.472443
0.645483  1.443637
0.646160  1.500910
0.679248  1.500570
0.662365  1.472103
0.495572  1.359258
0.479340  1.388071
0.429440  1.359953
0.446275  1.388419
0.462506  1.359605
0.512425  1.387725
0.596169  1.472781
0.579267  1.444313
0.546147  1.444664
0.546832  1.501952
0.579952  1.501601
0.563049  1.473132
0.612375  1.443975
0.663610  1.586712
0.679852  1.557884
0.696094  1.529057
0.646764  1.558224
0.629918  1.529737
0.663006  1.529397
0.729793  1.586022
0.696701  1.586367
0.712944  1.557540
0.513062  1.445011
0.714139  1.672197
0.697296  1.643702
0.680453  1.615207
0.746636  1.614517
0.730388  1.643357
0.713545  1.614862
0.780326  1.671521
0.747233  1.671859
0.763481  1.643019
0.764686  1.757694
0.815224  1.843252
0.798378  1.814733
0.781532  1.786213
0.830895  1.757035
0.797790  1.757364
0.847741  1.785554
0.831483  1.814403
0.814636  1.785884
0.797175  1.700020
0.780930  1.728857
0.814035  1.728527
0.730988  1.700696
0.747837  1.729195
0.764082  1.700358
0.881467  1.842573
0.848345  1.842912
0.864604  1.814064
0.865789  1.928806
0.898322  1.871091
0.882056  1.899948
0.932043  1.928126
0.898916  1.928466
0.915182  1.899608
0.848934  1.900288
0.832079  1.871770
0.865201  1.871430
0.916356  2.014389
0.966934  2.099982
0.950075  2.071451
0.933216  2.042920
0.982626  2.013706
0.949491  2.014047
0.999486  2.042237
0.983210  2.071110
0.966351  2.042578
0.948898  1.956654
0.932627  1.985521
0.965762  1.985180
0.882645  1.957333
0.899501  1.985861
0.915772  1.956994
1.033220  2.099302
1.017532  2.185598
1.000666  2.157059
0.983800  2.128521
1.000077  2.099642
1.050086  2.127840
1.033809  2.156719
1.016943  2.128181
1.016353  2.070769
1.083828  2.184912
1.050680  2.185255
1.066957  2.156376
1.068145  2.271207
1.034403  2.214134
1.051274  2.242670
1.100699  2.213448
1.084422  2.242328
1.067551  2.213791
1.101295  2.270861
1.134446  2.270515
1.117572  2.241982
1.118780  2.356839
1.169455  2.442522
1.220126  2.528398
1.203236  2.499773
1.186345  2.471148
1.202625  2.442151
1.235795  2.441780
1.236406  2.499402
1.252685  2.470405
1.219515  2.470776
1.151324  2.299059
1.135052  2.327949
1.085023  2.299751
1.101901  2.328295
1.118174  2.299405
1.151939  2.356493
1.185099  2.356146
1.185722  2.413615
1.201990  2.384707
1.218893  2.413244
1.168211  2.327603
1.152563  2.413961
1.135671  2.385400
1.168831  2.385054
1.253302  2.528061
1.270806  2.613752
1.287089  2.584964
1.303372  2.556176
1.304656  2.615742
1.338506  2.617733
1.320939  2.586954
1.286479  2.527724
1.237019  2.556850
1.253912  2.585301
1.270196  2.556513
1.269582  2.499065
1.324333  2.710139
1.340341  2.680000
1.356348  2.649862
1.288648  2.645881
1.306491  2.678010
1.322498  2.647871
1.390592  2.708244
1.357463  2.709191
1.373470  2.679053
1.374952  2.795523
1.358079  2.767062
1.341206  2.738600
1.391208  2.766114
1.407465  2.736705
1.374336  2.737653
1.441318  2.793896
1.408135  2.794709
1.424391  2.765300
1.425590  2.881270
1.408711  2.852688
1.391831  2.824105
1.458197  2.822478
1.441894  2.851874
1.425014  2.823292
1.491969  2.880586
1.458780  2.880928
1.475083  2.851532
1.476243  2.967245
1.442475  2.909929
1.459359  2.938587
1.508854  2.909244
1.492548  2.938245
1.475664  2.909586
1.542639  2.966613
1.509441  2.966929
1.525746  2.937929
1.526897  3.053131
1.493128  2.995874
1.510012  3.024502
1.559524  2.995242
1.543210  3.024186
1.526326  2.995558
1.593303  3.052504
1.577545  3.138985
1.628202  3.224808
1.594431  3.167593
1.611317  3.196201
1.660849  3.166946
1.644525  3.195877
1.643963  3.138339
1.610754  3.138662
1.610186  3.081122
1.593865  3.110054
1.627074  3.109730
1.560100  3.052817
1.560662  3.110367
1.543780  3.081749
1.576983  3.081435
1.576413  3.023873
1.627640  3.167270
1.661323  3.224156
1.694443  3.223504
1.677646  3.195225
1.677557  3.309126
1.644654  3.252914
1.661106  3.281020
1.694226  3.280368
1.710895  3.251609
1.677774  3.252262
1.709996  3.308620
1.719318  3.393863
1.751581  3.491641
1.740826  3.459048
1.730072  3.426455
1.782292  3.393904
1.750805  3.393883
1.793046  3.426496
1.772313  3.459069
1.761559  3.426476
1.742435  3.308114
1.756355  3.336359
1.737836  3.365111
1.691477  3.337371
1.705398  3.365617
1.723916  3.336865
1.726665  3.279862
1.769323  3.365132
1.780011  3.486271
1.808442  3.480902
1.800744  3.453699
1.824843  3.559487
1.800422  3.536872
1.776001  3.514256
1.828853  3.531502
1.832862  3.503517
1.804432  3.508887
1.883625  3.528420
1.854234  3.543954
1.858244  3.515969
1.735535  -3.603875
1.651525  -3.553739
1.707532  -3.587163
1.679528  -3.570451
1.683193  -3.536028
1.714861  -3.518316
1.739200  -3.569452
1.742864  -3.535028
1.711196  -3.552740
1.765304  -3.589079
1.795073  -3.574283
1.768969  -3.554656
1.658777  -3.471703
1.653942  -3.526394
1.656360  -3.499048
1.717278  -3.490971
1.688028  -3.481337
1.685610  -3.508682
1.692413  -3.434589
1.675595  -3.453146
1.704845  -3.462780
1.609650  -3.409843
1.560702  -3.328064
1.627131  -3.328800
1.593916  -3.328432
1.594547  -3.270901
1.577624  -3.299483
1.610839  -3.299851
1.676037  -3.413969
1.642844  -3.411906
1.643447  -3.356060
1.577018  -3.355324
1.593334  -3.382584
1.626549  -3.382952
1.610232  -3.355692
1.659742  -3.385015
1.626026  -3.430463
1.642402  -3.451083
1.659219  -3.432526
1.511862  -3.241205
1.463002  -3.154380
1.529403  -3.155117
1.496203  -3.154748
1.496833  -3.097240
1.479917  -3.125810
1.513118  -3.126178
1.544422  -3.299111
1.528142  -3.270158
1.578268  -3.241948
1.545065  -3.241577
1.561345  -3.270530
1.545690  -3.184058
1.479289  -3.183322
1.495575  -3.212263
1.528776  -3.212632
1.512489  -3.183690
1.561979  -3.213003
1.414168  -3.067552
1.446724  -3.125437
1.430446  -3.096494
1.480555  -3.068297
1.447362  -3.067924
1.463640  -3.096867
1.447991  -3.010432
1.431079  -3.038992
1.464273  -3.039364
1.365328  -2.980782
1.316488  -2.894012
1.267648  -2.807366
1.218786  -2.720824
1.301472  -2.750575
1.284560  -2.778971
1.235073  -2.749672
1.251361  -2.778519
1.251985  -2.721276
1.285184  -2.721728
1.268272  -2.750123
1.398519  -2.981145
1.431711  -2.981509
1.382237  -2.952218
1.399147  -2.923655
1.349678  -2.894372
1.333399  -2.865448
1.334031  -2.808004
1.300840  -2.807685
1.317751  -2.779289
1.415429  -2.952582
1.381608  -3.009705
1.397888  -3.038628
1.414799  -3.010068
1.350311  -2.836885
1.300208  -2.865130
1.283928  -2.836248
1.317119  -2.836567
1.382867  -2.894732
1.366589  -2.865808
1.332768  -2.922935
1.349048  -2.951858
1.365957  -2.923295
1.235322  -2.692830
1.251859  -2.664836
1.268521  -2.693282
1.168900  -2.635993
1.117808  -2.549727
1.134839  -2.578483
1.151869  -2.607238
1.201337  -2.579157
1.185118  -2.607575
1.184306  -2.550402
1.151057  -2.550065
1.168088  -2.578820
1.202065  -2.636276
1.235230  -2.636558
1.218283  -2.607858
1.202157  -2.692547
1.185529  -2.664270
1.218694  -2.664553
1.150701  -2.492608
1.134255  -2.521168
1.167503  -2.521505
1.067404  -2.463145
1.018657  -2.376861
1.051155  -2.434384
1.034906  -2.405622
1.051794  -2.377227
1.084931  -2.377594
1.084292  -2.434750
1.100652  -2.463446
1.133899  -2.463747
1.101180  -2.406355
1.117540  -2.435051
1.084206  -2.492006
1.101007  -2.520867
1.117453  -2.492307
1.068043  -2.405989
1.052433  -2.319797
0.969919  -2.290326
0.921194  -2.202818
0.938089  -2.173271
0.954985  -2.143724
0.954327  -2.203138
0.987460  -2.203458
0.971222  -2.173591
1.035545  -2.348329
0.986165  -2.319171
1.002411  -2.348016
1.003053  -2.290639
1.036187  -2.290952
0.986811  -2.261477
1.003702  -2.232628
0.953678  -2.261157
0.937436  -2.231987
0.970569  -2.232307
1.068682  -2.348695
1.019945  -2.261790
1.019299  -2.319484
0.872449  -2.117068
0.823848  -2.028687
0.775346  -1.939349
0.791513  -1.969128
0.807681  -1.998908
0.857713  -1.969785
0.840780  -1.999236
0.841546  -1.940005
0.808446  -1.939677
0.824613  -1.969457
0.905593  -2.116104
0.938737  -2.115141
0.889428  -2.086888
0.890205  -2.027248
0.857027  -2.027967
0.856249  -2.087608
0.840048  -2.058148
0.906406  -2.056708
0.873227  -2.057428
0.922571  -2.085924
0.904946  -2.174235
0.888698  -2.145651
0.921841  -2.144688
0.873959  -1.998516
0.809106  -1.881680
0.792226  -1.910514
0.825326  -1.910842
0.726706  -1.851896
0.678006  -1.765178
0.694239  -1.794084
0.710473  -1.822990
0.760414  -1.794828
0.743560  -1.823362
0.744181  -1.765922
0.711093  -1.765550
0.727327  -1.794456
0.759133  -1.910198
0.742919  -1.881047
0.792893  -1.852528
0.759800  -1.852212
0.776013  -1.881363
0.776654  -1.823678
0.711708  -1.708237
0.694857  -1.736707
0.727945  -1.737079
0.629302  -1.678689
0.580599  -1.592209
0.531905  -1.505729
0.515670  -1.476908
0.499436  -1.448086
0.548748  -1.477260
0.565590  -1.448791
0.532513  -1.448439
0.662388  -1.679048
0.695474  -1.679407
0.663001  -1.621745
0.596834  -1.621036
0.613068  -1.649862
0.646152  -1.650217
0.646767  -1.592919
0.614296  -1.535263
0.564368  -1.563383
0.548136  -1.534556
0.598064  -1.506436
0.564984  -1.506082
0.581827  -1.477614
0.679238  -1.650576
0.645537  -1.707518
0.661771  -1.736348
0.678622  -1.707877
0.597448  -1.563736
0.581216  -1.534909
0.613683  -1.592564
0.630531  -1.564091
0.629917  -1.621391
0.384131  -1.418256
0.432697  -1.504648
0.400320  -1.447053
0.416509  -1.475850
0.466367  -1.447725
0.449532  -1.476187
0.450178  -1.418928
0.417155  -1.418592
0.433343  -1.447389
0.417727  -1.361292
0.400929  -1.389774
0.433953  -1.390110
0.498836  -1.505369
0.465766  -1.505008
0.482601  -1.476547
0.335341  -1.331743
0.320100  -1.303517
0.304858  -1.275291
0.369017  -1.274835
0.352179  -1.303289
0.336938  -1.275063
0.401464  -1.332454
0.368402  -1.332098
0.385240  -1.303645
0.351605  -1.360580
0.367868  -1.389418
0.384666  -1.360936
0.239597  -1.332708
0.272943  -1.275613
0.256270  -1.304161
0.303426  -1.332064
0.271511  -1.332386
0.288185  -1.303839
0.206989  -1.253374
0.136974  -1.208284
0.139435  -1.144458
0.138205  -1.176371
0.201518  -1.178466
0.169246  -1.193375
0.170477  -1.161462
0.224856  -1.193496
0.160312  -1.223314
0.183651  -1.238344
0.215922  -1.223435
0.192584  -1.208405
0.262074  -1.249168
0.234531  -1.251271
0.243465  -1.221332
0.228727  -1.306263
0.217858  -1.279818
0.245401  -1.277716
0.051865  -1.158032
0.080235  -1.174783
0.108604  -1.191533
0.081465  -1.142870
0.111066  -1.127708
0.109835  -1.159621
0.055027  -1.062095
0.083573  -1.078912
0.112120  -1.095729
0.053973  -1.094074
0.052919  -1.126053
0.082519  -1.110891
0.084133  -1.046468
0.113239  -1.030840
0.112679  -1.063284
0.055027  1.062095
0.049430  1.161047
0.053161  1.095079
0.051296  1.128063
0.077647  1.143322
0.105864  1.125597
0.081378  1.077354
0.107729  1.092613
0.113239  1.030840
0.084133  1.046468
0.110484  1.061727
0.079512  1.110338
0.122910  1.187506
0.165559  1.253307
0.200706  1.191011
0.183132  1.222159
0.230474  1.249204
0.198016  1.251256
0.215590  1.220108
0.130357  1.134417
0.126633  1.160961
0.186489  1.169077
0.151342  1.231373
0.137126  1.209440
0.154700  1.178292
0.168916  1.200225
0.158423  1.151747
0.073923  1.169867
0.098417  1.178686
0.102140  1.152142
0.313418  1.332529
0.214227  1.333566
0.198004  1.306813
0.181781  1.280060
0.230461  1.304761
0.246696  1.275957
0.214239  1.278008
0.329651  1.303722
0.345885  1.274915
0.296589  1.304070
0.279760  1.275611
0.247290  1.333220
0.280354  1.332875
0.263525  1.304416
0.312822  1.275263
0.346481  1.332182
0.379543  1.331834
0.362714  1.303375
0.363924  1.417930
0.414452  1.503355
0.446890  1.445708
0.430671  1.474532
0.480625  1.502654
0.447539  1.503005
0.463758  1.474181
0.396379  1.360301
0.380151  1.389116
0.330253  1.360996
0.347089  1.389463
0.363316  1.360649
0.430047  1.417233
0.380767  1.446405
0.397609  1.474880
0.396986  1.417582
0.413828  1.446057
0.413213  1.388767
0.465029  1.588784
0.448170  1.560308
0.431311  1.531832
0.481257  1.559957
0.497485  1.531130
0.464398  1.531481
0.564320  1.587747
0.580570  1.558915
0.596821  1.530082
0.547451  1.559266
0.530581  1.530785
0.563701  1.530433
0.531223  1.588093
0.498126  1.588438
0.514354  1.559611
0.630513  1.587057
0.597416  1.587402
0.613667  1.558570
0.614852  1.673218
0.598008  1.644728
0.581164  1.616238
0.647357  1.615547
0.631105  1.644383
0.614260  1.615892
0.681044  1.672537
0.647948  1.672878
0.664200  1.644042
0.665326  1.758752
0.715853  1.844281
0.766391  1.929837
0.749545  1.901319
0.732699  1.872800
0.782100  1.843595
0.732130  1.815419
0.748408  1.786556
0.748976  1.843938
0.765254  1.815076
0.631676  1.701729
0.648501  1.730240
0.697868  1.701048
0.681597  1.729900
0.664772  1.701389
0.731566  1.758046
0.698446  1.758399
0.699010  1.815771
0.682168  1.787261
0.715288  1.786909
0.714717  1.729547
0.798946  1.872114
0.782669  1.900976
0.765823  1.872457
0.832657  1.929150
0.799524  1.929493
0.815801  1.900632
0.816935  2.015424
0.867505  2.101011
0.850648  2.072482
0.833792  2.043953
0.883216  2.014734
0.850075  2.015079
0.883789  2.072137
0.900073  2.043263
0.933791  2.100325
0.900648  2.100668
0.916932  2.071794
0.783239  1.958366
0.800087  1.986895
0.849504  1.957678
0.833220  1.986551
0.816372  1.958022
0.866360  1.986206
0.866932  2.043608
0.918080  2.186625
0.901222  2.158087
0.884364  2.129549
0.934365  2.157744
0.950650  2.128863
0.917507  2.129206
0.984381  2.185940
0.951231  2.186282
0.967515  2.157402
0.968694  2.272239
0.951823  2.243701
0.934951  2.215163
1.001253  2.214478
0.984973  2.243358
0.968102  2.214820
1.034994  2.271551
1.001844  2.271895
1.018123  2.243014
1.019311  2.357856
1.069963  2.443531
1.120638  2.529357
1.103746  2.500749
1.086854  2.472140
1.136291  2.442859
1.103127  2.443195
1.136910  2.500412
1.153182  2.471467
1.120018  2.471804
0.985566  2.300778
1.002439  2.329317
1.051867  2.300090
1.035589  2.328973
1.018717  2.300434
1.052467  2.357517
1.085623  2.357178
1.068745  2.328634
1.086235  2.414634
1.102507  2.385736
1.119399  2.414298
1.053079  2.414973
1.036195  2.386415
1.069351  2.386076
1.153801  2.529038
1.186963  2.528718
1.170073  2.500093
1.171303  2.616534
1.222579  2.703913
1.275361  2.796870
1.240173  2.734899
1.257767  2.765884
1.308009  2.739049
1.291685  2.767960
1.290415  2.708064
1.256497  2.705988
1.254730  2.643806
1.238655  2.673859
1.272573  2.675935
1.187577  2.587156
1.203852  2.557777
1.137526  2.558416
1.154415  2.587475
1.170689  2.558097
1.204471  2.615607
1.237638  2.614680
1.220745  2.586228
1.188395  2.645661
1.205487  2.674787
1.221563  2.644733
1.274091  2.736974
1.341755  2.795972
1.308558  2.796421
1.324882  2.767511
1.326018  2.882621
1.309132  2.854037
1.292246  2.825454
1.358640  2.824556
1.342329  2.853588
1.325443  2.825005
1.392399  2.881720
1.359209  2.882171
1.375520  2.853138
1.376655  2.968322
1.342897  2.911188
1.359776  2.939755
1.409279  2.910287
1.392967  2.939305
1.376088  2.910738
1.409851  2.967963
1.443047  2.967604
1.426163  2.938946
1.427310  3.054151
1.393540  2.996932
1.410425  3.025541
1.443621  3.025183
1.459932  2.996214
1.426736  2.996573
1.460506  3.053811
1.493701  3.053471
1.476817  3.024842
1.477937  3.139925
1.528563  3.225779
1.511688  3.197161
1.494812  3.168543
1.544342  3.139298
1.511140  3.139611
1.561218  3.167917
1.594989  3.225132
1.561776  3.225456
1.544891  3.196848
1.578104  3.196524
1.510577  3.082062
1.494257  3.110993
1.527460  3.110680
1.444186  3.082742
1.461061  3.111333
1.477381  3.082402
1.528015  3.168230
1.579226  3.311605
1.545451  3.254388
1.562338  3.282997
1.611877  3.253741
1.595551  3.282673
1.578664  3.254064
1.612003  3.310779
1.644780  3.309952
1.628328  3.281846
1.626544  3.393595
1.594999  3.338935
1.610771  3.366265
1.660553  3.337282
1.643549  3.365438
1.627776  3.338109
1.657469  3.393684
1.688393  3.393773
1.674473  3.365528
1.671573  3.467284
1.703403  3.418336
1.687488  3.442810
1.724911  3.483522
1.698242  3.475403
1.714157  3.450929
1.641554  3.418158
1.656564  3.442721
1.672478  3.418247
1.735535  3.603875
1.656692  3.549331
1.709254  3.585694
1.682973  3.567513
1.688322  3.530101
1.719951  3.510871
1.740884  3.566464
1.746232  3.529052
1.714603  3.548283
1.795073  3.574283
1.765304  3.589079
1.770653  3.551668
1.661653  3.521982
1.666613  3.494633
1.693282  3.502752
1.645148  -3.646023
1.647274  -3.615262
1.649400  -3.584500
1.675277  -3.631974
1.705406  -3.617925
1.677403  -3.601213
1.565765  -3.498475
1.567801  -3.593437
1.566444  -3.530129
1.567122  -3.561783
1.623617  -3.566972
1.595709  -3.580205
1.622938  -3.535318
1.594352  -3.516897
1.595030  -3.548551
1.596769  -3.489551
1.627773  -3.480627
1.625356  -3.507973
1.619366  -3.628495
1.593583  -3.610966
1.621491  -3.597733
1.595022  -3.439387
1.509911  -3.411552
1.461172  -3.326893
1.477419  -3.355112
1.493665  -3.383332
1.543771  -3.355893
1.526841  -3.383723
1.527525  -3.327673
1.494349  -3.327283
1.510595  -3.355503
1.580393  -3.468931
1.528529  -3.440527
1.547147  -3.469501
1.576404  -3.410413
1.543158  -3.410983
1.560088  -3.383153
1.611398  -3.460007
1.561776  -3.439957
1.494966  -3.269768
1.412309  -3.240071
1.363441  -3.153247
1.397259  -3.096117
1.380350  -3.124682
1.429815  -3.154002
1.396628  -3.153624
1.413537  -3.125059
1.478069  -3.298330
1.428597  -3.269011
1.444885  -3.297952
1.478678  -3.240827
1.445494  -3.240449
1.446104  -3.182943
1.379730  -3.182188
1.396020  -3.211129
1.429207  -3.211507
1.412917  -3.182566
1.511245  -3.298721
1.462391  -3.211885
1.461781  -3.269390
1.314600  -3.066467
1.265759  -2.979696
1.216922  -2.892927
1.168090  -2.806180
1.201276  -2.806575
1.234462  -2.806971
1.184988  -2.777728
1.201887  -2.749276
1.218175  -2.778123
1.347790  -3.066829
1.380979  -3.067190
1.348419  -3.009344
1.331509  -3.037905
1.282039  -3.008619
1.298320  -3.037543
1.298948  -2.980058
1.332138  -2.980420
1.282669  -2.951134
1.250111  -2.893288
1.283299  -2.893650
1.299578  -2.922573
1.249480  -2.950773
1.233201  -2.921850
1.266390  -2.922211
1.364699  -3.038267
1.330881  -3.095394
1.347161  -3.124320
1.364070  -3.095755
1.315858  -2.951496
1.315229  -3.008982
1.233831  -2.864407
1.250740  -2.835886
1.200645  -2.864011
1.184367  -2.835095
1.217553  -2.835491
1.267019  -2.864768
1.119275  -2.719998
1.151818  -2.777452
1.135547  -2.748725
1.152445  -2.720273
1.185615  -2.720549
1.168717  -2.749001
1.135817  -2.691996
1.068061  -2.634301
1.016753  -2.549175
1.033855  -2.577551
1.050958  -2.605926
1.084644  -2.606110
1.101674  -2.634865
1.135287  -2.635429
1.101226  -2.577919
1.118257  -2.606674
1.152358  -2.663995
1.102204  -2.691432
1.085133  -2.662867
1.118745  -2.663431
1.168987  -2.692272
1.050438  -2.549359
1.084123  -2.549543
1.033636  -2.520499
0.967997  -2.462507
1.050520  -2.491822
1.001133  -2.462719
1.034269  -2.462932
0.984249  -2.491396
1.000501  -2.520286
1.017385  -2.491609
1.067322  -2.520683
1.067541  -2.577735
0.984884  -2.433958
1.001770  -2.405409
1.018020  -2.434171
0.919256  -2.375854
0.870521  -2.289213
0.821798  -2.202434
0.854280  -2.260287
0.838039  -2.231360
0.888062  -2.202690
0.854930  -2.202562
0.887412  -2.260414
0.904303  -2.231616
0.871171  -2.231488
0.952389  -2.376190
0.985523  -2.376525
0.936144  -2.347345
0.903654  -2.289584
0.936787  -2.289955
0.920545  -2.260786
0.953031  -2.318836
0.903011  -2.346974
0.886766  -2.318093
0.919899  -2.318464
0.969277  -2.347680
0.935503  -2.404739
0.951750  -2.433623
0.968637  -2.405074
0.838682  -2.173979
0.773156  -2.114981
0.724641  -2.026131
0.756985  -2.085364
0.740813  -2.055748
0.790779  -2.027835
0.757710  -2.026983
0.790054  -2.086216
0.806951  -2.057452
0.773882  -2.056600
0.855566  -2.145523
0.839352  -2.116372
0.806254  -2.115677
0.805584  -2.173283
0.789370  -2.144132
0.822468  -2.144828
0.871814  -2.174107
0.823151  -2.086912
0.758444  -1.968276
0.741543  -1.997204
0.774612  -1.998056
0.676125  -1.937502
0.627468  -1.850610
0.578749  -1.764101
0.611228  -1.821774
0.594989  -1.792938
0.611835  -1.764460
0.644920  -1.764819
0.644314  -1.822133
0.660547  -1.851039
0.693627  -1.851467
0.661160  -1.793655
0.677393  -1.822561
0.709846  -1.880431
0.692985  -1.908966
0.742272  -1.938733
0.709199  -1.938117
0.726059  -1.909582
0.692297  -1.967045
0.708469  -1.996588
0.725371  -1.967661
0.643687  -1.879574
0.659906  -1.908538
0.676766  -1.880002
0.628074  -1.793296
0.612451  -1.707160
0.530057  -1.677622
0.481372  -1.591129
0.515061  -1.534196
0.498216  -1.562663
0.547524  -1.591849
0.514448  -1.591489
0.531292  -1.563023
0.595600  -1.735630
0.546288  -1.706448
0.562518  -1.735275
0.563138  -1.677978
0.596220  -1.678333
0.563752  -1.620680
0.497600  -1.619960
0.513828  -1.648791
0.546904  -1.649151
0.530676  -1.620320
0.628686  -1.735989
0.579986  -1.649507
0.579369  -1.706804
0.465147  -1.562302
0.448922  -1.533475
0.481991  -1.533835
0.333621  -1.503631
0.366646  -1.503970
0.399672  -1.504309
0.350458  -1.475172
0.367294  -1.446714
0.383483  -1.475511
0.285401  -1.417437
0.186294  -1.416451
0.134966  -1.315254
0.055413  -1.245610
0.109787  -1.220726
0.082600  -1.233168
0.108448  -1.292039
0.081931  -1.268825
0.135636  -1.279597
0.136305  -1.243940
0.109118  -1.256383
0.318311  -1.417710
0.351221  -1.417983
0.318695  -1.360308
0.254865  -1.360951
0.252365  -1.417109
0.219329  -1.416780
0.221829  -1.360622
0.169184  -1.382719
0.152075  -1.348986
0.204720  -1.326890
0.169843  -1.321072
0.204061  -1.388537
0.186952  -1.354804
0.302048  -1.388872
0.270133  -1.389194
0.237097  -1.388865
0.334958  -1.389145
0.301475  -1.446169
0.317548  -1.474900
0.334385  -1.446441
0.382179  -1.590052
0.448308  -1.590770
0.415244  -1.590411
0.415858  -1.533116
0.399019  -1.561584
0.349807  -1.532438
0.365993  -1.561245
0.382833  -1.532777
0.432083  -1.561943
0.286780  -1.360629
0.158974  -1.294627
0.182981  -1.274000
0.159643  -1.258970
0.193851  -1.300445
0.053048  -1.187225
-0.029643  -1.197231
-0.033467  -1.106725
-0.032192  -1.136894
-0.030917  -1.167062
0.024696  -1.171099
-0.002474  -1.184165
-0.005023  -1.123827
0.023421  -1.140930
-0.003969  -1.091848
0.025529  -1.076972
0.024475  -1.108951
0.054230  -1.216418
-0.001291  -1.213358
0.027061  -1.229484
0.025878  -1.200291
0.081417  -1.203975
-0.003748  -1.153996
-0.033467  1.106725
-0.033872  1.201601
0.056513  1.251833
-0.003744  1.218345
0.026385  1.235089
0.051791  1.191309
0.054152  1.221571
0.021663  1.174565
-0.006105  1.188083
0.024024  1.204827
-0.005834  1.124832
0.021798  1.142939
0.025529  1.076972
-0.003969  1.091848
0.023663  1.109956
-0.033602  1.138350
-0.033737  1.169975
-0.005970  1.156457
0.078645  1.230390
0.100778  1.208948
0.129210  1.252815
0.115047  1.335471
0.131884  1.308083
0.148721  1.280695
0.181167  1.334201
0.148107  1.334836
0.164944  1.307448
0.076284  1.200128
0.092862  1.252324
0.095535  1.307592
0.076024  1.279712
0.112373  1.280204
0.114994  1.230882
0.264719  1.418958
0.165511  1.419989
0.181750  1.391181
0.197988  1.362374
0.247888  1.390494
0.231057  1.362030
0.231650  1.419302
0.198580  1.419645
0.214819  1.390838
0.280952  1.390148
0.297185  1.361339
0.264121  1.361684
0.297787  1.418615
0.315241  1.504368
0.298400  1.475898
0.281559  1.447428
0.330856  1.418273
0.331469  1.475555
0.348311  1.504030
0.381382  1.503693
0.347696  1.446743
0.364539  1.475218
0.314020  1.389806
0.148690  1.391817
0.131868  1.363644
0.164928  1.363009
0.314628  1.447085
0.365756  1.589815
0.348917  1.561333
0.332079  1.532850
0.381988  1.560995
0.398220  1.532175
0.431938  1.589127
0.416289  1.675262
0.399444  1.646780
0.382600  1.618297
0.398847  1.589471
0.448782  1.617610
0.432536  1.646436
0.415691  1.617954
0.415079  1.560651
0.365149  1.532513
0.515567  1.674242
0.498721  1.645756
0.481875  1.617270
0.548069  1.616579
0.531818  1.645410
0.514972  1.616924
0.482474  1.674582
0.449382  1.674922
0.465628  1.646096
0.581757  1.673559
0.548662  1.673900
0.564913  1.645069
0.566003  1.759773
0.616422  1.845348
0.582809  1.788298
0.599616  1.816823
0.632723  1.816482
0.649025  1.787617
0.682709  1.844637
0.666891  1.930921
0.683211  1.902041
0.699532  1.873161
0.700058  1.930560
0.733224  1.930199
0.716378  1.901680
0.532379  1.702752
0.549191  1.731263
0.598569  1.702070
0.582286  1.730921
0.565474  1.702411
0.599111  1.759433
0.632218  1.759092
0.615917  1.787958
0.615394  1.730581
0.649566  1.844992
0.650068  1.902397
0.633245  1.873872
0.666389  1.873517
0.665867  1.816127
0.717524  2.016447
0.750102  1.958707
0.733813  1.987577
0.683769  1.959430
0.700646  1.987938
0.716935  1.959068
0.750661  2.016106
0.768042  2.102055
0.784339  2.073178
0.800637  2.044301
0.801196  2.101707
0.834351  2.101359
0.817494  2.072830
0.783798  2.015765
0.751202  2.073519
0.734363  2.044983
0.767500  2.044642
0.766950  1.987236
0.818642  2.187654
0.851218  2.129892
0.834930  2.158773
0.784908  2.130588
0.801775  2.159121
0.818063  2.130240
0.884934  2.186968
0.851788  2.187311
0.868076  2.158430
0.869243  2.273263
0.852376  2.244727
0.835509  2.216190
0.901801  2.215504
0.885522  2.244383
0.868655  2.215847
0.935544  2.272580
0.902394  2.272922
0.918673  2.244042
0.919857  2.358882
0.886115  2.301803
0.902986  2.330342
0.952415  2.301120
0.936136  2.330001
0.919265  2.301461
0.953008  2.358540
0.986160  2.358198
0.969287  2.329659
0.970482  2.444506
1.021128  2.530147
1.037406  2.501275
1.053684  2.472403
1.003642  2.444181
1.036802  2.443856
0.987364  2.473053
1.004246  2.501600
1.020524  2.472728
0.986758  2.415623
1.003035  2.386740
1.019919  2.415298
0.936732  2.387424
0.953607  2.415965
0.969883  2.387082
1.054298  2.529884
1.087468  2.529621
1.070576  2.501012
1.071785  2.617275
1.123164  2.707706
1.155257  2.646925
1.139210  2.677315
1.088911  2.647419
1.106038  2.677562
1.104958  2.617028
1.138130  2.616781
1.122084  2.647172
1.088069  2.587969
1.104353  2.558663
1.038013  2.559189
1.054899  2.588232
1.071183  2.558926
1.121242  2.587722
1.189441  2.705177
1.174881  2.795766
1.208374  2.796134
1.241868  2.796502
1.190781  2.765148
1.206680  2.734531
1.224274  2.765516
1.156302  2.706442
1.157642  2.766413
1.140403  2.737059
1.173542  2.735795
1.172349  2.676051
1.226424  2.883596
1.209243  2.854319
1.192062  2.825043
1.242736  2.854687
1.259048  2.825779
1.292820  2.882946
1.259622  2.883271
1.275934  2.854362
1.225555  2.825411
1.277063  2.969345
1.260183  2.940762
1.243304  2.912179
1.309700  2.911529
1.293381  2.940437
1.276502  2.911854
1.343458  2.968663
1.310261  2.969004
1.326579  2.940096
1.327707  3.055113
1.293945  2.997935
1.310826  3.026524
1.360339  2.997252
1.344023  3.026183
1.327142  2.997594
1.360908  3.054792
1.394109  3.054472
1.377224  3.025862
1.378323  3.140920
1.428933  3.226743
1.395193  3.169527
1.412063  3.198135
1.445268  3.197803
1.461602  3.168864
1.495353  3.226101
1.462143  3.226422
1.478478  3.197482
1.410981  3.083074
1.394652  3.111997
1.344579  3.083715
1.361451  3.112317
1.377780  3.083395
1.411527  3.140588
1.444732  3.140256
1.428398  3.169196
1.427856  3.111665
1.479567  3.312587
1.462689  3.283972
1.445811  3.255357
1.512231  3.254715
1.546006  3.311933
1.512787  3.312260
1.495899  3.283651
1.529119  3.283324
1.479021  3.255036
1.529951  3.398247
1.496362  3.341140
1.513157  3.369694
1.562801  3.340486
1.546376  3.369366
1.529581  3.340813
1.562149  3.396696
1.594347  3.395145
1.578574  3.367816
1.574880  3.490675
1.568697  3.593208
1.572819  3.524853
1.570758  3.559030
1.627361  3.563957
1.598029  3.578582
1.629422  3.529779
1.602151  3.510227
1.600090  3.544405
1.609323  3.425955
1.592102  3.458315
1.544928  3.429056
1.559904  3.459866
1.577125  3.427506
1.607111  3.482878
1.639342  3.475081
1.624333  3.450518
1.634382  3.502430
1.645148  3.646023
1.648996  3.613793
1.652844  3.581562
1.705406  3.617925
1.675277  3.631974
1.679125  3.599743
1.619665  3.628418
1.594181  3.610813
1.623513  3.596188
1.553739  -3.685905
1.479393  -3.630097
1.528957  -3.667302
1.504175  -3.648700
1.508862  -3.617877
1.538331  -3.605657
1.558426  -3.655082
1.563114  -3.624260
1.533644  -3.636480
1.584209  -3.672611
1.614679  -3.659317
1.588896  -3.641789
1.458663  -3.491546
1.410489  -3.412626
1.361617  -3.325784
1.312735  -3.238968
1.345323  -3.296845
1.329029  -3.267907
1.345927  -3.239335
1.379118  -3.239703
1.329637  -3.210394
1.346539  -3.181820
1.362829  -3.210762
1.494363  -3.493856
1.530064  -3.496166
1.475746  -3.464881
1.492828  -3.438217
1.443629  -3.412268
1.476770  -3.411910
1.427383  -3.384048
1.444278  -3.355470
1.460524  -3.383690
1.511446  -3.467191
1.504029  -3.557507
1.545186  -3.518153
1.524608  -3.537830
1.473785  -3.513533
1.488907  -3.535520
1.509486  -3.515843
1.546543  -3.581461
1.525286  -3.569484
1.487605  -3.605900
1.495817  -3.581704
1.517074  -3.593680
1.545865  -3.549807
1.426547  -3.438932
1.442605  -3.465239
1.459688  -3.438575
1.394802  -3.326154
1.427987  -3.326523
1.377907  -3.354731
1.394198  -3.383678
1.411093  -3.355101
1.378514  -3.297213
1.395412  -3.268642
1.362221  -3.268274
1.411700  -3.297582
1.263875  -3.152165
1.296449  -3.210034
1.280162  -3.181099
1.297064  -3.152526
1.330252  -3.152886
1.313351  -3.181460
1.297692  -3.095033
1.215031  -3.065383
1.166191  -2.978607
1.117367  -2.891839
1.149916  -2.949684
1.133642  -2.920761
1.183737  -2.892564
1.134275  -2.863286
1.068570  -2.805094
1.134916  -2.805818
1.101743  -2.805456
1.101101  -2.862924
1.084836  -2.834009
1.151182  -2.834733
1.118009  -2.834371
1.280784  -3.123599
1.231313  -3.094310
1.247594  -3.123238
1.248221  -3.065744
1.281411  -3.066106
1.231941  -3.036820
1.199380  -2.978970
1.183101  -2.950047
1.150552  -2.892201
1.167460  -2.863648
1.313972  -3.123960
1.248850  -3.008258
1.232570  -2.979333
1.200012  -2.921487
1.166827  -2.921124
1.265130  -3.037182
1.264502  -3.094672
1.216291  -2.950410
1.198751  -3.036457
1.182471  -3.007532
1.215660  -3.007895
1.085472  -2.776729
1.102374  -2.748363
1.118645  -2.777091
1.018994  -2.718625
0.967258  -2.633669
1.000859  -2.633880
1.034460  -2.634091
1.000254  -2.577340
0.983756  -2.605505
1.017357  -2.605715
1.085848  -2.719540
1.052421  -2.719083
1.052045  -2.776271
1.035519  -2.747448
1.068946  -2.747906
1.035350  -2.690517
1.051706  -2.662409
0.984503  -2.661988
1.001748  -2.690306
1.018104  -2.662198
1.068777  -2.690975
0.917331  -2.548040
0.868588  -2.461381
0.819854  -2.374739
0.771134  -2.288050
0.722427  -2.201291
0.673894  -2.112775
0.690810  -2.083894
0.707725  -2.055013
0.740069  -2.114246
0.706982  -2.113510
0.723897  -2.084629
0.933973  -2.576583
0.950615  -2.605126
0.950471  -2.548419
0.983612  -2.548797
0.967114  -2.576962
0.951108  -2.491018
0.934220  -2.519529
0.884835  -2.490268
0.901083  -2.519154
0.901724  -2.461756
0.934861  -2.462131
0.885477  -2.432872
0.902366  -2.404363
0.852988  -2.375111
0.836743  -2.346230
0.837392  -2.288825
0.804910  -2.230973
0.788022  -2.259511
0.804263  -2.288438
0.821151  -2.259899
0.967360  -2.519907
0.918614  -2.433247
0.917972  -2.490643
0.853632  -2.317722
0.803614  -2.345843
0.787374  -2.316946
0.820503  -2.317334
0.886122  -2.375483
0.869877  -2.346602
0.836099  -2.403620
0.852343  -2.432500
0.869232  -2.403991
0.738663  -2.230211
0.754899  -2.259131
0.788675  -2.202053
0.755551  -2.201672
0.771787  -2.230592
0.756247  -2.143751
0.706250  -2.171786
0.690072  -2.142280
0.739337  -2.172521
0.723159  -2.143016
0.772461  -2.172902
0.625477  -2.023495
0.658532  -2.024374
0.691586  -2.025253
0.641616  -2.053255
0.657755  -2.083015
0.674671  -2.054134
0.642359  -1.994830
0.576936  -1.936041
0.528223  -1.849533
0.593780  -1.907564
0.610624  -1.879087
0.561305  -1.849892
0.594386  -1.850251
0.544461  -1.878369
0.560698  -1.907205
0.577542  -1.878728
0.659242  -1.966166
0.609999  -1.936528
0.643062  -1.937015
0.626843  -1.908051
0.675414  -1.995709
0.593116  -1.965192
0.609296  -1.994344
0.626179  -1.965679
0.545065  -1.821056
0.561907  -1.792579
0.578147  -1.821415
0.479511  -1.763040
0.430822  -1.676545
0.331600  -1.675458
0.282987  -1.589010
0.234474  -1.502630
0.135070  -1.501252
0.086179  -1.412696
0.102476  -1.442215
0.118773  -1.471733
0.169219  -1.444718
0.201339  -1.502171
0.168205  -1.501711
0.152145  -1.472985
0.202354  -1.445177
0.218414  -1.473904
0.185279  -1.473444
0.512590  -1.763394
0.545670  -1.763748
0.513208  -1.706095
0.447052  -1.705376
0.463281  -1.734208
0.496359  -1.734567
0.496979  -1.677263
0.463900  -1.676904
0.464522  -1.619601
0.414608  -1.647714
0.348460  -1.646990
0.365320  -1.618521
0.398394  -1.618883
0.397748  -1.676182
0.364674  -1.675820
0.381534  -1.647352
0.529439  -1.734921
0.495748  -1.791871
0.511986  -1.820702
0.528828  -1.792225
0.447672  -1.648073
0.431458  -1.619242
0.480750  -1.648432
0.480130  -1.705736
0.316051  -1.589357
0.349115  -1.589705
0.315396  -1.646642
0.299191  -1.617826
0.332255  -1.618173
0.316743  -1.532090
0.299865  -1.560550
0.332929  -1.560898
0.267523  -1.502964
0.300572  -1.503297
0.268426  -1.445835
0.251450  -1.474233
0.235390  -1.445506
0.284499  -1.474566
0.250645  -1.531423
0.266816  -1.560216
0.283694  -1.531757
0.152922  -1.415200
0.119551  -1.413948
0.135848  -1.443466
0.118704  -1.347735
0.031750  -1.331410
0.039638  -1.302810
0.047525  -1.274210
0.100561  -1.320639
0.066156  -1.326025
0.074043  -1.297425
0.102442  -1.380216
0.068036  -1.385601
0.049893  -1.358505
0.084299  -1.353120
0.135813  -1.381467
-0.024632  -1.272170
-0.116704  -1.250026
-0.086013  -1.257407
-0.055323  -1.264789
-0.027973  -1.222211
-0.026302  -1.247190
-0.087683  -1.232428
-0.058663  -1.214829
-0.056993  -1.239809
0.028731  -1.254464
0.002049  -1.263317
0.000379  -1.238337
0.012956  -1.311663
-0.005838  -1.291917
0.020844  -1.283063
-0.122895  -1.149450
-0.091811  -1.165377
-0.060727  -1.181304
-0.120831  -1.182975
-0.118767  -1.216501
-0.089747  -1.198902
-0.093086  -1.135208
-0.063276  -1.120967
-0.062001  -1.151135
-0.122895  1.149450
-0.126349  1.257547
-0.095523  1.238898
-0.064698  1.220249
-0.093221  1.166834
-0.063547  1.184217
-0.124046  1.185483
-0.125198  1.221515
-0.094372  1.202866
-0.063276  1.120967
-0.093086  1.135208
-0.063411  1.152592
-0.034569  1.280355
0.026152  1.261340
-0.004208  1.270848
-0.034104  1.227852
-0.034337  1.254104
-0.003976  1.244596
-0.095756  1.265150
-0.065162  1.272753
-0.064930  1.246501
0.015743  1.341737
0.066255  1.421179
0.049418  1.394698
0.032581  1.368218
0.081945  1.337560
0.048844  1.339649
0.098783  1.364041
0.082519  1.392610
0.065682  1.366129
0.029333  1.311769
0.042923  1.281801
0.062434  1.309680
-0.001027  1.321276
-0.017798  1.300816
0.012563  1.291308
0.132426  1.420386
0.116759  1.506457
0.215995  1.505406
0.266501  1.590840
0.249665  1.562362
0.232830  1.533884
0.282159  1.504714
0.232236  1.476590
0.248477  1.447774
0.249077  1.505060
0.265318  1.476244
0.099341  1.420782
0.083090  1.449605
0.099924  1.478031
0.149260  1.448812
0.133010  1.477634
0.182916  1.505756
0.149837  1.506107
0.199167  1.476934
0.182339  1.448461
0.166088  1.477284
0.115604  1.392213
0.215408  1.448118
0.116175  1.449208
0.282748  1.562016
0.298994  1.533192
0.332671  1.590157
0.299586  1.590498
0.315833  1.561674
0.265912  1.533538
0.317021  1.676286
0.300181  1.647804
0.283341  1.619322
0.349511  1.618639
0.333266  1.647462
0.316426  1.618980
0.383200  1.675604
0.350110  1.675945
0.366355  1.647121
0.466769  1.760752
0.516917  1.846445
0.550086  1.846079
0.583254  1.845714
0.549641  1.788664
0.533279  1.817555
0.566447  1.817189
0.433116  1.703759
0.449943  1.732255
0.499301  1.703078
0.483035  1.731915
0.466208  1.703419
0.367493  1.761762
0.433677  1.761088
0.400585  1.761425
0.400024  1.704096
0.333845  1.704778
0.350669  1.733270
0.383758  1.732929
0.366934  1.704437
0.416850  1.732592
0.532925  1.760099
0.500201  1.817881
0.483485  1.789316
0.499847  1.760426
0.516563  1.788990
0.516113  1.731589
0.567484  1.931970
0.583796  1.903096
0.600109  1.874222
0.550628  1.903462
0.533773  1.874954
0.566941  1.874588
0.600619  1.931620
0.633755  1.931271
0.616932  1.902746
0.618037  2.017521
0.668621  2.103085
0.651200  2.017163
0.684362  2.016805
0.684922  2.074206
0.701223  2.045326
0.651760  2.074564
0.634899  2.046042
0.668061  2.045684
0.634322  1.988654
0.650606  1.959788
0.667484  1.988296
0.601186  1.989004
0.584335  1.960487
0.617471  1.960137
0.701761  2.102742
0.734901  2.102398
0.718062  2.073862
0.719188  2.188685
0.752339  2.188342
0.785491  2.187998
0.735472  2.159808
0.751757  2.130932
0.768624  2.159465
0.702332  2.160152
0.685477  2.131619
0.718617  2.131275
0.769794  2.274285
0.786077  2.245408
0.802359  2.216531
0.752925  2.245752
0.736056  2.217219
0.769208  2.216875
0.836094  2.273604
0.802944  2.273945
0.819226  2.245067
0.820401  2.359900
0.803532  2.331362
0.786663  2.302824
0.852963  2.302142
0.836682  2.331021
0.819813  2.302483
0.886705  2.359221
0.853553  2.359561
0.869834  2.330682
0.871017  2.445527
0.837273  2.388442
0.854145  2.416985
0.903577  2.387764
0.887297  2.416645
0.870425  2.388103
0.904172  2.445187
0.937327  2.444846
0.920452  2.416305
0.921636  2.531172
0.972262  2.616830
0.938511  2.559725
0.955387  2.588277
1.004839  2.559041
1.005436  2.616979
1.038611  2.617127
0.988551  2.587936
1.021725  2.588084
0.954800  2.530830
0.987964  2.530488
0.954200  2.473395
0.937918  2.502283
0.971082  2.501942
0.887890  2.474075
0.904763  2.502624
0.921045  2.473735
0.971675  2.559383
1.023795  2.707754
1.076219  2.798820
1.041270  2.738109
1.058744  2.768464
1.091867  2.768448
1.107516  2.738077
1.056918  2.707738
1.090041  2.707722
1.074393  2.738093
1.055788  2.647435
1.039791  2.677594
1.072915  2.677578
0.989440  2.647138
1.006617  2.677446
1.022614  2.647286
1.141994  2.796784
1.109107  2.797802
1.124755  2.767430
1.126843  2.884567
1.109968  2.855985
1.093094  2.827402
1.142856  2.854967
1.158869  2.825366
1.125981  2.826384
1.193230  2.883920
1.160037  2.884243
1.176049  2.854643
1.177474  2.970324
1.160597  2.941738
1.143720  2.913153
1.210107  2.912505
1.193790  2.941414
1.176913  2.912829
1.243867  2.969672
1.210670  2.969998
1.226987  2.941088
1.228111  3.056087
1.194353  2.998912
1.211232  3.027499
1.260746  2.998259
1.244429  3.027173
1.227549  2.998586
1.294509  3.055438
1.261310  3.055763
1.277627  3.026849
1.278718  3.141863
1.329313  3.227695
1.362519  3.227377
1.395726  3.227060
1.345649  3.198770
1.361986  3.169845
1.378856  3.198452
1.244980  3.084679
1.261849  3.113271
1.311378  3.084030
1.295048  3.112947
1.278179  3.084355
1.345121  3.141234
1.311919  3.141549
1.312448  3.199084
1.295583  3.170474
1.328784  3.170159
1.328249  3.112632
1.379894  3.313561
1.396240  3.284621
1.412587  3.255682
1.363033  3.284939
1.346173  3.256317
1.379380  3.255999
1.446343  3.312911
1.430525  3.399362
1.413648  3.370761
1.396771  3.342161
1.413118  3.313236
1.463220  3.341512
1.446873  3.370437
1.429995  3.341836
1.429465  3.284297
1.496809  3.398619
1.463667  3.398990
1.480015  3.370065
1.473063  3.481275
1.444705  3.426666
1.458884  3.453971
1.510989  3.425923
1.492026  3.453599
1.477847  3.426295
1.507002  3.484409
1.540941  3.487542
1.525965  3.456732
1.504105  3.552446
1.547166  3.579621
1.525635  3.566033
1.551288  3.511265
1.527697  3.531856
1.549227  3.545443
1.483410  3.504999
1.493757  3.528722
1.517349  3.508132
1.553739  3.685905
1.481261  3.631350
1.529580  3.667720
1.505420  3.649535
1.510406  3.618636
1.539551  3.605922
1.558725  3.655006
1.563711  3.624107
1.534566  3.636821
1.614679  3.659317
1.584209  3.672611
1.589195  3.641712
1.488875  3.605048
1.496490  3.578747
1.518021  3.592334
1.461364  -3.723495
1.386290  -3.661707
1.436340  -3.702899
1.411315  -3.682303
1.448359  -3.640634
1.417324  -3.651170
1.467374  -3.692362
1.473383  -3.661230
1.442349  -3.671766
1.492156  -3.710965
1.522947  -3.698435
1.498165  -3.679832
1.415612  -3.571415
1.359788  -3.495710
1.310892  -3.411517
1.262019  -3.324685
1.278924  -3.296113
1.295830  -3.267540
1.295218  -3.325052
1.328418  -3.325418
1.312124  -3.296479
1.396064  -3.631610
1.405838  -3.601512
1.458133  -3.610536
1.436873  -3.590976
1.427098  -3.621073
1.445085  -3.566779
1.474557  -3.562143
1.444313  -3.518169
1.429962  -3.544792
1.378396  -3.520945
1.397004  -3.546180
1.392746  -3.494322
1.425704  -3.492934
1.393588  -3.440320
1.376688  -3.468015
1.327191  -3.439581
1.343489  -3.467646
1.344091  -3.411886
1.377290  -3.412256
1.327800  -3.382939
1.344709  -3.354362
1.278310  -3.353629
1.294601  -3.382573
1.311509  -3.353995
1.466345  -3.586340
1.409646  -3.466627
1.411354  -3.519557
1.459435  -3.540156
1.360999  -3.383309
1.360390  -3.439951
1.213153  -3.237873
1.246347  -3.238238
1.279541  -3.238603
1.229441  -3.266810
1.245730  -3.295748
1.262636  -3.267175
1.230060  -3.209304
1.246968  -3.180734
1.263254  -3.209669
1.164299  -3.151076
1.115456  -3.064292
1.066625  -2.977520
1.017820  -2.890756
0.968228  -2.804041
0.917538  -2.718494
0.985175  -2.718581
0.951357  -2.718537
0.951331  -2.775525
0.934435  -2.747009
0.985150  -2.775569
1.002072  -2.747097
0.968253  -2.747053
1.197491  -3.151439
1.230683  -3.151802
1.181210  -3.122511
1.198121  -3.093947
1.148648  -3.064655
1.132368  -3.035730
1.133002  -2.978245
1.100453  -2.920399
1.083539  -2.948959
1.099814  -2.977882
1.116728  -2.949322
1.214402  -3.122875
1.180584  -3.180008
1.196868  -3.208940
1.213776  -3.180371
1.149279  -3.007169
1.099179  -3.035368
1.082902  -3.006444
1.116091  -3.006806
1.181840  -3.065019
1.165559  -3.036094
1.131737  -3.093220
1.148018  -3.122148
1.164929  -3.093583
1.034088  -2.919677
1.050357  -2.948598
1.084185  -2.891478
1.051002  -2.891117
1.067271  -2.920038
1.051653  -2.833648
1.001289  -2.861851
0.984758  -2.832946
1.035123  -2.804743
1.001675  -2.804392
1.034736  -2.862202
1.018206  -2.833297
1.067919  -2.862563
1.018597  -2.775920
0.950684  -2.661944
0.934111  -2.690219
0.967930  -2.690263
0.866963  -2.632764
0.817926  -2.546897
0.884196  -2.547659
0.851061  -2.547278
0.851700  -2.489887
0.834813  -2.518392
0.867948  -2.518773
0.933826  -2.633368
0.900394  -2.633066
0.900541  -2.576282
0.834271  -2.575519
0.850617  -2.604142
0.883752  -2.604523
0.867406  -2.575901
0.917184  -2.604825
0.883821  -2.661341
0.900679  -2.689917
0.917253  -2.661642
0.769186  -2.460259
0.720459  -2.373630
0.737351  -2.345103
0.754243  -2.316577
0.753591  -2.374000
0.786722  -2.374369
0.770482  -2.345473
0.802320  -2.460633
0.835454  -2.461007
0.786075  -2.431752
0.802965  -2.403246
0.736701  -2.402506
0.752943  -2.431383
0.769833  -2.402876
0.819209  -2.432126
0.785432  -2.489139
0.801679  -2.518018
0.818566  -2.489513
0.671747  -2.286994
0.623022  -2.200399
0.574819  -2.109207
0.640869  -2.111586
0.607844  -2.110396
0.606955  -2.170002
0.590887  -2.139604
0.639980  -2.171191
0.656937  -2.141983
0.623912  -2.140794
0.704876  -2.287346
0.738005  -2.287698
0.688640  -2.258426
0.656157  -2.200697
0.689292  -2.200994
0.673115  -2.171488
0.705534  -2.229859
0.655505  -2.258129
0.639264  -2.229264
0.672399  -2.229561
0.721770  -2.258778
0.704222  -2.344751
0.687984  -2.315873
0.721113  -2.316225
0.608591  -2.052066
0.591705  -2.080636
0.624730  -2.081826
0.526341  -2.021474
0.477661  -1.934975
0.428960  -1.848464
0.445193  -1.877301
0.461427  -1.906138
0.511369  -1.878014
0.494515  -1.906494
0.462048  -1.848820
0.495135  -1.849177
0.478281  -1.877657
0.559387  -2.022147
0.592432  -2.022821
0.560071  -1.964518
0.543206  -1.992996
0.493888  -1.963808
0.510115  -1.992641
0.510752  -1.935330
0.543844  -1.935686
0.526979  -1.964163
0.576251  -1.993670
0.542501  -2.050718
0.558660  -2.079963
0.575546  -2.051392
0.527607  -1.906850
0.462660  -1.791515
0.380266  -1.761970
0.364044  -1.733133
0.347822  -1.704296
0.413970  -1.705020
0.397118  -1.733495
0.380896  -1.704658
0.445810  -1.819989
0.396497  -1.790802
0.412729  -1.819633
0.446429  -1.762684
0.413348  -1.762327
0.430200  -1.733852
0.478898  -1.820346
0.429579  -1.791158
0.232362  -1.674403
0.183699  -1.587928
0.167489  -1.559036
0.151280  -1.530144
0.200624  -1.559496
0.217549  -1.531063
0.184414  -1.530603
0.249237  -1.645938
0.216795  -1.588289
0.249891  -1.588649
0.233720  -1.559856
0.266112  -1.617474
0.216141  -1.645578
0.199920  -1.616753
0.233016  -1.617113
0.298520  -1.675106
0.265441  -1.674754
0.282316  -1.646290
0.281031  -1.760892
0.264808  -1.732062
0.248585  -1.703232
0.314744  -1.703936
0.297887  -1.732414
0.281664  -1.703584
0.347188  -1.761611
0.314109  -1.761251
0.330966  -1.732773
0.035588  -1.500194
-0.013864  -1.414415
-0.063977  -1.336573
-0.050862  -1.315105
-0.037747  -1.293638
-0.099128  -1.278875
-0.081553  -1.307724
-0.068438  -1.286256
0.068749  -1.500547
0.101910  -1.500899
0.069316  -1.441862
0.052452  -1.471028
0.085613  -1.471381
0.084442  -1.586914
0.101318  -1.558360
0.118194  -1.529806
0.068157  -1.558007
0.051873  -1.529101
0.085033  -1.529453
0.150613  -1.587590
0.117527  -1.587252
0.134404  -1.558698
0.002620  -1.443008
0.019104  -1.471601
0.052832  -1.413269
0.019484  -1.413842
0.035968  -1.442435
0.016545  -1.359079
-0.030569  -1.388468
-0.047273  -1.362520
-0.000159  -1.333131
-0.032068  -1.334852
0.001340  -1.386747
-0.015364  -1.360799
0.034688  -1.386174
-0.018953  -1.313384
-0.161937  -1.334764
-0.096631  -1.335970
-0.129284  -1.335367
-0.131781  -1.278272
-0.146859  -1.306518
-0.114206  -1.307121
-0.213088  -1.190540
-0.180960  -1.210368
-0.148832  -1.230197
-0.183023  -1.176843
-0.152959  -1.163147
-0.150895  -1.196672
-0.207580  -1.268142
-0.211252  -1.216407
-0.209416  -1.242274
-0.146996  -1.256065
-0.177288  -1.262103
-0.179124  -1.236236
-0.177151  -1.312557
-0.192365  -1.290349
-0.162073  -1.284311
-0.213088  1.190540
-0.230473  1.284569
-0.161057  1.266554
-0.195765  1.275562
-0.218883  1.221883
-0.224678  1.253226
-0.184175  1.212875
-0.155262  1.235211
-0.189970  1.244219
-0.152959  1.163147
-0.183023  1.176843
-0.154111  1.199179
-0.169806  1.348143
-0.210251  1.305760
-0.190028  1.326951
-0.140835  1.287746
-0.155321  1.317944
-0.175543  1.296753
-0.083682  1.336784
-0.033206  1.422155
-0.050031  1.393698
-0.066857  1.365241
-0.017398  1.340086
-0.050540  1.338435
-0.000573  1.368543
-0.016890  1.395349
-0.033715  1.366892
-0.112390  1.340570
-0.141098  1.344356
-0.112127  1.283959
-0.097904  1.310371
-0.126612  1.314158
-0.067311  1.317974
-0.050940  1.299165
-0.081533  1.291562
-0.034169  1.319625
0.033101  1.421504
-0.000053  1.421829
0.016264  1.395023
0.017560  1.507418
-0.016284  1.450576
0.000638  1.478997
0.050024  1.449925
0.033792  1.478672
0.016870  1.450250
0.050626  1.507098
0.067983  1.592885
0.051175  1.564396
0.034368  1.535907
0.083693  1.506777
0.084242  1.564076
0.100500  1.535267
0.067434  1.535587
0.066858  1.478351
0.167248  1.591865
0.199746  1.534226
0.183497  1.563046
0.233417  1.591182
0.200333  1.591524
0.216581  1.562704
0.150419  1.563396
0.133589  1.534927
0.166667  1.534576
0.101071  1.592545
0.134160  1.592205
0.117330  1.563736
0.217755  1.677310
0.200919  1.648829
0.184084  1.620347
0.250252  1.619663
0.234003  1.648487
0.217168  1.620005
0.283932  1.676627
0.250843  1.676969
0.267092  1.648145
0.268242  1.762769
0.318399  1.848395
0.351128  1.790639
0.334764  1.819517
0.284961  1.791311
0.301680  1.819853
0.301325  1.762434
0.334409  1.762098
0.318045  1.790975
0.234584  1.705797
0.251413  1.734283
0.300761  1.705114
0.284501  1.733942
0.267672  1.705455
0.317585  1.733606
0.417578  1.847470
0.433975  1.818564
0.450372  1.789658
0.483804  1.846787
0.450691  1.847128
0.467088  1.818222
0.400883  1.818901
0.384519  1.847778
0.351459  1.848086
0.384188  1.790331
0.367823  1.819209
0.417280  1.789995
0.468082  1.933008
0.484360  1.904154
0.500639  1.875300
0.534350  1.932316
0.501216  1.932662
0.517494  1.903808
0.451247  1.904496
0.434413  1.875983
0.467526  1.875641
0.518608  2.018561
0.569170  2.104127
0.552316  2.075605
0.535462  2.047083
0.584894  2.017868
0.534900  1.989697
0.551192  1.960834
0.551751  2.018214
0.568043  1.989351
0.501766  1.990044
0.484924  1.961526
0.518058  1.961180
0.585459  2.075258
0.601748  2.046390
0.635471  2.103432
0.602320  2.103779
0.618609  2.074911
0.568605  2.046736
0.619762  2.189701
0.602898  2.161176
0.586034  2.132651
0.636049  2.160829
0.652335  2.131957
0.686046  2.189024
0.652904  2.189362
0.669190  2.160490
0.619184  2.132304
0.670353  2.275300
0.686631  2.246428
0.702909  2.217557
0.736647  2.274624
0.703500  2.274962
0.719778  2.246090
0.653489  2.246767
0.636626  2.218234
0.669768  2.217895
0.720950  2.360915
0.704084  2.332377
0.687219  2.303838
0.753513  2.303162
0.737231  2.332039
0.720366  2.303500
0.787251  2.360238
0.754100  2.360577
0.770382  2.331700
0.771561  2.446461
0.737820  2.389431
0.754690  2.417946
0.804121  2.388754
0.787841  2.417607
0.770971  2.389092
0.837865  2.445838
0.804713  2.446150
0.820993  2.417296
0.822263  2.531346
0.788461  2.474756
0.805362  2.503051
0.854766  2.474133
0.838514  2.502740
0.821614  2.474445
0.888512  2.531230
0.873376  2.617736
0.939300  2.617132
0.906338  2.617434
0.905549  2.560027
0.889463  2.588882
0.922425  2.588580
0.855387  2.531288
0.856338  2.588940
0.839300  2.560143
0.872425  2.560085
0.871639  2.502682
0.924175  2.705334
0.975851  2.796291
1.042763  2.797977
1.009307  2.797134
1.007814  2.737266
0.991833  2.766778
1.025288  2.767621
0.890309  2.646936
0.907242  2.676135
0.956233  2.646331
0.940204  2.675833
0.923271  2.646633
0.990588  2.706947
0.958626  2.765972
0.941401  2.735653
0.957382  2.706141
0.974607  2.736459
0.973411  2.676639
1.027129  2.884957
0.992944  2.825846
1.010037  2.855401
1.059856  2.827532
1.043493  2.856244
1.026400  2.826689
1.093605  2.884697
1.077888  2.971292
1.060969  2.942514
1.044049  2.913735
1.060367  2.884827
1.110525  2.913476
1.094206  2.942384
1.077287  2.913605
1.076731  2.856114
1.144278  2.970647
1.111083  2.970969
1.127402  2.942061
1.128520  3.057055
1.094765  2.999880
1.111642  3.028467
1.161156  2.999234
1.144838  3.028145
1.127960  2.999557
1.161717  3.056732
1.194914  3.056410
1.178035  3.027822
1.179144  3.142820
1.145394  3.085643
1.162269  3.114232
1.195466  3.113909
1.211789  3.084998
1.178592  3.085321
1.212335  3.142501
1.245526  3.142182
1.228658  3.113590
1.229698  3.228659
1.280256  3.314510
1.263403  3.285893
1.246550  3.257276
1.296108  3.228016
1.262903  3.228337
1.296608  3.285571
1.312960  3.256633
1.346681  3.313877
1.313468  3.314193
1.329821  3.285255
1.262378  3.170795
1.246038  3.199727
1.195995  3.171433
1.212846  3.200046
1.229186  3.171114
1.279243  3.199406
1.279755  3.256954
1.330899  3.400357
1.314018  3.371741
1.297137  3.343125
1.363562  3.342493
1.347230  3.371425
1.330349  3.342809
1.397317  3.399693
1.364108  3.400025
1.380439  3.371093
1.380412  3.488330
1.422622  3.565721
1.394482  3.514127
1.408552  3.539924
1.456249  3.509424
1.439435  3.537572
1.411296  3.485979
1.442179  3.483627
1.413821  3.429018
1.347403  3.429681
1.363908  3.459006
1.397116  3.458674
1.380612  3.429350
1.428000  3.456322
1.425366  3.511776
1.449783  3.561296
1.476944  3.556871
1.466596  3.533147
1.461714  3.609473
1.390285  3.665021
1.401064  3.631921
1.411843  3.598821
1.442168  3.587597
1.450935  3.642573
1.420610  3.653797
1.431389  3.620697
1.469329  3.583172
1.461364  3.723495
1.467996  3.692780
1.474628  3.662065
1.522947  3.698435
1.492156  3.710965
1.498788  3.680250
1.437671  3.704004
1.413978  3.684512
1.444303  3.673289
1.368081  -3.758770
1.374150  -3.726416
1.380220  -3.694062
1.399175  -3.747012
1.430270  -3.735253
1.405245  -3.714658
1.294569  -3.696616
1.305511  -3.591923
1.332438  -3.615184
1.359364  -3.638446
1.325143  -3.684980
1.355717  -3.673344
1.298217  -3.661719
1.301864  -3.626821
1.328790  -3.650082
1.343577  -3.738052
1.319073  -3.717334
1.349647  -3.705698
1.342212  -3.585087
1.378912  -3.578251
1.341696  -3.527781
1.259357  -3.496457
1.326311  -3.495959
1.292834  -3.496208
1.293714  -3.439830
1.276535  -3.468143
1.310012  -3.467894
1.369138  -3.608348
1.323604  -3.559852
1.274742  -3.528279
1.290127  -3.560101
1.308219  -3.528030
1.360304  -3.553016
1.211254  -3.410415
1.162389  -3.323589
1.113549  -3.236773
1.129829  -3.265712
1.146109  -3.294650
1.196231  -3.266445
1.195599  -3.323955
1.228809  -3.324320
1.179310  -3.295017
1.212520  -3.295382
1.244467  -3.410782
1.277679  -3.411149
1.245097  -3.353262
1.228176  -3.381838
1.261388  -3.382206
1.227288  -3.439095
1.243323  -3.467776
1.260501  -3.439463
1.178677  -3.352531
1.194966  -3.381473
1.211887  -3.352896
1.146750  -3.237140
1.179951  -3.237506
1.147383  -3.179641
1.064720  -3.149974
1.015887  -3.063199
0.967068  -2.976427
0.918270  -2.889669
0.934923  -2.861127
0.951575  -2.832584
0.951454  -2.890032
0.984637  -2.890394
0.968106  -2.861489
1.130466  -3.208207
1.080996  -3.178907
1.097273  -3.207840
1.097913  -3.150341
1.131106  -3.150708
1.081632  -3.121413
1.098544  -3.092852
1.049077  -3.063563
1.032800  -3.034639
1.000254  -2.976791
1.033439  -2.977155
0.983985  -2.947870
1.000903  -2.919313
0.950802  -2.947508
0.934536  -2.918589
0.967719  -2.918951
1.163667  -3.208574
1.163030  -3.266078
1.114825  -3.121780
1.114190  -3.179274
1.049712  -3.006079
0.999614  -3.034275
0.983341  -3.005351
1.016527  -3.005715
1.082266  -3.063927
1.065989  -3.035003
1.032165  -3.092124
1.048442  -3.121049
1.065354  -3.092488
1.017171  -2.948234
0.867186  -2.803741
0.816599  -2.718123
0.850324  -2.775202
0.833462  -2.746662
0.850245  -2.718246
0.883892  -2.718370
0.883970  -2.775325
0.900754  -2.746910
0.934547  -2.803941
0.900867  -2.803841
0.901242  -2.861027
0.884214  -2.832384
0.917895  -2.832484
0.917651  -2.775425
0.867108  -2.746786
0.833387  -2.689670
0.767281  -2.632415
0.718527  -2.545771
0.669799  -2.459131
0.621083  -2.372501
0.572368  -2.285887
0.524249  -2.193320
0.590098  -2.198039
0.557174  -2.195679
0.556329  -2.255031
0.540289  -2.224175
0.589253  -2.257391
0.606138  -2.228895
0.573213  -2.226535
0.850175  -2.661217
0.800508  -2.632531
0.833735  -2.632648
0.784163  -2.603909
0.751660  -2.546146
0.784793  -2.546522
0.752300  -2.488763
0.735414  -2.517267
0.686042  -2.488011
0.702285  -2.516891
0.702928  -2.459507
0.736057  -2.459883
0.686686  -2.430631
0.654208  -2.372877
0.637971  -2.343998
0.638621  -2.286625
0.605494  -2.286256
0.604845  -2.343629
0.588607  -2.314758
0.654859  -2.315496
0.621733  -2.315127
0.867033  -2.689793
0.801044  -2.575403
0.751030  -2.603534
0.734779  -2.574652
0.767911  -2.575028
0.817390  -2.604025
0.783720  -2.660984
0.800160  -2.689553
0.816948  -2.661101
0.768546  -2.517642
0.703572  -2.402130
0.687334  -2.373254
0.671096  -2.344375
0.719815  -2.431007
0.719171  -2.488387
0.653561  -2.430254
0.637322  -2.401377
0.670447  -2.401754
0.622379  -2.257760
0.557963  -2.137245
0.541106  -2.165282
0.574030  -2.167642
0.475781  -2.106938
0.427079  -2.020421
0.378384  -1.933891
0.444569  -1.934614
0.411476  -1.934252
0.412101  -1.876940
0.395243  -1.905415
0.428335  -1.905777
0.508794  -2.107694
0.541807  -2.108451
0.509488  -2.049962
0.443313  -2.049260
0.459547  -2.078099
0.492635  -2.078450
0.493254  -2.021123
0.460166  -2.020772
0.460800  -1.963457
0.410847  -1.991578
0.394616  -1.962734
0.443939  -1.991939
0.427708  -1.963096
0.525647  -2.079206
0.491937  -2.135732
0.508093  -2.164526
0.524950  -2.136488
0.477027  -1.992290
0.476400  -2.049611
0.329713  -1.847376
0.362161  -1.905053
0.345937  -1.876214
0.395878  -1.848101
0.362795  -1.847739
0.379019  -1.876577
0.363415  -1.790439
0.297258  -1.789720
0.313486  -1.818548
0.346564  -1.818908
0.330337  -1.790079
0.379646  -1.819270
0.133125  -1.673358
0.116898  -1.644544
0.100670  -1.615729
0.149983  -1.644882
0.166841  -1.616405
0.133755  -1.616067
0.199283  -1.674054
0.166204  -1.673706
0.183062  -1.645230
0.181805  -1.759818
0.165578  -1.730998
0.149352  -1.702178
0.215509  -1.702874
0.198657  -1.731346
0.182431  -1.702526
0.247956  -1.760534
0.214880  -1.760176
0.231732  -1.731704
0.230485  -1.846288
0.198031  -1.788641
0.214258  -1.817464
0.264183  -1.789357
0.247334  -1.817822
0.231107  -1.788999
0.296637  -1.847013
0.263561  -1.846650
0.280410  -1.818185
-0.063418  -1.499711
-0.112069  -1.414693
-0.096038  -1.388653
-0.080008  -1.362613
-0.079334  -1.414600
-0.046599  -1.414508
-0.063303  -1.388560
-0.030416  -1.499872
0.002586  -1.500033
-0.046900  -1.471279
-0.030382  -1.442847
-0.095852  -1.443032
-0.079635  -1.471371
-0.063117  -1.442940
-0.013898  -1.471440
-0.014773  -1.585886
-0.047203  -1.528436
-0.030988  -1.557161
0.018801  -1.528758
0.002014  -1.557322
0.051370  -1.586571
0.018298  -1.586229
0.035086  -1.557665
-0.014201  -1.528597
-0.128691  -1.388050
-0.145314  -1.361407
-0.112661  -1.362010
0.033909  -1.672306
0.017682  -1.643499
0.001454  -1.614693
0.067597  -1.615378
0.050753  -1.643842
0.034526  -1.615035
0.100053  -1.673008
0.066981  -1.672657
0.083825  -1.644193
-0.211330  -1.413490
-0.259962  -1.325661
-0.227541  -1.384213
-0.243752  -1.354937
-0.227287  -1.328696
-0.194612  -1.331730
-0.194866  -1.387248
-0.178401  -1.361006
-0.211076  -1.357972
-0.178243  -1.413891
-0.145156  -1.414292
-0.161779  -1.387649
-0.242501  -1.306488
-0.303917  -1.230203
-0.289265  -1.262022
-0.274614  -1.293842
-0.225041  -1.287315
-0.271804  -1.242849
-0.239692  -1.255496
-0.257153  -1.274669
-0.209826  -1.309522
-0.273640  -1.216982
-0.243364  -1.203761
-0.241528  -1.229628
-0.303917  1.230203
-0.279435  1.248325
-0.254954  1.266447
-0.243364  1.203761
-0.273640  1.216982
-0.249159  1.235104
-0.321352  1.324170
-0.291059  1.310969
-0.260766  1.297769
-0.309728  1.261525
-0.315540  1.292848
-0.285247  1.279647
-0.252924  1.357200
-0.223762  1.429307
-0.128142  1.425697
-0.113322  1.396059
-0.098502  1.366421
-0.096497  1.424516
-0.064852  1.423335
-0.081677  1.394878
-0.237956  1.308779
-0.245440  1.332990
-0.298543  1.335180
-0.275733  1.346190
-0.268249  1.321980
-0.197512  1.351162
-0.225218  1.354181
-0.233483  1.405271
-0.243203  1.381236
-0.205777  1.402252
-0.142030  1.399845
-0.155918  1.373994
-0.187792  1.375197
-0.191889  1.428103
-0.160016  1.426900
-0.173904  1.401049
-0.217734  1.329971
-0.215497  1.378216
-0.127210  1.370208
-0.081123  1.508960
-0.031163  1.593989
0.001319  1.536275
-0.014922  1.565132
-0.064470  1.537303
-0.047816  1.565646
-0.048229  1.508446
-0.015334  1.507932
-0.031575  1.536789
-0.065151  1.480025
-0.049179  1.451090
-0.032256  1.479511
-0.112469  1.453451
-0.096796  1.481205
-0.080824  1.452270
0.034934  1.593253
0.001886  1.593621
0.018127  1.564764
0.019240  1.679347
0.002439  1.650894
-0.014362  1.622442
0.035487  1.650527
0.051735  1.621706
0.018687  1.622074
0.118496  1.678325
0.101658  1.649845
0.084821  1.621365
0.085410  1.678665
0.052325  1.679006
0.068573  1.650186
0.134747  1.649505
0.150998  1.620685
0.184668  1.677648
0.151582  1.677986
0.167833  1.649167
0.117909  1.621025
0.168957  1.763760
0.152137  1.735282
0.135316  1.706803
0.201489  1.706127
0.185223  1.734943
0.168403  1.706465
0.235147  1.763100
0.202052  1.763430
0.218318  1.734613
0.219260  1.849250
0.269473  1.934885
0.368694  1.934048
0.335620  1.934327
0.302547  1.934606
0.285782  1.906055
0.302090  1.877225
0.351929  1.905497
0.335164  1.876946
0.318855  1.905776
0.185725  1.792257
0.202492  1.820754
0.251914  1.791596
0.235587  1.820423
0.218820  1.791927
0.285353  1.848680
0.252306  1.848965
0.252735  1.906340
0.235997  1.877795
0.269044  1.877510
0.268634  1.820138
0.401283  1.876329
0.384989  1.905189
0.434952  1.933355
0.401823  1.933702
0.418118  1.904842
0.368224  1.876638
0.419202  2.019596
0.385530  1.962564
0.402366  1.991080
0.451789  1.961871
0.435495  1.990733
0.485473  2.018906
0.469708  2.105162
0.502308  2.047428
0.486008  2.076295
0.536016  2.104472
0.502862  2.104817
0.519162  2.075950
0.452337  2.019251
0.452872  2.076640
0.436037  2.048118
0.469173  2.047773
0.468631  1.990388
0.418659  1.962217
0.520320  2.190727
0.486578  2.133684
0.503449  2.162205
0.552886  2.132993
0.536603  2.161860
0.519732  2.133339
0.586615  2.190043
0.553467  2.190385
0.569751  2.161518
0.570913  2.276320
0.537184  2.219258
0.554049  2.247789
0.603479  2.218574
0.587196  2.247447
0.570332  2.218916
0.637206  2.275640
0.621507  2.361925
0.604643  2.333390
0.587778  2.304855
0.604060  2.275980
0.654071  2.304175
0.637789  2.333050
0.620924  2.304515
0.620343  2.247107
0.687802  2.361252
0.654655  2.361589
0.670937  2.332714
0.672106  2.447547
0.638374  2.390466
0.655240  2.419006
0.704669  2.389792
0.688387  2.418670
0.671521  2.390129
0.705258  2.447185
0.738409  2.446823
0.721539  2.418308
0.722710  2.532706
0.688974  2.475933
0.705842  2.504319
0.738994  2.503958
0.755277  2.475209
0.722126  2.475571
0.755894  2.532253
0.789079  2.531799
0.772178  2.503504
0.774876  2.619645
0.827509  2.708252
0.809965  2.678716
0.792420  2.649181
0.840543  2.618372
0.807709  2.619009
0.858087  2.647908
0.842798  2.678080
0.825254  2.648544
0.806467  2.560779
0.790672  2.590212
0.823505  2.589576
0.740099  2.561685
0.757487  2.590665
0.773283  2.561232
0.891953  2.706307
0.876765  2.795620
0.892569  2.765525
0.908372  2.735429
0.909794  2.795844
0.942823  2.796067
0.925597  2.765748
0.859731  2.707279
0.860347  2.766497
0.843928  2.737375
0.876150  2.736402
0.875020  2.677107
0.927673  2.886510
0.978302  2.972259
0.960825  2.885992
0.993977  2.885475
0.994578  2.943158
1.010853  2.914057
0.961425  2.943676
0.944549  2.915093
0.977701  2.914575
0.943732  2.856437
0.959792  2.826364
0.976885  2.855919
0.910704  2.856214
0.893735  2.825917
0.926763  2.826140
1.044693  2.971615
1.011497  2.971937
1.027773  2.942836
1.028930  3.058022
1.012054  3.029434
0.995178  3.000847
1.061569  3.000202
1.045249  3.029112
1.028373  3.000524
1.095323  3.057377
1.062127  3.057700
1.078446  3.028790
1.079567  3.143792
1.045809  3.086612
1.062688  3.115202
1.112202  3.085967
1.095884  3.114880
1.079005  3.086290
1.112759  3.143468
1.145952  3.143144
1.129077  3.114556
1.130125  3.229590
1.180632  3.315475
1.196987  3.286536
1.213342  3.257598
1.247048  3.314832
1.213840  3.315153
1.230195  3.286215
1.162804  3.171743
1.146464  3.200667
1.096420  3.172391
1.113272  3.200991
1.129612  3.172067
1.163316  3.229280
1.196507  3.228969
1.163796  3.286847
1.146960  3.258218
1.180151  3.257908
1.179655  3.200356
1.231249  3.401328
1.214377  3.372710
1.197504  3.344093
1.263920  3.343449
1.247585  3.372388
1.230712  3.343771
1.297682  3.400680
1.264466  3.401004
1.280801  3.372065
1.282591  3.490513
1.337783  3.590979
1.286922  3.687397
1.303876  3.655258
1.320829  3.623118
1.355284  3.615659
1.372784  3.640340
1.321376  3.679939
1.355830  3.672480
1.338330  3.647799
1.248363  3.431056
1.265477  3.460784
1.314796  3.430409
1.298694  3.460461
1.281580  3.430732
1.347805  3.489058
1.319386  3.557490
1.300989  3.524001
1.315198  3.489785
1.366202  3.522547
1.351993  3.556763
1.333596  3.523274
1.331301  3.459733
1.366063  3.582559
1.394342  3.574140
1.380272  3.548343
1.383563  3.607240
1.368081  3.758770
1.341028  3.734979
1.313975  3.711188
1.375482  3.727521
1.382883  3.696271
1.348429  3.703730
1.430270  3.735253
1.399175  3.747012
1.406576  3.715762
1.273947  -3.791709
1.280821  -3.760012
1.287695  -3.728314
1.305325  -3.780730
1.336703  -3.769750
1.312199  -3.749032
1.230689  -3.653560
1.280571  -3.612469
1.255630  -3.633014
1.273276  -3.682264
1.251983  -3.667912
1.276923  -3.647366
1.206812  -3.734642
1.265317  -3.709292
1.236064  -3.721967
1.251568  -3.772687
1.229190  -3.753665
1.258443  -3.740989
1.214771  -3.707615
1.222730  -3.680587
1.244024  -3.694940
1.204751  -3.580879
1.160484  -3.496158
1.111621  -3.409311
1.062790  -3.322497
1.095344  -3.380373
1.079067  -3.351435
1.129189  -3.323225
1.095990  -3.322861
1.096630  -3.265348
1.079710  -3.293923
1.112909  -3.294286
1.238338  -3.584560
1.271925  -3.588242
1.222953  -3.552738
1.241155  -3.524597
1.193441  -3.496258
1.226399  -3.496357
1.194330  -3.438996
1.127908  -3.438260
1.144196  -3.467209
1.177407  -3.467577
1.178043  -3.410047
1.144832  -3.409679
1.145466  -3.352163
1.128544  -3.380737
1.112267  -3.351799
1.256540  -3.556419
1.213397  -3.605106
1.222043  -3.629333
1.246984  -3.608787
1.210365  -3.467677
1.175240  -3.524398
1.189995  -3.552639
1.208197  -3.524498
1.161755  -3.381105
1.161119  -3.438628
1.013971  -3.235665
0.965154  -3.148876
0.916329  -3.062099
0.867523  -2.975339
0.884439  -2.946782
0.901355  -2.918226
0.933887  -2.976064
0.900705  -2.975701
0.917621  -2.947145
1.046517  -3.293553
1.030244  -3.264609
1.080357  -3.236404
1.047164  -3.236034
1.063437  -3.264978
1.047803  -3.178538
1.030887  -3.207101
0.981426  -3.177806
0.997698  -3.206735
0.998342  -3.149242
1.031531  -3.149608
0.982065  -3.120317
0.949515  -3.062466
0.933242  -3.033542
0.900061  -3.033179
0.883792  -3.004259
0.950155  -3.004984
0.916974  -3.004622
1.064080  -3.207471
0.998976  -3.091758
0.982701  -3.062832
0.966428  -3.033908
1.015254  -3.120683
1.014615  -3.178172
0.948879  -3.119951
0.932604  -3.091025
0.965790  -3.091391
0.818071  -2.888766
0.766468  -2.803618
0.850815  -2.832083
0.834443  -2.860424
0.783669  -2.832000
0.800870  -2.860383
0.800041  -2.803659
0.833614  -2.803700
0.817242  -2.832041
0.884871  -2.889368
0.851471  -2.889067
0.867843  -2.860725
0.851039  -2.946481
0.834555  -2.917623
0.867955  -2.917925
0.783178  -2.775119
0.799889  -2.746621
0.816751  -2.775160
0.716604  -2.717961
0.667865  -2.631293
0.733496  -2.689446
0.750389  -2.660930
0.701004  -2.631667
0.734142  -2.632041
0.684111  -2.660182
0.700357  -2.689072
0.717250  -2.660556
0.749935  -2.718015
0.783267  -2.718069
0.733225  -2.746513
0.749847  -2.775065
0.766557  -2.746567
0.766828  -2.689499
0.684752  -2.602786
0.701640  -2.574278
0.717891  -2.603160
0.619134  -2.544639
0.570419  -2.457975
0.522303  -2.369692
0.474853  -2.278897
0.506486  -2.339427
0.490670  -2.309162
0.539863  -2.283557
0.507358  -2.281227
0.555680  -2.313822
0.538991  -2.341757
0.523175  -2.311492
0.652265  -2.545016
0.685396  -2.545393
0.636023  -2.516136
0.652911  -2.487634
0.603546  -2.458360
0.587307  -2.429484
0.588156  -2.371565
0.555230  -2.370628
0.554380  -2.428548
0.538342  -2.399120
0.604195  -2.400992
0.571268  -2.400056
0.669154  -2.516513
0.635378  -2.573523
0.651621  -2.602408
0.668509  -2.573901
0.636673  -2.458746
0.620434  -2.429869
0.586657  -2.486863
0.602896  -2.515751
0.619784  -2.487248
0.571918  -2.342693
0.507784  -2.221845
0.491319  -2.250371
0.523824  -2.252701
0.426007  -2.192682
0.376519  -2.105838
0.327831  -2.019289
0.344682  -1.990823
0.361533  -1.962357
0.393996  -2.020044
0.360914  -2.019667
0.377765  -1.991200
0.458755  -2.192895
0.491502  -2.193107
0.459190  -2.135519
0.393015  -2.134786
0.409511  -2.163734
0.442599  -2.164101
0.442694  -2.106571
0.409606  -2.106205
0.410225  -2.048893
0.360290  -2.076988
0.344061  -2.048139
0.393372  -2.077366
0.377143  -2.048516
0.475346  -2.164313
0.442289  -2.221421
0.458571  -2.250159
0.475037  -2.221633
0.426460  -2.077732
0.426103  -2.135153
0.279158  -1.932753
0.345309  -1.933512
0.312233  -1.933133
0.311607  -1.990444
0.295382  -1.961599
0.328458  -1.961978
0.312861  -1.875835
0.246710  -1.875110
0.262934  -1.903931
0.296010  -1.904294
0.279785  -1.875472
0.329085  -1.904673
0.082587  -1.758749
-0.016622  -1.757679
-0.065305  -1.671250
-0.113993  -1.584864
-0.047847  -1.585545
-0.080920  -1.585205
-0.081534  -1.642454
-0.097764  -1.613659
-0.048461  -1.642795
-0.031617  -1.614340
-0.064691  -1.614000
0.066361  -1.729934
0.000222  -1.729221
-0.032234  -1.671602
0.000838  -1.671954
0.017065  -1.700764
-0.032850  -1.728869
-0.049077  -1.700059
-0.016006  -1.700412
0.050135  -1.701120
0.049517  -1.758392
0.016448  -1.758036
0.033291  -1.729578
0.116279  -1.701822
0.099433  -1.730285
0.083207  -1.701471
0.148732  -1.759461
0.115659  -1.759105
0.132506  -1.730642
0.131262  -1.845211
0.098812  -1.787569
0.115037  -1.816390
0.164957  -1.788282
0.148110  -1.816746
0.131885  -1.787926
0.164337  -1.845570
0.197411  -1.845929
0.181184  -1.817105
0.179944  -1.931676
0.147489  -1.874032
0.163717  -1.902854
0.196791  -1.903213
0.213638  -1.874750
0.180564  -1.874391
0.213015  -1.932035
0.246086  -1.932394
0.229862  -1.903572
-0.080276  -1.528095
-0.097135  -1.556480
-0.064061  -1.556820
-0.162666  -1.498449
-0.261814  -1.497380
-0.321870  -1.408809
-0.301234  -1.381093
-0.280598  -1.353377
-0.248177  -1.411929
-0.285024  -1.410369
-0.264388  -1.382653
-0.129583  -1.498869
-0.096500  -1.499290
-0.145800  -1.470530
-0.128934  -1.442611
-0.178887  -1.470129
-0.195109  -1.441809
-0.244986  -1.469416
-0.281833  -1.467856
-0.301852  -1.438332
-0.228158  -1.441453
-0.265005  -1.439893
-0.112717  -1.470951
-0.146442  -1.527254
-0.130218  -1.556059
-0.113359  -1.527674
-0.162022  -1.442210
-0.015390  -1.643147
-0.228765  -1.497736
-0.195715  -1.498092
-0.211937  -1.469773
-0.337969  -1.318861
-0.285965  -1.323394
-0.311967  -1.321127
-0.315267  -1.259756
-0.326618  -1.289308
-0.300616  -1.291575
-0.327237  -1.378826
-0.332603  -1.348843
-0.306601  -1.351110
-0.395322  -1.268518
-0.376204  -1.285299
-0.357087  -1.302080
-0.364853  -1.255746
-0.334385  -1.242975
-0.345736  -1.272527
-0.395322  1.268518
-0.370665  1.287069
-0.346009  1.305619
-0.334385  1.242975
-0.364853  1.255746
-0.340197  1.274297
-0.419298  1.369672
-0.403314  1.302236
-0.411306  1.335954
-0.386649  1.354505
-0.354001  1.339337
-0.378657  1.320787
-0.329386  1.425189
-0.324030  1.357843
-0.326708  1.391516
-0.389327  1.388178
-0.359357  1.406683
-0.356679  1.373010
-0.303899  1.402526
-0.278411  1.379863
-0.258970  1.427934
-0.280262  1.510919
-0.181084  1.509630
-0.195310  1.482856
-0.209536  1.456081
-0.261429  1.483715
-0.242596  1.456511
-0.247202  1.510489
-0.214143  1.510060
-0.228369  1.483285
-0.301221  1.368853
-0.294178  1.426561
-0.296636  1.482342
-0.313011  1.453765
-0.277803  1.455138
-0.268691  1.403898
-0.163437  1.481652
-0.145789  1.453675
-0.177663  1.454878
-0.147764  1.509407
-0.114443  1.509183
-0.130116  1.481429
-0.130410  1.595055
-0.080024  1.680371
-0.064245  1.594344
-0.097327  1.594699
-0.096819  1.651932
-0.113614  1.623493
-0.063737  1.651577
-0.047450  1.622783
-0.080532  1.623138
-0.097552  1.537658
-0.113981  1.566356
-0.080899  1.566001
-0.164192  1.538105
-0.147301  1.566580
-0.130872  1.537881
-0.013848  1.679688
-0.046936  1.680030
-0.030649  1.651236
-0.029510  1.765810
-0.046348  1.737330
-0.063186  1.708850
0.002990  1.708168
-0.013260  1.736989
-0.030098  1.708509
0.069738  1.764793
0.052905  1.736311
0.036072  1.707829
0.102243  1.707147
0.085991  1.735970
0.069158  1.707488
0.036655  1.765132
0.003573  1.765471
0.019823  1.736650
0.135884  1.764104
0.102811  1.764449
0.119064  1.735626
0.120162  1.850202
0.086546  1.793263
0.103354  1.821732
0.152692  1.792574
0.136427  1.821388
0.119619  1.792918
0.153195  1.849885
0.186227  1.849568
0.169460  1.821071
0.170309  1.935861
0.220507  2.021521
0.203775  1.992967
0.187042  1.964414
0.236418  1.935210
0.203364  1.935535
0.236829  1.992642
0.319799  2.020617
0.303023  1.992040
0.286248  1.963462
0.336097  1.991761
0.352395  1.962905
0.319322  1.963183
0.202943  1.878120
0.186626  1.906990
0.219681  1.906665
0.136878  1.878755
0.153593  1.907308
0.169910  1.878438
0.253151  1.963764
0.286702  2.020918
0.253605  2.021220
0.269926  1.992341
0.220096  1.964089
0.352933  2.020277
0.386068  2.019936
0.369232  1.991420
0.370324  2.106177
0.386617  2.077317
0.402909  2.048456
0.353482  2.077657
0.336640  2.049137
0.369775  2.048797
0.403452  2.105839
0.436580  2.105500
0.419745  2.076978
0.420881  2.191752
0.471474  2.277332
0.454027  2.191410
0.487173  2.191069
0.487756  2.248464
0.504038  2.219595
0.454610  2.248805
0.437745  2.220278
0.470892  2.219937
0.437156  2.162888
0.453432  2.134025
0.470303  2.162547
0.404029  2.163227
0.387176  2.134702
0.420304  2.134364
0.504620  2.276995
0.522061  2.362938
0.537767  2.276658
0.538345  2.334065
0.554629  2.305193
0.505199  2.334402
0.488336  2.305867
0.521483  2.305530
0.520902  2.248126
0.588359  2.362263
0.555210  2.362600
0.571494  2.333728
0.572657  2.448558
0.555791  2.420018
0.538926  2.391478
0.605224  2.390803
0.588940  2.419680
0.572075  2.391140
0.638956  2.447884
0.605806  2.448221
0.622090  2.419343
0.623278  2.535676
0.676388  2.620652
0.640982  2.564001
0.658685  2.592327
0.707270  2.562021
0.691829  2.591337
0.656422  2.534686
0.689566  2.533696
0.655830  2.476923
0.589530  2.477597
0.606404  2.506637
0.639554  2.506299
0.622680  2.477260
0.672698  2.505309
0.674126  2.563011
0.709218  2.620316
0.727010  2.707176
0.777854  2.797271
0.828074  2.885537
0.811334  2.856115
0.794594  2.826693
0.843795  2.796171
0.810825  2.796721
0.844304  2.855565
0.860535  2.825593
0.827564  2.826143
0.742047  2.619981
0.742965  2.677999
0.758920  2.648822
0.760509  2.707535
0.794009  2.707893
0.776465  2.678358
0.724658  2.591001
0.693262  2.649494
0.710136  2.678335
0.726091  2.649158
0.794406  2.767598
0.810957  2.737925
0.827376  2.767048
0.743958  2.737208
0.760906  2.767240
0.777458  2.737567
0.894473  2.886186
0.861273  2.885862
0.877504  2.855889
0.878716  2.973226
0.861835  2.943997
0.844954  2.914767
0.895035  2.944321
0.911354  2.915416
0.945106  2.972582
0.911911  2.972904
0.928230  2.943999
0.878154  2.915091
0.929343  3.058985
0.912467  3.030399
0.895592  3.001813
0.961982  3.001168
0.945663  3.030076
0.928787  3.001490
0.995734  3.058343
0.962539  3.058664
0.978858  3.029755
0.979969  3.144753
0.946218  3.087574
0.963093  3.116163
1.012610  3.086932
0.996289  3.115842
0.979414  3.087253
1.046367  3.144112
1.013168  3.144433
1.029489  3.115522
1.030534  3.230526
1.081084  3.316379
1.097431  3.287449
1.113778  3.258520
1.147449  3.315776
1.114267  3.316078
1.130613  3.287148
0.996824  3.173344
1.013679  3.201935
1.063223  3.172703
1.046878  3.201615
1.030023  3.173024
1.096928  3.229902
1.063731  3.230214
1.064234  3.287761
1.047384  3.259144
1.080581  3.258832
1.080075  3.201303
1.131598  3.402299
1.114760  3.373659
1.097922  3.345019
1.164287  3.344417
1.147943  3.373358
1.131105  3.344718
1.198032  3.401652
1.164815  3.401975
1.181160  3.373034
1.182260  3.488127
1.148485  3.430908
1.165373  3.459517
1.214919  3.430261
1.198590  3.459194
1.181702  3.430584
1.215704  3.488922
1.249148  3.489717
1.232033  3.459989
1.232946  3.573957
1.267892  3.579631
1.302838  3.585305
1.268930  3.649584
1.250938  3.611771
1.285884  3.617444
1.249494  3.546142
1.266043  3.518328
1.284440  3.551816
1.199155  3.516737
1.216051  3.545347
1.232599  3.517532
1.175103  3.666085
1.213665  3.604666
1.194384  3.635375
1.249649  3.680293
1.212376  3.673189
1.231657  3.642480
1.205100  3.743316
1.185102  3.691828
1.195101  3.717572
1.259648  3.706037
1.232374  3.724677
1.222375  3.698933
1.273947  3.791709
1.278272  3.756939
1.282597  3.722168
1.336703  3.769750
1.305325  3.780730
1.309650  3.745959
1.250998  3.775578
1.228049  3.759447
1.255323  3.740808
1.179021  -3.822291
1.112022  -3.760280
1.154676  -3.668860
1.109664  -3.585460
1.124668  -3.613260
1.139672  -3.641060
1.188060  -3.610206
1.171368  -3.639533
1.141360  -3.583933
1.173056  -3.582406
1.143544  -3.525925
1.060829  -3.495054
1.011989  -3.408337
0.963189  -3.321425
0.995723  -3.379366
0.979456  -3.350395
1.029589  -3.322140
0.996389  -3.321782
1.028923  -3.379724
1.045856  -3.351111
1.078410  -3.408986
1.045200  -3.408662
1.062133  -3.380048
1.188284  -3.793075
1.143619  -3.751734
1.175215  -3.743188
1.172055  -3.690788
1.189434  -3.712715
1.140458  -3.699333
1.126240  -3.729807
1.157837  -3.721261
1.197548  -3.763859
1.156688  -3.801621
1.134355  -3.780950
1.165951  -3.772405
1.210663  -3.812097
1.242305  -3.801903
1.219926  -3.782881
1.180014  -3.663760
1.205352  -3.658660
1.196706  -3.634433
1.197393  -3.685687
1.126604  -3.555693
1.077108  -3.525190
1.093386  -3.555325
1.127266  -3.495790
1.094047  -3.495422
1.094690  -3.437892
1.044549  -3.466149
1.028269  -3.437243
1.077760  -3.466473
1.061480  -3.437567
1.158300  -3.554166
1.156364  -3.611733
1.110978  -3.466841
1.110326  -3.525558
1.012656  -3.350753
0.997043  -3.264251
0.914408  -3.234549
0.865590  -3.147772
0.816774  -3.061005
0.767231  -2.974270
0.716615  -2.888483
0.784252  -2.888671
0.750434  -2.888577
0.750359  -2.945674
0.733487  -2.917079
0.784178  -2.945769
0.801124  -2.917267
0.767306  -2.917173
0.980116  -3.292838
0.930668  -3.263507
0.946929  -3.292466
0.947596  -3.234921
0.980783  -3.235293
0.931323  -3.205991
0.948238  -3.177434
0.898778  -3.148140
0.882503  -3.119215
0.899416  -3.090657
0.931966  -3.148508
0.915691  -3.119583
1.013316  -3.293196
0.964511  -3.206363
0.963856  -3.263879
0.881863  -3.176698
0.898135  -3.205623
0.915051  -3.177066
0.883144  -3.061734
0.849959  -3.061370
0.849318  -3.118850
0.833046  -3.089927
0.866231  -3.090292
0.850607  -3.003894
0.800260  -3.032093
0.783745  -3.003182
0.834092  -2.974982
0.800662  -2.974626
0.833691  -3.032449
0.817176  -3.003538
0.866876  -3.032814
0.817608  -2.946125
0.749850  -2.831906
0.733232  -2.860194
0.767051  -2.860289
0.665912  -2.803085
0.617168  -2.716831
0.568457  -2.630157
0.584694  -2.659048
0.600931  -2.687940
0.650966  -2.659806
0.650313  -2.717208
0.683459  -2.717584
0.634067  -2.688318
0.667212  -2.688695
0.699430  -2.803262
0.732949  -2.803440
0.699706  -2.746335
0.682809  -2.774710
0.716328  -2.774888
0.682813  -2.831551
0.699714  -2.860017
0.716331  -2.831728
0.633416  -2.745582
0.649664  -2.774334
0.666561  -2.745959
0.601593  -2.630535
0.634729  -2.630914
0.602242  -2.573145
0.519749  -2.543496
0.471048  -2.456687
0.423504  -2.367598
0.440621  -2.338031
0.457737  -2.308464
0.456437  -2.368296
0.489370  -2.368994
0.473554  -2.338729
0.585350  -2.601651
0.535985  -2.572383
0.552221  -2.601270
0.552878  -2.543877
0.586006  -2.544258
0.536639  -2.514989
0.553529  -2.486482
0.504172  -2.457117
0.488133  -2.427689
0.505218  -2.398691
0.455200  -2.426991
0.439352  -2.397294
0.472285  -2.397992
0.618486  -2.602029
0.617830  -2.659427
0.569768  -2.515370
0.569114  -2.572764
0.537295  -2.457546
0.521257  -2.428118
0.487282  -2.485623
0.503515  -2.514560
0.520405  -2.486053
0.375029  -2.278752
0.326212  -2.191690
0.358757  -2.249731
0.342485  -2.220711
0.392742  -2.192352
0.359477  -2.192021
0.409015  -2.221372
0.392022  -2.250062
0.375750  -2.221042
0.408304  -2.278800
0.441579  -2.278848
0.407346  -2.337982
0.391188  -2.308367
0.424462  -2.308415
0.425297  -2.250110
0.359750  -2.134455
0.342981  -2.163073
0.376246  -2.163404
0.277268  -2.104693
0.228611  -2.018177
0.262309  -1.961228
0.245460  -1.989702
0.294758  -2.018919
0.261685  -2.018548
0.278534  -1.990073
0.310977  -2.047757
0.294123  -2.076225
0.343435  -2.105456
0.310352  -2.105075
0.327206  -2.076607
0.293583  -2.133692
0.309898  -2.162691
0.326666  -2.134074
0.244830  -2.047016
0.261049  -2.075854
0.277904  -2.047386
0.196166  -1.960510
0.129394  -2.017076
0.080721  -1.930600
0.096945  -1.959425
0.113170  -1.988251
0.163094  -1.960143
0.146244  -1.988609
0.113795  -1.930959
0.146869  -1.931317
0.130020  -1.959784
0.212389  -1.989343
0.162467  -2.017443
0.195539  -2.017810
0.179317  -1.988976
0.229238  -1.960869
0.032048  -1.844133
0.015825  -1.815315
-0.000399  -1.786497
0.065741  -1.787210
0.048894  -1.815671
0.032671  -1.786854
0.098191  -1.844851
0.065119  -1.844492
0.081966  -1.816031
-0.067157  -1.843052
-0.115825  -1.756608
-0.164499  -1.670192
-0.098370  -1.670897
-0.131434  -1.670545
-0.132050  -1.727803
-0.148274  -1.698998
-0.098985  -1.728155
-0.082145  -1.699702
-0.115210  -1.699350
-0.083380  -1.814237
-0.099602  -1.785423
-0.049690  -1.757322
-0.082757  -1.756965
-0.033467  -1.786137
-0.050312  -1.814594
-0.066535  -1.785780
-0.065917  -1.728512
-0.001020  -1.843772
-0.034089  -1.843412
-0.017244  -1.814955
-0.147664  -1.641750
-0.130829  -1.613307
-0.114599  -1.642102
-0.213167  -1.583784
-0.312322  -1.582713
-0.362925  -1.501072
-0.329189  -1.555499
-0.346057  -1.528286
-0.295518  -1.498611
-0.329221  -1.499842
-0.295486  -1.554269
-0.278650  -1.525824
-0.312354  -1.527055
-0.180109  -1.584144
-0.147051  -1.584504
-0.196333  -1.555339
-0.179500  -1.526894
-0.229383  -1.554982
-0.245599  -1.526181
-0.279270  -1.583070
-0.246219  -1.583427
-0.262434  -1.554625
-0.163275  -1.555699
-0.196944  -1.612586
-0.180722  -1.641389
-0.163886  -1.612947
0.048272  -1.872955
0.064496  -1.901778
0.114415  -1.873674
0.097568  -1.902137
0.081344  -1.873314
0.130642  -1.902496
-0.212549  -1.526537
-0.335555  -1.439563
-0.349240  -1.470318
-0.315537  -1.469087
-0.408773  -1.361112
-0.487667  -1.304506
-0.461369  -1.323374
-0.435071  -1.342243
-0.399806  -1.299383
-0.404289  -1.330247
-0.456885  -1.292510
-0.426103  -1.280514
-0.430587  -1.311378
-0.410133  -1.439261
-0.351291  -1.418960
-0.380712  -1.429110
-0.409226  -1.387161
-0.409680  -1.413211
-0.379806  -1.377011
-0.350838  -1.392910
-0.380259  -1.403060
-0.385172  -1.347028
-0.361570  -1.332944
-0.356204  -1.362927
-0.378661  -1.480469
-0.394397  -1.459865
-0.364976  -1.449714
-0.380688  -1.316163
-0.487667  1.304506
-0.464877  1.326228
-0.442087  1.347950
-0.426103  1.280514
-0.456885  1.292510
-0.434095  1.314232
-0.491875  1.447469
-0.515077  1.374642
-0.499609  1.423194
-0.507343  1.398918
-0.451224  1.371329
-0.483150  1.372986
-0.443490  1.395605
-0.467682  1.421537
-0.475416  1.397261
-0.415894  1.452741
-0.466548  1.449226
-0.441221  1.450984
-0.418163  1.397362
-0.417028  1.425051
-0.442355  1.423294
-0.496803  1.327885
-0.505940  1.351263
-0.474014  1.349607
-0.358222  1.434373
-0.387058  1.443557
-0.388193  1.415867
-0.374010  1.517074
-0.328986  1.596999
-0.343994  1.570357
-0.359002  1.543716
-0.311511  1.512970
-0.342760  1.515022
-0.312745  1.568305
-0.296503  1.539612
-0.327753  1.541664
-0.359135  1.486446
-0.344261  1.455817
-0.327886  1.484394
-0.387971  1.495630
-0.401932  1.474185
-0.373097  1.465001
-0.229783  1.595985
-0.179281  1.681395
-0.212949  1.624455
-0.196115  1.652925
-0.162991  1.652615
-0.146700  1.623835
-0.113109  1.680712
-0.146195  1.681053
-0.129905  1.652273
-0.246609  1.567629
-0.263435  1.539274
-0.295919  1.596661
-0.262851  1.596323
-0.279677  1.567967
-0.213550  1.567200
-0.197317  1.538415
-0.230376  1.538844
-0.196659  1.595675
-0.163534  1.595365
-0.179825  1.624145
-0.180426  1.566890
-0.128758  1.766824
-0.145599  1.738347
-0.162440  1.709871
-0.096268  1.709188
-0.112513  1.738006
-0.129354  1.709530
-0.062592  1.766148
-0.095675  1.766486
-0.079430  1.737668
-0.078254  1.852274
-0.111923  1.795307
-0.095089  1.823791
-0.045758  1.794631
-0.062006  1.823453
-0.078841  1.794969
0.020903  1.851286
-0.012706  1.794302
0.004099  1.822794
0.053460  1.793624
0.037181  1.822455
0.020377  1.793963
-0.045202  1.851945
-0.012150  1.851615
-0.028954  1.823123
0.087076  1.850563
0.053989  1.850925
0.070268  1.822094
0.071167  1.936808
0.121285  2.022497
0.137626  1.993618
0.153968  1.964739
0.154359  2.022171
0.187433  2.021846
0.170700  1.993293
0.037657  1.879793
0.054412  1.908301
0.103830  1.879071
0.087499  1.907939
0.070744  1.879432
0.104214  1.936492
0.137262  1.936176
0.104579  1.993934
0.087873  1.965371
0.120920  1.965055
0.120546  1.907624
0.171549  2.108207
0.187869  2.079311
0.204188  2.050416
0.154795  2.079637
0.138040  2.051067
0.171114  2.050741
0.270914  2.107198
0.254112  2.078639
0.237310  2.050080
0.237792  2.107534
0.204671  2.107870
0.220990  2.078975
0.287209  2.078338
0.303504  2.049477
0.337187  2.106518
0.304051  2.106858
0.320346  2.077998
0.270407  2.049779
0.321475  2.192761
0.337758  2.163900
0.354041  2.135039
0.387746  2.192088
0.354610  2.192425
0.370893  2.163564
0.304621  2.164240
0.287768  2.135719
0.320904  2.135379
0.372037  2.278347
0.422614  2.363953
0.405755  2.335418
0.388896  2.306882
0.438328  2.277670
0.388318  2.249482
0.404600  2.220617
0.405183  2.278009
0.421464  2.249144
0.355183  2.249819
0.338329  2.221290
0.371464  2.220953
0.438901  2.335079
0.455187  2.306206
0.488912  2.363276
0.455763  2.363615
0.472050  2.334741
0.422042  2.306544
0.473210  2.449566
0.456345  2.421028
0.439479  2.392491
0.505777  2.391814
0.489494  2.420690
0.472628  2.392152
0.539508  2.448894
0.506359  2.449230
0.522643  2.420354
0.523999  2.536390
0.575518  2.626520
0.558345  2.596477
0.541172  2.566434
0.590185  2.535914
0.557092  2.536152
0.607358  2.565957
0.591438  2.596239
0.574265  2.566195
0.490140  2.478507
0.507069  2.507449
0.556437  2.477836
0.540218  2.507113
0.523289  2.478171
0.573311  2.506875
0.642765  2.622608
0.609142  2.624564
0.625062  2.594283
0.628317  2.710959
0.679225  2.798617
0.661214  2.709698
0.694112  2.708437
0.695153  2.768137
0.711082  2.737656
0.662256  2.769397
0.645286  2.740178
0.678184  2.738917
0.593118  2.654666
0.610717  2.682812
0.660365  2.650754
0.644341  2.680857
0.626741  2.652710
0.677238  2.679596
0.712102  2.798168
0.744978  2.797720
0.728030  2.767688
0.728798  2.886641
0.761502  2.827061
0.745150  2.856851
0.794982  2.885905
0.761890  2.886273
0.778242  2.856483
0.695749  2.827958
0.712274  2.857300
0.728626  2.827510
0.779135  2.973865
0.811761  2.914980
0.795448  2.944422
0.845522  2.973439
0.812329  2.973652
0.828641  2.944210
0.762356  2.944790
0.745577  2.915716
0.778669  2.915348
0.829754  3.059947
0.812881  3.031253
0.796008  3.002559
0.862395  3.002133
0.846075  3.031040
0.829202  3.002346
0.896147  3.059305
0.862950  3.059626
0.879271  3.030719
0.880384  3.145713
0.846630  3.088536
0.863507  3.117125
0.913023  3.087894
0.896704  3.116804
0.879827  3.088215
0.913579  3.145393
0.946774  3.145073
0.929898  3.116484
0.930974  3.231476
0.897247  3.174301
0.914111  3.202888
0.947306  3.202568
0.963637  3.173660
0.930442  3.173981
0.964161  3.231159
0.997348  3.230843
0.980492  3.202251
0.981469  3.317344
1.031970  3.403227
1.015136  3.374599
0.998303  3.345972
1.047879  3.316700
1.014674  3.317022
1.048341  3.374278
1.064713  3.345328
1.098389  3.402609
1.065179  3.402918
1.081551  3.373968
1.014179  3.259465
0.997824  3.288404
0.947806  3.260098
0.964638  3.288721
0.980993  3.259782
1.031029  3.288083
1.031508  3.345650
1.082600  3.489097
1.065723  3.460474
1.048846  3.431851
1.115265  3.431232
1.098932  3.460165
1.082056  3.431541
1.149040  3.488450
1.115820  3.488774
1.132153  3.459841
1.133275  3.574928
1.099491  3.517708
1.116383  3.546318
1.165931  3.517060
1.149603  3.545994
1.132711  3.517384
1.166499  3.574604
1.199722  3.574281
1.182827  3.545671
1.147218  3.605314
1.161160  3.635699
1.180441  3.604990
1.084290  3.661727
1.110507  3.749098
1.093029  3.690851
1.101768  3.719974
1.153571  3.693756
1.132039  3.721427
1.144832  3.664632
1.114561  3.663180
1.123300  3.692303
1.142038  3.747171
1.173569  3.745243
1.163570  3.719500
1.116947  3.603861
1.100618  3.632794
1.130889  3.634247
1.179021  3.822291
1.156183  3.797893
1.133345  3.773496
1.187714  3.795966
1.196407  3.769641
1.164876  3.771568
1.242305  3.801903
1.210663  3.812097
1.219356  3.785772
1.083362  -3.850497
1.004415  -3.775367
1.058408  -3.683689
1.009999  -3.584943
1.026135  -3.617858
1.042272  -3.650774
1.092578  -3.618203
1.075493  -3.650946
1.076442  -3.585288
1.043220  -3.585115
1.059357  -3.618031
1.092915  -3.820425
1.040284  -3.770338
1.076279  -3.709219
1.094151  -3.734750
1.122587  -3.673803
1.090498  -3.678746
1.107583  -3.646003
1.102468  -3.790352
1.076153  -3.765309
1.022413  -3.744808
1.040410  -3.714248
1.058282  -3.739779
1.115248  -3.841095
1.147134  -3.831693
1.124801  -3.811023
1.108369  -3.704276
1.057046  -3.825454
1.030730  -3.800410
1.066599  -3.795381
1.043886  -3.525017
0.961166  -3.494637
0.912374  -3.407218
0.929312  -3.378620
0.946251  -3.350022
0.945579  -3.407591
0.978784  -3.407964
0.962517  -3.378993
1.026942  -3.554980
0.993721  -3.554841
0.977444  -3.524739
1.027608  -3.494915
0.978107  -3.465871
0.995048  -3.437104
0.994387  -3.494776
1.011328  -3.466010
1.060164  -3.555152
1.010665  -3.524878
0.944902  -3.465498
0.928638  -3.436358
0.961843  -3.436731
0.863601  -3.320283
0.896116  -3.378239
0.879859  -3.349261
0.896797  -3.320664
0.929993  -3.321044
0.913055  -3.349642
0.897472  -3.263127
0.814847  -3.233448
0.766028  -3.146675
0.717198  -3.059913
0.733876  -3.031366
0.750554  -3.002818
0.750390  -3.060277
0.783582  -3.060641
0.767068  -3.031729
0.880537  -3.291705
0.831098  -3.262393
0.847350  -3.291338
0.848034  -3.233815
0.881221  -3.234182
0.831761  -3.204889
0.848676  -3.176331
0.799216  -3.147041
0.782944  -3.118118
0.799859  -3.089561
0.749752  -3.117755
0.733475  -3.088834
0.766667  -3.089198
0.913733  -3.292085
0.864948  -3.205256
0.864285  -3.262760
0.832403  -3.147407
0.816131  -3.118484
0.782301  -3.175599
0.798574  -3.204524
0.815488  -3.175965
0.666048  -2.973448
0.615959  -2.887710
0.632655  -2.916289
0.649351  -2.944869
0.682903  -2.945126
0.699759  -2.916804
0.733503  -2.973996
0.699775  -2.973722
0.700148  -3.031092
0.683098  -3.002270
0.716826  -3.002544
0.716631  -2.945400
0.649511  -2.887968
0.683063  -2.888225
0.666207  -2.916547
0.649261  -2.831293
0.566454  -2.802310
0.517718  -2.715689
0.469084  -2.628991
0.501507  -2.686790
0.485295  -2.657891
0.535333  -2.629768
0.502208  -2.629380
0.551544  -2.658667
0.584018  -2.716450
0.550868  -2.716070
0.534631  -2.687178
0.567781  -2.687559
0.632610  -2.859502
0.582956  -2.830776
0.599457  -2.859243
0.632759  -2.802826
0.599607  -2.802568
0.600264  -2.745324
0.550209  -2.773436
0.533963  -2.744562
0.583359  -2.773817
0.567114  -2.744943
0.666162  -2.859759
0.616511  -2.774075
0.616108  -2.831035
0.518420  -2.658279
0.502861  -2.571994
0.420388  -2.542185
0.371697  -2.454741
0.323652  -2.365405
0.355682  -2.424962
0.339667  -2.395184
0.390220  -2.366867
0.356936  -2.366136
0.388966  -2.425693
0.406235  -2.396645
0.372951  -2.395915
0.485972  -2.600493
0.436620  -2.571120
0.452852  -2.600056
0.453508  -2.542622
0.486629  -2.543059
0.437275  -2.513686
0.454161  -2.485186
0.404814  -2.455390
0.437931  -2.456038
0.422083  -2.426342
0.519097  -2.600881
0.470395  -2.514123
0.469740  -2.571557
0.387927  -2.483889
0.404158  -2.513037
0.421044  -2.484538
0.340777  -2.336521
0.275649  -2.278106
0.292503  -2.249301
0.309358  -2.220496
0.308776  -2.278321
0.341902  -2.278536
0.325630  -2.249516
0.357903  -2.307636
0.291650  -2.307206
0.307651  -2.336306
0.324777  -2.307421
0.374062  -2.337252
0.226801  -2.190072
0.178073  -2.103574
0.078846  -2.102489
0.030167  -2.015998
-0.018496  -1.929504
0.013946  -1.987167
-0.002275  -1.958335
0.047649  -1.930235
0.014576  -1.929869
0.063869  -1.959066
0.047018  -1.987532
0.030797  -1.958701
0.259938  -2.190611
0.293075  -2.191151
0.243623  -2.161612
0.260446  -2.133153
0.211138  -2.103947
0.244203  -2.104320
0.194919  -2.075109
0.211765  -2.046643
0.145621  -2.045909
0.111922  -2.102851
0.144997  -2.103213
0.161847  -2.074742
0.112545  -2.045547
0.046393  -2.044829
0.062619  -2.073659
0.095695  -2.074018
0.096319  -2.016717
0.063243  -2.016358
0.080094  -1.987891
0.276760  -2.162152
0.243084  -2.219417
0.259366  -2.248761
0.276221  -2.219956
0.227984  -2.075482
0.194316  -2.132407
0.210558  -2.161239
0.227381  -2.132780
0.178693  -2.046276
0.079469  -2.045188
0.128771  -2.074380
0.015200  -1.872590
-0.050936  -1.871869
-0.034716  -1.900686
-0.001648  -1.901047
-0.017868  -1.872229
0.031424  -1.901412
-0.166349  -1.841967
-0.215011  -1.755540
-0.182570  -1.813158
-0.198790  -1.784349
-0.148887  -1.756252
-0.181949  -1.755896
-0.132666  -1.785061
-0.149508  -1.813514
-0.165728  -1.784705
-0.100221  -1.842690
-0.133285  -1.842329
-0.116444  -1.813876
-0.117694  -1.928414
-0.084628  -1.928777
-0.051562  -1.929140
-0.084003  -1.871506
-0.150131  -1.870783
-0.133913  -1.899598
-0.100848  -1.899960
-0.117067  -1.871144
-0.067782  -1.900323
-0.198173  -1.727091
-0.181336  -1.698641
-0.165111  -1.727447
-0.263670  -1.669123
-0.362828  -1.668054
-0.296723  -1.668767
-0.329775  -1.668410
-0.345993  -1.639607
-0.411471  -1.581644
-0.460119  -1.495251
-0.427721  -1.497191
-0.395323  -1.499132
-0.395289  -1.554787
-0.379107  -1.527930
-0.427687  -1.552846
-0.443903  -1.524048
-0.411505  -1.525989
-0.230613  -1.669479
-0.197556  -1.669836
-0.231230  -1.726734
-0.247450  -1.697929
-0.214393  -1.698285
-0.246836  -1.640677
-0.230001  -1.612230
-0.279887  -1.640320
-0.329157  -1.611160
-0.345371  -1.582357
-0.378421  -1.582000
-0.362239  -1.555143
-0.213779  -1.641033
-0.296104  -1.611516
-0.312940  -1.639963
-0.263053  -1.611873
-0.379042  -1.639250
-0.395256  -1.610447
-0.362207  -1.610804
-0.443457  -1.476587
-0.499534  -1.410485
-0.439027  -1.377569
-0.469280  -1.394027
-0.491622  -1.339832
-0.495578  -1.375158
-0.465325  -1.358701
-0.426795  -1.457924
-0.469734  -1.420077
-0.439933  -1.429669
-0.473257  -1.466995
-0.486396  -1.438740
-0.456595  -1.448332
-0.411059  -1.478528
-0.439480  -1.403619
-0.580913  -1.338090
-0.553786  -1.362222
-0.526660  -1.386353
-0.549831  -1.326896
-0.518749  -1.315701
-0.522704  -1.351027
-0.580913  1.338090
-0.592067  1.437994
-0.545972  1.536657
-0.527940  1.506928
-0.509907  1.477199
-0.558670  1.441152
-0.525272  1.444311
-0.576702  1.470881
-0.561337  1.503769
-0.543305  1.474040
-0.558967  1.350274
-0.566404  1.416876
-0.540740  1.395759
-0.533006  1.420035
-0.537022  1.362458
-0.584631  1.371391
-0.588349  1.404693
-0.562686  1.383575
-0.518749  1.315701
-0.549831  1.326896
-0.527885  1.339079
-0.460981  1.521920
-0.425259  1.601519
-0.437166  1.574986
-0.449073  1.548453
-0.403000  1.518690
-0.431990  1.520305
-0.408176  1.573371
-0.391093  1.545223
-0.361077  1.598506
-0.393168  1.600012
-0.376085  1.571864
-0.481577  1.472286
-0.471279  1.497103
-0.517642  1.531745
-0.489311  1.526832
-0.499609  1.502016
-0.445952  1.498860
-0.430923  1.475801
-0.456250  1.474043
-0.416961  1.497245
-0.420083  1.546838
-0.278502  1.682408
-0.245428  1.682070
-0.212355  1.681733
-0.262262  1.653600
-0.246023  1.624792
-0.229189  1.653262
-0.377720  1.683419
-0.361475  1.654612
-0.345231  1.625806
-0.295330  1.653938
-0.312158  1.625469
-0.311574  1.682745
-0.344647  1.683082
-0.328403  1.654275
-0.393566  1.656119
-0.409412  1.628819
-0.377322  1.627312
-0.279090  1.625130
-0.228008  1.767830
-0.211766  1.739018
-0.195523  1.710207
-0.244839  1.739356
-0.261670  1.710882
-0.228597  1.710544
-0.161841  1.767159
-0.194925  1.767495
-0.178682  1.738683
-0.177509  1.853253
-0.194342  1.824779
-0.211175  1.796304
-0.145008  1.795633
-0.161259  1.824443
-0.178092  1.795969
-0.111339  1.852600
-0.144424  1.852927
-0.128174  1.824117
-0.127150  1.938797
-0.028203  1.937963
0.021769  2.023736
-0.011546  1.966554
0.005111  1.995145
0.054701  1.965784
0.038235  1.994760
0.004920  1.937578
0.038043  1.937193
0.021577  1.966169
-0.160723  1.881767
-0.143937  1.910282
-0.094553  1.881115
-0.110852  1.909956
-0.127638  1.881441
-0.094168  1.938519
-0.061186  1.938241
-0.061571  1.880837
-0.044887  1.909400
-0.077869  1.909678
-0.011835  1.909071
0.004534  1.880178
-0.028518  1.880508
0.021289  1.908686
0.088113  2.022910
0.054941  2.023323
0.071407  1.994347
0.072210  2.109222
0.088568  2.080313
0.104926  2.051405
0.138436  2.108545
0.105323  2.108883
0.121681  2.079975
0.055396  2.080727
0.038582  2.052231
0.071754  2.051818
0.222098  2.193758
0.205248  2.165241
0.188399  2.136724
0.254642  2.136051
0.238370  2.164904
0.221520  2.136387
0.122734  2.194755
0.105893  2.166244
0.089051  2.137733
0.155278  2.137056
0.139006  2.165906
0.122164  2.137395
0.188977  2.194090
0.155855  2.194423
0.172127  2.165573
0.288349  2.193094
0.255224  2.193426
0.271496  2.164572
0.272641  2.279373
0.323190  2.365013
0.306340  2.336466
0.289490  2.307919
0.338905  2.278689
0.305773  2.279031
0.355755  2.307236
0.339472  2.336124
0.389473  2.364306
0.356331  2.364660
0.372614  2.335771
0.305197  2.221632
0.288919  2.250502
0.322051  2.250160
0.238946  2.222296
0.255793  2.250834
0.272071  2.221964
0.322623  2.307578
0.373760  2.450574
0.356903  2.422054
0.340047  2.393533
0.406330  2.392827
0.390045  2.421700
0.373188  2.393180
0.440060  2.449902
0.406910  2.450238
0.423195  2.421364
0.424360  2.536197
0.390627  2.479115
0.407493  2.507656
0.456927  2.478443
0.440643  2.507320
0.423777  2.478779
0.457573  2.536261
0.490786  2.536326
0.473856  2.507384
0.474971  2.621825
0.527722  2.716592
0.579245  2.802609
0.561254  2.714714
0.594785  2.712837
0.595602  2.772059
0.611960  2.741509
0.562071  2.773937
0.544897  2.745265
0.578428  2.743387
0.491314  2.593347
0.507656  2.564869
0.508487  2.623390
0.542003  2.624955
0.543654  2.686568
0.559586  2.656544
0.510139  2.685003
0.492555  2.653414
0.526071  2.654979
0.524830  2.594912
0.441230  2.564739
0.458101  2.593282
0.474443  2.564804
0.577186  2.684690
0.612572  2.801279
0.645899  2.799948
0.628929  2.770728
0.628942  2.889409
0.679555  2.975149
0.662228  2.888487
0.695513  2.887564
0.695969  2.945646
0.712383  2.916144
0.662684  2.946569
0.645813  2.917989
0.679098  2.917066
0.645703  2.859145
0.662464  2.828881
0.678988  2.858222
0.612377  2.860476
0.595811  2.831543
0.629138  2.830212
0.712748  2.974721
0.745941  2.974293
0.729162  2.945218
0.730167  3.060906
0.713296  3.032320
0.696426  3.003734
0.746490  3.031892
0.762812  3.002879
0.796558  3.060267
0.763363  3.060586
0.779685  3.031573
0.729619  3.003307
0.780793  3.146667
0.763918  3.118080
0.747042  3.089493
0.813434  3.088854
0.797113  3.117760
0.780238  3.089173
0.847187  3.146031
0.813990  3.146349
0.830310  3.117443
0.831338  3.232476
0.881896  3.318277
0.848191  3.261076
0.865044  3.289676
0.914615  3.260409
0.898256  3.289343
0.864550  3.232142
0.897762  3.231809
0.864035  3.174634
0.797641  3.175270
0.814490  3.203873
0.847687  3.203555
0.830838  3.174952
0.880899  3.203222
0.881403  3.260743
0.915087  3.317966
0.932357  3.404178
0.948728  3.375233
0.965099  3.346289
0.998766  3.403544
0.965561  3.403861
0.981932  3.374916
0.948278  3.317655
0.915537  3.375544
0.898717  3.346911
0.931908  3.346600
0.931447  3.289032
0.982946  3.490057
0.966083  3.461431
0.949220  3.432804
1.015629  3.432170
0.999288  3.461114
0.982425  3.432487
1.049382  3.489417
1.016164  3.489737
1.032505  3.460794
1.033610  3.575441
0.999834  3.518518
1.016722  3.546980
1.066270  3.517879
1.049940  3.546660
1.033052  3.518198
1.100053  3.575099
1.066832  3.575270
1.083161  3.546489
1.050503  3.604203
1.067397  3.632965
1.083725  3.604032
0.984601  3.659980
1.000937  3.631800
1.017274  3.603621
1.017831  3.660562
1.051060  3.661145
1.034167  3.632383
1.032782  3.713855
1.011194  3.788193
1.083362  3.850497
1.059306  3.829729
1.035250  3.808961
1.044298  3.775161
1.077402  3.762130
1.092410  3.816697
1.101458  3.782898
1.068354  3.795929
1.084598  3.737350
1.058690  3.725603
1.018390  3.763414
1.025586  3.738634
1.051494  3.750382
1.067121  3.679103
1.049951  3.696479
1.075859  3.708227
1.000661  3.677938
1.016721  3.695897
1.033891  3.678521
1.147134  3.831693
1.115248  3.841095
1.124296  3.807295
0.987030  -3.876309
0.992825  -3.842662
0.998620  -3.809014
1.019140  -3.867705
1.051251  -3.859101
1.024935  -3.834058
0.959080  -3.668647
0.908448  -3.752315
0.942203  -3.696537
0.925326  -3.724426
0.972426  -3.767683
0.940437  -3.759999
0.989303  -3.739794
0.974191  -3.704220
0.957314  -3.732110
0.992189  -3.673661
1.025299  -3.678675
1.007301  -3.709234
0.926409  -3.826993
0.914435  -3.777208
0.920422  -3.802101
0.978413  -3.792576
0.952411  -3.809784
0.946424  -3.784892
0.966823  -3.859870
0.946616  -3.843432
0.972618  -3.826223
0.993026  -3.612844
0.976053  -3.640746
1.009162  -3.645760
0.910381  -3.580496
0.861528  -3.492902
0.878477  -3.464340
0.895425  -3.435779
0.927954  -3.494059
0.894741  -3.493480
0.911690  -3.464919
0.944238  -3.523257
0.894097  -3.551298
0.877812  -3.522100
0.927309  -3.551877
0.911025  -3.522679
0.976793  -3.583461
0.943587  -3.581978
0.960515  -3.553359
0.926614  -3.609880
0.942847  -3.639263
0.959820  -3.611362
0.812738  -3.406036
0.764040  -3.319141
0.780273  -3.348106
0.796506  -3.377071
0.846647  -3.348867
0.829693  -3.377452
0.797227  -3.319522
0.830414  -3.319902
0.813460  -3.348487
0.879162  -3.406824
0.845950  -3.406430
0.862904  -3.377846
0.845265  -3.463947
0.829002  -3.434991
0.862214  -3.435385
0.797911  -3.262012
0.715290  -3.232340
0.666473  -3.145594
0.616708  -3.059011
0.566251  -2.973062
0.632782  -2.973319
0.599517  -2.973191
0.599889  -3.030362
0.583070  -3.001712
0.633154  -3.030490
0.649601  -3.001969
0.616336  -3.001840
0.780976  -3.290577
0.731540  -3.261274
0.747790  -3.290207
0.748475  -3.232710
0.781661  -3.233079
0.732202  -3.203785
0.749115  -3.175230
0.699658  -3.145954
0.683381  -3.117034
0.683702  -3.059613
0.650205  -3.059312
0.666651  -3.030791
0.814163  -3.290957
0.765388  -3.204154
0.764726  -3.261643
0.700290  -3.088474
0.649884  -3.116733
0.633296  -3.087872
0.666793  -3.088173
0.732843  -3.146315
0.716566  -3.117394
0.682745  -3.174509
0.699017  -3.203425
0.715930  -3.174870
0.599390  -2.916161
0.582820  -2.944612
0.616086  -2.944740
0.515868  -2.887286
0.467020  -2.801129
0.483920  -2.772649
0.500819  -2.744169
0.533310  -2.801916
0.500165  -2.801522
0.517064  -2.773042
0.582595  -2.887569
0.549231  -2.887427
0.549592  -2.830635
0.499585  -2.858567
0.483303  -2.829848
0.532730  -2.858960
0.516447  -2.830241
0.566094  -2.859102
0.532662  -2.915878
0.549457  -2.944470
0.566026  -2.916019
0.418273  -2.714582
0.369692  -2.627849
0.385886  -2.656760
0.402079  -2.685671
0.452147  -2.657522
0.435210  -2.686052
0.484570  -2.715320
0.451421  -2.714951
0.468358  -2.686421
0.450771  -2.772280
0.434522  -2.743431
0.467670  -2.743800
0.402822  -2.628230
0.435953  -2.628611
0.419016  -2.657141
0.403489  -2.570740
0.321036  -2.541102
0.272352  -2.453783
0.289452  -2.424324
0.306552  -2.394865
0.305467  -2.454102
0.338582  -2.454422
0.322567  -2.424643
0.386591  -2.599295
0.337255  -2.570018
0.353473  -2.598934
0.354153  -2.541463
0.387271  -2.541824
0.337923  -2.512315
0.354810  -2.483528
0.288580  -2.482889
0.304808  -2.511995
0.321695  -2.483209
0.419721  -2.599675
0.371040  -2.512676
0.370372  -2.570379
0.224081  -2.365058
0.175868  -2.277019
0.208010  -2.335711
0.191939  -2.306365
0.209128  -2.277381
0.242389  -2.277743
0.241270  -2.336074
0.258460  -2.307090
0.225199  -2.306727
0.257271  -2.365174
0.290461  -2.365290
0.274461  -2.336190
0.256261  -2.424208
0.240171  -2.394633
0.273361  -2.394749
0.209823  -2.219054
0.127530  -2.188994
0.143642  -2.218336
0.159755  -2.247677
0.192845  -2.248036
0.160620  -2.189354
0.193711  -2.189713
0.176733  -2.218695
0.226106  -2.248399
0.161225  -2.132048
0.144378  -2.160521
0.095074  -2.131324
0.028220  -2.188489
-0.020396  -2.101356
-0.069051  -2.014860
-0.052199  -1.986408
-0.035347  -1.957956
-0.002906  -2.015619
-0.035978  -2.015240
-0.019126  -1.986787
0.177468  -2.160880
0.111302  -2.160159
0.094426  -2.188826
0.061323  -2.188657
0.061970  -2.131156
-0.004191  -2.130400
0.012014  -2.159444
0.045095  -2.159822
0.045765  -2.102111
0.012685  -2.101734
0.028890  -2.130778
0.128150  -2.131686
0.013313  -2.044451
-0.036614  -2.072524
-0.052832  -2.043692
-0.003542  -2.072903
-0.019760  -2.044071
0.029539  -2.073281
0.078198  -2.159991
-0.101480  -1.957229
-0.085265  -1.986045
-0.068414  -1.957592
-0.265529  -1.840886
-0.314181  -1.754465
-0.413260  -1.753446
-0.461519  -1.667267
-0.445433  -1.695993
-0.429346  -1.724720
-0.379639  -1.696518
-0.396449  -1.724982
-0.395725  -1.667791
-0.428622  -1.667529
-0.412536  -1.696256
-0.231850  -1.783989
-0.281746  -1.812079
-0.297964  -1.783272
-0.248068  -1.755181
-0.281124  -1.754823
-0.248689  -1.812437
-0.264907  -1.783630
-0.199409  -1.841607
-0.232469  -1.841246
-0.215630  -1.812798
-0.216878  -1.927308
-0.249312  -1.869693
-0.233095  -1.898501
-0.183192  -1.870414
-0.200035  -1.898861
-0.216252  -1.870054
-0.150756  -1.928045
-0.183817  -1.927677
-0.166974  -1.899230
-0.297344  -1.726018
-0.330397  -1.725661
-0.347208  -1.754125
-0.380234  -1.753786
-0.346612  -1.696857
-0.363423  -1.725322
-0.280507  -1.697570
-0.313560  -1.697214
-0.264287  -1.726376
-0.168237  -2.013744
-0.102113  -2.014488
-0.135175  -2.014116
-0.134542  -1.956857
-0.151389  -1.985301
-0.118327  -1.985673
-0.200664  -1.956120
-0.184451  -1.984932
-0.167603  -1.956489
-0.428153  -1.610185
-0.503187  -1.584264
-0.475409  -1.639599
-0.489298  -1.611932
-0.442043  -1.582517
-0.472615  -1.583391
-0.444836  -1.638726
-0.458726  -1.611058
-0.411939  -1.638988
-0.488831  -1.554593
-0.474475  -1.524922
-0.458259  -1.553719
-0.546296  -1.508607
-0.515121  -1.443192
-0.530709  -1.475900
-0.488845  -1.499703
-0.517570  -1.504155
-0.501983  -1.471448
-0.517557  -1.559045
-0.531926  -1.533826
-0.503201  -1.529374
-0.604482  -1.434865
-0.674927  -1.369460
-0.651445  -1.391262
-0.627964  -1.413063
-0.588769  -1.370348
-0.569499  -1.426738
-0.534517  -1.418611
-0.596625  -1.402607
-0.561643  -1.394480
-0.585087  -1.459446
-0.565691  -1.484026
-0.550104  -1.451319
-0.643589  -1.359004
-0.612251  -1.348547
-0.620107  -1.380805
-0.674927  1.369460
-0.647307  1.392305
-0.619687  1.415149
-0.612251  1.348547
-0.643589  1.359004
-0.615969  1.381848
-0.638905  1.532731
-0.607928  1.534040
-0.576950  1.535348
-0.607680  1.469573
-0.623293  1.501152
-0.592315  1.502461
-0.698737  1.460322
-0.658849  1.508595
-0.678793  1.484459
-0.627624  1.445436
-0.663180  1.452879
-0.643237  1.477016
-0.682864  1.399748
-0.690800  1.430035
-0.655244  1.422592
-0.600331  1.622281
-0.613189  1.592431
-0.626047  1.562581
-0.582211  1.593740
-0.564092  1.565199
-0.595070  1.563890
-0.512732  1.612478
-0.478231  1.552106
-0.495481  1.582292
-0.454416  1.605172
-0.483574  1.608825
-0.466324  1.578639
-0.534892  1.561931
-0.523812  1.587205
-0.506562  1.557019
-0.571131  1.619014
-0.541931  1.615746
-0.553012  1.590472
-0.474868  1.692216
-0.426062  1.772068
-0.458599  1.718833
-0.442330  1.745451
-0.393834  1.712969
-0.327249  1.768841
-0.409948  1.742518
-0.360187  1.769917
-0.393124  1.770992
-0.344073  1.740367
-0.360896  1.711893
-0.377010  1.741443
-0.441795  1.631752
-0.458331  1.661984
-0.410102  1.686352
-0.442485  1.689284
-0.426216  1.715901
-0.425949  1.659052
-0.487489  1.665637
-0.500110  1.639058
-0.470953  1.635405
-0.311000  1.740030
-0.294751  1.711219
-0.327824  1.711556
-0.261088  1.768167
-0.294169  1.768504
-0.277920  1.739693
-0.276757  1.854250
-0.293588  1.825780
-0.310419  1.797311
-0.244258  1.796637
-0.260507  1.825443
-0.277338  1.796974
-0.210592  1.853585
-0.243675  1.853918
-0.227425  1.825111
-0.226560  1.939673
-0.176971  2.025571
-0.077618  2.024734
-0.011360  2.024069
-0.044489  2.024402
-0.044675  1.966887
-0.061147  1.995811
-0.028018  1.995478
-0.160287  1.939089
-0.193501  1.996938
-0.210030  1.968305
-0.193424  1.939381
-0.143757  1.967721
-0.143853  2.025292
-0.110736  2.025013
-0.110640  1.967442
-0.094129  1.996088
-0.160364  1.996646
-0.127247  1.996367
-0.193860  1.882059
-0.210210  1.910866
-0.177073  1.910574
-0.260025  1.882724
-0.243293  1.911198
-0.226942  1.882392
-0.077657  1.967165
-0.176894  1.968013
-0.027220  2.110244
0.023281  2.195777
0.006448  2.167266
-0.010386  2.138755
0.039067  2.109563
0.005924  2.109903
0.055900  2.138074
0.039591  2.166925
0.022757  2.138414
-0.044019  2.081741
-0.060819  2.053238
-0.010890  2.081408
0.005439  2.052572
-0.027690  2.052905
0.022253  2.081067
0.089583  2.195096
0.056432  2.195437
0.072742  2.166585
0.173249  2.280393
0.223767  2.366053
0.206927  2.337500
0.190088  2.308947
0.239510  2.279713
0.206379  2.280053
0.240058  2.337159
0.256349  2.308266
0.256908  2.365706
0.290049  2.365359
0.273199  2.336813
0.139572  2.223301
0.156410  2.251847
0.205815  2.222636
0.189532  2.251515
0.172693  2.222969
0.222662  2.251175
0.073886  2.281324
0.040149  2.224293
0.057018  2.252809
0.106451  2.223612
0.090169  2.252468
0.073300  2.223952
0.107007  2.281014
0.140128  2.280704
0.123289  2.252158
0.223219  2.308606
0.274316  2.451826
0.257466  2.423235
0.240616  2.394644
0.290607  2.422888
0.306899  2.393951
0.340612  2.450991
0.307464  2.451409
0.323755  2.422471
0.273758  2.394297
0.324925  2.538684
0.375569  2.623752
0.426533  2.710779
0.478600  2.802723
0.461244  2.772075
0.443888  2.741427
0.493993  2.714655
0.458825  2.651477
0.442679  2.681128
0.460263  2.712717
0.476409  2.683066
0.308055  2.509732
0.291186  2.480779
0.357482  2.479944
0.341203  2.509314
0.324334  2.480361
0.391215  2.537026
0.358070  2.537855
0.374348  2.508485
0.408703  2.623110
0.441837  2.622468
0.408096  2.565382
0.391833  2.594567
0.424967  2.593925
0.341806  2.567040
0.358688  2.595396
0.374951  2.566211
0.392557  2.652761
0.409545  2.681770
0.425691  2.652119
0.494974  2.774013
0.511348  2.745303
0.477618  2.743365
0.545697  2.802647
0.512148  2.802685
0.528523  2.773975
0.529387  2.890366
0.546007  2.861114
0.562626  2.831862
0.595757  2.889728
0.562572  2.890047
0.579192  2.860795
0.512458  2.861152
0.495529  2.831938
0.529077  2.831900
0.579988  2.976106
0.596306  2.947207
0.612624  2.918308
0.646366  2.975468
0.613177  2.975787
0.629495  2.946888
0.563121  2.947526
0.546254  2.918946
0.579439  2.918627
0.630590  3.061861
0.646912  3.032957
0.663233  3.004053
0.696975  3.061224
0.663782  3.061543
0.680104  3.032639
0.613723  3.033276
0.596855  3.004691
0.630044  3.004372
0.681205  3.147622
0.664333  3.119035
0.647462  3.090448
0.713846  3.089811
0.697526  3.118716
0.680654  3.090130
0.747597  3.146985
0.714401  3.147303
0.730722  3.118398
0.731721  3.233443
0.782135  3.319329
0.832707  3.405165
0.815389  3.318978
0.848643  3.318628
0.849103  3.376202
0.865500  3.347240
0.815850  3.376553
0.798992  3.347941
0.832246  3.347590
0.798132  3.232798
0.765331  3.290700
0.748526  3.262071
0.764927  3.233120
0.814937  3.261427
0.798536  3.290378
0.831790  3.290027
0.764436  3.175592
0.748079  3.204517
0.781284  3.204195
0.698044  3.176229
0.714883  3.204836
0.731240  3.175910
0.781732  3.261749
0.899141  3.404507
0.865924  3.404836
0.882320  3.375873
0.883293  3.491019
0.866431  3.462401
0.849569  3.433783
0.916003  3.433125
0.899648  3.462072
0.882786  3.433454
0.949729  3.490377
0.916511  3.490698
0.932866  3.461751
0.933948  3.576856
0.900178  3.519631
0.917063  3.548243
0.966614  3.518990
0.950281  3.547923
0.933396  3.519310
0.967168  3.576384
1.000389  3.575913
0.983501  3.547451
0.950832  3.604564
0.884913  3.659475
0.918142  3.659644
0.951371  3.659812
0.967717  3.632272
0.917603  3.604396
0.901258  3.631936
0.934487  3.632104
0.984053  3.604092
0.942543  3.727775
0.912750  3.809402
0.987030  3.876309
0.995084  3.846937
1.003139  3.817565
1.051251  3.859101
1.019140  3.867705
1.027195  3.838333
0.970581  3.682578
0.956562  3.705176
0.904123  3.682242
0.923333  3.705008
0.937352  3.682410
0.972622  3.723135
1.002702  3.718495
0.988310  3.768054
0.922681  3.782193
0.932612  3.754984
0.965426  3.747914
0.978379  3.795263
0.945564  3.802332
0.962270  3.854007
0.937510  3.831704
0.970324  3.824635
0.986642  3.700537
0.995506  3.743274
0.955495  3.775123
0.890084  -3.899712
0.842068  -3.831262
0.807361  -3.741366
0.830499  -3.801297
0.818930  -3.771331
0.874753  -3.748666
0.841057  -3.745016
0.864195  -3.804947
0.886322  -3.778631
0.852626  -3.774981
0.902192  -3.875472
0.870182  -3.829839
0.898295  -3.828416
0.892308  -3.803524
0.914301  -3.851233
0.874079  -3.876895
0.858073  -3.854079
0.886187  -3.852656
0.922399  -3.891911
0.954714  -3.884110
0.934507  -3.867671
0.859599  -3.663431
0.810741  -3.578723
0.761890  -3.491773
0.712997  -3.404902
0.746244  -3.405280
0.779491  -3.405658
0.747026  -3.347728
0.730011  -3.376315
0.763259  -3.376693
0.925919  -3.666908
0.892759  -3.665170
0.893454  -3.608141
0.827027  -3.606959
0.843313  -3.635195
0.876526  -3.635786
0.877168  -3.579905
0.844599  -3.521509
0.794457  -3.549740
0.778174  -3.520756
0.828316  -3.492525
0.795103  -3.492149
0.827670  -3.550116
0.811387  -3.521132
0.909687  -3.637525
0.875882  -3.693059
0.892165  -3.722687
0.909042  -3.694798
0.842186  -3.689409
0.824774  -3.715388
0.858470  -3.719037
0.843954  -3.579314
0.860883  -3.550707
0.860240  -3.607550
0.778840  -3.463194
0.795789  -3.434615
0.745592  -3.462816
0.729295  -3.433859
0.762542  -3.434237
0.812052  -3.463570
0.664480  -3.318003
0.696825  -3.375936
0.680653  -3.346970
0.730854  -3.318762
0.697667  -3.318383
0.713839  -3.347349
0.698353  -3.260895
0.681417  -3.289449
0.714603  -3.289828
0.615742  -3.231249
0.566928  -3.144573
0.516675  -3.058675
0.533201  -3.030137
0.549726  -3.001600
0.550019  -3.058787
0.583364  -3.058899
0.566545  -3.030249
0.648924  -3.231613
0.682107  -3.231977
0.632652  -3.202697
0.649562  -3.174145
0.600110  -3.144913
0.583522  -3.116053
0.600115  -3.087532
0.550177  -3.115940
0.533426  -3.087307
0.566770  -3.087420
0.665835  -3.203061
0.631988  -3.260167
0.648234  -3.289085
0.665171  -3.260531
0.633291  -3.145254
0.616703  -3.116393
0.583199  -3.173465
0.599471  -3.202357
0.616381  -3.173805
0.466251  -2.972245
0.416311  -2.886269
0.367558  -2.800003
0.318815  -2.713421
0.270303  -2.626727
0.302644  -2.684523
0.286474  -2.655625
0.336562  -2.627475
0.303433  -2.627101
0.352733  -2.656373
0.351968  -2.713808
0.385120  -2.714195
0.335774  -2.684897
0.368927  -2.685284
0.499584  -2.972518
0.532918  -2.972790
0.499867  -3.029865
0.483059  -3.001055
0.516393  -3.001327
0.499329  -2.915605
0.432958  -2.914928
0.449604  -2.943586
0.482790  -2.943925
0.482682  -2.886947
0.450117  -2.829509
0.400060  -2.857514
0.383809  -2.828758
0.433866  -2.800753
0.400712  -2.800378
0.433214  -2.857889
0.416963  -2.829134
0.516123  -2.944198
0.449496  -2.886608
0.466400  -2.858228
0.466143  -2.915267
0.384463  -2.771529
0.401368  -2.743056
0.351310  -2.771142
0.335063  -2.742282
0.368215  -2.742669
0.417617  -2.771905
0.319603  -2.655999
0.304125  -2.569644
0.221698  -2.540107
0.173016  -2.453495
0.124656  -2.365239
0.076543  -2.276482
0.092581  -2.306068
0.108619  -2.335653
0.158797  -2.306425
0.141727  -2.335832
0.190940  -2.365118
0.157798  -2.365178
0.174868  -2.335772
0.287214  -2.598186
0.237900  -2.568980
0.254101  -2.597854
0.254811  -2.540438
0.287924  -2.540770
0.238583  -2.511332
0.255467  -2.482558
0.206128  -2.453591
0.190038  -2.424016
0.156896  -2.424076
0.140776  -2.394658
0.207059  -2.394537
0.173918  -2.394597
0.320344  -2.598560
0.271695  -2.511664
0.271013  -2.569312
0.239240  -2.453687
0.223150  -2.424112
0.189243  -2.482366
0.205471  -2.511236
0.222355  -2.482462
0.142760  -2.276840
0.109651  -2.276661
0.125689  -2.306247
0.110534  -2.218157
0.093539  -2.247320
0.126647  -2.247498
0.060435  -2.247151
-0.022414  -2.274947
0.043557  -2.275970
0.010572  -2.275459
0.011342  -2.217308
-0.071026  -2.187255
-0.038618  -2.245716
-0.054822  -2.216486
-0.004862  -2.188078
-0.037944  -2.187667
-0.005536  -2.246128
-0.021740  -2.216897
0.044328  -2.217820
0.027450  -2.246639
0.077431  -2.217988
-0.037273  -2.129989
-0.119607  -2.100182
-0.085903  -2.043301
-0.102755  -2.071741
-0.053466  -2.100964
-0.086537  -2.100573
-0.069684  -2.072133
-0.054149  -2.158622
-0.103413  -2.129206
-0.087219  -2.158231
-0.070343  -2.129598
-0.021067  -2.159033
-0.152027  -2.042557
-0.218757  -2.099073
-0.267402  -2.012643
-0.316047  -1.926223
-0.364694  -1.839809
-0.463846  -1.838735
-0.397744  -1.839451
-0.430795  -1.839093
-0.446984  -1.810305
-0.511907  -1.753785
-0.446142  -1.753559
-0.479025  -1.753672
-0.478315  -1.696106
-0.495111  -1.724946
-0.462229  -1.724833
-0.135817  -2.071369
-0.185707  -2.099442
-0.152657  -2.099812
-0.201917  -2.070630
-0.185077  -2.042187
-0.234347  -2.013010
-0.201292  -2.013377
-0.251187  -2.041453
-0.234972  -2.070263
-0.218132  -2.041820
-0.118965  -2.042929
-0.331019  -1.782913
-0.347856  -1.811361
-0.298584  -1.840527
-0.331639  -1.840168
-0.314801  -1.811720
-0.348478  -1.868614
-0.332263  -1.897418
-0.282368  -1.869332
-0.299208  -1.897777
-0.315423  -1.868973
-0.282991  -1.926585
-0.249934  -1.926946
-0.266151  -1.898139
-0.380882  -1.811021
-0.397071  -1.782234
-0.364045  -1.782573
-0.479866  -1.810418
-0.495887  -1.782102
-0.430122  -1.781876
-0.463004  -1.781989
-0.413933  -1.810663
-0.568743  -1.668771
-0.525039  -1.612433
-0.546891  -1.640602
-0.497260  -1.667768
-0.533002  -1.668270
-0.511150  -1.640101
-0.530853  -1.725447
-0.549798  -1.697109
-0.514057  -1.696608
-0.250561  -1.984198
-0.233719  -1.955753
-0.299832  -1.955030
-0.283617  -1.983837
-0.266776  -1.955392
-0.217506  -1.984565
-0.168867  -2.071000
-0.581358  -1.590656
-0.557983  -1.535957
-0.569671  -1.563307
-0.529244  -1.586395
-0.555301  -1.588525
-0.543614  -1.561176
-0.572948  -1.642733
-0.577153  -1.616694
-0.551096  -1.614564
-0.627635  -1.531867
-0.697393  -1.465119
-0.674140  -1.487368
-0.650887  -1.509618
-0.612199  -1.467199
-0.619917  -1.499533
-0.635452  -1.444949
-0.666422  -1.455034
-0.643170  -1.477284
-0.600522  -1.524114
-0.573409  -1.516361
-0.592804  -1.491780
-0.612209  -1.551463
-0.596784  -1.571060
-0.585096  -1.543710
-0.682416  -1.401347
-0.689904  -1.433233
-0.658934  -1.423148
-0.769627  -1.398699
-0.745549  -1.420839
-0.721471  -1.442979
-0.738060  -1.388953
-0.706494  -1.379207
-0.713982  -1.411093
-0.769627  1.398699
-0.793854  1.494802
-0.777702  1.430733
-0.785778  1.462768
-0.762148  1.483309
-0.730443  1.471816
-0.745997  1.419240
-0.722367  1.439781
-0.754072  1.451274
-0.706494  1.379207
-0.738060  1.388953
-0.714430  1.409494
-0.696030  1.613926
-0.676989  1.586861
-0.657947  1.559796
-0.664131  1.616711
-0.632231  1.619496
-0.645089  1.589646
-0.724821  1.536803
-0.770843  1.508802
-0.747832  1.522802
-0.707432  1.485816
-0.716126  1.511309
-0.739137  1.497309
-0.667544  1.534088
-0.696182  1.535445
-0.705627  1.588218
-0.715224  1.562511
-0.686586  1.561153
-0.687488  1.509952
-0.658472  1.702450
-0.639091  1.675727
-0.619711  1.649004
-0.683511  1.643434
-0.670991  1.672942
-0.651611  1.646219
-0.568980  1.700276
-0.525304  1.776362
-0.492223  1.774931
-0.459142  1.773499
-0.508492  1.748313
-0.491680  1.720265
-0.475411  1.746882
-0.589881  1.648280
-0.579430  1.674278
-0.628641  1.701725
-0.598810  1.701001
-0.609261  1.675002
-0.550230  1.671010
-0.531481  1.641744
-0.506238  1.694903
-0.537609  1.697589
-0.539863  1.751000
-0.554421  1.725638
-0.523050  1.722951
-0.560681  1.645012
-0.518860  1.668323
-0.475234  1.856284
-0.458843  1.828212
-0.442453  1.800140
-0.491924  1.829643
-0.508614  1.803003
-0.475533  1.801571
-0.375995  1.855285
-0.409075  1.855618
-0.442155  1.855951
-0.392684  1.827546
-0.409373  1.799807
-0.343498  1.797656
-0.359747  1.826470
-0.376436  1.798731
-0.425764  1.827879
-0.309837  1.854595
-0.342916  1.854940
-0.326667  1.826125
-0.325695  1.940622
-0.359229  1.883731
-0.342462  1.912177
-0.293070  1.883041
-0.309382  1.911832
-0.326149  1.883386
-0.292650  1.940306
-0.259605  1.939989
-0.276337  1.911515
-0.275876  2.026317
-0.226172  2.112195
-0.242740  2.083569
-0.259308  2.054943
-0.209939  2.025820
-0.242908  2.026068
-0.209771  2.083320
-0.126867  2.111349
-0.076230  2.196821
-0.109988  2.139840
-0.093109  2.168331
-0.043556  2.139103
-0.059893  2.167962
-0.060435  2.110612
-0.093651  2.110981
-0.076772  2.139471
-0.242999  1.968554
-0.259438  1.997436
-0.309089  1.969187
-0.292483  1.997752
-0.276044  1.968871
-0.226469  1.997187
-0.110451  2.082477
-0.094034  2.053606
-0.077235  2.082109
-0.143568  2.082756
-0.160270  2.054163
-0.127152  2.053885
-0.193371  2.054445
-0.193070  2.111913
-0.159968  2.111631
-0.176670  2.083038
-0.226340  2.054694
-0.009889  2.196125
-0.043060  2.196473
-0.026723  2.167614
-0.025627  2.282337
-0.059362  2.225327
-0.042495  2.253832
0.006978  2.224631
-0.009324  2.253484
-0.026192  2.224979
0.040715  2.281662
0.024933  2.368040
0.007544  2.282000
0.008080  2.339472
-0.008773  2.310905
0.041251  2.339135
0.057568  2.310229
0.024397  2.310567
0.023847  2.253146
0.124366  2.367098
0.090713  2.309916
0.107539  2.338507
0.058077  2.367726
0.091222  2.367412
0.074395  2.338821
0.140660  2.338197
0.156954  2.309295
0.190633  2.366401
0.157500  2.366750
0.173794  2.337848
0.123833  2.309605
0.174884  2.452920
0.191178  2.423964
0.207472  2.395008
0.241172  2.452191
0.208028  2.452555
0.224322  2.423599
0.158045  2.424313
0.141205  2.395705
0.174339  2.395357
0.225480  2.539973
0.276260  2.631656
0.242407  2.570534
0.259333  2.601095
0.308703  2.569675
0.292481  2.600665
0.291777  2.539114
0.258628  2.539543
0.275555  2.570104
0.208615  2.510955
0.191749  2.481937
0.258038  2.481208
0.241759  2.510591
0.224894  2.481573
0.274907  2.510161
0.342466  2.626387
0.327560  2.715925
0.293360  2.659745
0.310460  2.687835
0.359566  2.654477
0.343563  2.685201
0.309363  2.629021
0.326463  2.657111
0.325585  2.598031
0.393542  2.712494
0.360551  2.714210
0.376554  2.683486
0.378769  2.803550
0.394690  2.772626
0.410612  2.741703
0.445323  2.802999
0.412046  2.803274
0.427967  2.772351
0.361699  2.774342
0.344630  2.745134
0.377621  2.743418
0.429825  2.890994
0.412807  2.861846
0.395788  2.832698
0.462342  2.832147
0.446083  2.861571
0.429065  2.832423
0.496200  2.890576
0.463013  2.890785
0.479271  2.861361
0.480424  2.976986
0.531020  3.062807
0.581622  3.148579
0.564755  3.119989
0.547887  3.091398
0.597400  3.062176
0.563665  3.005006
0.547343  3.033906
0.564210  3.062492
0.580533  3.033591
0.446692  2.919658
0.463558  2.948322
0.513066  2.919240
0.496745  2.948113
0.479879  2.919449
0.546800  2.976399
0.514155  3.034200
0.497289  3.005593
0.513612  2.976693
0.530477  3.005300
0.529933  2.947819
0.614267  3.090767
0.597945  3.119673
0.581077  3.091082
0.648011  3.147941
0.614816  3.148260
0.631139  3.119354
0.632240  3.234349
0.682582  3.320220
0.715341  3.262369
0.698962  3.291294
0.649020  3.262973
0.665801  3.291597
0.665400  3.234047
0.698561  3.233745
0.682181  3.262671
0.598495  3.177169
0.615367  3.205759
0.664883  3.176531
0.648561  3.205440
0.631689  3.176850
0.681722  3.205138
0.748951  3.319626
0.715766  3.319923
0.732146  3.290997
0.732969  3.406181
0.783620  3.491992
0.766736  3.463388
0.749853  3.434784
0.766215  3.405842
0.749358  3.377230
0.765746  3.348280
0.799461  3.405504
0.782604  3.376892
0.716173  3.377527
0.699377  3.348874
0.732562  3.348577
0.799982  3.463050
0.816345  3.434108
0.850069  3.491343
0.816845  3.491668
0.833207  3.462725
0.783099  3.434446
0.834287  3.577819
0.817398  3.549210
0.800509  3.520601
0.866958  3.519952
0.850622  3.548886
0.833733  3.520277
0.900727  3.577177
0.867507  3.577498
0.883843  3.548564
0.851162  3.605038
0.868037  3.632257
0.884382  3.604717
0.785259  3.661804
0.817944  3.605814
0.801602  3.633809
0.851695  3.660252
0.818477  3.661028
0.834819  3.633033
0.843968  3.738640
0.816958  3.827356
0.825961  3.797784
0.834964  3.768212
0.889822  3.785814
0.866895  3.762227
0.848888  3.821371
0.880819  3.815386
0.857892  3.791799
0.804829  3.687416
0.824398  3.713028
0.871264  3.685864
0.857616  3.712252
0.838046  3.686640
0.876826  3.735018
0.909684  3.731396
0.899753  3.758605
0.890474  3.708630
0.890084  3.899712
0.865708  3.875593
0.841333  3.851474
0.897639  3.869608
0.905194  3.839505
0.873264  3.845490
0.954714  3.884110
0.922399  3.891911
0.929954  3.861807
0.792585  -3.920690
0.809079  -3.890881
0.825574  -3.861071
0.825084  -3.913697
0.857584  -3.906704
0.841579  -3.883888
0.737613  -3.842503
0.709159  -3.749990
0.718644  -3.780828
0.728128  -3.811665
0.760862  -3.808790
0.784112  -3.775078
0.741893  -3.747115
0.774627  -3.744241
0.751378  -3.777953
0.807250  -3.835009
0.772431  -3.838756
0.795681  -3.805043
0.774261  -3.894627
0.755937  -3.868565
0.790755  -3.864818
0.759981  -3.662176
0.711102  -3.577496
0.662242  -3.490639
0.613386  -3.403796
0.630417  -3.375199
0.647449  -3.346601
0.646589  -3.404165
0.679793  -3.404533
0.663621  -3.375567
0.775774  -3.688573
0.791568  -3.714969
0.743040  -3.691447
0.726100  -3.720719
0.758834  -3.717844
0.793187  -3.662594
0.826393  -3.663013
0.793821  -3.606541
0.727395  -3.605723
0.743688  -3.633949
0.776901  -3.634358
0.777528  -3.578314
0.744961  -3.520347
0.694816  -3.548544
0.678529  -3.519591
0.728674  -3.491395
0.679160  -3.462060
0.696079  -3.433481
0.695458  -3.491017
0.712376  -3.462438
0.808980  -3.688991
0.810107  -3.634777
0.728032  -3.548922
0.711745  -3.519969
0.744315  -3.577905
0.761245  -3.549331
0.760608  -3.606132
0.645957  -3.461691
0.629671  -3.432744
0.662875  -3.433112
0.564922  -3.316904
0.597231  -3.374832
0.581076  -3.345868
0.631294  -3.317637
0.598108  -3.317271
0.614263  -3.346235
0.598802  -3.259801
0.516202  -3.230213
0.467389  -3.143882
0.483818  -3.115479
0.500247  -3.087077
0.500569  -3.144112
0.533749  -3.144343
0.516998  -3.115710
0.581862  -3.288352
0.532442  -3.259110
0.548682  -3.288007
0.549382  -3.230558
0.582562  -3.230903
0.533111  -3.201666
0.550020  -3.173120
0.483660  -3.172659
0.499931  -3.201436
0.516840  -3.172889
0.615048  -3.288719
0.566291  -3.202012
0.565622  -3.259455
0.417168  -3.057687
0.367155  -2.971630
0.383826  -3.000315
0.400497  -3.029001
0.449890  -3.000726
0.433529  -3.029206
0.433219  -2.972040
0.400187  -2.971835
0.416858  -3.000521
0.483506  -3.058345
0.450337  -3.058016
0.466698  -3.029535
0.450649  -3.115150
0.433908  -3.086418
0.467077  -3.086748
0.399926  -2.914723
0.383541  -2.943176
0.416572  -2.943381
0.316849  -2.885143
0.268116  -2.798873
0.285016  -2.770389
0.301915  -2.741905
0.334411  -2.799626
0.301263  -2.799250
0.318163  -2.770766
0.350655  -2.828383
0.300605  -2.856386
0.284360  -2.827630
0.333752  -2.856763
0.317508  -2.828006
0.383157  -2.885894
0.350003  -2.885518
0.366906  -2.857138
0.333618  -2.913972
0.350387  -2.942801
0.366772  -2.914347
0.219384  -2.712372
0.171006  -2.625587
0.187132  -2.654516
0.203258  -2.683444
0.253330  -2.655276
0.236357  -2.683824
0.285671  -2.713072
0.252528  -2.712722
0.269501  -2.684174
0.251872  -2.770040
0.235628  -2.741206
0.268772  -2.741556
0.204105  -2.625967
0.237204  -2.626347
0.220231  -2.654896
0.204801  -2.568600
0.122379  -2.538959
0.073710  -2.452191
0.025498  -2.363032
0.058551  -2.363768
0.091604  -2.364503
0.042513  -2.334182
0.059528  -2.305332
0.075566  -2.334918
0.187903  -2.597094
0.138588  -2.567835
0.154797  -2.596711
0.155485  -2.539341
0.188592  -2.539724
0.139258  -2.510471
0.156137  -2.481983
0.106812  -2.452626
0.090692  -2.423207
0.107674  -2.394223
0.057640  -2.422472
0.041569  -2.392752
0.074622  -2.393488
0.221002  -2.597474
0.172364  -2.510854
0.171694  -2.568218
0.139914  -2.453060
0.123794  -2.423642
0.089933  -2.481114
0.106156  -2.510036
0.123035  -2.481548
0.009527  -2.333671
-0.006444  -2.304309
0.026542  -2.304821
-0.073665  -2.361776
-0.121893  -2.273063
-0.105817  -2.302634
-0.089741  -2.332205
-0.056581  -2.332833
-0.039498  -2.303890
-0.007556  -2.362614
-0.040611  -2.362195
-0.023527  -2.333252
-0.104938  -2.244460
-0.087982  -2.215858
-0.088734  -2.273691
-0.055574  -2.274319
-0.071778  -2.245088
-0.072658  -2.303262
-0.170063  -2.185496
-0.269269  -2.184422
-0.236200  -2.184780
-0.203132  -2.185138
-0.186295  -2.156688
-0.202526  -2.127881
-0.252432  -2.155972
-0.235594  -2.127522
-0.219363  -2.156330
-0.137051  -2.186083
-0.104038  -2.186669
-0.153245  -2.157058
-0.136426  -2.128620
-0.120232  -2.157644
-0.154007  -2.214685
-0.137950  -2.243874
-0.120994  -2.215271
-0.169476  -2.128250
-0.317924  -2.097985
-0.366567  -2.011554
-0.350353  -2.040364
-0.334139  -2.069175
-0.284243  -2.041091
-0.301084  -2.069538
-0.333512  -2.011917
-0.300457  -2.012280
-0.317298  -2.040728
-0.284869  -2.098348
-0.251813  -2.098710
-0.268028  -2.069900
-0.301706  -2.126797
-0.285487  -2.155610
-0.268650  -2.127160
-0.332887  -1.954667
-0.415206  -1.925137
-0.431419  -1.896337
-0.447633  -1.867536
-0.381531  -1.868252
-0.398369  -1.896695
-0.414582  -1.867894
-0.349727  -1.983110
-0.398993  -1.953943
-0.382780  -1.982749
-0.349100  -1.925861
-0.382153  -1.925499
-0.365316  -1.897056
-0.316672  -1.983473
-0.365940  -1.954305
-0.514353  -1.924049
-0.562984  -1.837658
-0.530564  -1.895252
-0.546774  -1.866455
-0.496892  -1.838376
-0.529938  -1.838017
-0.480682  -1.867173
-0.497517  -1.895611
-0.448255  -1.924775
-0.481304  -1.924412
-0.464468  -1.895974
-0.513728  -1.866814
-0.545959  -1.809701
-0.528933  -1.781743
-0.512913  -1.810060
-0.611470  -1.758029
-0.579146  -1.811115
-0.595308  -1.784572
-0.578283  -1.756615
-0.545095  -1.755200
-0.562121  -1.783158
-0.597228  -1.728276
-0.582985  -1.698524
-0.564040  -1.726862
-0.660572  -1.698488
-0.599353  -1.678677
-0.629962  -1.688582
-0.627837  -1.738182
-0.644205  -1.718335
-0.613595  -1.708429
-0.648186  -1.622649
-0.718486  -1.560888
-0.634485  -1.562127
-0.641336  -1.592388
-0.695053  -1.581475
-0.671619  -1.602062
-0.688202  -1.551214
-0.657918  -1.541541
-0.664769  -1.571801
-0.652315  -1.647928
-0.656443  -1.673208
-0.621705  -1.638023
-0.595224  -1.653397
-0.625834  -1.663303
-0.625910  -1.611984
-0.603634  -1.601320
-0.619060  -1.581724
-0.599429  -1.627359
-0.704424  -1.497042
-0.711455  -1.528965
-0.681171  -1.519291
-0.790074  -1.490915
-0.766212  -1.514239
-0.742349  -1.537564
-0.759180  -1.482316
-0.728287  -1.473718
-0.735318  -1.505641
-0.776443  -1.429438
-0.864968  -1.425769
-0.783258  -1.460176
-0.840004  -1.447485
-0.815039  -1.469200
-0.833188  -1.416746
-0.801407  -1.407722
-0.808223  -1.438461
-0.752365  -1.451578
-0.864968  1.425769
-0.841263  1.448780
-0.817559  1.471791
-0.801407  1.407722
-0.833188  1.416746
-0.809483  1.439757
-0.800549  1.594311
-0.897404  1.515274
-0.832834  1.567965
-0.865119  1.541620
-0.828371  1.501626
-0.862887  1.508450
-0.796086  1.527972
-0.798317  1.561141
-0.830602  1.534796
-0.775306  1.575141
-0.750064  1.555972
-0.773075  1.541972
-0.875780  1.455604
-0.886592  1.485439
-0.852075  1.478615
-0.755838  1.692845
-0.723383  1.696047
-0.690927  1.699248
-0.735902  1.666539
-0.715966  1.640233
-0.703447  1.669740
-0.765709  1.600849
-0.730870  1.607388
-0.785645  1.627156
-0.770742  1.660000
-0.750806  1.633694
-0.740467  1.581680
-0.715971  1.779182
-0.677638  1.728027
-0.696805  1.753604
-0.742549  1.721624
-0.729260  1.750403
-0.710094  1.724825
-0.622470  1.782770
-0.574438  1.859506
-0.558060  1.831791
-0.541682  1.804077
-0.508302  1.857358
-0.541370  1.858432
-0.524992  1.830717
-0.684804  1.780378
-0.653637  1.781574
-0.646471  1.729223
-0.634471  1.755997
-0.665638  1.754800
-0.604640  1.755272
-0.586810  1.727774
-0.557693  1.778498
-0.590082  1.780634
-0.590449  1.833927
-0.606459  1.808349
-0.574071  1.806213
-0.616641  1.728499
-0.572251  1.753136
-0.523990  1.942714
-0.540806  1.914978
-0.557622  1.887242
-0.491486  1.885094
-0.507738  1.913904
-0.524554  1.886168
-0.424774  1.941718
-0.441594  1.913240
-0.458414  1.884762
-0.392255  1.884096
-0.408514  1.912907
-0.425335  1.884429
-0.457846  1.942050
-0.490918  1.942382
-0.474666  1.913572
-0.358721  1.940988
-0.391748  1.941353
-0.375488  1.912542
-0.374863  2.027032
-0.324998  2.112812
-0.308624  2.083980
-0.292250  2.055149
-0.259114  2.112401
-0.292056  2.112606
-0.275682  2.083775
-0.408137  1.970156
-0.391500  1.998594
-0.342084  1.969426
-0.358473  1.998229
-0.375111  1.969791
-0.341867  2.026794
-0.308872  2.026556
-0.341620  2.084219
-0.358241  2.055625
-0.325246  2.055387
-0.325478  1.997991
-0.275118  2.198897
-0.291745  2.170202
-0.308371  2.141507
-0.258802  2.169996
-0.242487  2.141096
-0.275429  2.141301
-0.175779  2.197885
-0.192576  2.169321
-0.209374  2.140758
-0.242005  2.198560
-0.208892  2.198222
-0.225689  2.169659
-0.159475  2.169039
-0.143171  2.140194
-0.176272  2.140476
-0.142596  2.197530
-0.109413  2.197176
-0.126292  2.168685
-0.125128  2.283413
-0.058794  2.282696
-0.091961  2.283054
-0.092529  2.225685
-0.108829  2.254549
-0.075662  2.254191
-0.158895  2.226394
-0.142011  2.254903
-0.125712  2.226040
-0.074555  2.369038
-0.023983  2.454924
-0.040841  2.426296
-0.057698  2.397667
-0.008230  2.368373
-0.041392  2.368706
-0.007678  2.425963
0.008628  2.397001
-0.024535  2.397334
-0.091413  2.340497
-0.108270  2.311955
-0.041936  2.311238
-0.058246  2.340138
-0.075103  2.311596
-0.025083  2.339805
0.075449  2.453949
0.091755  2.424999
0.108060  2.396049
0.058610  2.425313
0.041772  2.396676
0.074916  2.396362
0.042305  2.454274
0.009161  2.454599
0.025466  2.425638
0.141739  2.453263
0.108594  2.453606
0.124900  2.424656
0.126042  2.541037
0.177093  2.629557
0.228476  2.719268
0.194221  2.659461
0.211348  2.689364
0.244404  2.690064
0.260332  2.660860
0.210149  2.630257
0.243204  2.630956
0.227276  2.660160
0.109177  2.512008
0.092313  2.482978
0.158603  2.482292
0.142322  2.511664
0.125458  2.482635
0.192334  2.540327
0.159188  2.540682
0.175469  2.511310
0.209351  2.569834
0.193222  2.599696
0.226278  2.600395
0.143059  2.570544
0.160076  2.600051
0.176205  2.570189
0.261504  2.718154
0.294532  2.717040
0.277432  2.688950
0.279752  2.806547
0.262660  2.777454
0.245568  2.748361
0.295688  2.776340
0.311624  2.746133
0.345763  2.804549
0.330245  2.891865
0.313414  2.863426
0.296583  2.834986
0.312758  2.805548
0.362595  2.832988
0.346420  2.862427
0.329589  2.833987
0.328694  2.775341
0.278596  2.747247
0.396632  2.891285
0.363439  2.891575
0.379613  2.862136
0.380866  2.977883
0.431459  3.063761
0.397730  3.006509
0.414595  3.035135
0.447781  3.034836
0.464102  3.005911
0.497833  3.063125
0.464646  3.063443
0.480968  3.034518
0.414052  2.977584
0.447238  2.977285
0.430916  3.006210
0.413506  2.919957
0.397186  2.948920
0.430372  2.948621
0.347119  2.920538
0.363992  2.949210
0.380312  2.920247
0.482034  3.149526
0.498362  3.120620
0.514691  3.091713
0.548426  3.148895
0.515230  3.149211
0.531559  3.120304
0.465175  3.120938
0.448317  3.092349
0.481504  3.092031
0.532606  3.235280
0.515748  3.206696
0.498891  3.178111
0.565283  3.177480
0.548945  3.206380
0.532087  3.177795
0.599028  3.234660
0.565817  3.234970
0.582156  3.206070
0.583023  3.321159
0.633406  3.407079
0.616612  3.378439
0.599817  3.349799
0.649395  3.320533
0.616209  3.320846
0.649798  3.378126
0.666190  3.349173
0.699781  3.406480
0.683963  3.492956
0.667110  3.464330
0.650258  3.435705
0.666594  3.406780
0.700298  3.464031
0.716633  3.435106
0.750401  3.492313
0.717182  3.492634
0.733517  3.463709
0.549412  3.263907
0.566217  3.292533
0.615834  3.263286
0.599429  3.292223
0.582623  3.263596
0.632615  3.291910
0.682986  3.377827
0.633004  3.349486
0.683446  3.435405
0.734623  3.578781
0.717736  3.550173
0.700849  3.521564
0.767288  3.520922
0.750955  3.549852
0.734068  3.521243
0.801065  3.578140
0.767844  3.578461
0.784176  3.549531
0.751501  3.606456
0.768380  3.634130
0.784723  3.606135
0.685623  3.665573
0.718289  3.607712
0.701956  3.636643
0.718835  3.664317
0.752047  3.663061
0.735168  3.635386
0.748066  3.748832
0.726209  3.847032
0.740780  3.781565
0.733494  3.814299
0.786708  3.833915
0.756458  3.840473
0.793994  3.801181
0.771030  3.775007
0.763744  3.807740
0.772861  3.690814
0.760464  3.719823
0.706437  3.693326
0.727251  3.721079
0.739649  3.692070
0.780033  3.745435
0.812000  3.742037
0.802997  3.771609
0.792431  3.716425
0.792585  3.920690
0.800709  3.889579
0.808833  3.858467
0.857584  3.906704
0.825084  3.913697
0.833209  3.882586
0.770459  3.896137
0.748334  3.871585
0.778584  3.865026
0.694593  -3.939231
0.633772  -3.846893
0.609566  -3.748942
0.642764  -3.749292
0.675961  -3.749641
0.658901  -3.814592
0.684030  -3.782291
0.625703  -3.814243
0.617635  -3.781593
0.650832  -3.781942
0.708933  -3.906988
0.668386  -3.845430
0.702999  -3.843966
0.693515  -3.813129
0.723273  -3.874745
0.674319  -3.908452
0.654046  -3.877672
0.688659  -3.876209
0.727257  -3.933051
0.759921  -3.926870
0.741597  -3.900808
0.660327  -3.662842
0.611467  -3.576360
0.562622  -3.489524
0.579543  -3.460948
0.596464  -3.432372
0.629035  -3.490267
0.595829  -3.489896
0.612750  -3.461320
0.676604  -3.691891
0.692882  -3.720941
0.726763  -3.662398
0.693545  -3.662620
0.694177  -3.605945
0.627754  -3.605187
0.644040  -3.634015
0.677252  -3.634393
0.677890  -3.577117
0.645317  -3.519212
0.595185  -3.547415
0.578904  -3.518469
0.628392  -3.547786
0.612110  -3.518841
0.709822  -3.691669
0.626487  -3.720242
0.643407  -3.691542
0.659684  -3.720591
0.710470  -3.634171
0.644679  -3.576739
0.661604  -3.548165
0.660965  -3.605566
0.513864  -3.402742
0.465349  -3.315816
0.481520  -3.344791
0.497692  -3.373767
0.547902  -3.345517
0.530883  -3.374129
0.498540  -3.316179
0.531731  -3.316541
0.514711  -3.345154
0.580212  -3.403445
0.547038  -3.403093
0.564057  -3.374481
0.546370  -3.460597
0.530117  -3.431669
0.563291  -3.432021
0.499251  -3.258747
0.416674  -3.229091
0.367866  -3.142775
0.317669  -3.056914
0.350835  -3.057171
0.384002  -3.057429
0.334165  -3.028486
0.350660  -3.000058
0.367331  -3.028743
0.482300  -3.287282
0.432899  -3.257999
0.449124  -3.286908
0.449850  -3.229465
0.483026  -3.229839
0.433579  -3.200688
0.450484  -3.172285
0.401040  -3.143144
0.434215  -3.143513
0.384135  -3.171547
0.400405  -3.200319
0.417310  -3.171916
0.515491  -3.287644
0.466755  -3.201062
0.466075  -3.258373
0.384300  -3.114412
0.400734  -3.086049
0.351134  -3.114154
0.334402  -3.085534
0.367568  -3.085792
0.417474  -3.114781
0.267296  -2.970102
0.217415  -2.884019
0.168686  -2.797742
0.119935  -2.711177
0.153085  -2.711575
0.186234  -2.711974
0.153982  -2.654117
0.136959  -2.682647
0.170108  -2.683045
0.300583  -2.970611
0.333869  -2.971121
0.300878  -3.027977
0.284087  -2.999039
0.317374  -2.999549
0.300331  -2.913463
0.234042  -2.912713
0.250669  -2.941408
0.283814  -2.941783
0.283704  -2.884768
0.251216  -2.827255
0.201172  -2.855260
0.184929  -2.826501
0.234973  -2.798496
0.201829  -2.798119
0.234315  -2.855637
0.218072  -2.826878
0.317100  -2.942292
0.250559  -2.884394
0.267460  -2.856012
0.267187  -2.913088
0.185585  -2.769286
0.202484  -2.740829
0.152436  -2.768887
0.136186  -2.740032
0.169335  -2.740430
0.218729  -2.769663
0.071654  -2.624407
0.103842  -2.682253
0.087748  -2.653330
0.137889  -2.625194
0.104771  -2.624800
0.120865  -2.653723
0.105471  -2.567441
0.088563  -2.595924
0.121680  -2.596317
0.023085  -2.537608
-0.025562  -2.450177
-0.124796  -2.448994
-0.041596  -2.420710
-0.057631  -2.391243
-0.107752  -2.419921
-0.090709  -2.390849
-0.091718  -2.449388
-0.058640  -2.449783
-0.074674  -2.420316
0.056183  -2.538058
0.089281  -2.538509
0.039960  -2.509136
0.056835  -2.480664
0.007529  -2.450848
-0.008542  -2.421129
0.008478  -2.392081
-0.024576  -2.391662
0.073058  -2.509586
0.039275  -2.566541
0.055464  -2.595474
0.072373  -2.566991
0.040620  -2.451520
0.024549  -2.421800
-0.009347  -2.479321
0.006869  -2.508464
0.023744  -2.479992
-0.172991  -2.360426
-0.220910  -2.271375
-0.187904  -2.271938
-0.154899  -2.272500
-0.155958  -2.331305
-0.138926  -2.302184
-0.188964  -2.330742
-0.204937  -2.301059
-0.171931  -2.301621
-0.139882  -2.360876
-0.106774  -2.361326
-0.122850  -2.331755
-0.140861  -2.419471
-0.156926  -2.389949
-0.123817  -2.390399
-0.203961  -2.242749
-0.187012  -2.214123
-0.253149  -2.213406
-0.237029  -2.242391
-0.220081  -2.213764
-0.170956  -2.243311
-0.368453  -2.183330
-0.417094  -2.096895
-0.465722  -2.010465
-0.564866  -2.009351
-0.531818  -2.009722
-0.498770  -2.010093
-0.498143  -1.952854
-0.481933  -1.981659
-0.531191  -1.952483
-0.613485  -1.922956
-0.662108  -1.837053
-0.629692  -1.894322
-0.645900  -1.865687
-0.596026  -1.837457
-0.629067  -1.837255
-0.579818  -1.866091
-0.596651  -1.894524
-0.612859  -1.865889
-0.319925  -2.270033
-0.352277  -2.212231
-0.336101  -2.241132
-0.286154  -2.212959
-0.303040  -2.241496
-0.335392  -2.183694
-0.302330  -2.184058
-0.319216  -2.212595
-0.334767  -2.126433
-0.400880  -2.125707
-0.384667  -2.154518
-0.351610  -2.154882
-0.350981  -2.097622
-0.384038  -2.097258
-0.383409  -2.040001
-0.433304  -2.068085
-0.449513  -2.039275
-0.399619  -2.011191
-0.432671  -2.010828
-0.400252  -2.068448
-0.416461  -2.039638
-0.318549  -2.155246
-0.286920  -2.270480
-0.253915  -2.270928
-0.270035  -2.241943
-0.367195  -2.068811
-0.367824  -2.126070
-0.432045  -1.953580
-0.448884  -1.982022
-0.415832  -1.982385
-0.465094  -1.953217
-0.547397  -1.923685
-0.580441  -1.923320
-0.563607  -1.894888
-0.597278  -1.951754
-0.581072  -1.980553
-0.548028  -1.980917
-0.564234  -1.952119
-0.514980  -1.981288
-0.645229  -1.810712
-0.628350  -1.784370
-0.612188  -1.810914
-0.710762  -1.753047
-0.741821  -1.661507
-0.813498  -1.578791
-0.765713  -1.633935
-0.789606  -1.606363
-0.750157  -1.566856
-0.781828  -1.572823
-0.726264  -1.594428
-0.679398  -1.635601
-0.710609  -1.648554
-0.734042  -1.627967
-0.702831  -1.615015
-0.644568  -1.756368
-0.677665  -1.754708
-0.678326  -1.809051
-0.694544  -1.781049
-0.661447  -1.782710
-0.694032  -1.734861
-0.677302  -1.716674
-0.714738  -1.673834
-0.687655  -1.686161
-0.683526  -1.660881
-0.660935  -1.736521
-0.731468  -1.692020
-0.721115  -1.722534
-0.704385  -1.704347
-0.757935  -1.600395
-0.797882  -1.520207
-0.805690  -1.549499
-0.774020  -1.543531
-0.872801  -1.504984
-0.960956  -1.450448
-0.931571  -1.468626
-0.902186  -1.486805
-0.867579  -1.452174
-0.870190  -1.478579
-0.928960  -1.442222
-0.896964  -1.433995
-0.899575  -1.460400
-0.833266  -1.554188
-0.853033  -1.529586
-0.817650  -1.495605
-0.845225  -1.500294
-0.825458  -1.524897
-0.842614  -1.473889
-0.960956  1.450448
-0.939772  1.472057
-0.918588  1.493665
-0.896964  1.433995
-0.928960  1.442222
-0.907776  1.463830
-0.895328  1.609539
-0.896020  1.578118
-0.896712  1.546696
-0.863735  1.604463
-0.832142  1.599387
-0.864427  1.573041
-0.854036  1.685337
-0.881564  1.634805
-0.867800  1.660071
-0.836207  1.654995
-0.818378  1.624653
-0.849971  1.629729
-0.821303  1.687840
-0.813827  1.772465
-0.769637  1.859863
-0.799097  1.801598
-0.784367  1.830730
-0.751749  1.832969
-0.673252  1.862284
-0.623203  1.944071
-0.639886  1.916808
-0.656569  1.889546
-0.607376  1.860432
-0.640314  1.861358
-0.590693  1.887694
-0.606948  1.915882
-0.623631  1.888620
-0.788571  1.690343
-0.775168  1.719385
-0.794497  1.745925
-0.840633  1.714380
-0.827230  1.743422
-0.807900  1.716882
-0.803474  1.657498
-0.980249  1.584801
-0.952634  1.561626
-0.925019  1.538450
-0.951942  1.593047
-0.923635  1.601293
-0.924327  1.569872
-0.998082  1.512277
-0.930963  1.514275
-0.964522  1.513276
-0.986193  1.560627
-0.992137  1.536452
-0.958578  1.537451
-0.973331  1.471057
-0.985707  1.491667
-0.952147  1.492666
-0.781208  1.774704
-0.733860  1.806075
-0.687492  1.834583
-0.701731  1.806883
-0.705380  1.861477
-0.737509  1.860670
-0.719620  1.833776
-0.748590  1.776943
-0.766478  1.803836
-0.761879  1.748164
-0.656325  1.835779
-0.639397  1.809275
-0.670564  1.808079
-0.623387  1.834853
-0.557061  1.943166
-0.590132  1.943618
-0.573877  1.915430
-0.473720  2.028055
-0.507233  1.971161
-0.490476  1.999608
-0.441089  1.970497
-0.457404  1.999276
-0.474161  1.970829
-0.572770  2.029148
-0.606392  1.972430
-0.589581  2.000789
-0.540250  1.971525
-0.556510  2.000336
-0.573321  1.971977
-0.506736  2.028419
-0.539753  2.028783
-0.523493  1.999972
-0.440767  2.027714
-0.407815  2.027373
-0.424452  1.998935
-0.423974  2.113712
-0.374294  2.199697
-0.390854  2.171035
-0.407414  2.142374
-0.357990  2.113112
-0.390982  2.113412
-0.357862  2.170735
-0.341430  2.141774
-0.308176  2.199164
-0.341235  2.199430
-0.324803  2.170469
-0.391233  2.055925
-0.407604  2.084819
-0.457138  2.056607
-0.440556  2.085160
-0.424186  2.056266
-0.374612  2.084519
-0.374422  2.142074
-0.323932  2.285427
-0.224573  2.284431
-0.257693  2.284763
-0.290812  2.285095
-0.307660  2.256584
-0.340719  2.256850
-0.357507  2.228274
-0.291389  2.227740
-0.324448  2.228007
-0.241421  2.255919
-0.258270  2.227408
-0.274541  2.256252
-0.208308  2.255582
-0.192044  2.226733
-0.225157  2.227071
-0.191425  2.284091
-0.174002  2.369963
-0.123422  2.455585
-0.107133  2.426736
-0.090844  2.397887
-0.057129  2.455145
-0.090275  2.455365
-0.073987  2.426516
-0.158276  2.283752
-0.157711  2.341113
-0.141419  2.312263
-0.140853  2.369655
-0.107704  2.369347
-0.140282  2.427045
-0.157142  2.398504
-0.123993  2.398196
-0.175160  2.255243
-0.124562  2.340805
-0.190859  2.341452
-0.207716  2.312941
-0.174568  2.312602
0.026608  2.542050
0.077889  2.630883
0.043702  2.571661
0.060795  2.601272
0.109991  2.570986
0.093940  2.600934
0.092897  2.541374
0.059752  2.541712
0.076846  2.571323
0.009744  2.513008
-0.007120  2.483966
0.059168  2.483316
0.042888  2.512683
0.026024  2.483641
-0.072836  2.541558
-0.089698  2.512900
-0.106560  2.484243
-0.040268  2.483802
-0.056552  2.512680
-0.073414  2.484022
-0.006540  2.541886
-0.039688  2.541722
-0.023404  2.512844
0.076033  2.512345
0.144025  2.629999
0.110957  2.630441
0.127008  2.600492
0.129001  2.719323
0.195318  2.719286
0.162159  2.719304
0.161063  2.659479
0.145032  2.689401
0.178190  2.689383
0.094926  2.660363
0.111964  2.689843
0.127994  2.659921
0.180233  2.807087
0.163156  2.777832
0.146078  2.748578
0.196314  2.777814
0.212395  2.748541
0.179237  2.748559
0.246579  2.806727
0.213406  2.806907
0.229487  2.777634
0.230803  2.893141
0.213946  2.864456
0.197090  2.835772
0.263436  2.835412
0.247119  2.864276
0.230263  2.835592
0.297098  2.892290
0.263950  2.892715
0.280267  2.863851
0.281316  2.978859
0.331824  3.064719
0.365036  3.064400
0.398247  3.064080
0.348172  3.035774
0.364519  3.006828
0.381383  3.035454
0.247641  2.921713
0.264479  2.950286
0.313936  2.920863
0.297626  2.949861
0.280788  2.921288
0.347683  2.978208
0.314500  2.978534
0.314988  3.036099
0.298152  3.007479
0.331336  3.007154
0.330809  2.949536
0.382448  3.150479
0.398785  3.121573
0.415122  3.092667
0.365574  3.121893
0.348699  3.093306
0.381911  3.092987
0.448839  3.149844
0.415643  3.150162
0.431980  3.121255
0.433050  3.236244
0.416183  3.207656
0.399316  3.179067
0.465706  3.178432
0.449378  3.207338
0.432511  3.178750
0.499421  3.235601
0.466235  3.235922
0.482563  3.207017
0.483489  3.322006
0.533816  3.408020
0.550218  3.379066
0.566621  3.350113
0.600209  3.407393
0.567013  3.407706
0.583415  3.378753
0.449863  3.264831
0.466676  3.293418
0.516234  3.264189
0.499861  3.293097
0.483048  3.264510
0.516667  3.321724
0.549845  3.321441
0.500265  3.350677
0.517040  3.379349
0.533443  3.350395
0.533039  3.292815
0.584390  3.493878
0.600728  3.464945
0.617067  3.436012
0.650772  3.493263
0.617581  3.493571
0.633919  3.464638
0.567532  3.465259
0.550674  3.436639
0.583871  3.436326
0.634963  3.579741
0.618105  3.551120
0.601247  3.522499
0.667629  3.521884
0.651296  3.550812
0.634438  3.522191
0.701403  3.579101
0.668183  3.579421
0.684516  3.550493
0.651849  3.608351
0.668736  3.636962
0.685069  3.608032
0.585990  3.666508
0.618638  3.608663
0.602314  3.637585
0.652412  3.665885
0.619201  3.666196
0.635525  3.637274
0.641249  3.765211
0.631445  3.862040
0.669569  3.792485
0.697889  3.819758
0.663033  3.857037
0.694621  3.852035
0.634713  3.829764
0.637981  3.797487
0.666301  3.824761
0.604410  3.699409
0.622829  3.732310
0.670831  3.698786
0.656040  3.731999
0.637620  3.699097
0.712460  3.754292
0.676854  3.759751
0.705174  3.787025
0.691646  3.726539
0.694593  3.939231
0.673543  3.913501
0.652494  3.887770
0.705131  3.908498
0.715670  3.877765
0.684082  3.882768
0.759921  3.926870
0.727257  3.933051
0.737795  3.902318
0.596169  -3.955323
0.608703  -3.919180
0.621238  -3.883036
0.628977  -3.949959
0.661785  -3.944595
0.641511  -3.913816
0.557037  -3.806945
0.592057  -3.768276
0.574547  -3.787610
0.608194  -3.833577
0.582615  -3.820261
0.600125  -3.800927
0.532849  -3.884396
0.575062  -3.931681
0.553956  -3.908038
0.600131  -3.859394
0.566490  -3.871895
0.587597  -3.895537
0.540912  -3.858579
0.548975  -3.832762
0.574553  -3.846078
0.560688  -3.662088
0.511826  -3.575237
0.462985  -3.488412
0.414085  -3.401575
0.447345  -3.401964
0.480604  -3.402353
0.448261  -3.344402
0.431173  -3.372988
0.464433  -3.373378
0.509959  -3.743144
0.543161  -3.745077
0.576364  -3.747010
0.576981  -3.691039
0.593274  -3.719991
0.543778  -3.689107
0.526869  -3.716126
0.560071  -3.718058
0.593901  -3.662339
0.627114  -3.662591
0.594541  -3.604936
0.528114  -3.604188
0.544401  -3.633138
0.577614  -3.633512
0.578253  -3.575986
0.545690  -3.518095
0.495546  -3.546295
0.479266  -3.517354
0.529410  -3.489153
0.496198  -3.488783
0.528758  -3.546666
0.512478  -3.517724
0.610194  -3.691291
0.525652  -3.764411
0.541344  -3.785678
0.558854  -3.766344
0.610827  -3.633763
0.545040  -3.575611
0.561972  -3.547040
0.561327  -3.604562
0.479945  -3.459855
0.496904  -3.431299
0.430385  -3.430521
0.446685  -3.459466
0.463645  -3.430910
0.513157  -3.460226
0.365830  -3.314635
0.398000  -3.372595
0.381915  -3.343615
0.432176  -3.315422
0.399003  -3.315029
0.415088  -3.344009
0.399726  -3.257606
0.382778  -3.286121
0.415951  -3.286514
0.317156  -3.227961
0.268353  -3.141655
0.284792  -3.113408
0.301231  -3.085161
0.301524  -3.142028
0.334695  -3.142401
0.317963  -3.113781
0.350329  -3.228338
0.383501  -3.228714
0.334059  -3.199566
0.350963  -3.171170
0.284621  -3.170424
0.300889  -3.199192
0.317792  -3.170797
0.367232  -3.199942
0.333381  -3.256852
0.349605  -3.285744
0.366553  -3.257229
0.218570  -3.055901
0.168229  -2.969383
0.185009  -2.998222
0.201790  -3.027062
0.251054  -2.998702
0.234812  -3.027302
0.234274  -2.969862
0.201251  -2.969622
0.218032  -2.998462
0.284636  -3.056576
0.251603  -3.056239
0.267845  -3.027639
0.251759  -3.113070
0.235164  -3.084486
0.268198  -3.084823
0.201019  -2.912474
0.184624  -2.940928
0.217646  -2.941168
0.117996  -2.882874
0.069275  -2.796593
0.020564  -2.710042
-0.027670  -2.623257
0.004486  -2.681113
-0.011592  -2.652185
0.038546  -2.624023
0.005438  -2.623640
0.037594  -2.681497
0.054624  -2.652952
0.053688  -2.710420
0.086812  -2.710798
0.070718  -2.681875
0.151789  -2.826119
0.101756  -2.854114
0.085515  -2.825353
0.135549  -2.797359
0.102412  -2.796976
0.134893  -2.854497
0.118652  -2.825736
0.184275  -2.883637
0.151136  -2.883256
0.168032  -2.854878
0.134740  -2.911710
0.151485  -2.940546
0.167880  -2.912092
0.086162  -2.768121
0.103049  -2.739649
0.119299  -2.768504
0.053038  -2.767742
0.036801  -2.738892
0.069925  -2.739270
0.021516  -2.652568
0.006166  -2.566158
-0.010752  -2.594707
0.022356  -2.595091
-0.076185  -2.536459
-0.059310  -2.507699
-0.042436  -2.478938
-0.108592  -2.478149
-0.092388  -2.507304
-0.075514  -2.478543
-0.043095  -2.536842
-0.010005  -2.537225
-0.026221  -2.508082
-0.060013  -2.565392
-0.043842  -2.594324
-0.026923  -2.565775
-0.223856  -2.447548
-0.271934  -2.358787
-0.239882  -2.417961
-0.255908  -2.388374
-0.205972  -2.359880
-0.238953  -2.359334
-0.206901  -2.418508
-0.189946  -2.389467
-0.222927  -2.388921
-0.190836  -2.448030
-0.157816  -2.448512
-0.173881  -2.418989
-0.175409  -2.535257
-0.158538  -2.506503
-0.141667  -2.477748
-0.207707  -2.476785
-0.191558  -2.506021
-0.174687  -2.477267
-0.142334  -2.535658
-0.109259  -2.536059
-0.125463  -2.506904
-0.237918  -2.300513
-0.254926  -2.329650
-0.221945  -2.330196
-0.303928  -2.299618
-0.371069  -2.357456
-0.419204  -2.269733
-0.403159  -2.298974
-0.387114  -2.328215
-0.336973  -2.299174
-0.354021  -2.328315
-0.353018  -2.269933
-0.386111  -2.269833
-0.370066  -2.299074
-0.287931  -2.329203
-0.338024  -2.357900
-0.304979  -2.358344
-0.320976  -2.328759
-0.270923  -2.300065
-0.467622  -2.182232
-0.516248  -2.095801
-0.615422  -2.094596
-0.663978  -2.008241
-0.598570  -2.066181
-0.581718  -2.037766
-0.630940  -2.008611
-0.597903  -2.008981
-0.647793  -2.037026
-0.631607  -2.065811
-0.614755  -2.037396
-0.401509  -2.182964
-0.434566  -2.182598
-0.433937  -2.125340
-0.483830  -2.153421
-0.500039  -2.124611
-0.450145  -2.096530
-0.499406  -2.067355
-0.482564  -2.038910
-0.532454  -2.066984
-0.548660  -2.038168
-0.549306  -2.095399
-0.582364  -2.094998
-0.565512  -2.066583
-0.450779  -2.153786
-0.483197  -2.096165
-0.466355  -2.067720
-0.417723  -2.154152
-0.451482  -2.211399
-0.435343  -2.240566
-0.385370  -2.212131
-0.402287  -2.240932
-0.418426  -2.211765
-0.369194  -2.241032
-0.466988  -2.124976
-0.515612  -2.038539
-0.630316  -1.951384
-0.712584  -1.921940
-0.761192  -1.836094
-0.728787  -1.893325
-0.744989  -1.864709
-0.695136  -1.836733
-0.728164  -1.836414
-0.678934  -1.865349
-0.695759  -1.893645
-0.711961  -1.865029
-0.647147  -1.979813
-0.696382  -1.950707
-0.680180  -1.979474
-0.646518  -1.922617
-0.679551  -1.922279
-0.662726  -1.893983
-0.614109  -1.980183
-0.663349  -1.951046
-0.744382  -1.808412
-0.806867  -1.749436
-0.858408  -1.663112
-0.763503  -1.690817
-0.785185  -1.720127
-0.841228  -1.691887
-0.824048  -1.720662
-0.819546  -1.662577
-0.780683  -1.662042
-0.802365  -1.691352
-0.727572  -1.780729
-0.774832  -1.750640
-0.742797  -1.751844
-0.753150  -1.721330
-0.711354  -1.808731
-0.776417  -1.807208
-0.791642  -1.778322
-0.759607  -1.779526
-0.843438  -1.635005
-0.828468  -1.606898
-0.804576  -1.634470
-0.899400  -1.591339
-0.986190  -1.557855
-0.948393  -1.540231
-0.910597  -1.522607
-0.969367  -1.486250
-0.977778  -1.522052
-0.939982  -1.504429
-0.870766  -1.587156
-0.842132  -1.582973
-0.872072  -1.639188
-0.885736  -1.615263
-0.857102  -1.611081
-0.890534  -1.562554
-0.881667  -1.533769
-0.928330  -1.580177
-0.957260  -1.569016
-0.919464  -1.551392
-0.861900  -1.558371
-1.057728  -1.471823
-1.033882  -1.500500
-1.010036  -1.529177
-1.025470  -1.464698
-0.993213  -1.457573
-1.001624  -1.493375
-1.057728  1.471823
-1.088430  1.566930
-1.051774  1.662363
-1.076211  1.598741
-1.063993  1.630552
-1.027932  1.636509
-1.004090  1.610655
-1.052370  1.572887
-1.016309  1.578844
-1.040151  1.604698
-1.037846  1.485308
-1.058314  1.548712
-1.028198  1.530495
-1.022254  1.554669
-1.017964  1.498792
-1.067962  1.503525
-1.078196  1.535228
-1.048080  1.517010
-0.993213  1.457573
-1.025470  1.464698
-1.005588  1.478183
-0.950567  1.672558
-0.970355  1.614053
-0.960461  1.643306
-1.018038  1.665761
-0.984303  1.669160
-0.994197  1.639907
-0.932154  1.651552
-0.913741  1.630545
-0.942048  1.622299
-0.918390  1.676818
-0.886213  1.681077
-0.899977  1.655811
-0.908519  1.762233
-0.865040  1.853394
-0.845391  1.769054
-0.876955  1.765644
-0.879533  1.823007
-0.894026  1.792620
-0.847969  1.826418
-0.830898  1.799441
-0.862462  1.796031
-0.872197  1.710969
-0.890358  1.736601
-0.936551  1.702450
-0.922535  1.732341
-0.904374  1.706709
-0.858794  1.740012
-0.833239  1.855550
-0.801438  1.857706
-0.816168  1.828574
-0.821558  1.946227
-0.722334  1.945737
-0.755409  1.945900
-0.788483  1.946064
-0.804251  1.917439
-0.786944  1.888651
-0.836052  1.915282
-0.850546  1.884338
-0.818745  1.886494
-0.738102  1.917112
-0.753869  1.888487
-0.689613  1.890102
-0.705973  1.917919
-0.656247  1.944626
-0.689290  1.945181
-0.672930  1.917364
-0.721741  1.889295
-0.771176  1.917275
-0.671939  2.030340
-0.705535  1.973938
-0.688737  2.002139
-0.639449  1.972827
-0.655694  2.001584
-0.672492  1.973383
-0.638883  2.029943
-0.605827  2.029545
-0.622638  2.001186
-0.522883  2.114419
-0.473089  2.200258
-0.456717  2.171409
-0.440346  2.142561
-0.407225  2.199884
-0.440157  2.200071
-0.423786  2.171222
-0.556141  2.057572
-0.539512  2.085995
-0.490107  2.056843
-0.506495  2.085631
-0.523124  2.057207
-0.489913  2.114183
-0.456944  2.113948
-0.489687  2.171645
-0.506285  2.143032
-0.473315  2.142796
-0.473525  2.085395
-0.621675  2.115474
-0.605374  2.086698
-0.589072  2.057923
-0.655184  2.058718
-0.638430  2.087096
-0.622128  2.058321
-0.588744  2.115122
-0.555813  2.114771
-0.572443  2.086347
-0.423237  2.286377
-0.439854  2.257671
-0.456471  2.228964
-0.390608  2.228590
-0.406923  2.257484
-0.423540  2.228777
-0.357034  2.285744
-0.390135  2.286060
-0.373821  2.257167
-0.273410  2.370988
-0.222846  2.456591
-0.239700  2.428057
-0.256555  2.399523
-0.207138  2.370305
-0.257131  2.342136
-0.290250  2.342468
-0.307091  2.313947
-0.240852  2.313283
-0.273971  2.313615
-0.372691  2.371947
-0.306503  2.371308
-0.339597  2.371628
-0.340185  2.314267
-0.356438  2.343107
-0.323344  2.342788
-0.406388  2.314900
-0.389539  2.343424
-0.373287  2.314584
-0.240274  2.370647
-0.223995  2.341794
-0.206564  2.427715
-0.190283  2.398839
-0.223419  2.399181
-0.156563  2.455920
-0.189704  2.456256
-0.173423  2.427380
-0.172264  2.542251
-0.189125  2.513698
-0.205985  2.485144
-0.139702  2.484474
-0.155983  2.513363
-0.172844  2.484809
-0.105979  2.541789
-0.139122  2.542020
-0.122841  2.513131
-0.021641  2.632101
0.029592  2.721171
-0.004563  2.661791
0.012515  2.691481
0.045691  2.691075
0.061790  2.660979
0.011536  2.631695
0.044712  2.631289
0.028613  2.661385
0.010525  2.572067
-0.005558  2.602084
0.027619  2.601678
-0.055771  2.571739
-0.038706  2.601920
-0.022623  2.571903
0.062729  2.720555
0.080724  2.807968
0.096817  2.778420
0.112909  2.748871
0.147063  2.807381
0.113894  2.807674
0.129986  2.778126
0.095865  2.719939
0.063680  2.779036
0.046636  2.750104
0.079773  2.749487
0.078827  2.690459
-0.121489  2.629538
-0.054923  2.631247
-0.088206  2.630392
-0.089054  2.570885
-0.155339  2.571347
-0.138414  2.600442
-0.105271  2.600211
-0.122196  2.571116
-0.071989  2.601066
0.131302  2.894074
0.114443  2.865372
0.097584  2.836670
0.163923  2.836083
0.147613  2.865079
0.130753  2.836377
0.197636  2.893452
0.164469  2.893763
0.180779  2.864767
0.181866  2.979857
0.232347  3.065611
0.264993  3.007777
0.248670  3.036694
0.198693  3.008442
0.215520  3.037027
0.215016  2.979525
0.248166  2.979192
0.231843  3.008109
0.148157  2.922669
0.165012  2.951263
0.214491  2.922046
0.198179  2.950952
0.181324  2.922357
0.231329  2.950619
0.298665  3.065017
0.265506  3.065314
0.281829  3.036397
0.282866  3.151434
0.299185  3.122529
0.315505  3.093624
0.349254  3.150798
0.316060  3.151116
0.332379  3.122211
0.266026  3.122827
0.249186  3.094219
0.282346  3.093922
0.333469  3.237192
0.316602  3.208606
0.299734  3.180020
0.366122  3.179384
0.349796  3.208288
0.332928  3.179702
0.399857  3.236560
0.366663  3.236876
0.382989  3.207972
0.384004  3.322916
0.450327  3.322309
0.417165  3.322612
0.416701  3.265134
0.400352  3.294025
0.433514  3.293722
0.350314  3.265767
0.367159  3.294341
0.383508  3.265451
0.434482  3.408638
0.485043  3.494610
0.451336  3.437295
0.468189  3.465952
0.517558  3.436883
0.501301  3.465747
0.500705  3.408226
0.467594  3.408432
0.484447  3.437089
0.400830  3.351490
0.417656  3.380064
0.467153  3.350883
0.450818  3.379760
0.433992  3.351186
0.483929  3.379555
0.551274  3.494122
0.535459  3.580553
0.568080  3.522770
0.551769  3.551661
0.601795  3.580011
0.568627  3.580282
0.584937  3.551390
0.518159  3.494366
0.518654  3.551905
0.501848  3.523257
0.534964  3.523014
0.534416  3.465503
0.552303  3.609204
0.486474  3.667265
0.534836  3.749422
0.502595  3.694650
0.518715  3.722036
0.568939  3.694146
0.551888  3.721784
0.552818  3.666760
0.519646  3.667012
0.519131  3.609457
0.502802  3.638361
0.569146  3.637856
0.535974  3.638108
0.585471  3.608934
0.535767  3.694398
0.570307  3.754685
0.605778  3.759948
0.587358  3.727047
0.574675  3.815967
0.619058  3.782130
0.596866  3.799048
0.612521  3.846682
0.593598  3.831324
0.615790  3.814406
0.548116  3.771604
0.561396  3.793785
0.583587  3.776867
0.596169  3.955323
0.607928  3.924229
0.619686  3.893134
0.661785  3.944595
0.628977  3.949959
0.640735  3.918865
0.546711  3.886954
0.579683  3.932534
0.563197  3.909744
0.603200  3.870345
0.574955  3.878649
0.591441  3.901439
0.556032  3.863292
0.565354  3.839629
0.584277  3.854987
0.497375  -3.968957
0.509200  -3.940770
0.521024  -3.912583
0.530306  -3.964412
0.563238  -3.959868
0.542131  -3.936225
0.469933  -3.816770
0.434643  -3.896561
0.458169  -3.843367
0.446406  -3.869964
0.500114  -3.888451
0.467378  -3.892506
0.476464  -3.944825
0.455553  -3.920693
0.488289  -3.916638
0.498967  -3.813495
0.528002  -3.810220
0.496617  -3.767686
0.410298  -3.743065
0.461046  -3.660972
0.412196  -3.574118
0.429126  -3.545549
0.446056  -3.516981
0.478616  -3.574864
0.445406  -3.574491
0.462336  -3.545922
0.483275  -3.792228
0.430176  -3.767633
0.450054  -3.792201
0.476739  -3.743118
0.443518  -3.743091
0.444130  -3.688336
0.427214  -3.715700
0.477351  -3.688363
0.493655  -3.715753
0.527474  -3.661716
0.494260  -3.661344
0.494900  -3.603815
0.444763  -3.632020
0.428480  -3.603069
0.477973  -3.632394
0.461690  -3.603442
0.512310  -3.788953
0.490905  -3.839312
0.511877  -3.861854
0.479141  -3.865909
0.519940  -3.836037
0.511187  -3.632766
0.510564  -3.688735
0.363318  -3.487276
0.314563  -3.400442
0.331652  -3.371840
0.348741  -3.343238
0.347737  -3.400820
0.380911  -3.401197
0.364826  -3.372217
0.396540  -3.487655
0.429763  -3.488033
0.395904  -3.545171
0.379611  -3.516223
0.412833  -3.516602
0.380240  -3.458709
0.397163  -3.430142
0.347066  -3.458331
0.330815  -3.429387
0.363989  -3.429764
0.413463  -3.459088
0.460434  -3.715727
0.463396  -3.767660
0.266296  -3.313523
0.332652  -3.314265
0.299474  -3.313894
0.298474  -3.371469
0.282385  -3.342496
0.315563  -3.342867
0.300203  -3.256482
0.217648  -3.226864
0.168850  -3.140547
0.118717  -3.054648
0.152002  -3.055066
0.185286  -3.055483
0.135221  -3.026226
0.151725  -2.997804
0.168505  -3.026644
0.283249  -3.285003
0.233864  -3.255751
0.250080  -3.284637
0.250817  -3.227230
0.283987  -3.227595
0.234550  -3.198461
0.251451  -3.170058
0.202018  -3.140916
0.235185  -3.141286
0.185116  -3.169319
0.201382  -3.198092
0.218284  -3.169689
0.316427  -3.285373
0.267719  -3.198827
0.267033  -3.256116
0.185424  -3.112332
0.201997  -3.084117
0.152139  -3.111914
0.135428  -3.083281
0.168713  -3.083699
0.218591  -3.112701
0.068417  -2.967851
0.018593  -2.881745
-0.030116  -2.795473
-0.013223  -2.766996
0.003670  -2.738519
0.036144  -2.796220
0.003014  -2.795847
0.019907  -2.767369
0.101687  -2.968361
0.134958  -2.968872
0.101950  -3.025715
0.085184  -2.996783
0.118454  -2.997294
0.101470  -2.911200
0.035201  -2.910447
0.051809  -2.939149
0.084943  -2.939525
0.084862  -2.882498
0.052381  -2.824977
0.002357  -2.852988
-0.013880  -2.824231
0.035487  -2.853361
0.019251  -2.824604
0.118214  -2.940036
0.051728  -2.882121
0.068621  -2.853737
0.068335  -2.910823
-0.078777  -2.708977
-0.126902  -2.622119
-0.110860  -2.651072
-0.094818  -2.680025
-0.044706  -2.651830
-0.061741  -2.680404
-0.012550  -2.709687
-0.045663  -2.709332
-0.028628  -2.680759
-0.046336  -2.766641
-0.062556  -2.737809
-0.029443  -2.738164
-0.093825  -2.622498
-0.060748  -2.622877
-0.077783  -2.651451
-0.093090  -2.565013
-0.109996  -2.593566
-0.159240  -2.564211
-0.143071  -2.593165
-0.126165  -2.564612
-0.076919  -2.593945
-0.322854  -2.445886
-0.305880  -2.416853
-0.288907  -2.387820
-0.289854  -2.446440
-0.256855  -2.446994
-0.272881  -2.417407
-0.274614  -2.534057
-0.257695  -2.505221
-0.240775  -2.476385
-0.306774  -2.475276
-0.290694  -2.504667
-0.273774  -2.475831
-0.241546  -2.534457
-0.208477  -2.534857
-0.224626  -2.505621
-0.338925  -2.416409
-0.354997  -2.386933
-0.321952  -2.387377
-0.226188  -2.620940
-0.159997  -2.621726
-0.193093  -2.621333
-0.192335  -2.563818
-0.209262  -2.592379
-0.176166  -2.592772
-0.258472  -2.563018
-0.242330  -2.591979
-0.225404  -2.563418
-0.470396  -2.357363
-0.518413  -2.268438
-0.485343  -2.268869
-0.452274  -2.269301
-0.453332  -2.328153
-0.436268  -2.298943
-0.486402  -2.327721
-0.502407  -2.298080
-0.469338  -2.298511
-0.437287  -2.357394
-0.404178  -2.357425
-0.420223  -2.328184
-0.422219  -2.445815
-0.405169  -2.416362
-0.388119  -2.386909
-0.389097  -2.445838
-0.355975  -2.445862
-0.372047  -2.416386
-0.438278  -2.416331
-0.454337  -2.386847
-0.421228  -2.386878
-0.484552  -2.210967
-0.566818  -2.181254
-0.665972  -2.180171
-0.599869  -2.180893
-0.632921  -2.180532
-0.632272  -2.123121
-0.649122  -2.151646
-0.583020  -2.152368
-0.599221  -2.123482
-0.533105  -2.124285
-0.549962  -2.152769
-0.566163  -2.123883
-0.501483  -2.239702
-0.550683  -2.210315
-0.534548  -2.239377
-0.500687  -2.181906
-0.533753  -2.181580
-0.516896  -2.153095
-0.468413  -2.240134
-0.517618  -2.210641
-0.616071  -2.152007
-0.714475  -2.093334
-0.648440  -2.094176
-0.681458  -2.093755
-0.680810  -2.036605
-0.697643  -2.064970
-0.664625  -2.065390
-0.698307  -2.122280
-0.682140  -2.151225
-0.665290  -2.122700
-0.763068  -2.007085
-0.811640  -1.920865
-0.860215  -1.834597
-0.827832  -1.892109
-0.844023  -1.863353
-0.794200  -1.835595
-0.827207  -1.835096
-0.778008  -1.864351
-0.794824  -1.892608
-0.811016  -1.863852
-0.697008  -2.007856
-0.730038  -2.007470
-0.729412  -1.950322
-0.795450  -1.949605
-0.779259  -1.978345
-0.746240  -1.978703
-0.745603  -1.921582
-0.778622  -1.921223
-0.762431  -1.949963
-0.713210  -1.979089
-0.746871  -2.035835
-0.730673  -2.064584
-0.713841  -2.036220
-0.761805  -1.892966
-0.842432  -1.806210
-0.908806  -1.748260
-0.876412  -1.805818
-0.892609  -1.777039
-0.874826  -1.748652
-0.840847  -1.749044
-0.824650  -1.777823
-0.858629  -1.777431
-0.809425  -1.806709
-0.892006  -1.719878
-0.875207  -1.691495
-0.858027  -1.720270
-0.955934  -1.657282
-1.056253  -1.661012
-1.032898  -1.626626
-1.009544  -1.592240
-0.966019  -1.624139
-0.976104  -1.590997
-0.989374  -1.658525
-1.022813  -1.659769
-0.999459  -1.625383
-0.937089  -1.635301
-0.918245  -1.613320
-0.947175  -1.602158
-0.923425  -1.659225
-0.890917  -1.661169
-0.904581  -1.637244
-0.924515  -1.717934
-0.940224  -1.687608
-0.907716  -1.689551
-1.100256  -1.568095
-1.062234  -1.564682
-1.024212  -1.561268
-1.085588  -1.599068
-1.070921  -1.630040
-1.047566  -1.595654
-1.071904  -1.503914
-1.155436  -1.488369
-1.137043  -1.514944
-1.118649  -1.541520
-1.086080  -1.536005
-1.122867  -1.482853
-1.090297  -1.477338
-1.104473  -1.509429
-1.048058  -1.532591
-1.155436  1.488369
-1.202536  1.579451
-1.157174  1.670482
-1.187415  1.609795
-1.172295  1.640138
-1.111345  1.601447
-1.134260  1.635965
-1.126465  1.571104
-1.164501  1.575277
-1.149380  1.605621
-1.133101  1.514556
-1.171136  1.518729
-1.186836  1.549090
-1.110766  1.540743
-1.148801  1.544917
-1.090297  1.477338
-1.122867  1.482853
-1.100531  1.509041
-1.122041  1.667776
-1.086907  1.665070
-1.099126  1.633258
-1.015837  1.754063
-0.972324  1.699726
-0.994081  1.726895
-1.039795  1.692930
-1.027816  1.723496
-1.006059  1.696328
-1.103530  1.725214
-1.139293  1.688726
-1.121411  1.706970
-1.069026  1.683313
-1.086278  1.704264
-1.104159  1.686020
-1.045068  1.744446
-1.074299  1.734830
-1.057047  1.713880
-0.980065  1.756786
-0.944292  1.759510
-0.958308  1.729618
-0.951807  1.835581
-0.917475  1.942515
-0.928919  1.906870
-0.940363  1.871226
-0.893962  1.847456
-0.922885  1.841519
-0.899997  1.912808
-0.882518  1.883101
-0.911441  1.877163
-0.922948  1.786682
-0.937378  1.811132
-0.994494  1.781236
-0.973150  1.808408
-0.958721  1.783959
-0.908455  1.817069
-0.853530  1.944989
-0.870297  2.032176
-0.771135  2.031305
-0.804189  2.031595
-0.837243  2.031885
-0.837805  1.974876
-0.886023  2.002289
-0.901749  1.972402
-0.885503  1.943752
-0.854051  2.003526
-0.869777  1.973639
-0.868024  1.914045
-0.787943  2.002946
-0.804751  1.974586
-0.738601  1.974260
-0.754868  2.002782
-0.771676  1.974423
-0.820997  2.003236
-0.705005  2.030662
-0.738070  2.030984
-0.721803  2.002461
-0.720706  2.116532
-0.754326  2.059714
-0.737516  2.088123
-0.688195  2.059071
-0.704451  2.087801
-0.721260  2.059392
-0.687696  2.116179
-0.670258  2.201946
-0.703890  2.145003
-0.687074  2.173474
-0.637869  2.144298
-0.654063  2.173122
-0.654686  2.115826
-0.670880  2.144650
-0.671440  2.087449
-0.571805  2.200967
-0.522113  2.286879
-0.489430  2.229132
-0.505771  2.258006
-0.456196  2.286544
-0.489154  2.286712
-0.472813  2.257838
-0.539190  2.143269
-0.555497  2.172118
-0.605052  2.143972
-0.588428  2.172469
-0.572121  2.143620
-0.505994  2.200494
-0.538677  2.258242
-0.555241  2.229605
-0.538899  2.200731
-0.522335  2.229368
-0.522592  2.171881
-0.637440  2.201620
-0.604622  2.201293
-0.621246  2.172796
-0.471799  2.372709
-0.421536  2.458564
-0.455045  2.401327
-0.438291  2.429946
-0.405254  2.429692
-0.322231  2.457619
-0.339051  2.429062
-0.355871  2.400505
-0.388973  2.400820
-0.388434  2.458249
-0.355333  2.457934
-0.372153  2.429377
-0.505341  2.315489
-0.488570  2.344099
-0.439424  2.315154
-0.455612  2.343932
-0.472383  2.315322
-0.438763  2.372455
-0.405727  2.372201
-0.422009  2.401074
-0.422576  2.343678
-0.289683  2.399865
-0.305957  2.428742
-0.255974  2.456933
-0.289102  2.457276
-0.272829  2.428399
-0.322777  2.400185
-0.271700  2.543195
-0.288543  2.514669
-0.305387  2.486144
-0.239130  2.485459
-0.255415  2.514327
-0.272259  2.485801
-0.205409  2.542566
-0.238555  2.542880
-0.222270  2.514012
-0.221112  2.628812
-0.254837  2.571734
-0.237974  2.600273
-0.188547  2.571105
-0.204829  2.599958
-0.221692  2.571419
-0.187904  2.629054
-0.170386  2.716159
-0.070215  2.720540
-0.003677  2.720961
-0.036946  2.720751
-0.037832  2.661581
-0.054023  2.691061
-0.020754  2.691271
-0.154697  2.629296
-0.154087  2.687286
-0.087306  2.690206
-0.104397  2.659872
-0.071115  2.660727
-0.171622  2.600200
-0.019091  2.809129
-0.036132  2.779600
-0.053173  2.750070
-0.002864  2.779810
0.013364  2.750491
0.047452  2.808355
0.014180  2.808742
0.030408  2.779423
-0.019905  2.750280
0.031797  2.895008
0.014834  2.866382
-0.002129  2.837755
0.064415  2.836981
0.048106  2.865995
0.031143  2.837368
0.098134  2.894385
0.064965  2.894697
0.081275  2.865683
-0.137788  2.658412
-0.136995  2.717620
-0.103605  2.719080
-0.120696  2.688746
-0.204203  2.657928
-0.187294  2.687044
-0.170995  2.658170
0.082328  2.980763
0.048641  2.923593
0.065484  2.952178
0.114978  2.922970
0.098653  2.951867
0.081809  2.923282
0.148687  2.980159
0.115507  2.980461
0.131832  2.951565
0.132823  3.066575
0.183330  3.152360
0.166494  3.123765
0.149659  3.095170
0.199172  3.065932
0.165998  3.066254
0.199669  3.123444
0.216008  3.094527
0.249687  3.151743
0.233888  3.238145
0.217035  3.209550
0.200183  3.180955
0.216509  3.152051
0.266540  3.180338
0.250214  3.209241
0.233361  3.180646
0.099160  3.009367
0.115991  3.037971
0.165519  3.008763
0.149171  3.037669
0.132339  3.009065
0.182345  3.037348
0.232847  3.123135
0.182833  3.094849
0.300276  3.237510
0.267082  3.237827
0.283408  3.208924
0.284495  3.323907
0.335067  3.409646
0.385633  3.495428
0.368778  3.466834
0.351922  3.438240
0.368205  3.409310
0.401344  3.408974
0.401916  3.466498
0.418770  3.495155
0.451906  3.494882
0.418199  3.437568
0.435053  3.466225
0.250757  3.266732
0.267626  3.295320
0.317145  3.266097
0.300820  3.295002
0.283951  3.266415
0.317665  3.323577
0.350834  3.323246
0.351379  3.380736
0.367691  3.351826
0.318210  3.381067
0.301352  3.352487
0.334522  3.352156
0.333989  3.294672
0.384518  3.380400
0.385061  3.437904
0.436076  3.581162
0.469674  3.638564
0.452875  3.609863
0.502331  3.580756
0.469204  3.580959
0.486003  3.609660
0.468721  3.523460
0.452398  3.552311
0.485526  3.552108
0.402447  3.524006
0.419261  3.552584
0.435584  3.523733
0.439148  3.752192
0.502940  3.750346
0.471044  3.751269
0.470698  3.695574
0.454923  3.723883
0.486819  3.722960
0.387371  3.667677
0.421889  3.724020
0.404630  3.695849
0.453440  3.667402
0.420405  3.667540
0.437664  3.695711
0.419841  3.610000
0.403606  3.638839
0.436640  3.638701
0.490444  3.824215
0.446180  3.899592
0.497375  3.968957
0.479690  3.895380
0.513200  3.891167
0.513820  3.941623
0.530265  3.914288
0.480310  3.945835
0.463245  3.922714
0.496755  3.918501
0.456246  3.776200
0.473345  3.800207
0.520039  3.774353
0.505241  3.799284
0.488143  3.775276
0.518521  3.821465
0.546598  3.818716
0.533318  3.796535
0.509199  3.845128
0.527955  3.866041
0.475689  3.849341
0.460934  3.874466
0.494445  3.870254
0.537277  3.842379
0.563238  3.959868
0.530306  3.964412
0.546752  3.937078
0.398271  -3.980123
0.335786  -3.905039
0.373641  -3.824082
0.393975  -3.848242
0.414309  -3.872401
0.368738  -3.902213
0.401691  -3.899387
0.348405  -3.878053
0.361023  -3.851068
0.381357  -3.875227
0.410395  -3.952269
0.422519  -3.924415
0.377443  -3.955095
0.356615  -3.930067
0.389567  -3.927241
0.431306  -3.976401
0.464340  -3.972679
0.443430  -3.948547
0.437836  -3.819207
0.405738  -3.821645
0.426072  -3.845804
0.398079  -3.770071
0.385860  -3.797076
0.417957  -3.794639
0.361408  -3.659849
0.312550  -3.572999
0.263744  -3.486178
0.330127  -3.486910
0.296935  -3.486544
0.296282  -3.544059
0.280013  -3.515119
0.329473  -3.544425
0.346395  -3.515850
0.313204  -3.515485
0.377705  -3.687588
0.394002  -3.715326
0.427834  -3.660598
0.395267  -3.602695
0.345122  -3.630899
0.328836  -3.601949
0.378981  -3.573745
0.345766  -3.573372
0.362688  -3.544798
0.394621  -3.660223
0.378338  -3.631272
0.362052  -3.602322
0.410918  -3.687962
0.312740  -3.741302
0.345186  -3.687000
0.328963  -3.714151
0.377779  -3.742477
0.345260  -3.741889
0.361482  -3.714739
0.333041  -3.768895
0.353341  -3.796489
0.365560  -3.769483
0.411550  -3.631646
0.280684  -3.457600
0.297623  -3.429021
0.313875  -3.457965
0.215081  -3.399394
0.166659  -3.312464
0.182800  -3.341440
0.198941  -3.370417
0.249224  -3.342147
0.232153  -3.370770
0.199871  -3.312817
0.233083  -3.313170
0.216012  -3.341794
0.281402  -3.400093
0.248242  -3.399743
0.265313  -3.371120
0.247523  -3.457250
0.231302  -3.428322
0.264463  -3.428671
0.200652  -3.255397
0.118151  -3.225736
0.069358  -3.139421
0.085811  -3.111163
0.102264  -3.082905
0.102522  -3.139796
0.135686  -3.140172
0.118975  -3.111538
0.183655  -3.283931
0.134320  -3.254645
0.150489  -3.283555
0.151316  -3.226112
0.184482  -3.226488
0.135051  -3.197340
0.151950  -3.168943
0.085622  -3.168192
0.101886  -3.196964
0.118786  -3.168568
0.216867  -3.284284
0.168216  -3.197716
0.167486  -3.255021
0.019626  -3.053632
-0.030639  -2.967112
-0.013884  -2.995952
0.002871  -3.024792
0.052153  -2.996445
0.035889  -3.025039
0.035398  -2.967605
0.002380  -2.967358
0.019134  -2.996198
0.085687  -3.054309
0.052656  -3.053971
0.068920  -3.025377
0.052781  -3.110825
0.036203  -3.082229
0.069234  -3.082567
0.002183  -2.910200
-0.014228  -2.938656
0.018790  -2.938902
-0.080794  -2.880601
-0.129496  -2.794340
-0.178199  -2.707793
-0.277559  -2.706800
-0.325373  -2.619815
-0.309435  -2.648810
-0.293497  -2.677805
-0.243311  -2.649560
-0.260435  -2.678180
-0.211319  -2.707462
-0.244439  -2.707131
-0.194195  -2.678842
-0.210191  -2.649891
-0.227315  -2.678511
-0.047009  -2.823849
-0.097028  -2.851847
-0.113262  -2.823094
-0.063243  -2.795096
-0.096369  -2.794718
-0.063901  -2.852225
-0.080135  -2.823472
-0.014536  -2.881364
-0.047665  -2.880982
-0.030772  -2.852606
-0.064076  -2.909438
-0.047357  -2.938275
-0.030947  -2.909819
-0.112590  -2.765886
-0.145058  -2.708188
-0.111917  -2.708583
-0.144001  -2.650677
-0.161100  -2.679235
-0.127959  -2.679630
-0.095683  -2.737432
-0.145730  -2.765491
-0.161965  -2.736642
-0.128824  -2.737037
-0.079463  -2.766264
-0.177096  -2.650284
-0.373854  -2.533081
-0.356854  -2.504016
-0.339854  -2.474951
-0.406097  -2.474903
-0.389976  -2.503992
-0.372975  -2.474927
-0.340774  -2.533407
-0.307694  -2.533732
-0.323774  -2.504342
-0.291533  -2.562643
-0.308453  -2.591229
-0.357694  -2.561993
-0.341533  -2.590904
-0.324614  -2.562318
-0.292311  -2.620190
-0.259249  -2.620565
-0.276373  -2.649185
-0.275391  -2.591604
-0.569375  -2.355661
-0.521437  -2.444354
-0.537416  -2.414789
-0.553396  -2.385225
-0.503389  -2.356796
-0.535401  -2.297512
-0.552388  -2.326586
-0.536382  -2.356228
-0.519395  -2.327154
-0.504423  -2.415357
-0.487409  -2.386360
-0.520403  -2.385792
-0.488364  -2.444841
-0.455291  -2.445328
-0.471350  -2.415844
-0.617405  -2.267472
-0.633594  -2.238372
-0.649783  -2.209271
-0.583681  -2.209993
-0.600543  -2.238733
-0.616732  -2.209632
-0.551411  -2.268116
-0.584408  -2.267794
-0.567546  -2.239055
-0.601395  -2.296868
-0.585385  -2.326264
-0.568398  -2.297190
-0.473041  -2.531871
-0.456100  -2.503186
-0.439159  -2.474500
-0.505305  -2.473526
-0.489173  -2.502699
-0.472232  -2.474013
-0.439979  -2.532275
-0.406916  -2.532678
-0.423038  -2.503589
-0.716641  -2.265913
-0.683562  -2.266432
-0.650484  -2.266952
-0.699751  -2.237332
-0.682862  -2.208752
-0.666673  -2.237852
-0.765068  -2.178457
-0.748926  -2.207609
-0.732783  -2.236761
-0.732036  -2.179028
-0.699004  -2.179600
-0.715894  -2.208180
-0.748204  -2.150083
-0.813590  -2.092187
-0.780552  -2.092569
-0.747514  -2.092952
-0.731340  -2.121708
-0.781242  -2.149700
-0.797416  -2.120944
-0.764378  -2.121326
-0.715172  -2.150654
-0.779909  -2.035452
-0.862103  -2.005957
-0.829092  -2.006333
-0.796080  -2.006709
-0.828461  -1.949229
-0.845282  -1.977593
-0.812271  -1.977969
-0.796750  -2.063820
-0.845932  -2.034700
-0.829761  -2.063444
-0.812921  -2.035076
-0.763711  -2.064202
-0.910644  -1.919704
-0.959179  -1.833451
-0.926823  -1.890953
-0.943001  -1.862202
-0.893203  -1.834215
-0.926191  -1.833833
-0.877025  -1.862966
-0.893834  -1.891335
-0.910013  -1.862584
-0.844642  -1.920478
-0.877643  -1.920091
-0.860833  -1.891722
-0.894464  -1.948455
-0.878284  -1.977206
-0.861463  -1.948842
-0.942388  -1.805054
-1.007111  -1.747566
-0.975156  -1.804822
-0.991134  -1.776194
-0.941574  -1.748029
-0.974342  -1.747797
-0.925597  -1.776657
-0.958365  -1.776426
-0.909400  -1.805436
-0.990052  -1.717471
-1.023491  -1.718715
-1.039872  -1.689863
-0.972993  -1.687376
-1.006432  -1.688620
-0.957283  -1.717703
-1.153962  -1.664619
-1.121392  -1.663417
-1.088823  -1.662214
-1.118158  -1.600270
-1.136060  -1.632445
-1.103490  -1.631242
-1.105998  -1.748515
-1.137974  -1.692584
-1.121986  -1.720550
-1.072835  -1.690180
-1.089416  -1.719347
-1.105404  -1.691382
-1.040073  -1.747882
-1.073036  -1.748198
-1.056454  -1.719031
-1.203470  -1.578170
-1.170465  -1.635803
-1.186967  -1.606987
-1.134661  -1.571454
-1.169065  -1.574812
-1.152563  -1.603628
-1.171447  -1.518303
-1.187459  -1.548236
-1.153054  -1.544878
-1.254016  -1.498362
-1.237168  -1.524965
-1.220319  -1.551568
-1.221156  -1.495031
-1.188296  -1.491700
-1.204308  -1.521634
-1.254016  1.498362
-1.236856  1.525392
-1.219696  1.552421
-1.188296  1.491700
-1.221156  1.495031
-1.203996  1.522061
-1.304279  1.583271
-1.270771  1.526665
-1.287525  1.554968
-1.270365  1.581998
-1.255459  1.670592
-1.195555  1.759908
-1.169968  1.700291
-1.182762  1.730099
-1.235491  1.700364
-1.215523  1.730136
-1.222697  1.670555
-1.189936  1.670519
-1.202729  1.700327
-1.220177  1.609831
-1.237818  1.640211
-1.288006  1.612378
-1.271732  1.641485
-1.236450  1.580724
-1.254091  1.611104
-1.205056  1.640175
-1.253610  1.553695
-1.164880  1.748343
-1.134205  1.736778
-1.152086  1.718535
-1.102644  1.803063
-1.102939  1.777113
-1.103235  1.751163
-1.164585  1.774293
-1.133614  1.788678
-1.133910  1.762728
-1.038425  1.840820
-1.022675  1.931700
-0.999052  1.899660
-0.975430  1.867621
-0.952542  1.938910
-0.987608  1.935305
-0.963986  1.903265
-1.081238  1.815649
-1.059832  1.828234
-1.023367  1.782982
-1.030896  1.811901
-1.044773  1.770396
-1.073709  1.786729
-1.052302  1.799315
-1.009553  1.839074
-0.980680  1.837328
-1.027925  1.901407
-1.033175  1.871113
-1.004302  1.869367
-1.002023  1.810155
-1.074004  1.760780
-0.968847  2.032316
-0.986790  1.998777
-1.004733  1.965238
-0.934599  1.972449
-0.951723  2.002382
-0.969666  1.968844
-0.903147  2.032222
-0.935997  2.032269
-0.918873  2.002336
-0.819923  2.117521
-0.919224  2.118412
-0.853023  2.117818
-0.886124  2.118115
-0.886606  2.060921
-0.902915  2.089666
-0.853506  2.060624
-0.836714  2.089072
-0.787398  2.060044
-0.803660  2.088782
-0.820452  2.060334
-0.869815  2.089369
-0.952306  2.061015
-0.935765  2.089713
-0.919456  2.060968
-0.753779  2.116862
-0.786851  2.117191
-0.770588  2.088453
-0.769484  2.202930
-0.786297  2.174461
-0.803110  2.145991
-0.736966  2.145331
-0.753225  2.174131
-0.770038  2.145661
-0.703333  2.202274
-0.736409  2.202602
-0.720149  2.173803
-0.719195  2.288276
-0.752721  2.231379
-0.735958  2.259828
-0.686570  2.230723
-0.702883  2.259499
-0.719646  2.231051
-0.620584  2.287319
-0.570605  2.373089
-0.603924  2.315909
-0.587265  2.344499
-0.538277  2.315616
-0.554441  2.344352
-0.554936  2.287026
-0.588064  2.229751
-0.604324  2.258535
-0.587760  2.287173
-0.571500  2.258389
-0.653700  2.230404
-0.637142  2.258861
-0.620882  2.230077
-0.686325  2.287957
-0.653454  2.287638
-0.670012  2.259180
-0.571101  2.315763
-0.504734  2.372836
-0.520639  2.459193
-0.487605  2.458984
-0.454571  2.458774
-0.504359  2.430365
-0.488079  2.401537
-0.471325  2.430156
-0.537670  2.372962
-0.537294  2.430492
-0.553950  2.401790
-0.521014  2.401664
-0.521506  2.344226
-0.371137  2.544439
-0.354835  2.515499
-0.338533  2.486559
-0.304845  2.543610
-0.337991  2.544024
-0.321689  2.515084
-0.470541  2.545533
-0.487241  2.516753
-0.503940  2.487973
-0.454206  2.516543
-0.437871  2.487554
-0.387937  2.515814
-0.404736  2.487189
-0.404272  2.544804
-0.437406  2.545168
-0.421071  2.516179
-0.371635  2.486874
-0.470906  2.487763
-0.320528  2.631294
-0.269910  2.716328
-0.219193  2.803420
-0.119437  2.807427
-0.185941  2.804756
-0.152689  2.806091
-0.153403  2.746582
-0.086622  2.749503
-0.103029  2.778465
-0.136420  2.777004
-0.120012  2.748042
-0.337398  2.602343
-0.354267  2.573391
-0.287976  2.572561
-0.304252  2.601928
-0.321121  2.572976
-0.254251  2.629639
-0.287389  2.630467
-0.271113  2.601100
-0.236735  2.716272
-0.203561  2.716216
-0.237378  2.657984
-0.253644  2.687156
-0.220469  2.687100
-0.303656  2.659639
-0.286783  2.687984
-0.270517  2.658811
-0.186655  2.745246
-0.202924  2.774333
-0.169672  2.775669
-0.253005  2.745359
-0.236099  2.774389
-0.219830  2.745303
-0.052540  2.808562
-0.068080  2.895810
-0.085199  2.866349
-0.102318  2.836888
-0.085988  2.807994
-0.035421  2.838023
-0.051750  2.866916
-0.068869  2.837455
-0.069581  2.779032
-0.001495  2.895275
-0.034787  2.895543
-0.018458  2.866649
-0.017195  2.981702
-0.051118  2.924441
-0.034156  2.953071
0.015466  2.923906
-0.000864  2.952804
-0.017826  2.924173
0.015980  2.981389
0.049154  2.981076
0.032310  2.952491
0.033319  3.067499
0.083751  3.153360
0.100108  3.124432
0.116466  3.095503
0.150137  3.152693
0.116944  3.153027
0.133301  3.124098
0.049655  3.038587
0.065991  3.009675
-0.000357  3.010301
0.016481  3.038900
0.032817  3.009988
0.066487  3.067191
0.099655  3.066883
0.050129  3.096119
0.066940  3.124740
0.083298  3.095811
0.082823  3.038279
0.134320  3.239095
0.166993  3.181272
0.150657  3.210183
0.200699  3.238462
0.167510  3.238778
0.183846  3.209867
0.117464  3.210517
0.100607  3.181938
0.133800  3.181605
0.184917  3.324864
0.151186  3.267685
0.168051  3.296274
0.217564  3.267051
0.201241  3.295958
0.184375  3.267368
0.218110  3.324545
0.251302  3.324226
0.234433  3.295639
0.235547  3.410649
0.286192  3.496446
0.302483  3.467513
0.318775  3.438579
0.268721  3.410315
0.301894  3.409980
0.252429  3.439248
0.269310  3.467847
0.285602  3.438914
0.251863  3.381735
0.268179  3.352821
0.285036  3.381401
0.201794  3.353459
0.218671  3.382054
0.234986  3.353140
0.319339  3.496106
0.352486  3.495767
0.335631  3.467173
0.336839  3.582257
0.353104  3.553314
0.369368  3.524371
0.303074  3.525049
0.319956  3.553653
0.336221  3.524710
0.369918  3.581892
0.402997  3.581527
0.386182  3.552949
0.353683  3.610730
0.370527  3.639204
0.386762  3.610365
0.339705  3.751100
0.391212  3.829376
0.356874  3.777192
0.374043  3.803284
0.423169  3.777920
0.407190  3.803648
0.406000  3.751828
0.371482  3.695485
0.355594  3.723293
0.372853  3.751464
0.388741  3.723656
0.390022  3.777556
0.457366  3.825935
0.424289  3.827656
0.440268  3.801928
0.287618  3.668604
0.320432  3.611039
0.304025  3.639822
0.320869  3.668295
0.354120  3.667986
0.337276  3.639513
0.304980  3.696103
0.322343  3.723602
0.338231  3.695794
0.409534  3.852782
0.345431  3.908686
0.360691  3.882250
0.375952  3.855813
0.427857  3.876187
0.379014  3.905655
0.398271  3.980123
0.380658  3.956311
0.363044  3.932498
0.412597  3.902624
0.414241  3.953279
0.430210  3.926436
0.396627  3.929467
0.442612  3.851061
0.394274  3.879218
0.464340  3.972679
0.431306  3.976401
0.447275  3.949557
0.298920  -3.988815
0.311209  -3.960890
0.323498  -3.932964
0.332037  -3.985918
0.365154  -3.983020
0.344326  -3.957992
0.272330  -3.826449
0.236810  -3.910392
0.260490  -3.854430
0.248650  -3.882411
0.302794  -3.906823
0.269802  -3.908608
0.314634  -3.878842
0.293482  -3.852645
0.281642  -3.880627
0.306101  -3.825660
0.339871  -3.824871
0.327253  -3.851857
0.278217  -3.962674
0.257513  -3.936533
0.290505  -3.934749
0.285800  -3.798066
0.210988  -3.744455
0.261774  -3.658726
0.212929  -3.571883
0.164096  -3.485061
0.115185  -3.398253
0.148484  -3.398633
0.181783  -3.399013
0.149501  -3.341060
0.132343  -3.369656
0.165642  -3.370037
0.299270  -3.769684
0.244906  -3.743404
0.278823  -3.742353
0.231435  -3.771786
0.251883  -3.799118
0.265353  -3.770735
0.319571  -3.797277
0.295625  -3.601575
0.245492  -3.629778
0.229210  -3.600830
0.279343  -3.572627
0.229867  -3.543314
0.197312  -3.485434
0.230528  -3.485806
0.246806  -3.514746
0.196651  -3.542942
0.180373  -3.514002
0.213590  -3.514374
0.278699  -3.630151
0.246136  -3.572255
0.263074  -3.543687
0.328197  -3.659475
0.294985  -3.659101
0.311911  -3.630525
0.278763  -3.686251
0.295751  -3.713777
0.311974  -3.686626
0.262418  -3.601203
0.181091  -3.456505
0.198086  -3.427949
0.131489  -3.427189
0.147792  -3.456125
0.164787  -3.427569
0.214307  -3.456878
0.244845  -3.687303
0.227917  -3.715879
0.261834  -3.714828
0.067248  -3.311242
0.099206  -3.369249
0.083227  -3.340245
0.133522  -3.312057
0.100385  -3.311649
0.116364  -3.340653
0.101183  -3.254238
0.084215  -3.282740
0.117352  -3.283147
0.018664  -3.224597
-0.030124  -3.138318
-0.080188  -3.052380
-0.046917  -3.052797
-0.013646  -3.053215
-0.063672  -3.023957
-0.047155  -2.995534
-0.030401  -3.024375
0.051826  -3.224977
0.084988  -3.225356
0.035562  -3.196205
0.052460  -3.167813
0.003037  -3.138685
0.036197  -3.139053
-0.013861  -3.167078
0.002401  -3.195837
0.019299  -3.167445
0.068724  -3.196584
0.034858  -3.253479
0.051053  -3.282360
0.068021  -3.253858
-0.013541  -3.110089
0.003042  -3.081861
-0.046812  -3.109672
-0.063500  -3.081026
-0.030229  -3.081443
0.019620  -3.110457
-0.130409  -2.965600
-0.180167  -2.879476
-0.228862  -2.793212
-0.211974  -2.764739
-0.195086  -2.736266
-0.162618  -2.793964
-0.195740  -2.793588
-0.178852  -2.765115
-0.097152  -2.966104
-0.063896  -2.966608
-0.096929  -3.023453
-0.113669  -2.994527
-0.080412  -2.995031
-0.097332  -2.908934
-0.163581  -2.908184
-0.146995  -2.936892
-0.113870  -2.937267
-0.113918  -2.880226
-0.146387  -2.822719
-0.196399  -2.850721
-0.212630  -2.821966
-0.163277  -2.851097
-0.179508  -2.822342
-0.080614  -2.937771
-0.147043  -2.879851
-0.130152  -2.851472
-0.130457  -2.908559
-0.245094  -2.764408
-0.261327  -2.735604
-0.228207  -2.735935
-0.376900  -2.705554
-0.424647  -2.618646
-0.392816  -2.676585
-0.408732  -2.647615
-0.358464  -2.619426
-0.391556  -2.619036
-0.342549  -2.648395
-0.343786  -2.705970
-0.310673  -2.706385
-0.359724  -2.676975
-0.326611  -2.677390
-0.328212  -2.792115
-0.344441  -2.763261
-0.360671  -2.734408
-0.311328  -2.763677
-0.294443  -2.735238
-0.327557  -2.734823
-0.261979  -2.792846
-0.295095  -2.792480
-0.278211  -2.764042
-0.375640  -2.648005
-0.390785  -2.561603
-0.407716  -2.590124
-0.374625  -2.590514
-0.456910  -2.560796
-0.440779  -2.589721
-0.423848  -2.561199
-0.620332  -2.442560
-0.603346  -2.413594
-0.586361  -2.384627
-0.587367  -2.443158
-0.554402  -2.443756
-0.570381  -2.414191
-0.668269  -2.353777
-0.767638  -2.352451
-0.815931  -2.264325
-0.782835  -2.264854
-0.749738  -2.265383
-0.750639  -2.323605
-0.733640  -2.294759
-0.783736  -2.323075
-0.799834  -2.293700
-0.766737  -2.294229
-0.635305  -2.354405
-0.602340  -2.355033
-0.636311  -2.412966
-0.652290  -2.383371
-0.619326  -2.383999
-0.651315  -2.325008
-0.634360  -2.296240
-0.700517  -2.295201
-0.684393  -2.324489
-0.734515  -2.352893
-0.701392  -2.353335
-0.717516  -2.324047
-0.618350  -2.325636
-0.572161  -2.530645
-0.555253  -2.501881
-0.538345  -2.473117
-0.604275  -2.471922
-0.588218  -2.501283
-0.571310  -2.472519
-0.539121  -2.531054
-0.506081  -2.531462
-0.522213  -2.502290
-0.667439  -2.295720
-0.523766  -2.617501
-0.490727  -2.617882
-0.457687  -2.618264
-0.489949  -2.560414
-0.506858  -2.588958
-0.556029  -2.559597
-0.539898  -2.588549
-0.522989  -2.560006
-0.473818  -2.589339
-0.798977  -2.235702
-0.864045  -2.177311
-0.912560  -2.091065
-0.961076  -2.004830
-1.009609  -1.918631
-1.057744  -1.832517
-1.041699  -1.861221
-1.025654  -1.889926
-0.975989  -1.861844
-0.992799  -1.890238
-0.992034  -1.833139
-1.024889  -1.832828
-1.008844  -1.861533
-0.782023  -2.207080
-0.831053  -2.177693
-0.798061  -2.178075
-0.848007  -2.206316
-0.831969  -2.235320
-0.815015  -2.206698
-0.765880  -2.236232
-0.847227  -2.148937
-0.830409  -2.120562
-0.879570  -2.091439
-0.846580  -2.091813
-0.878922  -2.034326
-0.944904  -2.033575
-0.928732  -2.062320
-0.895741  -2.062696
-0.895094  -2.005581
-0.928085  -2.005206
-0.927455  -1.948080
-0.977254  -1.976097
-0.993431  -1.947364
-0.943633  -1.919347
-0.976621  -1.918989
-0.959811  -1.890595
-0.814235  -2.149318
-0.862751  -2.063070
-0.896389  -2.119814
-0.880217  -2.148563
-0.863399  -2.120188
-0.944266  -1.976455
-0.960443  -1.947722
-0.911275  -1.976830
-0.911913  -2.033951
-1.023988  -1.775883
-1.040866  -1.804200
-1.008011  -1.804511
-1.073829  -1.804516
-1.155028  -1.833787
-1.205891  -1.751588
-1.188937  -1.778988
-1.171982  -1.806387
-1.138685  -1.805363
-1.122341  -1.776939
-1.172593  -1.750564
-1.139296  -1.749539
-1.155639  -1.777963
-1.089913  -1.776515
-1.090172  -1.832940
-1.122600  -1.833363
-1.106257  -1.804939
-1.056951  -1.776199
-1.254514  -1.667295
-1.302637  -1.582281
-1.237499  -1.637587
-1.220485  -1.607878
-1.269581  -1.580911
-1.236526  -1.579541
-1.286596  -1.610619
-1.270555  -1.638957
-1.253540  -1.609249
-1.220996  -1.666403
-1.187479  -1.665511
-1.203982  -1.636695
-1.188581  -1.722598
-1.171272  -1.693609
-1.155284  -1.721574
-1.238306  -1.695392
-1.222098  -1.723490
-1.204789  -1.694501
-1.270223  -1.526335
-1.286430  -1.554308
-1.253374  -1.552938
-1.353030  -1.497485
-1.336232  -1.525750
-1.319434  -1.554016
-1.320025  -1.497777
-1.287021  -1.498070
-1.303228  -1.526043
-1.353030  1.497485
-1.400801  1.577857
-1.368954  1.524276
-1.384877  1.551066
-1.336453  1.581466
-1.368627  1.579662
-1.336780  1.526080
-1.320529  1.554676
-1.352703  1.552871
-1.287021  1.498070
-1.320025  1.497777
-1.303775  1.526373
-1.354257  1.671848
-1.310052  1.763583
-1.339522  1.702426
-1.324787  1.733004
-1.273656  1.701589
-1.271886  1.762358
-1.233721  1.761133
-1.291854  1.732586
-1.253689  1.731361
-1.369772  1.640517
-1.385287  1.609187
-1.320939  1.612797
-1.337598  1.642322
-1.353113  1.610992
-1.288392  1.671010
-1.321324  1.671429
-1.304665  1.641903
-1.306589  1.702007
-1.170189  1.862301
-1.265811  1.855542
-1.295305  1.794236
-1.280558  1.824889
-1.242392  1.823664
-1.218974  1.791786
-1.178645  1.828170
-1.147674  1.842555
-1.125159  1.822809
-1.187100  1.794039
-1.156130  1.808424
-1.202063  1.860048
-1.233937  1.857795
-1.210519  1.825917
-1.257139  1.793011
-1.096918  1.879078
-1.057923  1.853573
-1.077420  1.866326
-1.047423  1.914159
-1.072170  1.896619
-1.052673  1.883866
-1.100735  1.828401
-1.098827  1.853740
-1.145765  1.867894
-1.121342  1.873486
-1.123250  1.848147
-1.079329  1.840987
-1.068804  2.031162
-1.118757  1.948726
-1.085455  2.003683
-1.102106  1.976204
-1.054703  1.937375
-1.086730  1.943050
-1.038051  1.964854
-1.053428  1.998008
-1.070079  1.970529
-1.002166  2.031932
-1.035485  2.031547
-1.020109  1.998393
-1.111477  1.925510
-1.104198  1.902294
-1.079450  1.919834
-1.018632  2.119119
-0.968880  2.205419
-1.002048  2.147886
-0.985464  2.176652
-0.952328  2.176416
-0.868763  2.203920
-0.935776  2.147414
-0.885583  2.175417
-0.902404  2.146914
-0.902135  2.204419
-0.935508  2.204919
-0.918956  2.175917
-1.052080  2.060481
-1.035356  2.089800
-0.985442  2.061250
-1.002037  2.090185
-1.018761  2.060866
-0.985496  2.118883
-0.952360  2.118647
-0.968912  2.147650
-0.968901  2.089949
-0.852483  2.175120
-0.836203  2.146320
-0.869303  2.146617
-0.802577  2.203260
-0.818791  2.289612
-0.768722  2.375311
-0.802101  2.318179
-0.785412  2.346745
-0.735704  2.317288
-0.752213  2.346299
-0.752394  2.288721
-0.785592  2.289167
-0.785920  2.231824
-0.835448  2.261048
-0.852106  2.232484
-0.835670  2.203590
-0.802355  2.260718
-0.819013  2.232154
-0.819390  2.174790
-0.769157  2.260273
-0.768903  2.317733
-0.669269  2.373771
-0.735571  2.374798
-0.702420  2.374284
-0.702553  2.316774
-0.685911  2.345272
-0.719062  2.345786
-0.653041  2.344954
-0.636381  2.373543
-0.603493  2.373316
-0.636812  2.316136
-0.620153  2.344726
-0.669683  2.316455
-0.619577  2.459981
-0.569938  2.546181
-0.586484  2.517448
-0.603030  2.488714
-0.553618  2.459456
-0.586597  2.459718
-0.553505  2.517185
-0.537072  2.488189
-0.503674  2.545749
-0.536806  2.545965
-0.520373  2.516969
-0.586929  2.402053
-0.603253  2.431017
-0.570274  2.430754
-0.652705  2.402507
-0.636141  2.431244
-0.619817  2.402280
-0.570051  2.488452
-0.419951  2.632573
-0.369221  2.724267
-0.403041  2.663138
-0.386131  2.693702
-0.336759  2.662285
-0.352990  2.693276
-0.353669  2.631721
-0.386810  2.632147
-0.369900  2.662711
-0.436815  2.603560
-0.453678  2.574546
-0.387408  2.573817
-0.403680  2.603195
-0.420543  2.574182
-0.370539  2.602769
-0.519357  2.633638
-0.536217  2.604486
-0.553078  2.575334
-0.486813  2.574901
-0.503085  2.604269
-0.519946  2.575117
-0.453087  2.632928
-0.486222  2.633283
-0.469950  2.603915
-0.303014  2.718974
-0.318209  2.808360
-0.352217  2.752298
-0.335213  2.780329
-0.286010  2.747006
-0.302110  2.777683
-0.336118  2.721621
-0.319114  2.749652
-0.319887  2.690630
-0.252198  2.805067
-0.285204  2.806713
-0.269104  2.776036
-0.167874  2.895060
-0.267198  2.895897
-0.251196  2.865071
-0.235195  2.834245
-0.184980  2.864514
-0.202087  2.833967
-0.200982  2.895339
-0.234090  2.895618
-0.218088  2.864792
-0.151728  2.865849
-0.135583  2.836638
-0.168835  2.835302
-0.284202  2.866718
-0.301206  2.837539
-0.268200  2.835892
-0.101345  2.895560
-0.134609  2.895310
-0.118464  2.866099
-0.116720  2.982642
-0.133771  2.953448
-0.150823  2.924254
-0.084293  2.924754
-0.100507  2.953698
-0.117558  2.924504
-0.050370  2.982015
-0.083545  2.982329
-0.067331  2.953385
-0.066139  3.068424
-0.015754  3.154270
-0.049344  3.097040
-0.032549  3.125655
0.016961  3.096423
0.000603  3.125346
-0.032986  3.068116
0.000166  3.067807
-0.016191  3.096731
-0.033509  3.010609
-0.049824  3.039517
-0.016672  3.039208
-0.099860  3.011236
-0.082999  3.039830
-0.066684  3.010923
0.050582  3.153663
0.017414  3.153966
0.033772  3.125043
0.034750  3.240043
0.017915  3.211452
0.001081  3.182861
0.051084  3.211149
0.067417  3.182254
0.101130  3.239411
0.085328  3.325811
0.068469  3.297222
0.051609  3.268633
0.067940  3.239727
0.117990  3.268000
0.101659  3.296905
0.084800  3.268316
0.084274  3.210833
0.034249  3.182558
0.151721  3.325180
0.118524  3.325495
0.134855  3.296590
0.135937  3.411597
0.186558  3.497398
0.152811  3.440197
0.169684  3.468798
0.219218  3.439565
0.219769  3.497081
0.252981  3.496763
0.202888  3.468482
0.236099  3.468164
0.169140  3.411281
0.202344  3.410965
0.168590  3.353775
0.152263  3.382686
0.185467  3.382370
0.102198  3.354406
0.119067  3.383002
0.135394  3.354091
0.186014  3.439881
0.237198  3.583209
0.203438  3.526002
0.220318  3.554605
0.269860  3.525367
0.270411  3.582891
0.303625  3.582574
0.253529  3.554288
0.286743  3.553970
0.236649  3.525684
0.254004  3.611674
0.270811  3.640139
0.287218  3.611356
0.293360  3.832453
0.325977  3.831427
0.358594  3.830402
0.324257  3.778218
0.308808  3.805335
0.341426  3.804310
0.238332  3.753755
0.188199  3.669982
0.204910  3.697906
0.221621  3.725830
0.254761  3.725371
0.271189  3.696988
0.221338  3.669523
0.254478  3.669063
0.238050  3.697447
0.272123  3.752870
0.305914  3.751985
0.288552  3.724486
0.256675  3.779987
0.275017  3.806220
0.290466  3.779103
0.328074  3.883275
0.310717  3.857864
0.343334  3.856838
0.220865  3.612133
0.204532  3.641057
0.237671  3.640598
0.298920  3.988815
0.314424  3.962106
0.329927  3.935396
0.365154  3.983020
0.332037  3.985918
0.347541  3.959208
0.243711  3.912661
0.280517  3.963431
0.262114  3.938046
0.311524  3.910011
0.277618  3.911336
0.296021  3.936721
0.260261  3.885925
0.276810  3.859189
0.294167  3.884600
0.199384  -3.995028
0.142077  -3.917362
0.172361  -3.829661
0.162266  -3.858894
0.152172  -3.888128
0.173655  -3.915039
0.205232  -3.912715
0.193844  -3.856571
0.215327  -3.883482
0.183749  -3.885805
0.211859  -3.966816
0.224334  -3.938604
0.180281  -3.969139
0.161179  -3.943250
0.192757  -3.940927
0.232562  -3.992957
0.265741  -3.990886
0.245038  -3.964745
0.205684  -3.828590
0.239007  -3.827519
0.227167  -3.855501
0.198112  -3.772857
0.185237  -3.801259
0.218560  -3.800188
0.162146  -3.657606
0.113303  -3.570765
0.130234  -3.542197
0.147165  -3.513629
0.179720  -3.571510
0.146511  -3.571138
0.163442  -3.542570
0.178427  -3.686555
0.194708  -3.715505
0.228565  -3.658353
0.196001  -3.600457
0.145865  -3.628659
0.129584  -3.599712
0.179074  -3.629031
0.162793  -3.600084
0.195355  -3.657979
0.212283  -3.629405
0.211636  -3.686929
0.111376  -3.741990
0.145223  -3.685734
0.128300  -3.713862
0.177784  -3.743633
0.144580  -3.742812
0.161504  -3.714684
0.131704  -3.771214
0.152033  -3.800437
0.164908  -3.772035
0.064428  -3.483937
0.015720  -3.397111
0.032896  -3.368488
0.050072  -3.339865
0.048875  -3.397492
0.082030  -3.397872
0.066051  -3.368868
0.097651  -3.484312
0.130873  -3.484687
0.097011  -3.541822
0.080720  -3.512880
0.113942  -3.513254
0.081347  -3.455376
0.098266  -3.426814
0.048192  -3.454995
0.031956  -3.426053
0.065111  -3.426434
0.114570  -3.455750
-0.032255  -3.310134
0.034080  -3.310872
0.000913  -3.310503
-0.000271  -3.368119
-0.016263  -3.339126
0.016904  -3.339496
0.001691  -3.253109
-0.080813  -3.223507
-0.129595  -3.137183
-0.113126  -3.108915
-0.096657  -3.080648
-0.096438  -3.137561
-0.063281  -3.137940
-0.079969  -3.109294
-0.015282  -3.281622
-0.064627  -3.252383
-0.048441  -3.281258
-0.047654  -3.223871
-0.014495  -3.224234
-0.063917  -3.195111
-0.047020  -3.166714
-0.113335  -3.165958
-0.097074  -3.194733
-0.080177  -3.166336
0.017885  -3.281991
-0.030758  -3.195474
-0.031468  -3.252746
-0.179631  -3.050882
-0.229500  -2.964691
-0.212877  -2.993421
-0.196254  -3.022152
-0.146816  -2.994028
-0.163224  -3.022455
-0.163439  -2.965297
-0.196470  -2.964994
-0.179847  -2.993724
-0.113336  -3.051881
-0.146484  -3.051381
-0.130076  -3.022954
-0.146274  -3.108416
-0.162953  -3.079649
-0.129805  -3.080148
-0.196612  -2.907881
-0.213056  -2.936286
-0.180025  -2.936589
-0.279530  -2.878548
-0.295758  -2.849737
-0.311985  -2.820926
-0.245751  -2.821657
-0.262641  -2.850103
-0.278868  -2.821292
-0.213288  -2.879167
-0.246409  -2.878857
-0.229520  -2.850412
-0.262854  -2.907262
-0.246177  -2.935977
-0.229733  -2.907572
-0.476224  -2.704579
-0.575523  -2.703328
-0.622990  -2.616330
-0.591346  -2.674329
-0.607168  -2.645329
-0.556841  -2.617111
-0.589915  -2.616720
-0.541019  -2.646110
-0.542424  -2.703745
-0.509324  -2.704162
-0.507919  -2.646527
-0.492071  -2.675553
-0.558271  -2.674719
-0.525171  -2.675136
-0.441840  -2.647290
-0.459032  -2.675934
-0.410008  -2.705229
-0.443116  -2.704904
-0.425924  -2.676260
-0.427543  -2.790962
-0.410662  -2.762493
-0.393781  -2.734024
-0.361322  -2.791731
-0.394433  -2.791347
-0.377552  -2.762877
-0.443770  -2.762168
-0.459997  -2.733373
-0.426889  -2.733698
-0.474879  -2.646908
-0.378866  -2.877236
-0.395092  -2.848478
-0.411317  -2.819720
-0.345097  -2.820488
-0.361981  -2.848862
-0.378207  -2.820104
-0.312642  -2.878111
-0.345754  -2.877673
-0.328870  -2.849300
-0.719652  -2.442397
-0.702525  -2.412857
-0.685397  -2.383317
-0.686545  -2.442451
-0.653439  -2.442506
-0.669418  -2.412911
-0.671324  -2.529661
-0.654327  -2.500627
-0.637329  -2.471594
-0.703543  -2.471485
-0.687433  -2.500573
-0.670436  -2.471539
-0.638270  -2.529989
-0.605215  -2.530317
-0.621272  -2.500955
-0.735647  -2.412415
-0.751643  -2.382433
-0.718520  -2.382875
-0.866910  -2.352134
-0.818986  -2.441158
-0.834961  -2.411483
-0.850935  -2.381809
-0.800729  -2.352345
-0.832924  -2.293595
-0.849917  -2.322864
-0.833819  -2.352240
-0.816826  -2.322970
-0.801870  -2.411589
-0.784754  -2.382020
-0.817845  -2.381914
-0.785875  -2.441571
-0.752763  -2.441984
-0.768759  -2.412002
-0.914913  -2.263262
-0.898912  -2.292886
-0.882911  -2.322510
-0.881919  -2.263616
-0.848925  -2.263971
-0.865918  -2.293240
-0.881001  -2.205961
-0.963036  -2.176213
-1.011771  -2.090096
-1.060313  -2.003848
-1.027951  -2.061347
-1.044132  -2.032597
-0.994155  -2.004503
-1.027234  -2.004176
-0.977974  -2.033252
-0.994872  -2.061674
-1.011053  -2.032925
-0.897957  -2.234612
-0.946995  -2.205229
-0.930954  -2.234246
-0.930039  -2.176579
-0.897042  -2.176945
-0.913998  -2.205595
-0.864963  -2.234966
-0.589104  -2.559207
-0.606047  -2.587768
-0.572972  -2.588159
-0.655213  -2.558551
-0.639101  -2.587441
-0.622158  -2.558879
-0.574093  -2.645720
-0.929385  -2.119448
-0.995526  -2.118802
-0.979281  -2.147507
-0.946211  -2.147831
-0.945630  -2.090742
-0.978700  -2.090419
-0.961802  -2.061997
-0.913214  -2.148197
-0.962456  -2.119125
-1.043412  -1.975443
-1.107873  -1.917842
-1.076166  -1.975180
-1.092020  -1.946511
-1.042364  -1.918368
-1.075118  -1.918105
-1.026510  -1.947037
-1.059265  -1.946774
-1.010333  -1.975770
-1.074454  -1.860958
-1.091163  -1.889400
-1.058409  -1.889663
-1.123591  -1.889824
-1.208335  -1.919287
-1.256663  -1.836043
-1.222785  -1.835291
-1.188907  -1.834539
-1.190566  -1.890787
-1.172797  -1.862287
-1.224444  -1.891539
-1.240554  -1.863791
-1.206676  -1.863039
-1.139310  -1.861805
-1.141360  -1.918324
-1.174848  -1.918805
-1.157079  -1.890305
-1.106882  -1.861382
-1.222815  -1.779740
-1.239739  -1.807892
-1.205861  -1.807139
-1.306303  -1.753180
-1.357737  -1.664500
-1.403462  -1.579350
-1.446898  -1.469011
-1.432419  -1.505791
-1.417941  -1.542571
-1.369840  -1.524773
-1.386651  -1.552062
-1.415609  -1.478502
-1.384319  -1.487994
-1.401130  -1.515282
-1.272832  -1.752649
-1.239361  -1.752119
-1.271777  -1.695923
-1.289040  -1.724551
-1.340592  -1.694060
-1.323448  -1.723620
-1.323329  -1.665431
-1.288921  -1.666363
-1.306185  -1.694991
-1.255569  -1.724021
-1.289756  -1.780801
-1.273210  -1.808422
-1.256286  -1.780270
-1.321004  -1.609688
-1.388220  -1.607733
-1.372979  -1.636117
-1.339370  -1.637094
-1.336245  -1.581304
-1.369853  -1.580327
-1.353043  -1.553039
-1.304963  -1.638025
-1.354612  -1.608711
-1.446898  1.469011
-1.495896  1.559614
-1.449827  1.659324
-1.417473  1.775420
-1.428258  1.736721
-1.439042  1.698023
-1.386114  1.667673
-1.417970  1.663499
-1.375329  1.706372
-1.396401  1.740896
-1.407186  1.702197
-1.431533  1.505293
-1.464198  1.565695
-1.432499  1.571776
-1.416167  1.541575
-1.463231  1.499212
-1.479563  1.529413
-1.447865  1.535494
-1.384319  1.487994
-1.415609  1.478502
-1.400243  1.514784
-1.417143  1.605013
-1.433485  1.632168
-1.480540  1.592851
-1.465183  1.626087
-1.448841  1.598932
-1.401629  1.636343
-1.345859  1.767529
-1.381666  1.771474
-1.360594  1.736950
-1.366776  1.865829
-1.383675  1.835692
-1.400574  1.805556
-1.347868  1.831747
-1.328960  1.797665
-1.364767  1.801611
-1.333121  1.862400
-1.299466  1.858971
-1.314213  1.828318
-1.217696  1.946729
-1.316531  1.947232
-1.299624  1.916668
-1.282718  1.886105
-1.233734  1.916333
-1.249773  1.885938
-1.250641  1.946897
-1.283586  1.947064
-1.266679  1.916501
-1.201860  1.918587
-1.186025  1.890444
-1.217899  1.888191
-1.135901  1.919917
-1.153045  1.891109
-1.151737  1.948060
-1.167427  2.034432
-1.184183  2.005198
-1.200939  1.975964
-1.184716  1.947395
-1.134980  1.977295
-1.151204  2.005863
-1.167960  1.976629
-1.168881  1.919252
-1.128621  1.896702
-1.333279  1.920097
-1.350028  1.892963
-1.316373  1.889534
-1.101678  2.032252
-1.134552  2.033342
-1.118329  2.004773
-1.117970  2.120062
-1.068862  2.207080
-1.035535  2.206526
-1.002208  2.205973
-1.035376  2.148439
-1.052119  2.177760
-1.018792  2.177206
-1.051745  2.119433
-1.085231  2.178074
-1.101600  2.149068
-1.084857  2.119747
-1.068488  2.148754
-1.085192  2.060795
-1.101581  2.090428
-1.068469  2.090114
-1.150941  2.062975
-1.134455  2.091519
-1.118067  2.061885
-1.018879  2.292802
-1.002213  2.263674
-0.985546  2.234547
-1.035540  2.264228
-1.052201  2.235654
-1.018874  2.235100
-0.919104  2.291294
-0.935696  2.262669
-0.952288  2.234044
-0.952362  2.291797
-0.985620  2.292299
-0.968954  2.263172
-0.885543  2.233044
-0.902324  2.262169
-0.918916  2.233544
-0.852229  2.290173
-0.868774  2.376781
-0.802073  2.375801
-0.835423  2.376291
-0.835452  2.318669
-0.852113  2.347725
-0.818762  2.347235
-0.885666  2.290733
-0.902327  2.319790
-0.885551  2.348285
-0.868890  2.319229
-0.868886  2.261609
-0.818349  2.462358
-0.835157  2.433833
-0.851966  2.405307
-0.801806  2.433343
-0.785264  2.404327
-0.818615  2.404817
-0.718332  2.460711
-0.751925  2.403778
-0.735128  2.432244
-0.785010  2.461809
-0.751671  2.461260
-0.768467  2.432793
-0.685623  2.402751
-0.701977  2.431731
-0.718774  2.403264
-0.685413  2.460467
-0.668676  2.546939
-0.652310  2.517953
-0.635943  2.488967
-0.602851  2.546434
-0.635763  2.546687
-0.619397  2.517701
-0.652495  2.460224
-0.685228  2.518197
-0.701780  2.489454
-0.668861  2.489210
-0.669059  2.431487
-0.618744  2.634577
-0.567709  2.723380
-0.601733  2.664178
-0.584721  2.693779
-0.535474  2.663552
-0.551592  2.693466
-0.552486  2.633951
-0.585615  2.634264
-0.568604  2.663865
-0.635388  2.605364
-0.652032  2.576152
-0.586207  2.575646
-0.602476  2.605112
-0.619120  2.575899
-0.569347  2.604799
-0.468453  2.722173
-0.417330  2.811731
-0.451412  2.752026
-0.434371  2.781878
-0.401294  2.782576
-0.385257  2.753421
-0.435376  2.722871
-0.402299  2.723569
-0.418335  2.752724
-0.436119  2.662440
-0.452286  2.692307
-0.419209  2.693004
-0.502389  2.663150
-0.501539  2.722576
-0.534624  2.722978
-0.485421  2.692662
-0.518507  2.693064
-0.469254  2.662795
-0.384290  2.810607
-0.351250  2.809484
-0.368254  2.781453
-0.366403  2.898518
-0.383379  2.869589
-0.400354  2.840660
-0.350339  2.868465
-0.334274  2.838413
-0.300266  2.896770
-0.315766  2.984169
-0.332645  2.955619
-0.349524  2.927068
-0.333335  2.897644
-0.283387  2.925321
-0.299577  2.954745
-0.316456  2.926195
-0.317270  2.867592
-0.367314  2.839536
-0.216282  2.983299
-0.233254  2.954165
-0.250226  2.925031
-0.184010  2.924473
-0.200146  2.953886
-0.217118  2.924752
-0.149908  2.982861
-0.183095  2.983080
-0.166959  2.953667
-0.249444  2.983589
-0.282605  2.983879
-0.266416  2.954455
-0.165593  3.069290
-0.115432  3.155204
-0.082206  3.154892
-0.048980  3.154581
-0.099001  3.126277
-0.082570  3.097351
-0.065775  3.125966
-0.099290  3.068713
-0.132441  3.069002
-0.132152  3.126566
-0.148873  3.097928
-0.115721  3.097639
-0.133011  3.011525
-0.149302  3.040407
-0.116151  3.040119
-0.199386  3.011963
-0.182489  3.040627
-0.166198  3.011744
-0.064845  3.240981
-0.048481  3.212077
-0.032118  3.183173
-0.081707  3.212388
-0.098570  3.183796
-0.065344  3.183485
0.001552  3.240356
-0.031647  3.240668
-0.015283  3.211765
-0.014260  3.326754
-0.031121  3.298163
-0.047983  3.269572
0.018414  3.268947
0.002077  3.297850
-0.014785  3.269259
0.052132  3.326125
0.018936  3.326439
0.035273  3.297536
0.036328  3.412544
0.086924  3.498342
0.153347  3.497713
0.120135  3.498027
0.119599  3.440512
0.103261  3.469427
0.136473  3.469112
0.002603  3.355350
0.019466  3.383947
0.068995  3.354722
0.052662  3.383633
0.035799  3.355036
0.102734  3.411913
0.070059  3.469742
0.053193  3.441143
0.069531  3.412228
0.086396  3.440827
0.085864  3.383317
0.137554  3.584157
0.120677  3.555552
0.103800  3.526947
0.170223  3.526318
0.153889  3.555237
0.137012  3.526632
0.203983  3.583525
0.170768  3.583841
0.187103  3.554921
0.154435  3.612765
0.088545  3.670925
0.121217  3.613080
0.104881  3.642002
0.154981  3.670296
0.121763  3.670611
0.171317  3.641374
0.138099  3.641688
0.187650  3.612449
0.192505  3.834615
0.140744  3.755851
0.173274  3.755152
0.205803  3.754453
0.172381  3.698605
0.156562  3.727228
0.189092  3.726529
0.226123  3.833894
0.259742  3.833173
0.223056  3.780708
0.207781  3.807661
0.157998  3.782105
0.175251  3.808360
0.190527  3.781407
0.241399  3.806941
0.209574  3.860630
0.145953  3.915854
0.199384  3.995028
0.211125  3.913725
0.178539  3.914790
0.181573  3.968636
0.163763  3.942245
0.214159  3.967572
0.228935  3.940117
0.196349  3.941181
0.226642  3.886646
0.176988  3.861694
0.161470  3.888774
0.194056  3.887710
0.243192  3.859910
0.105945  3.699234
0.123345  3.727542
0.139163  3.698919
0.265741  3.990886
0.232562  3.992957
0.247338  3.965501
0.099723  -3.998757
0.036533  -3.914803
0.073288  -3.829253
0.096218  -3.858623
0.119147  -3.887992
0.139337  -3.829525
0.106312  -3.829389
0.129242  -3.858758
0.113841  -3.971625
0.071714  -3.915656
0.106896  -3.916509
0.048785  -3.886286
0.061036  -3.857770
0.083966  -3.887139
0.127959  -3.944493
0.078660  -3.970772
0.057596  -3.942788
0.092778  -3.943640
0.132943  -3.997514
0.166163  -3.996271
0.147061  -3.970382
0.098680  -3.771078
0.085984  -3.800165
0.119008  -3.800301
0.062523  -3.656482
0.013671  -3.569647
-0.035113  -3.482848
0.031248  -3.483574
-0.001933  -3.483211
-0.002590  -3.540714
-0.018852  -3.511781
0.030590  -3.541077
0.047509  -3.512507
0.014329  -3.512144
0.096376  -3.599337
0.046239  -3.627537
0.029955  -3.598592
0.080092  -3.570392
0.046882  -3.570020
0.063801  -3.541450
0.079450  -3.627910
0.063166  -3.598965
0.128939  -3.657231
0.095731  -3.656856
0.112658  -3.628284
0.078808  -3.684985
0.095092  -3.713487
0.112015  -3.685359
0.011765  -3.740644
0.045604  -3.684536
0.028685  -3.712590
0.078173  -3.741541
0.044969  -3.741093
0.061888  -3.713039
0.032273  -3.770180
0.052781  -3.799717
0.065477  -3.770629
-0.018169  -3.454269
-0.001224  -3.425690
0.015012  -3.454632
-0.083700  -3.396111
-0.131910  -3.309099
-0.115840  -3.338103
-0.099770  -3.367107
-0.049403  -3.338793
-0.066552  -3.367452
-0.098692  -3.309444
-0.065473  -3.309789
-0.082622  -3.338448
-0.017420  -3.396778
-0.050560  -3.396444
-0.033411  -3.367785
-0.051309  -3.453936
-0.067504  -3.425024
-0.034364  -3.425357
-0.097846  -3.252038
-0.180280  -3.222375
-0.229056  -3.136030
-0.279038  -3.049407
-0.245903  -3.049899
-0.212767  -3.050390
-0.262526  -3.021169
-0.246013  -2.992930
-0.229390  -3.021660
-0.114878  -3.280569
-0.164157  -3.251283
-0.148033  -3.280191
-0.147124  -3.222752
-0.113969  -3.223130
-0.163385  -3.193978
-0.146490  -3.165580
-0.195902  -3.136415
-0.162749  -3.136799
-0.212797  -3.164812
-0.196539  -3.193593
-0.179644  -3.165196
-0.081659  -3.280913
-0.130229  -3.194355
-0.131001  -3.251661
-0.212581  -3.107647
-0.196106  -3.079265
-0.245717  -3.107156
-0.262378  -3.078282
-0.229242  -3.078773
-0.179428  -3.108032
-0.329463  -2.962933
-0.295847  -3.020583
-0.312655  -2.991758
-0.296142  -2.963519
-0.262821  -2.964105
-0.279334  -2.992344
-0.296175  -2.906677
-0.362398  -2.905802
-0.428341  -2.962058
-0.478186  -2.876082
-0.526853  -2.789826
-0.626142  -2.788695
-0.609269  -2.760239
-0.592396  -2.731784
-0.543077  -2.760993
-0.559300  -2.732161
-0.559949  -2.789449
-0.593046  -2.789072
-0.576173  -2.760616
-0.312819  -2.934805
-0.345931  -2.934367
-0.395381  -2.962350
-0.362422  -2.962641
-0.395358  -2.905510
-0.461571  -2.904740
-0.444956  -2.933399
-0.411849  -2.933784
-0.411973  -2.876851
-0.444424  -2.819335
-0.494408  -2.847330
-0.510631  -2.818578
-0.460646  -2.790584
-0.493750  -2.790205
-0.461305  -2.847709
-0.477527  -2.818957
-0.279498  -2.935391
-0.329286  -2.906239
-0.509977  -2.761410
-0.493100  -2.732995
-0.526200  -2.732578
-0.476873  -2.761789
-0.674804  -2.702363
-0.722038  -2.615186
-0.706294  -2.644245
-0.690549  -2.673304
-0.640261  -2.645008
-0.657533  -2.673685
-0.608617  -2.703006
-0.641711  -2.702684
-0.624439  -2.674007
-0.642363  -2.759918
-0.658583  -2.731140
-0.625490  -2.731462
-0.689022  -2.615568
-0.656006  -2.615949
-0.673277  -2.644626
-0.688229  -2.558169
-0.770448  -2.528508
-0.753516  -2.499804
-0.736584  -2.471101
-0.802806  -2.470275
-0.786627  -2.499391
-0.769695  -2.470688
-0.705134  -2.586678
-0.754311  -2.557400
-0.738175  -2.586293
-0.737407  -2.528892
-0.704365  -2.529277
-0.720475  -2.500189
-0.672117  -2.587059
-0.445079  -2.876466
-0.428198  -2.848093
-0.428464  -2.905125
-0.378890  -2.934076
-0.721270  -2.557785
-0.918006  -2.440261
-0.900974  -2.410886
-0.883942  -2.381510
-0.885000  -2.440560
-0.851993  -2.440859
-0.867967  -2.411184
-0.965987  -2.351349
-1.013996  -2.263683
-0.981990  -2.322127
-0.997993  -2.292905
-0.947941  -2.263402
-0.980969  -2.263542
-0.948962  -2.321986
-0.931937  -2.292624
-0.964965  -2.292764
-0.932961  -2.351610
-0.899936  -2.351872
-0.915936  -2.322248
-0.934000  -2.410624
-0.949993  -2.380986
-0.916968  -2.381248
-0.869489  -2.527429
-0.852654  -2.498672
-0.835820  -2.469915
-0.901834  -2.469317
-0.885661  -2.498373
-0.868827  -2.469616
-0.836475  -2.527789
-0.803461  -2.528148
-0.819641  -2.499032
-0.980023  -2.205370
-1.061920  -2.175071
-1.045945  -2.204608
-1.029971  -2.234146
-0.997010  -2.234526
-0.995997  -2.175833
-1.028958  -2.175452
-1.028487  -2.118421
-1.111797  -2.090084
-1.159270  -2.003604
-1.259457  -2.006238
-1.192666  -2.004482
-1.226061  -2.005360
-1.225376  -1.948270
-1.308614  -1.921592
-1.275843  -1.978023
-1.292228  -1.949807
-1.241761  -1.920055
-1.275187  -1.920824
-1.242417  -1.977254
-1.258802  -1.949039
-0.963982  -2.234386
-1.045203  -2.146746
-1.078545  -2.146742
-1.095171  -2.118413
-1.045113  -2.090092
-1.077474  -2.032594
-1.094636  -2.061339
-1.078455  -2.090088
-1.061294  -2.061343
-1.012242  -2.147127
-1.012984  -2.204989
-1.061829  -2.118417
-1.143445  -2.032431
-1.127621  -2.061258
-1.093299  -2.003767
-1.126284  -2.003686
-1.110460  -2.032512
-1.125005  -1.946430
-1.142137  -1.975017
-1.109152  -1.975098
-1.175625  -1.975499
-1.191980  -1.947393
-1.158493  -1.946911
-1.291297  -1.893076
-1.273980  -1.864560
-1.257871  -1.892307
-1.209021  -1.976376
-1.357430  -1.837320
-1.408585  -1.749127
-1.473118  -1.657658
-1.430096  -1.718637
-1.451607  -1.688147
-1.396197  -1.662219
-1.434658  -1.659938
-1.374686  -1.692709
-1.391636  -1.720918
-1.413147  -1.690428
-1.323841  -1.836894
-1.290252  -1.836469
-1.323345  -1.781226
-1.391533  -1.778524
-1.374482  -1.807922
-1.340388  -1.809273
-1.340397  -1.751829
-1.374491  -1.750478
-1.357542  -1.722269
-1.306799  -1.808848
-1.341158  -1.865410
-1.324886  -1.893501
-1.307569  -1.864985
-1.357439  -1.779875
-1.426680  -1.605453
-1.449899  -1.631555
-1.411439  -1.633836
-1.520568  -1.555475
-1.442497  -1.571392
-1.481533  -1.563434
-1.471455  -1.497832
-1.496012  -1.526654
-1.456976  -1.534612
-1.504751  -1.589536
-1.488935  -1.623597
-1.465716  -1.597494
-1.491407  -1.384496
-1.528730  -1.471814
-1.523289  -1.527588
-1.526010  -1.499701
-1.474176  -1.469945
-1.501453  -1.470880
-1.503848  -1.413602
-1.516289  -1.442708
-1.476571  -1.412667
-1.461734  -1.440839
-1.489012  -1.441774
-1.498732  -1.498767
-1.491407  1.384496
-1.542726  1.468069
-1.508513  1.412354
-1.525620  1.440211
-1.478841  1.468697
-1.510783  1.468383
-1.461735  1.440839
-1.476571  1.412667
-1.493677  1.440525
-1.527116  1.498584
-1.593769  1.548593
-1.559740  1.494911
-1.576755  1.521752
-1.528520  1.555941
-1.546593  1.638040
-1.514338  1.645134
-1.482082  1.652229
-1.512795  1.585756
-1.529694  1.611898
-1.497439  1.618993
-1.511506  1.529099
-1.561145  1.552267
-1.578044  1.578409
-1.562319  1.608224
-1.545419  1.582082
-1.495173  1.498898
-1.544130  1.525426
-1.507331  1.732143
-1.488163  1.707870
-1.468995  1.683597
-1.477379  1.746569
-1.447426  1.760994
-1.458210  1.722296
-1.533506  1.669407
-1.520419  1.700775
-1.501251  1.676502
-1.465387  1.866837
-1.449415  1.836365
-1.433444  1.805892
-1.399646  1.866165
-1.432516  1.866501
-1.416545  1.836029
-1.484769  1.799327
-1.439905  1.783389
-1.462337  1.791358
-1.499811  1.754537
-1.492290  1.776932
-1.469858  1.768963
-1.471847  1.844334
-1.478308  1.821830
-1.455876  1.813861
-1.415207  1.951062
-1.431934  1.922987
-1.448660  1.894912
-1.399063  1.922651
-1.382920  1.894240
-1.415790  1.894576
-1.349423  1.948508
-1.365037  2.036094
-1.381760  2.007750
-1.398484  1.979406
-1.382315  1.949785
-1.332700  1.976852
-1.348868  2.006473
-1.365592  1.978129
-1.366171  1.921374
-1.266251  2.035261
-1.283011  2.005918
-1.299771  1.976575
-1.233881  1.976240
-1.250066  2.005750
-1.266826  1.976407
-1.200368  2.034709
-1.233309  2.034985
-1.217124  2.005474
-1.299179  2.035538
-1.332108  2.035816
-1.315939  2.006195
-1.216842  2.121082
-1.167251  2.207494
-1.150824  2.178350
-1.134397  2.149206
-1.101658  2.207218
-1.134454  2.207356
-1.118027  2.178212
-1.249781  2.063868
-1.233312  2.092475
-1.183898  2.063316
-1.200370  2.092199
-1.216840  2.063592
-1.183884  2.120742
-1.150927  2.120402
-1.200312  2.149886
-1.183781  2.178690
-1.167354  2.149546
-1.167413  2.091859
-1.118440  2.294479
-1.134710  2.265484
-1.150980  2.236489
-1.101914  2.265346
-1.085388  2.236213
-1.118184  2.236351
-1.085253  2.293920
-1.052066  2.293361
-1.068727  2.264787
-0.968884  2.378310
-1.002214  2.321305
-0.985549  2.349807
-0.935697  2.320299
-0.952290  2.349304
-0.968955  2.320802
-1.068375  2.379607
-1.085063  2.351231
-1.101751  2.322855
-1.051876  2.350672
-1.035377  2.321737
-1.068564  2.322296
-1.035211  2.379175
-1.002047  2.378742
-1.018712  2.350240
-0.935514  2.377800
-0.902144  2.377291
-0.918921  2.348795
-0.918194  2.463705
-0.867926  2.549534
-0.851631  2.462807
-0.884912  2.463256
-0.884682  2.520925
-0.901438  2.492315
-0.851400  2.520476
-0.834875  2.491417
-0.868156  2.491866
-0.885247  2.405756
-0.901721  2.434730
-0.868439  2.434281
-0.951987  2.406775
-0.935091  2.435240
-0.918617  2.406265
-0.768116  2.548231
-0.751521  2.519057
-0.734926  2.489884
-0.784860  2.519607
-0.801605  2.490982
-0.768266  2.490433
-0.801386  2.548665
-0.834656  2.549100
-0.818130  2.520041
-0.701823  2.547370
-0.734969  2.547800
-0.718375  2.518627
-0.718002  2.635536
-0.667258  2.724164
-0.616139  2.813373
-0.650219  2.753900
-0.633179  2.783637
-0.599996  2.783375
-0.583852  2.753378
-0.634075  2.723903
-0.600892  2.723642
-0.617036  2.753639
-0.734707  2.606434
-0.751411  2.577333
-0.685118  2.576472
-0.701560  2.606004
-0.718265  2.576902
-0.651830  2.634897
-0.684916  2.635216
-0.668474  2.605684
-0.634916  2.664439
-0.651087  2.694302
-0.617904  2.694040
-0.701088  2.665079
-0.684173  2.694621
-0.668002  2.664759
-0.516769  2.811751
-0.450476  2.811738
-0.483623  2.811744
-0.484559  2.752033
-0.500664  2.781892
-0.467518  2.781885
-0.550729  2.752837
-0.533749  2.782294
-0.517644  2.752435
-0.583016  2.812832
-0.549892  2.812292
-0.566872  2.782835
-0.465763  2.899452
-0.482765  2.870218
-0.499767  2.840985
-0.449619  2.870211
-0.433474  2.840971
-0.466621  2.840978
-0.399523  2.898829
-0.432643  2.899140
-0.416499  2.869900
-0.415199  2.985415
-0.432054  2.956761
-0.448908  2.928106
-0.382669  2.927484
-0.398934  2.956450
-0.415788  2.927795
-0.348911  2.984585
-0.382055  2.985000
-0.365790  2.956034
-0.265104  3.070291
-0.214960  3.156208
-0.248390  3.098930
-0.231675  3.127569
-0.182049  3.098263
-0.198505  3.127235
-0.231934  3.069958
-0.198763  3.069624
-0.215219  3.098596
-0.298879  3.012877
-0.281992  3.041584
-0.232556  3.012297
-0.248830  3.041294
-0.265718  3.012587
-0.364716  3.071172
-0.298308  3.070585
-0.331512  3.070879
-0.332083  3.013170
-0.348399  3.042171
-0.315195  3.041878
-0.398371  3.014001
-0.381543  3.042587
-0.365227  3.013586
-0.215660  3.040960
-0.148608  3.155538
-0.181784  3.155873
-0.165328  3.126900
-0.164438  3.241930
-0.148103  3.213021
-0.131767  3.184112
-0.098043  3.241297
-0.131240  3.241613
-0.114905  3.212705
-0.181279  3.213356
-0.198120  3.184782
-0.164943  3.184447
-0.113848  3.327688
-0.130711  3.299102
-0.147575  3.270516
-0.081179  3.269883
-0.097514  3.298785
-0.114377  3.270199
-0.047456  3.327065
-0.080652  3.327376
-0.064318  3.298474
-0.063279  3.413472
-0.012695  3.499286
-0.046418  3.442077
-0.029556  3.470681
0.019987  3.441458
0.003646  3.470372
-0.030076  3.413163
0.003126  3.412853
-0.013215  3.441767
-0.096992  3.356283
-0.080135  3.384877
-0.030599  3.355660
-0.046939  3.384566
-0.063796  3.355971
-0.013737  3.384257
0.053717  3.498656
0.020511  3.498971
0.036852  3.470057
0.037912  3.585101
-0.011109  3.671868
0.021572  3.614023
0.005231  3.642945
0.055327  3.671239
0.022109  3.671554
0.071667  3.642317
0.054790  3.613709
0.104340  3.584471
0.071126  3.584786
0.088004  3.613394
0.054249  3.556181
0.070587  3.527261
0.087463  3.555866
0.021043  3.556496
0.004174  3.527891
0.037380  3.527576
0.038449  3.642631
0.041323  3.754590
0.093050  3.836399
0.058566  3.781860
0.075808  3.809129
0.124846  3.782700
0.108948  3.809550
0.107604  3.755431
0.074464  3.755010
0.072804  3.698814
0.006368  3.699442
0.023846  3.727016
0.057064  3.726702
0.039586  3.699128
0.090204  3.727122
0.159353  3.835209
0.126202  3.835804
0.142100  3.808955
0.110685  3.862884
0.047346  3.917663
0.062581  3.890575
0.077815  3.863487
0.128319  3.889369
0.080215  3.917060
0.099723  3.998757
0.082264  3.971726
0.064805  3.944695
0.113084  3.916457
0.115133  3.971122
0.130543  3.943488
0.166163  3.996271
0.132943  3.997514
0.148353  3.969879
0.143836  3.862289
0.091706  3.782280
0.097674  3.944091
0.095450  3.889972
0.000000  -4.000000
0.012178  -3.971601
0.024355  -3.943202
0.033241  -3.999586
0.066482  -3.999171
0.045419  -3.971187
-0.039001  -3.827940
-0.056958  -3.917782
-0.044987  -3.857887
-0.050972  -3.887835
0.005369  -3.915796
-0.025794  -3.916789
0.011355  -3.885849
-0.001572  -3.828378
0.035858  -3.828815
-0.013823  -3.856894
0.023607  -3.857332
-0.019809  -3.886842
-0.018986  -3.972594
-0.037972  -3.945188
-0.006808  -3.944195
-0.022079  -3.798841
-0.087873  -3.741079
-0.037095  -3.655361
-0.085940  -3.568529
-0.068998  -3.539969
-0.052055  -3.511409
-0.019533  -3.569274
-0.052736  -3.568902
-0.035794  -3.540341
-0.005157  -3.769742
-0.054660  -3.740934
-0.021447  -3.740789
-0.071582  -3.770033
-0.055292  -3.798986
-0.038370  -3.769888
0.015351  -3.799279
-0.003251  -3.598218
-0.053377  -3.626417
-0.069658  -3.597473
-0.020173  -3.626789
-0.036455  -3.597846
0.029317  -3.656108
-0.003889  -3.655734
0.013033  -3.627163
-0.020808  -3.683788
-0.004521  -3.712216
0.012398  -3.684162
-0.134749  -3.481731
-0.183662  -3.394935
-0.150341  -3.395327
-0.117021  -3.395719
-0.149161  -3.337711
-0.166411  -3.366323
-0.133091  -3.366715
-0.101537  -3.482103
-0.068325  -3.482476
-0.102209  -3.539596
-0.118479  -3.510663
-0.085267  -3.511036
-0.117732  -3.453191
-0.100716  -3.424651
-0.167358  -3.423867
-0.151053  -3.452799
-0.134037  -3.424259
-0.084521  -3.453563
-0.054021  -3.683933
-0.070947  -3.712506
-0.037734  -3.712361
-0.231246  -3.307842
-0.199523  -3.365904
-0.215385  -3.336873
-0.165022  -3.308680
-0.198134  -3.308261
-0.182273  -3.337292
-0.197268  -3.250864
-0.214257  -3.279353
-0.181145  -3.279772
-0.279737  -3.221242
-0.328504  -3.134636
-0.378456  -3.048489
-0.362125  -3.019970
-0.345794  -2.991452
-0.312178  -3.049101
-0.345317  -3.048795
-0.328986  -3.020277
-0.246585  -3.221620
-0.213432  -3.221997
-0.262844  -3.192838
-0.245950  -3.164434
-0.295354  -3.135101
-0.312015  -3.106226
-0.345154  -3.105920
-0.361805  -3.077205
-0.295527  -3.077817
-0.328666  -3.077511
-0.229691  -3.193216
-0.263573  -3.250109
-0.247410  -3.278976
-0.230421  -3.250486
-0.262205  -3.135565
-0.278866  -3.106691
-0.312248  -3.163505
-0.295993  -3.192373
-0.279099  -3.163969
-0.411713  -2.990868
-0.477891  -3.047493
-0.527629  -2.961350
-0.511050  -2.990064
-0.494471  -3.018778
-0.444858  -2.990536
-0.461374  -3.019014
-0.461437  -2.961822
-0.494533  -2.961586
-0.477954  -2.990300
-0.395084  -3.019679
-0.411601  -3.048157
-0.444746  -3.047825
-0.428229  -3.019346
-0.378753  -2.991160
-0.494667  -2.904504
-0.511148  -2.932927
-0.478052  -2.933163
-0.577485  -2.874930
-0.593704  -2.846185
-0.609923  -2.817440
-0.543730  -2.818194
-0.560608  -2.846562
-0.576827  -2.817817
-0.511286  -2.875698
-0.544385  -2.875314
-0.527508  -2.846946
-0.560867  -2.903737
-0.544248  -2.932543
-0.527767  -2.904120
-0.676763  -2.873809
-0.725410  -2.787569
-0.774060  -2.701105
-0.740974  -2.701525
-0.707889  -2.701944
-0.739379  -2.643826
-0.756719  -2.672466
-0.723634  -2.672885
-0.692979  -2.845062
-0.709194  -2.816316
-0.659231  -2.788320
-0.692321  -2.787945
-0.643016  -2.817066
-0.659889  -2.845438
-0.676105  -2.816691
-0.610578  -2.874556
-0.643670  -2.874183
-0.626797  -2.845811
-0.708541  -2.759167
-0.691673  -2.730765
-0.741626  -2.758748
-0.757843  -2.729927
-0.724758  -2.730346
-0.675452  -2.759542
-0.821190  -2.614007
-0.920263  -2.612787
-0.887239  -2.613194
-0.854214  -2.613600
-0.853389  -2.556289
-0.787362  -2.557007
-0.755089  -2.614793
-0.789770  -2.672073
-0.805480  -2.643040
-0.788140  -2.614400
-0.772429  -2.643433
-0.804276  -2.585507
-0.771225  -2.585900
-0.837290  -2.585148
-0.820375  -2.556648
-1.016994  -2.440213
-1.065528  -2.354045
-1.031173  -2.293804
-1.048350  -2.323924
-0.999167  -2.352247
-1.032347  -2.353146
-1.015170  -2.323025
-0.999991  -2.410591
-1.033172  -2.411490
-1.049350  -2.382768
-0.982989  -2.380970
-1.016169  -2.381869
-0.983998  -2.440229
-0.951002  -2.440245
-0.966996  -2.410608
-0.968484  -2.526466
-0.951658  -2.497731
-0.934832  -2.468996
-1.000824  -2.468964
-0.984654  -2.497715
-0.967828  -2.468980
-0.935486  -2.526787
-0.902487  -2.527108
-0.918660  -2.498052
-1.113986  -2.267889
-1.080656  -2.266487
-1.047326  -2.265085
-1.096631  -2.236950
-1.079275  -2.206011
-1.063301  -2.235548
-1.097833  -2.296608
-1.081680  -2.325326
-1.064503  -2.295206
-0.886413  -2.555882
-0.903338  -2.584334
-0.952411  -2.555240
-0.936337  -2.584013
-0.919412  -2.555561
-0.870314  -2.584741
-1.162148  -2.179647
-1.095329  -2.176596
-1.128738  -2.178122
-1.130040  -2.238475
-1.146094  -2.209061
-1.112684  -2.207536
-1.128581  -2.119939
-1.145364  -2.149793
-1.111955  -2.148268
-1.210446  -2.092642
-1.309397  -2.092874
-1.226783  -2.063841
-1.243120  -2.035039
-1.292750  -2.063996
-1.276104  -2.035117
-1.276413  -2.092797
-1.243430  -2.092720
-1.259767  -2.063918
-1.177563  -2.091790
-1.144680  -2.090937
-1.193388  -2.062963
-1.176329  -2.033284
-1.209724  -2.034162
-1.160504  -2.062110
-1.194347  -2.121644
-1.178247  -2.150645
-1.161464  -2.120791
-1.358379  -2.006872
-1.325405  -2.006661
-1.292431  -2.006449
-1.342051  -2.035540
-1.325724  -2.064207
-1.309078  -2.035328
-1.341790  -1.978446
-1.325202  -1.950019
-1.308817  -1.978234
-1.407166  -1.922285
-1.455432  -1.836389
-1.502643  -1.751435
-1.492801  -1.720176
-1.482960  -1.688917
-1.439938  -1.749896
-1.471290  -1.750666
-1.461449  -1.719407
-1.374315  -1.922054
-1.341464  -1.921823
-1.390903  -1.950481
-1.374641  -1.978677
-1.358053  -1.950250
-1.374009  -1.865641
-1.439343  -1.865021
-1.423255  -1.893653
-1.390587  -1.893963
-1.390097  -1.837009
-1.422765  -1.836699
-1.424201  -1.778214
-1.471169  -1.808071
-1.486906  -1.779753
-1.439816  -1.807301
-1.455553  -1.778984
-1.357737  -1.893732
-1.407149  -1.807612
-1.406676  -1.865331
-1.563845  -1.627486
-1.621264  -1.577523
-1.601042  -1.499680
-1.607783  -1.525628
-1.614523  -1.551575
-1.554133  -1.562825
-1.587699  -1.570174
-1.547393  -1.536877
-1.574218  -1.518278
-1.580958  -1.544226
-1.503360  -1.647600
-1.533603  -1.637543
-1.534994  -1.579479
-1.582985  -1.610832
-1.602124  -1.594177
-1.549419  -1.603483
-1.568559  -1.586828
-1.519177  -1.613540
-1.551478  -1.697700
-1.559723  -1.650891
-1.555600  -1.674295
-1.499238  -1.671005
-1.525358  -1.684352
-1.518921  -1.733523
-1.535200  -1.715611
-1.509080  -1.702264
-1.529480  -1.660948
-1.576938  -1.490391
-1.552834  -1.481103
-1.550114  -1.508990
-1.471256  -1.288428
-1.560658  -1.316179
-1.501057  -1.297679
-1.530857  -1.306929
-1.514491  -1.361723
-1.537574  -1.338951
-1.477973  -1.320451
-1.484690  -1.352473
-1.507774  -1.329701
-1.585725  -1.412765
-1.569014  -1.348374
-1.577369  -1.380570
-1.522846  -1.393919
-1.554286  -1.403342
-1.545930  -1.371147
-1.566727  -1.432448
-1.547729  -1.452131
-1.535287  -1.423025
-1.590831  -1.441737
-1.595937  -1.470708
-1.571833  -1.461420
-1.471256  1.288428
-1.566339  1.320041
-1.585734  1.397644
-1.572804  1.345909
-1.579269  1.371776
-1.522849  1.388878
-1.554292  1.393261
-1.516384  1.363011
-1.502951  1.298966
-1.534645  1.309504
-1.541362  1.341526
-1.484690  1.352473
-1.477973  1.320451
-1.509667  1.330989
-1.547827  1.367394
-1.557062  1.444594
-1.571398  1.421119
-1.539956  1.416736
-1.638599  1.461076
-1.686647  1.537287
-1.654615  1.486480
-1.670631  1.511883
-1.624729  1.544825
-1.645385  1.629685
-1.579524  1.635255
-1.612454  1.632470
-1.610974  1.575624
-1.628180  1.602654
-1.595249  1.605439
-1.608712  1.519421
-1.623656  1.490248
-1.574684  1.465738
-1.606641  1.463407
-1.591698  1.492579
-1.620978  1.439932
-1.603356  1.418788
-1.589020  1.442263
-1.659139  1.598885
-1.672893  1.568086
-1.655688  1.541056
-1.641934  1.571855
-1.639672  1.515652
-1.600594  1.714161
-1.562700  1.801215
-1.587963  1.743179
-1.575331  1.772197
-1.525787  1.755167
-1.544243  1.778191
-1.569506  1.720155
-1.538419  1.726149
-1.556875  1.749173
-1.564594  1.663413
-1.582594  1.688787
-1.551506  1.694781
-1.630455  1.657843
-1.615524  1.686002
-1.597524  1.660628
-1.536723  1.800585
-1.537344  1.878822
-1.519819  1.852324
-1.502294  1.825825
-1.510746  1.799956
-1.554248  1.827084
-1.545796  1.852953
-1.528271  1.826455
-1.518267  1.777561
-1.511210  1.954220
-1.463723  2.037611
-1.479552  2.009814
-1.495381  1.982017
-1.447208  1.952114
-1.479209  1.953167
-1.431379  1.979912
-1.447551  2.008761
-1.463380  1.980964
-1.480661  1.895965
-1.495936  1.925092
-1.463935  1.924039
-1.489373  1.870832
-1.513358  1.874827
-1.495833  1.848329
-1.519921  1.929087
-1.528633  1.903955
-1.504647  1.899960
-1.397932  2.036600
-1.430828  2.037105
-1.414656  2.008256
-1.413561  2.122606
-1.447002  2.065943
-1.430282  2.094274
-1.381212  2.064931
-1.397386  2.093768
-1.414107  2.065437
-1.315159  2.121550
-1.249614  2.121238
-1.282387  2.121394
-1.282553  2.064024
-1.298856  2.092787
-1.266084  2.092631
-1.348411  2.064579
-1.331785  2.093065
-1.315482  2.064302
-1.380761  2.122254
-1.347960  2.121902
-1.364586  2.093416
-1.265635  2.207996
-1.216448  2.294165
-1.249239  2.236719
-1.232843  2.265442
-1.183650  2.236384
-1.200049  2.265275
-1.200045  2.207661
-1.232840  2.207829
-1.216444  2.236552
-1.233106  2.150053
-1.249371  2.179025
-1.216576  2.178857
-1.298651  2.150365
-1.282143  2.179181
-1.265879  2.150209
-1.151109  2.294375
-1.183778  2.294270
-1.167379  2.265379
-1.167173  2.380745
-1.117107  2.465941
-1.133796  2.437542
-1.150485  2.409144
-1.134240  2.380366
-1.150929  2.351990
-1.134684  2.323235
-1.101308  2.379986
-1.117996  2.351611
-1.183598  2.351885
-1.200023  2.323025
-1.167354  2.323130
-1.017863  2.464884
-0.967369  2.550359
-0.916756  2.636071
-0.933627  2.607500
-0.950498  2.578930
-0.901074  2.549809
-0.934221  2.550084
-0.884203  2.578380
-0.900479  2.607225
-0.917350  2.578655
-0.984640  2.464491
-0.951417  2.464098
-0.950977  2.521474
-0.934586  2.492589
-0.917830  2.521199
-0.985210  2.407168
-1.001536  2.436026
-0.968313  2.435633
-1.051537  2.408033
-1.034700  2.436459
-1.084025  2.465589
-1.050944  2.465237
-1.100863  2.437163
-1.084619  2.408385
-1.117552  2.408764
-1.018374  2.407600
-1.067781  2.436811
-0.984200  2.521868
-1.001031  2.493376
-0.967809  2.492983
-0.817340  2.636566
-0.766452  2.725512
-0.800377  2.666214
-0.783414  2.695863
-0.734152  2.665528
-0.750302  2.695520
-0.751115  2.635879
-0.784227  2.636222
-0.767264  2.665871
-0.834202  2.607555
-0.851064  2.578545
-0.784524  2.577676
-0.800932  2.607121
-0.817794  2.578110
-0.850479  2.636401
-0.883617  2.636236
-0.867341  2.607390
-0.767819  2.606778
-0.700323  2.724613
-0.733387  2.725063
-0.717237  2.695071
-0.715609  2.813752
-0.649296  2.813499
-0.682453  2.813625
-0.683375  2.754027
-0.699492  2.783889
-0.666336  2.783763
-0.749504  2.754925
-0.732557  2.784338
-0.716440  2.754476
-0.565220  2.900397
-0.549070  2.870848
-0.532920  2.841300
-0.498915  2.899767
-0.532068  2.900082
-0.515917  2.870533
-0.582193  2.871389
-0.599166  2.842381
-0.566043  2.841840
-0.664687  2.901386
-0.681661  2.872174
-0.698635  2.842963
-0.648504  2.872048
-0.632322  2.842711
-0.665478  2.842837
-0.598376  2.900727
-0.631531  2.901056
-0.615349  2.871719
-0.514666  2.986359
-0.531518  2.957705
-0.548369  2.929051
-0.482064  2.928421
-0.498365  2.957390
-0.515217  2.928736
-0.448355  2.985730
-0.481511  2.986044
-0.465209  2.957075
-0.464157  3.072154
-0.414098  3.158115
-0.447470  3.100808
-0.430784  3.129462
-0.381176  3.100153
-0.397637  3.129134
-0.431010  3.071827
-0.397863  3.071500
-0.414323  3.100481
-0.497830  3.014957
-0.480993  3.043556
-0.431518  3.014328
-0.447837  3.043241
-0.464674  3.014643
-0.414690  3.042914
-0.314586  3.157100
-0.281378  3.156802
-0.248169  3.156505
-0.298092  3.128163
-0.281598  3.099227
-0.264884  3.127866
-0.331296  3.128457
-0.347757  3.157438
-0.380927  3.157777
-0.348006  3.099815
-0.364467  3.128796
-0.314802  3.099521
-0.264022  3.242874
-0.247668  3.213985
-0.231314  3.185096
-0.280877  3.214283
-0.297731  3.185691
-0.264523  3.185394
-0.197632  3.242245
-0.213437  3.328624
-0.230298  3.300041
-0.247160  3.271458
-0.230827  3.242559
-0.180771  3.270828
-0.197104  3.299726
-0.213965  3.271143
-0.214473  3.213671
-0.147044  3.328000
-0.180241  3.328312
-0.163908  3.299414
-0.162834  3.414370
-0.112314  3.500216
-0.079108  3.499906
-0.045901  3.499596
-0.079624  3.442387
-0.095969  3.471301
-0.062763  3.470991
-0.096464  3.413771
-0.129154  3.471601
-0.145994  3.442985
-0.129649  3.414071
-0.112809  3.442686
-0.130177  3.356582
-0.146505  3.385476
-0.113320  3.385177
-0.196569  3.357206
-0.179702  3.385788
-0.163373  3.356894
-0.061741  3.586040
-0.045392  3.557122
-0.029044  3.528204
-0.078599  3.557432
-0.095456  3.528824
-0.062250  3.528514
0.004695  3.585414
-0.027986  3.643258
-0.044864  3.614649
-0.028523  3.585727
-0.011646  3.614336
-0.012174  3.556809
-0.110763  3.672807
-0.078082  3.614962
-0.094422  3.643885
-0.044327  3.672181
-0.077545  3.672494
-0.061204  3.643572
-0.060140  3.756888
-0.093889  3.700834
-0.077015  3.728861
-0.027453  3.700208
-0.043797  3.728548
-0.060671  3.700521
-0.026319  3.756122
0.007502  3.755356
-0.009975  3.727782
-0.004353  3.837328
0.028115  3.837018
0.060583  3.836709
0.026098  3.782169
0.010872  3.809748
0.043340  3.809439
-0.041545  3.783701
-0.022949  3.810514
-0.007723  3.782935
0.030113  3.890885
0.012880  3.864106
0.045348  3.863797
0.000000  4.000000
0.015782  3.972554
0.031564  3.945109
0.033241  3.999586
0.066482  3.999171
0.049023  3.972140
-0.051848  3.918832
-0.017283  3.972944
-0.034565  3.945888
0.014281  3.918053
-0.018783  3.918442
-0.001501  3.945498
-0.036016  3.891664
-0.020185  3.864496
-0.002952  3.891274
-0.099723  -3.998757
-0.085468  -3.971765
-0.071213  -3.944774
-0.033241  -3.999586
-0.066482  -3.999171
-0.052227  -3.972180
-0.139447  -3.829791
-0.147857  -3.929415
-0.142250  -3.862999
-0.145053  -3.896207
-0.087257  -3.921660
-0.117557  -3.925538
-0.111951  -3.859121
-0.084454  -3.888451
-0.105965  -3.829174
-0.072483  -3.828557
-0.078469  -3.858504
-0.105064  -3.770650
-0.122256  -3.800220
-0.088774  -3.799603
-0.114754  -3.892329
-0.115767  -3.975643
-0.131812  -3.952529
-0.101512  -3.948651
-0.136709  -3.654241
-0.185545  -3.567414
-0.168613  -3.538853
-0.151681  -3.510292
-0.119141  -3.568158
-0.152343  -3.567786
-0.135411  -3.539225
-0.120430  -3.683187
-0.104152  -3.712133
-0.070300  -3.654987
-0.102863  -3.597100
-0.152988  -3.625299
-0.169266  -3.596356
-0.119786  -3.625671
-0.136065  -3.596728
-0.103504  -3.654614
-0.086581  -3.626044
-0.087226  -3.683560
-0.187466  -3.738209
-0.153628  -3.682231
-0.170547  -3.710220
-0.121071  -3.740123
-0.154268  -3.739166
-0.137349  -3.711177
-0.171460  -3.768736
-0.155453  -3.799263
-0.138262  -3.769693
-0.234414  -3.480599
-0.283066  -3.393776
-0.265792  -3.365131
-0.248519  -3.336487
-0.249931  -3.394162
-0.216797  -3.394548
-0.232658  -3.365517
-0.201192  -3.480976
-0.167971  -3.481353
-0.201835  -3.538476
-0.218125  -3.509537
-0.184903  -3.509914
-0.217497  -3.452044
-0.200579  -3.423489
-0.250631  -3.451658
-0.266849  -3.422717
-0.233714  -3.423103
-0.184275  -3.452421
-0.330719  -3.306737
-0.264403  -3.307474
-0.297561  -3.307105
-0.298950  -3.364763
-0.314834  -3.335750
-0.281677  -3.336118
-0.296731  -3.249740
-0.379180  -3.220152
-0.427953  -3.133838
-0.411454  -3.105389
-0.394955  -3.076939
-0.394803  -3.134104
-0.361653  -3.134370
-0.378304  -3.105654
-0.313725  -3.278239
-0.363027  -3.249014
-0.346873  -3.277875
-0.346033  -3.220516
-0.312885  -3.220879
-0.362288  -3.191647
-0.345396  -3.163141
-0.411695  -3.162610
-0.395438  -3.191381
-0.378546  -3.162875
-0.280567  -3.278607
-0.329140  -3.192010
-0.329879  -3.249377
-0.444599  -3.105056
-0.461245  -3.076274
-0.428100  -3.076607
-0.577538  -3.046524
-0.544323  -3.046847
-0.511107  -3.047170
-0.560902  -3.018133
-0.544266  -2.989741
-0.527686  -3.018456
-0.527428  -3.132696
-0.544132  -3.103972
-0.560835  -3.075248
-0.510916  -3.104295
-0.494403  -3.075894
-0.527619  -3.075571
-0.494270  -3.133077
-0.461111  -3.133458
-0.477757  -3.104676
-0.627505  -2.959807
-0.594194  -3.017618
-0.610849  -2.988713
-0.594213  -2.960321
-0.560921  -2.960835
-0.577557  -2.989227
-0.594158  -2.903222
-0.660343  -2.902475
-0.643924  -2.931141
-0.610831  -2.931515
-0.627251  -2.902849
-0.577540  -2.932029
-0.776019  -2.872666
-0.824661  -2.786462
-0.807794  -2.758010
-0.790927  -2.729558
-0.758494  -2.787200
-0.791577  -2.786831
-0.774710  -2.758379
-0.742279  -2.815935
-0.792233  -2.843931
-0.808447  -2.815197
-0.759149  -2.844300
-0.775363  -2.815566
-0.709848  -2.873428
-0.742934  -2.873047
-0.726064  -2.844681
-0.726680  -2.958985
-0.660563  -2.959533
-0.693621  -2.959259
-0.693402  -2.902201
-0.710041  -2.930593
-0.676982  -2.930867
-0.759573  -2.901439
-0.743126  -2.930212
-0.726487  -2.901820
-0.872652  -2.699604
-0.838344  -2.642539
-0.855498  -2.671071
-0.904393  -2.641726
-0.888522  -2.670665
-0.871368  -2.642133
-0.806924  -2.700605
-0.839788  -2.700104
-0.822634  -2.671572
-0.840658  -2.757509
-0.856655  -2.728557
-0.823791  -2.729057
-1.019120  -2.611503
-1.067435  -2.525322
-1.115909  -2.439095
-1.050621  -2.496952
-1.033807  -2.468582
-1.082937  -2.439468
-1.049965  -2.439840
-1.099751  -2.467837
-1.083593  -2.496580
-1.066779  -2.468210
-0.953215  -2.612359
-0.986167  -2.611931
-0.985363  -2.554812
-1.002241  -2.583158
-1.051330  -2.554049
-1.035225  -2.582776
-1.034451  -2.525703
-1.001468  -2.526085
-1.017638  -2.497334
-0.969289  -2.583585
-0.971120  -2.697986
-0.905475  -2.699065
-0.938298  -2.698525
-0.937215  -2.641187
-1.003120  -2.640331
-0.987120  -2.669159
-0.954168  -2.669587
-0.970168  -2.640759
-0.921345  -2.670126
-1.099115  -2.410745
-1.164363  -2.352899
-1.212791  -2.266698
-1.147571  -2.324562
-1.130779  -2.296226
-1.179856  -2.267095
-1.146921  -2.267492
-1.196649  -2.295431
-1.180506  -2.324165
-1.163714  -2.295829
-1.082321  -2.382395
-1.131418  -2.353281
-1.098473  -2.353663
-1.148212  -2.381631
-1.132060  -2.410363
-1.115267  -2.382013
-1.066143  -2.411118
-1.114626  -2.324944
-1.018346  -2.554430
-1.195910  -2.237681
-1.261174  -2.180329
-1.244265  -2.151100
-1.227356  -2.121871
-1.293323  -2.122026
-1.277248  -2.151177
-1.260339  -2.121948
-1.179029  -2.208664
-1.228165  -2.180101
-1.195156  -2.179874
-1.245046  -2.209118
-1.228919  -2.237908
-1.212037  -2.208891
-1.162975  -2.238078
-1.211256  -2.150873
-1.359907  -2.179187
-1.326996  -2.179567
-1.294085  -2.179948
-1.326234  -2.121645
-1.343070  -2.150416
-1.310159  -2.150797
-1.408334  -2.093173
-1.392192  -2.121844
-1.376049  -2.150515
-1.375355  -2.093074
-1.342376  -2.092974
-1.359213  -2.121745
-1.375030  -2.035639
-1.391682  -2.064406
-1.358703  -2.064307
-1.456695  -2.007420
-1.505027  -1.921496
-1.552979  -1.836626
-1.599940  -1.755282
-1.584286  -1.782397
-1.568633  -1.809511
-1.519422  -1.779832
-1.536201  -1.808229
-1.535075  -1.752718
-1.567508  -1.754000
-1.551854  -1.781114
-1.440575  -2.036004
-1.424454  -2.064589
-1.423923  -2.007237
-1.391151  -2.007055
-1.407803  -2.035822
-1.423676  -1.950663
-1.488917  -1.950138
-1.472806  -1.978779
-1.440185  -1.979041
-1.439786  -1.922022
-1.472407  -1.921759
-1.471964  -1.864758
-1.521011  -1.893206
-1.536995  -1.864916
-1.487948  -1.836468
-1.520464  -1.836547
-1.503685  -1.808150
-1.407413  -1.978859
-1.488496  -1.893127
-1.504480  -1.864837
-1.455875  -1.893390
-1.456296  -1.950400
-1.583786  -1.736088
-1.641041  -1.663553
-1.706727  -1.575924
-1.670301  -1.514158
-1.694585  -1.555335
-1.682443  -1.534747
-1.637610  -1.556401
-1.653956  -1.535280
-1.624129  -1.504506
-1.670349  -1.440078
-1.647247  -1.459945
-1.624145  -1.479813
-1.613933  -1.421869
-1.642141  -1.430974
-1.619039  -1.450841
-1.567632  -1.716894
-1.611187  -1.674935
-1.581332  -1.686317
-1.627341  -1.694129
-1.613640  -1.724706
-1.597486  -1.705512
-1.551354  -1.734806
-1.615309  -1.651531
-1.589577  -1.639508
-1.585455  -1.662913
-1.634448  -1.634876
-1.678239  -1.576457
-1.649752  -1.576990
-1.627856  -1.606200
-1.662936  -1.634343
-1.684832  -1.605134
-1.656344  -1.605667
-1.608717  -1.622854
-1.647215  -1.509332
-1.670333  -1.464771
-1.670317  -1.489465
-1.647231  -1.484639
-1.630869  -1.530454
-1.666098  -1.555868
-1.527310  -1.207146
-1.631488  -1.252355
-1.584268  -1.294904
-1.607878  -1.273630
-1.562036  -1.222215
-1.596762  -1.237285
-1.538426  -1.243490
-1.549542  -1.279834
-1.573152  -1.258560
-1.489941  -1.261334
-1.508625  -1.234240
-1.519741  -1.270584
-1.428923  -1.198844
-1.461718  -1.201611
-1.494514  -1.204378
-1.443034  -1.228705
-1.457145  -1.258567
-1.475830  -1.231473
-1.655316  -1.348547
-1.660327  -1.379057
-1.665338  -1.409568
-1.608922  -1.391359
-1.632119  -1.369953
-1.637130  -1.400463
-1.592211  -1.326968
-1.623763  -1.337757
-1.600566  -1.359163
-1.647373  -1.316483
-1.639431  -1.284419
-1.615821  -1.305694
-1.428923  1.198844
-1.544163  1.223608
-1.467336  1.207099
-1.505749  1.215353
-1.495558  1.266822
-1.519861  1.245215
-1.457145  1.258567
-1.443034  1.228705
-1.481447  1.236960
-1.558947  1.287897
-1.551555  1.255752
-1.527253  1.277359
-1.663373  1.359747
-1.631276  1.269759
-1.573200  1.238992
-1.602238  1.254375
-1.587985  1.303281
-1.652674  1.329751
-1.641975  1.299755
-1.609630  1.286520
-1.598684  1.333276
-1.631028  1.346512
-1.620329  1.316516
-1.637493  1.372379
-1.611614  1.385012
-1.605149  1.359144
-1.580593  1.271136
-1.646857  1.427299
-1.726456  1.440083
-1.699917  1.504886
-1.713187  1.472484
-1.667885  1.454078
-1.697170  1.447080
-1.683901  1.479482
-1.655115  1.393523
-1.684401  1.386525
-1.705428  1.413304
-1.676143  1.420302
-1.629235  1.406155
-1.776901  1.525602
-1.743271  1.468589
-1.760086  1.497096
-1.716732  1.533392
-1.746816  1.529497
-1.730002  1.500991
-1.738846  1.620280
-1.751531  1.588721
-1.764216  1.557161
-1.721447  1.592616
-1.704047  1.564951
-1.734132  1.561056
-1.676539  1.626550
-1.697743  1.710666
-1.652387  1.796771
-1.614619  1.882382
-1.639797  1.825308
-1.627208  1.853845
-1.597312  1.855326
-1.580006  1.828270
-1.622491  1.798252
-1.592595  1.799733
-1.617858  1.741697
-1.635123  1.769234
-1.605227  1.770715
-1.707693  1.623415
-1.711444  1.680537
-1.725145  1.650409
-1.662838  1.656678
-1.680290  1.683672
-1.693992  1.653544
-1.690293  1.595751
-1.632977  1.712996
-1.682624  1.739368
-1.667506  1.768069
-1.665360  1.711831
-1.650241  1.740533
-1.647907  1.684837
-1.609902  1.826789
-1.588860  1.881195
-1.585382  1.968955
-1.558835  2.043772
-1.567684  2.018833
-1.576533  1.993894
-1.535934  1.959131
-1.560658  1.964043
-1.542960  2.013921
-1.527085  1.984070
-1.495427  2.039665
-1.527131  2.041718
-1.511256  2.011868
-1.563102  1.880009
-1.569369  1.938911
-1.553357  1.908867
-1.604873  1.911239
-1.595127  1.940097
-1.579115  1.910053
-1.571554  1.854140
-1.544645  1.933999
-1.551809  1.988982
-1.512961  2.124049
-1.462965  2.209178
-1.496296  2.152425
-1.479631  2.180802
-1.430029  2.151463
-1.446497  2.180320
-1.446695  2.123087
-1.479828  2.123568
-1.480136  2.066424
-1.528253  2.097290
-1.543544  2.070531
-1.496549  2.095237
-1.511840  2.068478
-1.463415  2.094755
-1.463163  2.151944
-1.363788  2.207698
-1.429906  2.208685
-1.396847  2.208191
-1.396970  2.150970
-1.380379  2.179334
-1.413438  2.179827
-1.347578  2.178982
-1.331369  2.150266
-1.364169  2.150618
-1.331070  2.207798
-1.314769  2.293847
-1.281995  2.293953
-1.249221  2.294059
-1.298391  2.265230
-1.282013  2.236613
-1.265617  2.265336
-1.298353  2.207897
-1.347448  2.236414
-1.331108  2.265130
-1.314731  2.236514
-1.314861  2.179082
-1.265419  2.380430
-1.216134  2.466870
-1.232562  2.438057
-1.248991  2.409243
-1.199922  2.380640
-1.232671  2.380535
-1.199814  2.438162
-1.183494  2.409454
-1.216242  2.409348
-1.249095  2.351675
-1.232771  2.322920
-1.298319  2.322708
-1.281869  2.351569
-1.265545  2.322814
-1.216347  2.351780
-1.150116  2.466251
-1.165830  2.552570
-1.182598  2.524004
-1.199366  2.495437
-1.183125  2.466560
-1.149589  2.523694
-1.066646  2.551288
-1.099707  2.551716
-1.132769  2.552143
-1.133348  2.494817
-1.083466  2.522839
-1.100286  2.494390
-1.116528  2.523267
-1.166805  2.437852
-1.166357  2.495127
-1.050385  2.522487
-1.034124  2.493686
-1.000461  2.550669
-1.016096  2.636783
-1.032946  2.608285
-1.049796  2.579786
-1.033553  2.550979
-0.983611  2.579167
-0.999854  2.607975
-1.016703  2.579477
-1.067205  2.494038
-1.017292  2.522177
-0.949869  2.636308
-0.982982  2.636545
-0.966740  2.607738
-0.865889  2.726552
-0.814975  2.815732
-0.848918  2.756279
-0.831946  2.786005
-0.798800  2.785659
-0.782626  2.755586
-0.832743  2.726205
-0.799597  2.725859
-0.815772  2.755932
-0.899800  2.666231
-0.882845  2.696391
-0.833523  2.666561
-0.849706  2.696556
-0.816560  2.696210
-0.866662  2.666396
-0.965411  2.725492
-0.899063  2.726198
-0.932237  2.725845
-0.932974  2.665878
-0.999201  2.666352
-0.982306  2.695922
-0.949193  2.695685
-0.966088  2.666115
-0.916019  2.696038
-0.781853  2.815072
-0.764146  2.902342
-0.747967  2.872812
-0.731788  2.843282
-0.697840  2.901704
-0.730993  2.902023
-0.714814  2.872493
-0.748731  2.814412
-0.781089  2.873472
-0.798032  2.844602
-0.764910  2.843942
-0.765679  2.784999
-0.614137  2.987296
-0.630987  2.958660
-0.647837  2.930023
-0.581526  2.929363
-0.597831  2.958330
-0.614681  2.929693
-0.547823  2.986671
-0.580980  2.986984
-0.564674  2.958017
-0.713601  2.988237
-0.730449  2.959605
-0.747297  2.930974
-0.680991  2.930336
-0.697296  2.959287
-0.714144  2.930655
-0.647291  2.987610
-0.680446  2.987924
-0.664141  2.958973
-0.563719  3.073061
-0.513714  3.158994
-0.480509  3.158701
-0.447303  3.158408
-0.497195  3.130047
-0.480676  3.101101
-0.463990  3.129754
-0.497344  3.072456
-0.530532  3.072759
-0.530383  3.130349
-0.547051  3.101705
-0.513863  3.101403
-0.531017  3.015259
-0.547368  3.044160
-0.514181  3.043858
-0.597331  3.015885
-0.580525  3.044473
-0.564174  3.015572
-0.463167  3.244764
-0.446811  3.215881
-0.430454  3.186998
-0.480016  3.216174
-0.496865  3.187584
-0.463660  3.187291
-0.363597  3.243821
-0.347260  3.214914
-0.330923  3.186007
-0.297213  3.243190
-0.330405  3.243505
-0.314068  3.214598
-0.380430  3.215252
-0.397264  3.186684
-0.396787  3.244135
-0.429977  3.244450
-0.413621  3.215567
-0.364094  3.186345
-0.313020  3.329570
-0.329879  3.300987
-0.346738  3.272404
-0.280354  3.271773
-0.296687  3.300671
-0.313546  3.272088
-0.246631  3.328940
-0.279825  3.329255
-0.263493  3.300356
-0.262488  3.415355
-0.211948  3.501151
-0.195577  3.472224
-0.179205  3.443297
-0.178737  3.500840
-0.145525  3.500528
-0.162365  3.471912
-0.296176  3.358165
-0.279332  3.386760
-0.229787  3.357535
-0.246137  3.386445
-0.262981  3.357850
-0.196052  3.414698
-0.229270  3.415027
-0.228794  3.472553
-0.245641  3.443954
-0.212423  3.443625
-0.212919  3.386117
-0.161404  3.586977
-0.145041  3.558056
-0.128677  3.529136
-0.178252  3.558368
-0.195100  3.529760
-0.161889  3.529448
-0.094962  3.586352
-0.128183  3.586664
-0.111820  3.557744
-0.127643  3.644197
-0.144524  3.615587
-0.111303  3.615275
-0.210418  3.673744
-0.177742  3.615899
-0.194080  3.644821
-0.143982  3.673120
-0.177200  3.673432
-0.160862  3.644509
-0.157244  3.757792
-0.192694  3.701760
-0.174969  3.729776
-0.126257  3.701136
-0.141751  3.729464
-0.159475  3.701448
-0.092508  3.757189
-0.124876  3.757491
-0.109383  3.729163
-0.102279  3.837926
-0.138922  3.784503
-0.120601  3.811215
-0.074187  3.783901
-0.088233  3.810913
-0.106555  3.784202
-0.069637  3.837727
-0.036995  3.837527
-0.055591  3.810714
-0.085468  3.864895
-0.068658  3.891863
-0.052826  3.864695
-0.099723  3.998757
-0.083764  3.972115
-0.067806  3.945473
-0.033241  3.999586
-0.066482  3.999171
-0.050523  3.972529
-0.148642  3.919708
-0.084112  3.919124
-0.116377  3.919416
-0.116029  3.972407
-0.132336  3.946057
-0.100071  3.945765
-0.117733  3.865187
-0.133188  3.892447
-0.100923  3.892155
-0.199384  -3.995028
-0.243772  -3.905720
-0.235556  -3.806466
-0.171483  -3.822016
-0.203520  -3.814241
-0.241033  -3.872635
-0.238295  -3.839551
-0.208997  -3.880410
-0.174222  -3.855100
-0.206258  -3.847326
-0.182208  -3.973157
-0.211800  -3.913618
-0.179828  -3.921517
-0.177025  -3.888309
-0.165032  -3.951286
-0.214180  -3.965258
-0.228976  -3.935489
-0.197004  -3.943388
-0.166163  -3.996271
-0.132943  -3.997514
-0.148988  -3.974400
-0.203496  -3.760962
-0.219526  -3.783714
-0.187490  -3.791489
-0.236317  -3.653119
-0.285164  -3.566295
-0.333922  -3.479517
-0.267583  -3.480238
-0.300753  -3.479877
-0.301417  -3.537369
-0.317669  -3.508443
-0.268248  -3.537729
-0.251331  -3.509164
-0.284500  -3.508803
-0.202469  -3.595982
-0.252599  -3.624177
-0.268882  -3.595236
-0.218752  -3.567041
-0.251958  -3.566668
-0.235041  -3.538102
-0.219393  -3.624551
-0.235675  -3.595609
-0.169912  -3.653867
-0.203114  -3.653493
-0.186190  -3.624925
-0.220033  -3.681482
-0.203750  -3.709846
-0.186831  -3.681856
-0.284520  -3.736405
-0.252385  -3.680881
-0.268452  -3.708643
-0.219817  -3.737608
-0.252169  -3.737007
-0.236101  -3.709244
-0.268199  -3.759759
-0.251878  -3.783113
-0.235847  -3.760360
-0.316970  -3.450936
-0.300018  -3.422356
-0.283801  -3.451297
-0.382415  -3.392825
-0.430402  -3.305725
-0.414406  -3.334758
-0.398411  -3.363791
-0.347951  -3.335433
-0.365183  -3.364129
-0.397174  -3.306062
-0.363946  -3.306399
-0.381179  -3.335095
-0.316182  -3.393459
-0.349299  -3.393142
-0.332067  -3.364446
-0.350086  -3.450619
-0.366251  -3.421722
-0.333134  -3.422039
-0.396254  -3.248676
-0.478612  -3.219022
-0.461726  -3.190627
-0.444839  -3.162233
-0.511156  -3.161471
-0.494884  -3.190246
-0.477998  -3.161852
-0.413328  -3.277200
-0.462542  -3.247923
-0.446472  -3.276824
-0.445468  -3.219399
-0.412324  -3.219775
-0.428582  -3.191004
-0.380100  -3.277538
-0.429398  -3.248299
-0.627087  -3.131437
-0.676986  -3.045285
-0.610688  -3.046111
-0.643837  -3.045698
-0.643720  -3.102720
-0.660353  -3.074002
-0.610570  -3.103133
-0.594054  -3.074829
-0.627204  -3.074415
-0.643998  -2.988299
-0.660492  -3.016792
-0.627343  -3.017205
-0.593867  -3.131857
-0.560648  -3.132276
-0.577351  -3.103552
-0.578087  -3.217815
-0.561201  -3.189442
-0.544315  -3.161069
-0.610753  -3.160230
-0.594420  -3.189022
-0.577534  -3.160649
-0.544929  -3.218217
-0.511771  -3.218620
-0.528043  -3.189844
-0.710115  -2.987752
-0.693551  -3.016518
-0.677057  -2.988026
-0.875262  -2.871834
-0.923404  -2.784865
-0.891309  -2.842844
-0.907356  -2.813855
-0.857575  -2.785930
-0.890489  -2.785397
-0.841528  -2.814919
-0.858395  -2.843377
-0.874442  -2.814387
-0.809100  -2.872389
-0.842181  -2.872111
-0.825314  -2.843654
-0.826251  -2.958027
-0.776499  -3.044105
-0.793083  -3.015412
-0.809667  -2.986720
-0.793061  -2.958347
-0.759870  -2.958666
-0.759893  -3.015732
-0.743286  -2.987358
-0.776477  -2.987039
-0.858925  -2.900565
-0.842588  -2.929296
-0.792763  -2.901120
-0.809507  -2.929573
-0.825844  -2.900842
-0.776317  -2.929893
-0.906486  -2.756445
-0.889569  -2.728024
-0.873572  -2.756977
-0.743328  -3.044498
-0.710157  -3.044892
-0.726722  -3.016125
-0.939309  -2.755905
-0.955215  -2.726946
-0.922392  -2.727485
-1.117887  -2.610445
-1.166368  -2.524175
-1.214790  -2.437940
-1.198649  -2.466685
-1.182509  -2.495430
-1.132729  -2.467455
-1.133390  -2.524558
-1.100413  -2.524940
-1.149549  -2.495815
-1.116571  -2.496198
-1.084965  -2.610798
-1.052042  -2.611151
-1.084252  -2.553696
-1.101070  -2.582071
-1.150208  -2.552932
-1.134047  -2.581689
-1.117230  -2.553314
-1.068147  -2.582423
-1.069435  -2.696693
-1.101736  -2.639195
-1.085586  -2.667944
-1.052663  -2.668296
-1.035891  -2.639900
-1.068814  -2.639547
-1.036663  -2.697124
-1.003892  -2.697555
-1.019892  -2.668728
-1.181829  -2.438325
-1.148869  -2.438710
-1.181172  -2.381246
-1.197981  -2.409593
-1.165021  -2.409978
-1.165689  -2.467070
-1.021562  -2.783052
-0.987934  -2.726342
-1.004748  -2.754697
-0.956123  -2.784261
-0.988843  -2.783657
-0.972029  -2.755301
-1.053477  -2.725479
-1.037520  -2.754266
-1.020706  -2.725911
-1.263184  -2.351734
-1.230244  -2.352122
-1.197303  -2.352510
-1.229589  -2.295043
-1.246386  -2.323389
-1.213446  -2.323777
-1.247052  -2.380470
-1.230921  -2.409205
-1.214112  -2.380858
-1.311561  -2.265511
-1.278638  -2.265907
-1.245715  -2.266302
-1.277970  -2.208723
-1.294766  -2.237117
-1.261842  -2.237512
-1.295436  -2.294252
-1.279310  -2.322993
-1.262512  -2.294648
-1.343792  -2.207961
-1.327677  -2.236736
-1.310881  -2.208342
-1.458572  -2.178279
-1.392796  -2.178884
-1.425684  -2.178581
-1.425080  -2.121542
-1.441826  -2.149910
-1.408938  -2.150213
-1.410241  -2.264385
-1.442462  -2.206981
-1.426352  -2.235683
-1.376685  -2.207586
-1.393463  -2.235985
-1.409574  -2.207283
-1.344455  -2.265136
-1.377348  -2.264760
-1.360570  -2.236361
-1.506809  -2.092174
-1.474651  -2.149577
-1.490730  -2.120875
-1.441159  -2.092840
-1.473984  -2.092507
-1.457905  -2.121208
-1.473400  -2.035671
-1.555060  -2.006313
-1.603218  -1.920478
-1.651299  -1.835573
-1.585753  -1.836275
-1.618526  -1.835924
-1.617060  -1.782046
-1.634179  -1.808809
-1.601406  -1.809160
-1.490104  -2.063922
-1.538976  -2.034933
-1.522892  -2.063553
-1.489483  -2.007051
-1.522272  -2.006682
-1.521705  -1.949769
-1.571113  -1.977702
-1.587166  -1.949090
-1.537758  -1.921157
-1.586472  -1.892527
-1.619245  -1.892176
-1.635272  -1.863875
-1.569726  -1.864576
-1.602499  -1.864226
-1.457279  -2.064255
-1.538382  -1.978041
-1.570488  -1.920818
-1.553742  -1.892867
-1.505594  -1.978410
-1.506188  -2.035302
-1.554435  -1.949429
-1.699956  -1.748375
-1.747984  -1.663239
-1.799362  -1.561223
-1.737605  -1.571024
-1.768484  -1.566123
-1.765110  -1.629234
-1.782236  -1.595228
-1.734231  -1.634134
-1.720479  -1.605029
-1.751358  -1.600129
-1.683737  -1.777441
-1.667518  -1.806507
-1.666617  -1.750678
-1.633279  -1.752980
-1.650398  -1.779743
-1.680317  -1.720101
-1.712336  -1.663344
-1.676688  -1.663448
-1.660679  -1.691827
-1.715965  -1.719997
-1.731974  -1.691618
-1.696327  -1.691723
-1.646979  -1.722403
-1.698584  -1.634239
-1.752124  -1.477583
-1.783616  -1.533343
-1.767870  -1.505463
-1.721860  -1.543144
-1.736992  -1.510363
-1.752738  -1.538243
-1.724850  -1.489775
-1.697576  -1.501966
-1.709718  -1.522555
-1.697607  -1.452580
-1.743647  -1.377195
-1.726112  -1.284543
-1.737802  -1.346311
-1.731957  -1.315427
-1.678915  -1.327212
-1.663029  -1.263084
-1.694571  -1.273814
-1.702513  -1.305878
-1.670972  -1.295148
-1.724866  -1.465081
-1.746473  -1.410658
-1.749299  -1.444120
-1.694781  -1.419117
-1.719214  -1.398156
-1.684760  -1.358096
-1.714203  -1.367646
-1.689770  -1.388607
-1.697591  -1.477273
-1.722040  -1.431619
-1.610343  -1.155140
-1.624440  -1.219950
-1.617391  -1.187545
-1.554988  -1.189810
-1.582665  -1.172475
-1.589714  -1.204880
-1.536760  -1.112233
-1.585816  -1.140837
-1.561288  -1.126535
-1.530460  -1.175508
-1.533610  -1.143870
-1.558138  -1.158173
-1.459698  -1.124826
-1.511073  -1.116431
-1.485385  -1.120628
-1.504773  -1.179706
-1.482235  -1.152266
-1.507923  -1.148068
-1.439181  -1.174171
-1.449440  -1.149499
-1.471977  -1.176939
-1.697201  -1.191147
-1.639296  -1.167142
-1.668248  -1.179145
-1.653392  -1.231952
-1.675297  -1.211550
-1.646344  -1.199547
-1.716475  -1.253411
-1.706838  -1.222279
-1.684934  -1.242682
-1.384274  -1.110360
-1.409415  -1.115182
-1.434557  -1.120004
-1.399157  -1.139855
-1.414040  -1.169349
-1.424298  -1.144677
-1.708358  -1.336762
-1.476142  1.124742
-1.498815  1.157697
-1.521489  1.190653
-1.444662  1.174143
-1.460402  1.149442
-1.483076  1.182398
-1.384274  1.110360
-1.414896  1.115154
-1.445519  1.119948
-1.414040  1.169349
-1.399157  1.139855
-1.429779  1.144649
-1.651507  1.184208
-1.556643  1.142559
-1.619886  1.170325
-1.588265  1.156442
-1.548323  1.196592
-1.552483  1.169576
-1.579944  1.210475
-1.615726  1.197341
-1.584104  1.183459
-1.644763  1.212725
-1.638019  1.241242
-1.608982  1.225858
-1.502975  1.130681
-1.529809  1.136620
-1.525649  1.163636
-1.769672  1.359252
-1.721765  1.273251
-1.698346  1.243570
-1.674927  1.213889
-1.691602  1.272087
-1.661439  1.270923
-1.702301  1.302083
-1.682837  1.330915
-1.734239  1.359417
-1.698806  1.359582
-1.753703  1.330585
-1.737734  1.301918
-1.718270  1.330750
-1.755267  1.386195
-1.740861  1.413139
-1.719834  1.386360
-1.672138  1.300919
-1.668183  1.242406
-1.817469  1.444829
-1.785604  1.387777
-1.801536  1.416303
-1.787131  1.443247
-1.756794  1.441665
-1.771199  1.414721
-1.803946  1.471753
-1.790424  1.498677
-1.773609  1.470171
-1.827405  1.608138
-1.793736  1.553114
-1.810570  1.580626
-1.768366  1.616233
-1.797885  1.612185
-1.781051  1.584673
-1.865817  1.530190
-1.833585  1.473282
-1.849701  1.501736
-1.836178  1.528661
-1.806540  1.527131
-1.820062  1.500207
-1.853013  1.556173
-1.840209  1.582155
-1.823374  1.554643
-1.788769  1.701832
-1.749927  1.793035
-1.701192  1.877801
-1.733682  1.821290
-1.717437  1.849546
-1.668655  1.823781
-1.672334  1.879328
-1.643476  1.880855
-1.684924  1.850791
-1.656066  1.852318
-1.755487  1.647464
-1.772128  1.674648
-1.728085  1.707721
-1.762875  1.762634
-1.775822  1.732233
-1.758427  1.704777
-1.715138  1.738123
-1.684900  1.795526
-1.717414  1.794280
-1.701169  1.822536
-1.741786  1.677593
-1.801648  1.670601
-1.814526  1.639369
-1.785007  1.643417
-1.732533  1.765579
-1.700019  1.766824
-1.745480  1.735178
-1.659337  1.961180
-1.663160  2.039419
-1.660611  1.987260
-1.661886  2.013339
-1.637234  2.015931
-1.611308  1.992443
-1.593610  2.042321
-1.628385  2.040870
-1.602459  2.017382
-1.629525  1.908648
-1.644431  1.934914
-1.687240  1.905594
-1.673289  1.933387
-1.658383  1.907121
-1.634685  1.963772
-1.610034  1.966364
-1.635960  1.989851
-1.619779  1.937506
-1.613388  2.129791
-1.563054  2.212048
-1.496328  2.210134
-1.529691  2.211091
-1.529659  2.153382
-1.546356  2.182715
-1.512993  2.181758
-1.577020  2.072445
-1.595204  2.101118
-1.546437  2.125963
-1.596610  2.157210
-1.579832  2.184629
-1.579912  2.127877
-1.563134  2.155296
-1.561728  2.099204
-1.629979  2.099667
-1.646569  2.069543
-1.611794  2.070994
-1.512951  2.296484
-1.529652  2.268338
-1.546353  2.240193
-1.479627  2.238280
-1.496289  2.267382
-1.512990  2.239236
-1.412465  2.293691
-1.445960  2.294622
-1.479455  2.295553
-1.446132  2.237349
-1.429298  2.265520
-1.462793  2.266451
-1.380014  2.236362
-1.396239  2.265027
-1.413073  2.236856
-1.379899  2.293743
-1.347334  2.293795
-1.363674  2.265079
-1.363910  2.379790
-1.314895  2.466897
-1.331233  2.437861
-1.347571  2.408826
-1.298249  2.380217
-1.331079  2.380004
-1.298403  2.438074
-1.281911  2.409252
-1.314741  2.409039
-1.331149  2.322495
-1.347529  2.351142
-1.314699  2.351356
-1.396280  2.322391
-1.380095  2.351091
-1.363714  2.322443
-1.281975  2.466888
-1.249054  2.466879
-1.265483  2.438065
-1.264924  2.553730
-1.248661  2.524777
-1.232397  2.495823
-1.198862  2.552957
-1.231893  2.553343
-1.215629  2.524390
-1.281581  2.524785
-1.298238  2.495841
-1.265318  2.495832
-1.214689  2.640785
-1.115506  2.639523
-1.148567  2.639944
-1.181628  2.640364
-1.182117  2.581975
-1.231434  2.611766
-1.248179  2.582748
-1.198403  2.611380
-1.215148  2.582362
-1.132281  2.610539
-1.149055  2.581555
-1.082932  2.580700
-1.099219  2.610112
-1.115994  2.581127
-1.165342  2.610959
-1.049232  2.637696
-1.082369  2.638610
-1.066082  2.609198
-1.064987  2.724719
-1.014392  2.812986
-1.048122  2.754142
-1.031257  2.783564
-0.998065  2.783822
-0.914348  2.815841
-0.848099  2.815769
-0.881223  2.815805
-0.882042  2.756315
-0.898195  2.786078
-0.865070  2.786042
-1.098666  2.667922
-1.081826  2.696320
-1.032393  2.666095
-1.048690  2.695407
-1.065529  2.667008
-1.031795  2.724977
-0.981738  2.754657
-0.931369  2.785725
-0.948390  2.755608
-0.915216  2.755962
-0.998603  2.725234
-1.014930  2.754399
-1.015498  2.695665
-0.863613  2.903521
-0.880525  2.874295
-0.897436  2.845068
-0.847400  2.874258
-0.831188  2.844995
-0.864312  2.845032
-0.797301  2.902735
-0.830457  2.903128
-0.814245  2.873865
-0.947696  2.814890
-0.981044  2.813938
-0.964717  2.784773
-0.813241  2.989204
-0.762744  3.074921
-0.796408  3.017776
-0.779576  3.046349
-0.729982  3.017132
-0.663196  3.074024
-0.613210  3.160024
-0.646534  3.102691
-0.629872  3.131358
-0.580216  3.102049
-0.596713  3.131037
-0.630037  3.073703
-0.596878  3.073382
-0.613375  3.102370
-0.830031  2.960643
-0.846822  2.932082
-0.780511  2.931296
-0.796876  2.960250
-0.813666  2.931689
-0.746814  2.988560
-0.780027  2.988882
-0.763662  2.959928
-0.696799  3.016833
-0.679998  3.045429
-0.630490  3.016206
-0.646843  3.045115
-0.663644  3.016519
-0.613684  3.044794
-0.696379  3.074323
-0.729561  3.074622
-0.746363  3.046026
-0.713180  3.045727
-0.763195  3.017454
-0.546880  3.159337
-0.580045  3.159681
-0.563548  3.130693
-0.562731  3.245710
-0.546392  3.216805
-0.530053  3.187899
-0.496355  3.245080
-0.529543  3.245395
-0.513204  3.216489
-0.579557  3.217148
-0.596383  3.188586
-0.563218  3.188243
-0.512161  3.331439
-0.529017  3.302863
-0.545874  3.274287
-0.479498  3.273656
-0.495830  3.302547
-0.512686  3.273971
-0.412589  3.330500
-0.429448  3.301922
-0.446308  3.273343
-0.379927  3.272714
-0.396258  3.301607
-0.413118  3.273028
-0.445779  3.330813
-0.478970  3.331126
-0.462639  3.302234
-0.346209  3.329880
-0.379399  3.330190
-0.363068  3.301297
-0.362089  3.416277
-0.311598  3.502139
-0.345259  3.444898
-0.328428  3.473519
-0.278858  3.444283
-0.295228  3.473211
-0.328889  3.415970
-0.295688  3.415663
-0.312058  3.444591
-0.395756  3.359092
-0.378923  3.387685
-0.329376  3.358472
-0.345733  3.387375
-0.362566  3.358782
-0.312532  3.387068
-0.245164  3.501481
-0.278381  3.501810
-0.262011  3.472882
-0.261041  3.587924
-0.244677  3.559000
-0.228312  3.530076
-0.194616  3.587292
-0.227829  3.587608
-0.211464  3.558684
-0.277893  3.559329
-0.294745  3.530734
-0.261529  3.530405
-0.227293  3.645137
-0.244167  3.616531
-0.210954  3.616215
-0.310067  3.674687
-0.277383  3.616845
-0.293725  3.645766
-0.243634  3.674058
-0.276851  3.674372
-0.260509  3.645452
-0.257625  3.758073
-0.200852  3.838472
-0.238701  3.784872
-0.219777  3.811672
-0.171780  3.784685
-0.186316  3.811579
-0.190705  3.757886
-0.224165  3.757979
-0.226154  3.701853
-0.292586  3.702482
-0.275106  3.730277
-0.241889  3.729963
-0.259370  3.702168
-0.208429  3.729870
-0.205241  3.784779
-0.135137  3.838108
-0.166046  3.892629
-0.249347  3.918352
-0.233182  3.891725
-0.217017  3.865099
-0.183449  3.865550
-0.215779  3.918804
-0.199384  3.995028
-0.216038  3.969469
-0.232693  3.943911
-0.182211  3.919256
-0.182470  3.969921
-0.165556  3.944814
-0.199124  3.944363
-0.167995  3.838290
-0.150591  3.865369
-0.153458  3.811397
-0.132943  3.997514
-0.166163  3.996271
-0.149249  3.971164
-0.199614  3.892177
-0.298920  -3.988815
-0.280538  -3.961117
-0.262155  -3.933418
-0.265741  -3.990886
-0.232562  -3.992957
-0.247359  -3.963188
-0.322577  -3.822206
-0.356879  -3.904616
-0.334011  -3.849676
-0.345445  -3.877146
-0.281474  -3.905352
-0.319176  -3.904984
-0.270040  -3.877882
-0.293570  -3.816959
-0.264563  -3.811713
-0.296309  -3.850044
-0.267302  -3.844797
-0.307742  -3.877514
-0.318240  -3.960749
-0.337559  -3.932682
-0.299857  -3.933050
-0.309891  -3.793606
-0.386692  -3.737711
-0.365320  -3.765876
-0.343949  -3.794041
-0.297206  -3.765005
-0.352635  -3.737276
-0.318577  -3.736841
-0.331263  -3.765441
-0.280884  -3.788359
-0.335922  -3.651999
-0.384762  -3.565177
-0.433556  -3.478396
-0.482503  -3.391599
-0.449141  -3.392007
-0.415778  -3.392416
-0.447769  -3.334349
-0.465136  -3.362974
-0.431773  -3.363383
-0.302084  -3.594863
-0.352202  -3.623058
-0.368482  -3.594118
-0.318364  -3.565922
-0.367815  -3.536624
-0.400345  -3.478769
-0.367133  -3.479143
-0.350869  -3.508070
-0.401027  -3.536250
-0.417292  -3.507323
-0.384080  -3.507697
-0.319003  -3.623431
-0.351563  -3.565550
-0.334616  -3.536996
-0.269519  -3.652746
-0.302720  -3.652372
-0.285801  -3.623804
-0.318788  -3.680134
-0.301654  -3.708270
-0.285586  -3.680508
-0.335283  -3.594490
-0.416509  -3.449872
-0.399462  -3.421348
-0.466188  -3.420531
-0.449872  -3.449463
-0.432825  -3.420940
-0.383298  -3.450246
-0.352845  -3.680570
-0.369769  -3.709141
-0.335711  -3.708705
-0.529659  -3.304418
-0.498222  -3.362538
-0.513940  -3.333478
-0.463487  -3.305289
-0.496573  -3.304854
-0.480855  -3.333914
-0.495628  -3.247487
-0.512643  -3.275953
-0.479558  -3.276388
-0.561944  -3.246683
-0.545802  -3.275550
-0.528786  -3.247085
-0.726474  -3.130339
-0.825829  -3.129216
-0.875468  -3.043061
-0.809489  -3.043757
-0.842478  -3.043409
-0.842375  -3.100498
-0.858922  -3.071779
-0.809386  -3.100846
-0.792943  -3.072475
-0.825932  -3.072127
-0.677485  -3.216771
-0.660685  -3.188326
-0.643886  -3.159882
-0.693345  -3.130705
-0.660216  -3.131071
-0.710144  -3.159149
-0.693814  -3.187960
-0.677015  -3.159516
-0.644352  -3.217119
-0.611220  -3.217467
-0.627553  -3.188674
-0.709978  -3.101987
-0.693482  -3.073636
-0.676849  -3.102354
-0.743149  -3.101594
-0.759824  -3.072849
-0.792711  -3.129590
-0.759592  -3.129965
-0.776267  -3.101220
-0.726653  -3.073243
-0.629077  -3.303331
-0.562798  -3.304056
-0.595938  -3.303694
-0.595084  -3.246320
-0.612080  -3.274826
-0.661349  -3.245625
-0.645213  -3.274478
-0.628216  -3.245972
-0.578941  -3.275188
-0.973140  -2.869911
-1.071515  -2.868363
-1.120057  -2.781869
-1.087696  -2.839532
-1.103876  -2.810701
-1.087225  -2.782264
-1.054394  -2.782658
-1.054864  -2.839926
-1.005421  -2.812005
-0.989281  -2.840958
-1.038723  -2.868879
-1.005932  -2.869395
-1.038213  -2.811489
-1.022072  -2.840442
-0.939982  -2.813214
-0.956561  -2.841562
-0.972702  -2.812610
-0.907888  -2.871193
-0.940514  -2.870552
-0.923935  -2.842203
-0.924395  -2.956526
-0.891777  -3.014216
-0.908086  -2.985371
-0.858966  -2.957527
-0.891681  -2.957026
-0.842657  -2.986372
-0.859062  -3.014716
-0.826073  -3.015064
-0.956892  -2.898783
-0.940643  -2.927654
-0.891640  -2.900065
-0.908018  -2.928295
-0.924266  -2.899424
-0.875303  -2.928796
-0.875371  -2.985871
-1.216877  -2.609289
-1.265097  -2.522901
-1.199278  -2.523751
-1.232188  -2.523326
-1.231559  -2.466260
-1.248328  -2.494581
-1.215418  -2.495006
-1.150884  -2.610060
-1.183880  -2.609674
-1.183204  -2.552547
-1.232950  -2.580493
-1.249024  -2.551697
-1.200041  -2.580918
-1.216114  -2.552122
-1.167044  -2.581303
-1.168374  -2.695611
-1.200709  -2.638063
-1.184542  -2.666837
-1.134716  -2.638834
-1.151545  -2.667223
-1.167713  -2.638448
-1.135394  -2.695972
-1.102415  -2.696332
-1.118565  -2.667583
-1.313413  -2.436638
-1.281202  -2.494147
-1.297308  -2.465392
-1.247664  -2.437506
-1.280538  -2.437072
-1.264433  -2.465826
-1.279927  -2.380035
-1.361941  -2.350559
-1.296103  -2.351343
-1.329022  -2.350951
-1.328355  -2.293860
-1.345148  -2.322210
-1.312229  -2.322601
-1.296670  -2.408336
-1.345765  -2.379252
-1.329589  -2.407945
-1.312846  -2.379644
-1.263795  -2.408771
-1.086309  -2.725085
-1.103183  -2.753477
-1.152268  -2.724364
-1.136163  -2.753117
-1.119289  -2.724724
-1.070351  -2.753872
-1.071045  -2.811095
-1.378041  -2.321834
-1.394141  -2.293109
-1.361248  -2.293485
-1.556942  -2.176999
-1.508581  -2.263139
-1.540822  -2.205712
-1.524701  -2.234425
-1.475242  -2.206565
-1.491911  -2.234852
-1.491362  -2.177852
-1.524152  -2.177426
-1.508032  -2.206139
-1.523520  -2.120449
-1.605248  -2.091074
-1.653493  -2.005178
-1.701742  -1.919279
-1.749959  -1.833397
-1.717073  -1.834122
-1.684186  -1.834847
-1.733292  -1.805056
-1.716624  -1.776716
-1.700405  -1.805782
-1.540231  -2.148724
-1.589146  -2.119715
-1.573044  -2.148357
-1.572435  -2.091440
-1.539622  -2.091807
-1.571789  -2.034567
-1.637411  -2.033810
-1.621329  -2.062442
-1.588518  -2.062820
-1.587871  -2.005935
-1.619976  -1.948711
-1.669576  -1.976545
-1.685659  -1.947912
-1.636060  -1.920078
-1.684928  -1.891377
-1.668114  -1.863475
-1.717815  -1.890651
-1.733887  -1.862024
-1.701000  -1.862749
-1.507441  -2.149151
-1.443021  -2.263969
-1.475801  -2.263554
-1.459132  -2.235267
-1.460192  -2.349300
-1.492452  -2.291859
-1.476322  -2.320579
-1.426892  -2.292690
-1.443542  -2.320995
-1.459672  -2.292274
-1.394691  -2.350139
-1.427442  -2.349720
-1.410792  -2.321414
-1.555705  -2.063187
-1.556333  -2.120082
-1.636734  -1.976944
-1.668901  -1.919679
-1.652087  -1.891777
-1.620682  -2.005556
-1.603924  -1.977323
-1.604600  -2.034188
-1.652818  -1.948311
-1.798126  -1.744736
-1.846906  -1.649687
-1.814386  -1.713053
-1.830646  -1.681370
-1.780958  -1.658722
-1.815210  -1.590711
-1.831058  -1.620199
-1.813932  -1.654205
-1.798084  -1.624717
-1.765403  -1.745949
-1.732679  -1.747162
-1.766015  -1.803843
-1.782071  -1.774290
-1.749347  -1.775503
-1.781412  -1.717570
-1.764698  -1.690405
-1.797672  -1.685888
-1.748689  -1.718784
-1.895769  -1.556518
-1.879482  -1.587575
-1.863194  -1.618631
-1.863634  -1.558087
-1.831498  -1.559655
-1.847346  -1.589143
-1.851661  -1.474538
-1.834228  -1.503433
-1.816795  -1.532328
-1.881067  -1.529192
-1.866364  -1.501865
-1.848931  -1.530760
-1.818482  -1.475553
-1.785303  -1.476568
-1.801049  -1.504448
-1.820253  -1.400293
-1.831316  -1.311498
-1.796248  -1.302513
-1.761180  -1.293528
-1.802093  -1.333397
-1.772870  -1.355296
-1.767025  -1.324412
-1.774834  -1.451820
-1.797544  -1.426056
-1.769182  -1.384895
-1.794718  -1.392594
-1.827628  -1.341096
-1.823941  -1.370695
-1.798405  -1.362996
-1.772008  -1.418357
-1.841192  -1.449790
-1.830723  -1.425041
-1.808013  -1.450805
-1.791829  -1.213242
-1.769924  -1.237009
-1.748018  -1.260776
-1.818154  -1.278746
-1.804992  -1.245994
-1.783086  -1.269761
-1.760287  -1.205877
-1.748445  -1.127320
-1.762907  -1.155960
-1.777368  -1.184601
-1.728744  -1.198512
-1.731364  -1.148596
-1.714282  -1.169871
-1.745825  -1.177236
-1.738381  -1.229644
-1.603524  -1.053206
-1.559015  -1.092557
-1.581269  -1.072881
-1.608070  -1.121162
-1.605797  -1.087184
-1.583542  -1.106859
-1.674988  -1.114284
-1.627345  -1.073565
-1.651166  -1.093924
-1.631891  -1.141521
-1.653440  -1.127902
-1.629618  -1.107543
-1.689797  -1.165526
-1.682392  -1.139905
-1.660844  -1.153524
-1.505214  -1.037282
-1.416131  -1.031501
-1.490042  -1.066463
-1.474870  -1.095645
-1.430653  -1.062609
-1.445176  -1.093718
-1.445825  -1.033428
-1.475520  -1.035355
-1.460348  -1.064536
-1.526245  -1.087249
-1.515730  -1.062265
-1.500558  -1.091447
-1.570754  -1.047898
-1.537984  -1.042590
-1.548499  -1.067573
-1.394893  -1.084074
-1.338224  -1.022616
-1.405512  -1.057787
-1.364193  -1.025578
-1.390162  -1.028539
-1.353574  -1.051864
-1.368924  -1.081112
-1.379543  -1.054826
-1.420034  -1.088896
-1.723959  -1.122974
-1.699474  -1.118629
-1.706878  -1.144250
-1.437047  1.010917
-1.519795  1.049038
-1.464630  1.023624
-1.492212  1.036331
-1.490693  1.099507
-1.544360  1.111386
-1.616030  1.086147
-1.532078  1.080212
-1.583952  1.073778
-1.551873  1.061408
-1.596235  1.104951
-1.576439  1.123755
-1.564156  1.092582
-1.463110  1.086800
-1.450079  1.048858
-1.401865  1.077212
-1.419456  1.044065
-1.432488  1.082006
-1.505244  1.074273
-1.517526  1.105446
-1.477661  1.061566
-1.338224  1.022616
-1.371165  1.018716
-1.404106  1.014817
-1.368924  1.081112
-1.353574  1.051864
-1.386515  1.047964
-1.627856  1.118834
-1.639682  1.151521
-1.608060  1.137638
-1.720263  1.103181
-1.766494  1.188364
-1.689836  1.185593
-1.728165  1.186979
-1.735673  1.131575
-1.751084  1.159970
-1.697344  1.130190
-1.674426  1.157199
-1.712755  1.158584
-1.736675  1.244955
-1.751585  1.216659
-1.713256  1.215274
-1.685519  1.097503
-1.650775  1.091825
-1.662600  1.124512
-1.818096  1.275332
-1.866510  1.360834
-1.834231  1.360307
-1.801951  1.359779
-1.801955  1.303305
-1.785813  1.331278
-1.834234  1.303833
-1.850372  1.332334
-1.818093  1.331806
-1.785986  1.274638
-1.753875  1.273944
-1.769844  1.302611
-1.850163  1.388832
-1.833816  1.416831
-1.817884  1.388305
-1.800895  1.246342
-1.783695  1.217353
-1.768785  1.245649
-1.914885  1.446225
-1.898529  1.474213
-1.882173  1.502202
-1.849941  1.445294
-1.882413  1.445760
-1.866057  1.473748
-1.882635  1.389298
-1.898760  1.417761
-1.866288  1.417296
-1.877855  1.694050
-1.840905  1.786441
-1.791925  1.875185
-1.808252  1.845604
-1.824578  1.816023
-1.780253  1.790837
-1.810579  1.788639
-1.763927  1.820419
-1.777926  1.847802
-1.794252  1.818221
-1.844222  1.636775
-1.861039  1.665413
-1.818465  1.699238
-1.848160  1.696644
-1.831343  1.668007
-1.914185  1.615598
-1.962990  1.531779
-1.946722  1.559719
-1.930453  1.587659
-1.881940  1.558660
-1.898062  1.587129
-1.898208  1.530720
-1.930599  1.531249
-1.914331  1.559189
-1.885258  1.613112
-1.856332  1.610625
-1.869136  1.584642
-1.902075  1.641749
-1.889965  1.667900
-1.873148  1.639262
-1.930920  1.474743
-1.946955  1.503261
-1.914564  1.502731
-1.823526  1.758238
-1.806148  1.730035
-1.793201  1.760436
-1.853222  1.755644
-1.865539  1.724847
-1.835843  1.727441
-1.731437  1.876929
-1.761681  1.876057
-1.747682  1.848674
-1.734643  1.959820
-1.765146  2.045171
-1.686988  2.012886
-1.710816  1.986353
-1.754978  2.016721
-1.744811  1.988270
-1.731151  2.043254
-1.697155  2.041336
-1.720983  2.014803
-1.772831  1.903397
-1.753737  1.931608
-1.712343  1.905140
-1.723493  1.932480
-1.742587  1.904269
-1.684439  1.960727
-1.709541  1.960273
-1.685713  1.986806
-1.698391  1.932934
-1.713904  2.131763
-1.663021  2.213782
-1.646893  2.130449
-1.680398  2.131106
-1.679982  2.186442
-1.696943  2.159103
-1.646477  2.185785
-1.629933  2.157788
-1.663438  2.158445
-1.696989  2.100981
-1.680074  2.070200
-1.730984  2.102899
-1.748065  2.074035
-1.714070  2.072117
-1.663484  2.100324
-1.629699  2.213204
-1.596376  2.212626
-1.613154  2.185207
-1.613036  2.299001
-1.562662  2.384047
-1.529521  2.325671
-1.546091  2.354859
-1.596245  2.327350
-1.579453  2.355698
-1.579674  2.298162
-1.546312  2.297323
-1.562883  2.326511
-1.596375  2.270017
-1.579715  2.241032
-1.563014  2.269178
-1.629698  2.270595
-1.646360  2.242189
-1.613037  2.241610
-1.462528  2.381206
-1.495906  2.382153
-1.529284  2.383100
-1.496143  2.324724
-1.479336  2.352965
-1.512714  2.353912
-1.429153  2.322863
-1.445840  2.352034
-1.462648  2.323794
-1.429656  2.380734
-1.414263  2.467182
-1.397479  2.438051
-1.380694  2.408921
-1.348018  2.466992
-1.381140  2.467087
-1.364356  2.437956
-1.396783  2.380262
-1.446440  2.409864
-1.430352  2.438523
-1.413567  2.409393
-1.412968  2.351562
-1.363903  2.554183
-1.380690  2.525182
-1.397476  2.496182
-1.347567  2.525087
-1.331231  2.495992
-1.364354  2.496087
-1.297917  2.553881
-1.313577  2.639985
-1.330352  2.611384
-1.347127  2.582784
-1.330910  2.554032
-1.281142  2.582482
-1.297359  2.611233
-1.314135  2.582633
-1.314574  2.524936
-1.247652  2.640518
-1.280614  2.640252
-1.264397  2.611500
-1.164692  2.731599
-1.198023  2.671056
-1.181358  2.701328
-1.131901  2.670215
-1.148297  2.700907
-1.164962  2.670636
-1.263624  2.729076
-1.197669  2.730758
-1.230647  2.729917
-1.231001  2.670215
-1.247312  2.699646
-1.214335  2.700487
-1.296926  2.669682
-1.280275  2.699379
-1.263963  2.669949
-1.098222  2.727012
-1.131457  2.729306
-1.115061  2.698614
-1.114476  2.820544
-1.081115  2.818025
-1.047753  2.815505
-1.081483  2.756661
-1.097980  2.788602
-1.064618  2.786083
-1.131215  2.790895
-1.147953  2.761247
-1.114718  2.758954
-0.963593  2.903316
-1.063635  2.905059
-0.996940  2.903897
-1.030287  2.904478
-1.030806  2.843677
-1.047220  2.874368
-0.997459  2.843096
-0.980526  2.873206
-1.013873  2.873787
-1.097529  2.848715
-1.080582  2.876887
-1.064167  2.846196
-0.930763  2.844999
-0.947178  2.874158
-0.964111  2.844048
-0.896940  2.903453
-0.930266  2.903384
-0.913851  2.874226
-0.912768  2.990065
-0.946651  2.932232
-0.929710  2.961149
-0.879998  2.932369
-0.896383  2.961217
-0.846416  2.989491
-0.862495  3.075964
-0.812307  3.161810
-0.829245  3.075616
-0.795994  3.075268
-0.795786  3.132847
-0.779265  3.103884
-0.829036  3.133195
-0.845766  3.104579
-0.812515  3.104232
-0.879592  2.989778
-0.879253  3.047331
-0.896010  3.018698
-0.829659  3.018124
-0.846077  3.047044
-0.812827  3.046696
-0.863207  2.960930
-0.913325  2.932301
-0.862834  3.018411
-0.712919  3.160908
-0.679683  3.160613
-0.646446  3.160319
-0.679770  3.102985
-0.696345  3.131947
-0.663108  3.131652
-0.729527  3.132245
-0.746136  3.103583
-0.779178  3.161509
-0.746048  3.161208
-0.762657  3.132546
-0.712953  3.103284
-0.662290  3.246655
-0.645930  3.217778
-0.629570  3.188901
-0.679167  3.218073
-0.696043  3.189490
-0.662806  3.189196
-0.595917  3.246025
-0.611720  3.332375
-0.628577  3.303802
-0.645434  3.275228
-0.629104  3.246340
-0.579061  3.274599
-0.595390  3.303487
-0.612247  3.274914
-0.612744  3.217463
-0.545347  3.331751
-0.578534  3.332063
-0.562204  3.303175
-0.461670  3.417187
-0.411350  3.503033
-0.378099  3.502735
-0.344848  3.502437
-0.378509  3.445196
-0.394930  3.474114
-0.361679  3.473816
-0.495330  3.360022
-0.478500  3.388605
-0.428949  3.359396
-0.395283  3.416581
-0.428123  3.474418
-0.444896  3.445803
-0.428476  3.416884
-0.411703  3.445499
-0.445309  3.388292
-0.412116  3.387988
-0.462140  3.359709
-0.561259  3.418137
-0.494866  3.417504
-0.528062  3.417821
-0.528527  3.360339
-0.594900  3.360963
-0.578079  3.389550
-0.544893  3.389238
-0.561713  3.360651
-0.511696  3.388921
-0.360689  3.588867
-0.344325  3.559958
-0.327961  3.531049
-0.377576  3.560255
-0.394463  3.531644
-0.361212  3.531346
-0.294257  3.588238
-0.326941  3.646080
-0.343815  3.617473
-0.327473  3.588553
-0.310599  3.617159
-0.311109  3.559643
-0.409716  3.675628
-0.377032  3.617787
-0.393374  3.646707
-0.343283  3.675000
-0.376500  3.675314
-0.360157  3.646394
-0.360071  3.760903
-0.393168  3.704053
-0.376619  3.732478
-0.326735  3.703425
-0.343403  3.732164
-0.359951  3.703739
-0.325922  3.759960
-0.291774  3.759016
-0.309254  3.731221
-0.307456  3.841637
-0.271921  3.840582
-0.236387  3.839527
-0.274235  3.785927
-0.290846  3.813782
-0.255311  3.812727
-0.342532  3.787814
-0.324994  3.814726
-0.308384  3.786871
-0.268717  3.892780
-0.288086  3.867209
-0.252552  3.866154
-0.298920  3.988815
-0.282396  3.965328
-0.265872  3.941840
-0.232562  3.992957
-0.265741  3.990886
-0.249217  3.967398
-0.347589  3.916208
-0.282094  3.917637
-0.314842  3.916923
-0.315143  3.964613
-0.331366  3.940410
-0.298619  3.941125
-0.320834  3.866494
-0.334211  3.891351
-0.301464  3.892066
-0.398271  -3.980123
-0.384474  -3.954954
-0.370676  -3.929785
-0.365154  -3.983020
-0.332037  -3.985918
-0.351357  -3.957851
-0.437475  -3.823444
-0.410610  -3.850501
-0.383744  -3.877558
-0.399176  -3.823032
-0.360876  -3.822619
-0.372310  -3.850089
-0.403620  -3.766289
-0.420548  -3.794867
-0.382248  -3.794454
-0.444388  -3.910440
-0.386049  -3.906557
-0.415218  -3.908499
-0.439780  -3.852443
-0.442084  -3.881441
-0.412914  -3.879500
-0.413644  -3.956895
-0.429016  -3.933668
-0.399846  -3.931726
-0.435525  -3.650881
-0.484368  -3.564061
-0.467431  -3.535506
-0.450494  -3.506951
-0.417964  -3.564805
-0.451166  -3.564433
-0.434229  -3.535878
-0.419247  -3.679825
-0.402970  -3.708768
-0.369123  -3.651626
-0.401683  -3.593745
-0.451806  -3.621941
-0.468087  -3.593001
-0.418604  -3.622313
-0.434885  -3.593373
-0.402324  -3.651254
-0.385403  -3.622686
-0.386046  -3.680197
-0.486248  -3.732456
-0.452433  -3.678073
-0.469340  -3.705265
-0.419878  -3.735960
-0.453063  -3.734208
-0.436155  -3.707016
-0.469991  -3.762785
-0.453733  -3.793115
-0.436805  -3.764537
-0.533224  -3.477267
-0.581836  -3.390460
-0.564443  -3.361780
-0.547051  -3.333099
-0.548725  -3.390840
-0.515614  -3.391219
-0.531333  -3.362159
-0.500002  -3.477643
-0.466779  -3.478019
-0.500653  -3.535129
-0.516939  -3.506198
-0.483716  -3.506574
-0.516317  -3.448711
-0.499410  -3.420155
-0.549428  -3.448331
-0.565632  -3.419396
-0.532521  -3.419775
-0.483095  -3.449087
-0.597583  -3.361417
-0.613330  -3.332374
-0.580190  -3.332737
-0.776833  -3.215689
-0.760046  -3.187239
-0.743260  -3.158789
-0.809497  -3.158040
-0.793165  -3.186865
-0.776378  -3.158415
-0.743717  -3.216050
-0.710601  -3.216410
-0.726930  -3.187600
-0.925151  -3.128095
-0.876256  -3.214530
-0.859447  -3.186092
-0.842638  -3.157654
-0.892044  -3.128469
-0.858936  -3.128843
-0.908853  -3.156907
-0.892554  -3.185718
-0.875745  -3.157281
-0.843115  -3.214916
-0.809974  -3.215302
-0.826306  -3.186478
-0.908590  -3.099751
-0.892029  -3.071406
-0.875483  -3.100124
-0.973634  -3.041384
-1.022616  -2.954938
-1.121628  -2.953729
-1.055215  -2.897221
-1.038916  -2.926079
-1.088624  -2.954132
-1.055620  -2.954535
-1.104924  -2.925274
-1.088219  -2.896818
-1.071920  -2.925677
-0.957221  -3.013098
-0.940808  -2.984812
-0.940912  -3.041943
-0.908190  -3.042502
-0.924499  -3.013657
-0.957473  -3.070288
-0.941312  -3.099192
-0.924751  -3.070847
-0.728459  -3.302353
-0.680772  -3.389229
-0.712564  -3.331311
-0.696668  -3.360270
-0.646309  -3.331964
-0.663540  -3.360596
-0.695332  -3.302679
-0.662204  -3.303005
-0.679436  -3.331638
-0.694476  -3.245298
-0.711468  -3.273826
-0.760708  -3.244577
-0.744584  -3.273465
-0.727592  -3.244938
-0.678340  -3.274152
-0.614814  -3.390050
-0.647793  -3.389639
-0.630562  -3.361007
-1.006124  -2.926595
-0.989632  -2.898253
-1.022424  -2.897737
-0.989876  -2.955467
-0.957135  -2.955996
-0.989961  -3.012568
-1.006289  -2.983753
-0.973548  -2.984282
-0.973384  -2.927125
-1.170284  -2.867251
-1.137361  -2.867622
-1.104438  -2.867993
-1.154065  -2.896077
-1.137847  -2.924903
-1.121142  -2.896448
-1.153542  -2.838790
-1.136799  -2.810330
-1.120619  -2.839161
-1.218885  -2.780831
-1.202685  -2.809638
-1.186484  -2.838444
-1.185942  -2.781177
-1.153000  -2.781523
-1.169742  -2.809984
-1.185211  -2.724018
-1.267399  -2.694441
-1.315633  -2.608051
-1.363591  -2.521537
-1.331619  -2.579213
-1.347605  -2.550375
-1.297928  -2.522447
-1.330760  -2.521992
-1.298788  -2.579668
-1.281942  -2.551285
-1.249796  -2.608876
-1.283477  -2.665644
-1.299555  -2.636848
-1.282714  -2.608464
-1.233717  -2.637673
-1.250558  -2.666057
-1.266636  -2.637260
-1.202048  -2.752424
-1.251228  -2.723237
-1.235056  -2.752034
-1.201382  -2.695221
-1.234391  -2.694831
-1.217550  -2.666447
-1.169105  -2.752770
-1.265869  -2.580080
-1.314774  -2.550830
-1.330139  -2.464937
-1.346865  -2.493237
-1.314034  -2.493692
-1.218219  -2.723628
-1.411710  -2.435212
-1.510129  -2.434338
-1.558552  -2.348168
-1.607027  -2.262023
-1.574710  -2.319453
-1.590869  -2.290738
-1.574212  -2.262395
-1.541396  -2.262767
-1.590332  -2.233682
-1.655447  -2.175954
-1.703751  -2.089981
-1.687650  -2.118638
-1.671548  -2.147296
-1.638714  -2.147660
-1.621981  -2.119367
-1.670917  -2.090345
-1.638082  -2.090709
-1.654815  -2.119003
-1.346178  -2.436162
-1.378944  -2.435687
-1.378530  -2.378776
-1.444031  -2.377937
-1.427871  -2.406574
-1.477323  -2.434629
-1.444516  -2.434920
-1.493483  -2.405992
-1.476838  -2.377646
-1.525766  -2.348545
-1.492979  -2.348922
-1.542411  -2.376891
-1.526270  -2.405615
-1.509625  -2.377269
-1.395120  -2.406994
-1.411281  -2.378357
-1.362354  -2.407469
-1.395670  -2.463987
-1.379630  -2.492762
-1.362904  -2.464462
-1.622612  -2.176302
-1.589777  -2.176651
-1.573637  -2.205341
-1.623167  -2.233333
-1.639307  -2.204644
-1.606472  -2.204992
-1.557517  -2.234054
-1.605879  -2.148009
-1.541895  -2.319825
-1.525238  -2.291482
-1.558053  -2.291110
-1.509109  -2.320202
-1.670245  -2.033445
-1.752045  -2.004002
-1.800233  -1.918040
-1.783475  -1.889825
-1.766717  -1.861611
-1.734573  -1.918866
-1.767403  -1.918453
-1.750645  -1.890238
-1.686998  -2.061713
-1.735947  -2.032662
-1.719849  -2.061321
-1.686343  -2.004786
-1.718510  -1.947520
-1.768107  -1.975348
-1.784170  -1.946694
-1.735277  -1.975761
-1.751340  -1.947107
-1.654164  -2.062077
-1.719194  -2.004394
-1.702426  -1.976153
-1.703096  -2.033054
-1.848354  -1.832241
-1.831611  -1.803073
-1.814869  -1.773904
-1.782758  -1.833012
-1.815556  -1.832626
-1.798813  -1.803458
-1.816274  -1.889440
-1.832314  -1.860841
-1.799516  -1.861226
-1.460677  -2.406283
-1.896706  -1.739743
-1.945463  -1.645553
-1.912959  -1.708347
-1.929211  -1.676950
-1.912611  -1.646931
-1.879759  -1.648309
-1.880106  -1.709725
-1.863506  -1.679706
-1.896359  -1.678328
-1.830986  -1.743072
-1.863846  -1.741408
-1.847246  -1.711389
-1.864471  -1.801409
-1.880589  -1.770576
-1.847729  -1.772240
-1.912334  -1.586197
-1.928899  -1.615875
-1.896046  -1.617253
-1.944429  -1.470401
-1.894364  -1.385403
-1.865895  -1.444826
-1.880130  -1.415115
-1.927741  -1.442069
-1.911053  -1.413736
-1.913506  -1.471780
-1.882584  -1.473159
-1.896818  -1.443448
-1.928209  -1.499107
-1.911989  -1.527813
-1.897286  -1.500486
-1.994408  -1.555250
-1.961529  -1.555673
-1.928649  -1.556095
-1.961089  -1.498684
-1.977749  -1.526967
-1.944869  -1.527390
-1.978093  -1.585351
-1.961778  -1.615452
-1.945214  -1.585774
-1.869661  -1.390367
-1.844957  -1.395330
-1.852332  -1.336133
-1.942815  -1.299836
-1.892733  -1.214957
-1.859099  -1.214386
-1.825464  -1.213814
-1.872261  -1.247138
-1.851788  -1.279318
-1.838626  -1.246566
-1.855426  -1.420078
-1.873348  -1.360768
-1.926665  -1.328358
-1.910515  -1.356881
-1.905648  -1.303723
-1.868482  -1.307610
-1.926121  -1.271543
-1.909427  -1.243250
-1.888955  -1.275430
-1.848644  -1.365731
-1.889498  -1.332246
-1.842636  -1.129997
-1.825700  -1.157745
-1.808765  -1.185494
-1.811239  -1.129104
-1.779842  -1.128212
-1.794304  -1.156853
-1.876034  -1.186637
-1.859335  -1.158317
-1.842400  -1.186065
-1.792586  -1.044965
-1.699946  -1.041977
-1.761706  -1.043969
-1.730826  -1.042973
-1.732279  -1.098872
-1.716112  -1.070425
-1.777872  -1.072417
-1.763159  -1.099868
-1.825953  -1.101653
-1.809269  -1.073309
-1.794556  -1.100761
-1.746992  -1.071421
-1.691626  -1.066079
-1.683307  -1.090182
-1.667805  -1.045720
-1.644007  -0.960398
-1.681299  -1.014784
-1.662653  -0.987591
-1.630513  -0.991334
-1.546507  -0.954837
-1.455968  -0.951059
-1.472384  -0.979800
-1.488799  -1.008541
-1.532743  -0.982318
-1.518978  -1.009800
-1.516327  -0.953577
-1.486148  -0.952318
-1.502563  -0.981059
-1.707793  -1.094527
-1.565512  -0.987626
-1.584518  -1.020416
-1.617018  -1.022270
-1.611507  -0.958544
-1.579007  -0.956690
-1.598012  -0.989480
-1.635664  -1.049463
-1.649159  -1.018527
-1.659486  -1.069822
-1.551748  -1.015108
-1.429410  -1.004687
-1.442689  -0.977873
-1.459104  -1.006614
-1.371748  -0.943992
-1.289000  -0.936592
-1.316583  -0.939059
-1.344165  -0.941525
-1.349399  -0.996408
-1.401336  -1.002331
-1.386542  -0.973161
-1.360573  -0.970200
-1.375367  -0.999370
-1.427895  -0.948703
-1.399821  -0.946347
-1.414615  -0.975517
-1.305408  -0.965267
-1.321816  -0.993941
-1.332991  -0.967733
-1.522770  0.941066
-1.521778  0.977056
-1.520786  1.013047
-1.465622  0.987633
-1.494196  0.964349
-1.493204  1.000340
-1.448546  0.911666
-1.498029  0.931266
-1.473288  0.921466
-1.440880  0.977833
-1.444713  0.944749
-1.469455  0.954549
-1.376705  0.930916
-1.289000  0.936592
-1.318235  0.934700
-1.347470  0.932808
-1.351051  0.992049
-1.363878  0.961483
-1.321816  0.993941
-1.305408  0.965267
-1.334643  0.963375
-1.396819  0.957583
-1.416933  0.984250
-1.383992  0.988150
-1.400652  0.924499
-1.424599  0.918082
-1.420766  0.951166
-1.587935  1.001963
-1.565221  1.017655
-1.542508  1.033346
-1.606665  1.058086
-1.597300  1.030024
-1.574587  1.045716
-1.566213  0.981664
-1.544492  0.961365
-1.543500  0.997356
-1.671444  1.016815
-1.652973  1.039926
-1.634501  1.063037
-1.703990  1.074393
-1.687717  1.045604
-1.669246  1.068715
-1.643607  1.011864
-1.615771  1.006914
-1.625136  1.034975
-1.819290  1.104022
-1.801692  1.132136
-1.784093  1.160250
-1.786281  1.103742
-1.753272  1.103462
-1.768683  1.131856
-1.770483  1.017672
-1.753743  1.046175
-1.737003  1.074678
-1.803021  1.075239
-1.786752  1.046455
-1.770012  1.074958
-1.737470  1.017386
-1.704457  1.017100
-1.720730  1.045889
-1.868044  1.190188
-1.834194  1.189580
-1.800344  1.188972
-1.835541  1.132744
-1.851793  1.161466
-1.817943  1.160858
-1.851394  1.218569
-1.916593  1.275993
-1.883761  1.275773
-1.850928  1.275552
-1.834745  1.246950
-1.884227  1.218789
-1.900410  1.247391
-1.867578  1.247171
-1.817545  1.217961
-1.899899  1.304273
-1.883204  1.332554
-1.867066  1.304053
-1.965223  1.361867
-2.013447  1.447999
-1.997372  1.419288
-1.981297  1.390578
-1.931664  1.418106
-1.948443  1.389986
-1.899414  1.361179
-1.932318  1.361523
-1.915539  1.389642
-1.932803  1.304618
-1.949013  1.333242
-1.916109  1.332898
-1.979809  1.503852
-1.996628  1.475926
-1.947739  1.446816
-1.980593  1.447408
-1.963774  1.475334
-1.964518  1.418697
-1.928067  1.789090
-1.884860  1.875481
-1.827101  1.960162
-1.865607  1.903708
-1.846354  1.931935
-1.803650  1.903511
-1.815376  1.931837
-1.822903  1.875284
-1.853882  1.875382
-1.834629  1.903609
-1.894593  1.725730
-1.911330  1.757410
-1.869959  1.787324
-1.899013  1.788207
-1.882276  1.756527
-1.966406  1.700392
-2.011170  1.617346
-1.996249  1.645028
-1.981328  1.672710
-1.931592  1.643863
-1.948999  1.672128
-1.946513  1.616181
-1.978842  1.616764
-1.963920  1.644446
-1.953626  1.729958
-1.940847  1.759524
-1.936889  1.698278
-1.907372  1.696164
-1.924110  1.727844
-1.919482  1.670014
-1.855557  1.816121
-1.870208  1.845801
-1.839230  1.845703
-1.899262  1.846684
-1.913665  1.817887
-1.884611  1.817004
-1.796282  1.960048
-1.765463  1.959934
-1.784556  1.931722
-1.979050  1.560301
-1.995110  1.588824
-1.962782  1.588241
-2.062044  1.533616
-2.029646  1.476538
-2.045845  1.505077
-1.996008  1.532391
-2.029026  1.533003
-2.012827  1.504465
-2.028128  1.589436
-2.045086  1.561526
-2.012068  1.560914
-1.785798  2.016835
-1.863425  2.047805
-1.813045  2.131611
-1.797078  2.102798
-1.781112  2.073984
-1.746951  2.131712
-1.779998  2.131662
-1.764031  2.102848
-1.806449  1.988498
-1.851317  2.018591
-1.839209  1.989376
-1.830665  2.046927
-1.797906  2.046049
-1.846631  2.075740
-1.829838  2.103676
-1.813872  2.074862
-1.775630  1.988384
-1.818557  2.017713
-1.762568  2.215819
-1.779394  2.187749
-1.796219  2.159680
-1.746347  2.187800
-1.730125  2.159781
-1.763172  2.159731
-1.696204  2.214461
-1.712531  2.300994
-1.729210  2.272602
-1.745889  2.244210
-1.729386  2.215140
-1.696028  2.271924
-1.679524  2.242853
-1.679366  2.300330
-1.662327  2.386081
-1.646201  2.299666
-1.645897  2.357054
-1.629467  2.328028
-1.679062  2.357719
-1.695796  2.329356
-1.662631  2.328692
-1.713164  2.187121
-1.662863  2.271259
-1.712707  2.243532
-1.629106  2.385403
-1.612013  2.471231
-1.513115  2.470276
-1.529631  2.441533
-1.546146  2.412790
-1.496253  2.440586
-1.479391  2.410896
-1.512769  2.411843
-1.595884  2.384725
-1.595563  2.442170
-1.579112  2.413108
-1.546081  2.470595
-1.579047  2.470913
-1.562597  2.441851
-1.612675  2.356376
-1.628784  2.442848
-1.645556  2.414464
-1.612334  2.413786
-1.480165  2.469245
-1.447214  2.468213
-1.463302  2.439555
-1.462808  2.555024
-1.446626  2.525743
-1.430445  2.496462
-1.396871  2.554463
-1.429839  2.554744
-1.413658  2.525463
-1.479577  2.526775
-1.496346  2.498526
-1.463395  2.497494
-1.412485  2.640552
-1.429259  2.612043
-1.446033  2.583533
-1.380097  2.582972
-1.396291  2.611762
-1.413065  2.583253
-1.346546  2.640174
-1.379515  2.640363
-1.363321  2.611573
-1.362327  2.727577
-1.312836  2.815072
-1.213623  2.819439
-1.296432  2.786407
-1.280028  2.757742
-1.230290  2.789318
-1.246957  2.759197
-1.246694  2.817984
-1.279765  2.816528
-1.263361  2.787863
-1.395765  2.669560
-1.379046  2.698569
-1.329827  2.669183
-1.346077  2.698380
-1.362796  2.669371
-1.329426  2.728077
-1.296525  2.728577
-1.345830  2.756742
-1.329333  2.785907
-1.312929  2.757242
-1.313176  2.698880
-1.197313  2.790159
-1.181002  2.760879
-1.213980  2.760038
-1.180574  2.819808
-1.147525  2.820176
-1.164264  2.790527
-1.163224  2.907065
-1.180024  2.877857
-1.196823  2.848648
-1.146975  2.878225
-1.130028  2.906396
-1.112729  2.992590
-1.129561  2.964082
-1.146392  2.935574
-1.096831  2.905727
-1.096364  2.963413
-1.079999  2.934236
-1.113196  2.934905
-1.130725  2.849384
-1.113778  2.877556
-1.163774  2.849016
-1.012844  2.991442
-1.029774  2.962648
-1.046704  2.933853
-0.996427  2.962067
-0.980010  2.932691
-1.013357  2.933272
-0.979485  2.990983
-0.962382  3.077084
-0.945844  3.048078
-0.929306  3.019071
-0.946127  2.990524
-0.996023  3.019989
-0.979203  3.048536
-0.962665  3.019530
-0.963068  2.961608
-1.079434  2.992208
-1.046139  2.991825
-1.063069  2.963030
-0.929086  3.076710
-0.895791  3.076337
-0.912548  3.047704
-0.912022  3.162832
-0.895513  3.133876
-0.879004  3.104920
-0.945595  3.105666
-0.928809  3.134249
-0.912300  3.105293
-0.845546  3.162151
-0.878784  3.162491
-0.862275  3.133535
-0.861425  3.248536
-0.878291  3.219968
-0.895156  3.191400
-0.845053  3.219627
-0.828680  3.190719
-0.861918  3.191059
-0.761871  3.247588
-0.745554  3.218695
-0.729236  3.189801
-0.778683  3.218996
-0.795495  3.190403
-0.762366  3.190102
-0.795056  3.247904
-0.828240  3.248220
-0.811868  3.219311
-0.695484  3.246966
-0.728678  3.247277
-0.712360  3.218384
-0.711278  3.333308
-0.728142  3.304735
-0.745007  3.276162
-0.678619  3.275539
-0.694949  3.304424
-0.711813  3.275851
-0.644906  3.332686
-0.678092  3.332997
-0.661763  3.304113
-0.660862  3.419076
-0.610457  3.504923
-0.644060  3.447692
-0.627259  3.476308
-0.577658  3.447066
-0.594058  3.475995
-0.627661  3.418763
-0.594460  3.418450
-0.610859  3.447379
-0.694472  3.361898
-0.677667  3.390487
-0.628101  3.361276
-0.644481  3.390176
-0.661286  3.361587
-0.611280  3.389863
-0.510951  3.503970
-0.494524  3.475043
-0.478097  3.446115
-0.477751  3.503658
-0.444550  3.503345
-0.461324  3.474730
-0.527720  3.475359
-0.544489  3.446748
-0.511293  3.446432
-0.460356  3.589800
-0.444020  3.560878
-0.427685  3.531955
-0.477221  3.561190
-0.494086  3.532580
-0.460886  3.532268
-0.393911  3.589178
-0.427134  3.589489
-0.410798  3.560567
-0.544120  3.504288
-0.577289  3.504606
-0.560889  3.475677
-0.426596  3.647018
-0.443476  3.618409
-0.410254  3.618098
-0.509371  3.676564
-0.476694  3.618721
-0.493032  3.647642
-0.442934  3.675940
-0.476152  3.676252
-0.459814  3.647330
-0.454000  3.759418
-0.490914  3.704182
-0.472457  3.731800
-0.424478  3.703558
-0.439239  3.731488
-0.457696  3.703870
-0.391380  3.760408
-0.422690  3.759913
-0.407929  3.731983
-0.401259  3.841570
-0.436420  3.786802
-0.418839  3.814186
-0.373800  3.787792
-0.387529  3.814681
-0.405110  3.787297
-0.369991  3.841592
-0.338724  3.841615
-0.356262  3.814703
-0.383369  3.866449
-0.442380  3.907506
-0.379186  3.913307
-0.410783  3.910406
-0.414966  3.863549
-0.428673  3.885527
-0.365479  3.891329
-0.397076  3.888428
-0.352101  3.866472
-0.398271  3.980123
-0.381377  3.958818
-0.364483  3.937513
-0.332037  3.985918
-0.365154  3.983020
-0.348260  3.961715
-0.412974  3.955917
-0.427677  3.931712
-0.396080  3.934612
-0.497375  -3.968957
-0.540205  -3.881171
-0.533680  -3.796746
-0.538030  -3.853029
-0.535855  -3.824888
-0.469544  -3.814545
-0.501612  -3.805645
-0.505962  -3.861929
-0.508266  -3.890928
-0.476327  -3.900684
-0.471718  -3.842687
-0.474023  -3.871685
-0.479713  -3.949451
-0.462050  -3.929946
-0.511651  -3.939695
-0.525928  -3.910433
-0.493989  -3.920189
-0.464340  -3.972679
-0.431306  -3.976401
-0.446678  -3.953173
-0.503787  -3.833787
-0.502059  -3.753886
-0.517870  -3.775316
-0.485801  -3.784215
-0.535124  -3.649760
-0.583961  -3.562953
-0.632697  -3.476209
-0.615743  -3.447626
-0.598789  -3.419043
-0.566382  -3.476914
-0.599540  -3.476561
-0.582586  -3.447978
-0.501287  -3.592627
-0.551403  -3.620825
-0.567682  -3.591889
-0.517566  -3.563691
-0.567049  -3.534391
-0.600206  -3.534038
-0.616452  -3.505124
-0.550137  -3.505829
-0.583294  -3.505476
-0.518206  -3.621194
-0.550763  -3.563322
-0.533851  -3.534760
-0.468725  -3.650508
-0.501924  -3.650134
-0.485006  -3.621567
-0.518832  -3.677326
-0.502540  -3.704891
-0.485632  -3.677699
-0.534485  -3.592258
-0.585640  -3.731425
-0.551963  -3.676982
-0.568802  -3.704203
-0.519379  -3.732112
-0.552510  -3.731768
-0.535671  -3.704547
-0.568320  -3.753198
-0.551000  -3.774972
-0.535190  -3.753542
-0.648722  -3.447215
-0.732255  -3.475063
-0.780308  -3.387956
-0.747129  -3.388381
-0.713951  -3.388805
-0.745742  -3.330887
-0.763025  -3.359422
-0.729846  -3.359846
-0.664747  -3.418222
-0.715094  -3.446452
-0.697933  -3.417840
-0.748272  -3.446028
-0.764290  -3.416992
-0.731112  -3.417416
-0.631768  -3.418633
-0.828033  -3.301050
-0.796216  -3.358988
-0.812125  -3.330019
-0.761651  -3.301918
-0.794842  -3.301484
-0.778933  -3.330453
-0.793899  -3.244142
-0.810966  -3.272596
-0.777775  -3.273030
-0.860181  -3.243370
-0.927057  -3.299880
-0.975624  -3.213476
-0.942501  -3.213827
-0.909378  -3.214178
-0.941975  -3.156555
-0.958800  -3.185016
-0.925677  -3.185367
-0.844107  -3.272210
-0.894049  -3.300270
-0.861041  -3.300660
-0.893189  -3.242980
-0.910123  -3.271430
-0.959435  -3.242277
-0.943246  -3.271078
-0.926312  -3.242628
-0.827040  -3.243756
-1.024272  -3.126840
-1.072961  -3.040260
-1.056179  -3.011819
-1.039397  -2.983378
-1.105405  -2.982573
-1.089183  -3.011416
-1.072401  -2.982975
-0.991232  -3.127258
-0.958191  -3.127677
-1.007393  -3.098355
-0.990513  -3.069869
-1.039852  -3.040635
-1.006743  -3.041009
-1.056731  -3.069120
-1.040502  -3.097980
-1.023622  -3.069495
-0.974352  -3.098773
-1.008056  -3.155719
-0.991840  -3.184597
-0.975016  -3.156137
-0.877115  -3.271820
-1.023070  -3.012194
-1.172291  -3.039106
-1.220891  -2.952558
-1.204691  -2.981407
-1.188491  -3.010256
-1.138516  -2.982188
-1.139181  -3.039491
-1.106071  -3.039875
-1.155404  -3.010647
-1.122293  -3.011032
-1.187803  -2.952948
-1.154715  -2.953338
-1.187153  -2.895687
-1.204022  -2.924122
-1.170934  -2.924513
-1.171603  -2.981797
-0.699069  -3.475445
-0.665883  -3.475827
-0.681908  -3.446834
-1.269430  -2.866094
-1.236381  -2.866479
-1.203333  -2.866865
-1.235733  -2.809252
-1.252582  -2.837673
-1.219533  -2.838059
-1.253250  -2.894915
-1.237070  -2.923736
-1.220201  -2.895301
-1.318011  -2.779663
-1.366296  -2.693308
-1.334106  -2.750878
-1.350201  -2.722093
-1.300365  -2.694063
-1.333330  -2.693686
-1.284270  -2.722848
-1.301140  -2.751256
-1.317235  -2.722471
-1.251927  -2.780442
-1.284969  -2.780052
-1.268098  -2.751645
-1.301817  -2.808473
-1.285624  -2.837283
-1.268775  -2.808863
-1.332521  -2.636470
-1.349409  -2.664889
-1.316443  -2.665267
-1.414203  -2.606774
-1.397332  -2.578362
-1.380462  -2.549950
-1.348490  -2.607625
-1.381347  -2.607200
-1.364476  -2.578787
-1.382265  -2.664464
-1.398234  -2.635619
-1.365378  -2.636044
-1.462139  -2.520459
-1.560908  -2.519288
-1.527985  -2.519679
-1.495062  -2.520069
-1.494132  -2.463045
-1.478136  -2.491752
-1.527055  -2.462655
-1.543981  -2.490971
-1.511059  -2.491362
-1.429290  -2.520819
-1.396440  -2.521178
-1.446160  -2.549231
-1.430182  -2.578002
-1.413311  -2.549590
-1.445329  -2.492043
-1.428519  -2.463627
-1.461326  -2.463336
-1.412480  -2.492403
-1.608757  -2.433209
-1.657215  -2.347168
-1.640486  -2.318786
-1.623756  -2.290405
-1.624327  -2.347501
-1.591440  -2.347834
-1.607598  -2.319120
-1.575881  -2.433585
-1.543005  -2.433962
-1.592022  -2.404862
-1.575287  -2.376515
-1.641062  -2.375848
-1.624910  -2.404528
-1.608175  -2.376181
-1.559146  -2.405238
-1.592807  -2.461902
-1.576857  -2.490595
-1.559931  -2.462278
-1.705649  -2.260993
-1.754064  -2.174868
-1.721191  -2.175230
-1.688319  -2.175592
-1.720522  -2.118277
-1.737293  -2.146572
-1.704421  -2.146934
-1.672775  -2.261337
-1.639901  -2.261680
-1.689504  -2.289718
-1.673360  -2.318443
-1.656630  -2.290061
-1.688915  -2.232647
-1.672181  -2.204300
-1.737925  -2.203577
-1.721787  -2.232285
-1.705053  -2.203938
-1.656041  -2.232990
-1.802414  -2.088798
-1.850270  -2.002717
-1.816912  -1.946266
-1.833591  -1.974491
-1.784787  -2.003574
-1.817528  -2.003146
-1.800849  -1.974920
-1.786297  -2.117488
-1.770180  -2.146178
-1.736639  -2.089587
-1.769526  -2.089192
-1.753409  -2.117882
-1.768834  -2.032268
-1.818366  -2.060105
-1.834318  -2.031411
-1.785624  -2.060533
-1.801576  -2.031839
-1.752736  -2.060927
-1.898635  -1.916709
-1.946836  -1.829972
-1.995449  -1.737422
-1.978787  -1.706799
-1.962125  -1.676176
-1.929621  -1.738970
-1.962535  -1.738196
-1.945873  -1.707573
-1.865114  -1.860397
-1.930769  -1.858884
-1.914702  -1.887797
-1.881874  -1.888553
-1.881181  -1.831485
-1.913416  -1.769820
-1.963040  -1.799122
-1.979244  -1.768272
-1.930126  -1.799896
-1.946330  -1.769046
-1.833034  -1.917596
-1.865834  -1.917153
-1.849074  -1.888997
-1.866392  -1.974048
-1.882513  -1.945378
-1.849713  -1.945822
-1.914008  -1.830728
-1.897299  -1.800652
-1.897941  -1.859641
-2.044379  -1.645460
-1.978435  -1.645522
-2.011407  -1.645491
-2.011759  -1.706768
-2.028069  -1.676114
-1.995097  -1.676145
-2.011065  -1.585320
-2.092973  -1.557190
-2.060577  -1.616036
-2.076775  -1.586613
-2.027263  -1.555896
-2.042900  -1.469580
-1.992893  -1.384693
-1.960050  -1.384930
-1.927207  -1.385167
-1.976738  -1.413263
-1.960583  -1.441832
-1.943895  -1.413499
-2.027722  -1.615390
-2.060118  -1.556543
-2.059591  -1.498783
-2.076282  -1.527986
-2.026736  -1.498136
-2.010572  -1.526693
-2.010076  -1.469854
-1.977253  -1.470127
-2.026231  -1.441284
-2.009562  -1.412989
-1.993407  -1.441558
-1.994750  -1.615421
-1.993913  -1.498410
-1.976200  -1.356407
-1.959507  -1.328121
-1.943357  -1.356644
-2.043427  -1.527340
-2.043920  -1.585966
-2.041147  -1.299122
-2.008369  -1.299360
-1.975592  -1.299598
-2.008977  -1.356170
-2.025062  -1.327646
-1.992285  -1.327884
-1.991091  -1.214224
-1.958305  -1.214468
-1.925519  -1.214713
-1.958907  -1.271298
-1.974999  -1.242761
-1.942213  -1.243006
-2.024462  -1.270823
-2.007776  -1.242523
-1.991684  -1.271061
-1.941074  -1.129246
-1.908261  -1.129496
-1.875449  -1.129747
-1.908847  -1.186387
-1.924960  -1.157816
-1.892148  -1.158067
-1.974419  -1.185898
-1.957746  -1.157572
-1.941633  -1.186142
-1.891270  -1.044093
-1.858847  -1.101362
-1.875059  -1.072728
-1.924473  -1.100862
-1.907871  -1.072477
-1.891660  -1.101112
-1.858375  -1.044384
-1.825481  -1.044674
-1.842164  -1.073018
-1.742228  -0.958550
-1.839712  -0.957986
-1.807217  -0.958174
-1.774722  -0.958362
-1.775800  -1.016160
-1.714040  -1.014168
-1.728134  -0.986359
-1.759014  -0.987355
-1.744920  -1.015164
-1.808295  -1.015972
-1.824003  -0.986979
-1.791508  -0.987167
-1.874084  -1.015391
-1.856898  -0.986688
-1.841189  -1.015681
-1.709487  -0.959166
-1.689565  -0.873565
-1.676747  -0.959782
-1.674379  -0.902509
-1.659193  -0.931454
-1.707119  -0.901893
-1.724673  -0.930222
-1.691933  -0.930838
-1.695393  -0.986975
-1.591112  -0.874660
-1.491634  -0.872730
-1.576243  -0.901385
-1.561375  -0.928111
-1.509925  -0.900099
-1.528216  -0.927468
-1.524793  -0.873373
-1.557952  -0.874017
-1.543084  -0.900742
-1.626375  -0.931819
-1.608743  -0.903239
-1.656747  -0.873930
-1.623929  -0.874295
-1.641561  -0.902874
-1.593875  -0.929965
-1.479745  -0.898840
-1.467857  -0.924949
-1.498036  -0.926209
-1.404586  -0.863420
-1.326576  -0.858762
-1.341633  -0.887172
-1.356690  -0.915582
-1.301525  -0.910649
-1.314050  -0.884706
-1.329108  -0.913115
-1.421714  -0.892633
-1.438841  -0.921846
-1.462618  -0.869627
-1.433602  -0.866524
-1.450729  -0.895736
-1.393640  -0.890277
-1.382694  -0.917135
-1.378583  -0.861868
-1.352579  -0.860315
-1.367636  -0.888725
-1.410767  -0.919490
-1.240464  -0.850180
-1.269168  -0.853041
-1.297872  -0.855902
-1.256643  -0.878984
-1.272821  -0.907788
-1.285347  -0.881845
-1.574038  0.843934
-1.625097  0.930047
-1.556879  0.937393
-1.590988  0.933720
-1.591058  0.872638
-1.608077  0.901343
-1.556949  0.876311
-1.539859  0.908688
-1.573968  0.905016
-1.600322  0.977991
-1.612710  0.954019
-1.578601  0.957692
-1.476932  0.841849
-1.492211  0.874921
-1.507491  0.907993
-1.509301  0.842544
-1.541669  0.843239
-1.524580  0.875616
-1.467470  0.865121
-1.400848  0.834438
-1.416747  0.860180
-1.432647  0.885923
-1.384752  0.898756
-1.392800  0.866597
-1.408700  0.892340
-1.458008  0.888393
-1.451571  0.839378
-1.426209  0.836908
-1.442109  0.862651
-1.482749  0.898193
-1.327320  0.864543
-1.240464  0.850180
-1.269416  0.854968
-1.298368  0.859755
-1.301774  0.912575
-1.314547  0.888559
-1.272821  0.907788
-1.256643  0.878984
-1.285595  0.883772
-1.351829  0.854508
-1.376339  0.844473
-1.360243  0.908791
-1.343782  0.886667
-1.368291  0.876632
-1.331008  0.910683
-1.655995  0.987892
-1.640546  0.958970
-1.628159  0.982942
-1.722054  0.931302
-1.657416  0.930465
-1.689735  0.930884
-1.688314  0.988311
-1.705184  0.959806
-1.754340  0.988882
-1.820733  0.932271
-1.869525  1.018527
-1.918251  1.104750
-1.901515  1.133229
-1.884779  1.161708
-1.885264  1.104507
-1.852277  1.104265
-1.868528  1.132986
-1.738197  0.960092
-1.787840  0.931948
-1.754947  0.931625
-1.787233  0.989205
-1.803983  0.960738
-1.853261  0.989775
-1.836997  0.961023
-1.836511  1.018242
-1.803497  1.017957
-1.820247  0.989490
-1.721327  0.988596
-1.672865  0.959388
-1.852780  1.047025
-1.836035  1.075524
-1.885767  1.047268
-1.902009  1.076009
-1.869022  1.075766
-1.819766  1.046740
-1.771090  0.960415
-1.966907  1.190911
-1.950136  1.219272
-1.933364  1.247632
-1.900998  1.190429
-1.933953  1.190670
-1.917181  1.219031
-1.934470  1.133470
-1.950688  1.162191
-1.917734  1.161949
-2.015513  1.276954
-2.064389  1.363197
-2.112649  1.449356
-2.096562  1.420636
-2.080476  1.391917
-2.030428  1.419732
-2.047408  1.391465
-2.046514  1.448451
-2.079581  1.448904
-2.063495  1.420184
-1.949566  1.276313
-1.982540  1.276633
-1.983109  1.219592
-1.999311  1.248273
-1.966338  1.247953
-1.998750  1.305258
-2.031334  1.362754
-1.998278  1.362310
-1.981986  1.333563
-2.031805  1.305701
-2.048097  1.334449
-2.015042  1.334006
-1.965776  1.304938
-2.014353  1.391021
-2.095780  1.477443
-2.162113  1.536157
-2.109895  1.619057
-2.062795  1.704485
-2.078495  1.676009
-2.094195  1.647533
-2.044079  1.617916
-2.076987  1.618487
-2.028378  1.646392
-1.998536  1.701757
-2.018014  1.790856
-1.974206  1.880478
-1.943447  1.819553
-1.958827  1.850015
-2.003411  1.820730
-1.988809  1.850604
-1.988031  1.790268
-1.958049  1.789679
-1.973429  1.820142
-2.078912  1.505529
-2.128757  1.535310
-2.093945  1.590577
-2.077995  1.562096
-2.095401  1.534463
-2.144707  1.563790
-2.127301  1.591424
-2.111351  1.562943
-2.062713  1.476990
-1.914642  1.877147
-1.944424  1.878813
-1.929044  1.848350
-2.000811  1.760702
-2.030665  1.703121
-2.032941  1.762066
-2.047868  1.733275
-1.983609  1.730547
-2.015738  1.731911
-1.970829  1.760113
-1.920036  1.965261
-1.889057  1.963561
-1.858079  1.961862
-1.896585  1.905407
-1.908310  1.935334
-1.877332  1.933635
-1.938093  1.937000
-1.956150  1.908739
-1.926367  1.907073
-1.882295  2.020290
-1.961672  2.048194
-1.911668  2.132186
-1.861557  2.216922
-1.811338  2.301939
-1.828561  2.216554
-1.795564  2.216186
-1.795081  2.273232
-1.778825  2.244526
-1.828078  2.273600
-1.844817  2.245261
-1.811821  2.244893
-1.901165  1.992775
-1.947793  2.020550
-1.933914  1.992905
-1.928923  2.048065
-1.896174  2.047935
-1.895587  2.104059
-1.878794  2.131994
-1.845919  2.131803
-1.845386  2.188485
-1.829215  2.160048
-1.812390  2.188117
-1.870187  1.991076
-2.045587  1.675439
-2.013457  1.674075
-2.061287  1.646963
-2.061037  1.590006
-2.145625  1.507223
-2.129137  1.478290
-2.112269  1.506376
-1.879506  2.075932
-1.862712  2.103867
-1.928336  2.104189
-1.945004  2.076192
-1.912255  2.076062
-1.915044  2.020420
-1.878261  2.188677
-1.894964  2.160432
-1.862090  2.160240
-1.745466  2.301309
-1.778402  2.301624
-1.762146  2.272917
-1.761165  2.387043
-1.777890  2.358675
-1.794614  2.330307
-1.744954  2.358360
-1.728742  2.329677
-1.761678  2.329992
-1.695273  2.386401
-1.728219  2.386722
-1.712008  2.358039
-1.710898  2.472225
-1.694708  2.443511
-1.678518  2.414796
-1.644975  2.471563
-1.677937  2.471894
-1.661746  2.443179
-1.727654  2.443831
-1.744410  2.415437
-1.711464  2.415116
-1.561691  2.556330
-1.545499  2.527645
-1.529307  2.498961
-1.495769  2.555459
-1.528730  2.555894
-1.512538  2.527210
-1.578465  2.527963
-1.595239  2.499597
-1.562273  2.499279
-1.660585  2.557398
-1.677356  2.529007
-1.694127  2.500616
-1.628204  2.499953
-1.644394  2.528676
-1.661165  2.500285
-1.594656  2.556686
-1.627620  2.557042
-1.611430  2.528320
-1.511369  2.641464
-1.528143  2.613086
-1.544917  2.584708
-1.478995  2.583838
-1.495182  2.612651
-1.511956  2.584273
-1.445446  2.640856
-1.478407  2.641160
-1.462220  2.612347
-1.460976  2.726952
-1.395210  2.727369
-1.428093  2.727161
-1.428648  2.669352
-1.444812  2.698152
-1.411929  2.698360
-1.494571  2.669960
-1.477773  2.698456
-1.461610  2.669656
-1.411540  2.813754
-1.345738  2.814633
-1.378639  2.814194
-1.378731  2.756303
-1.395136  2.785028
-1.362234  2.785468
-1.444497  2.755886
-1.428018  2.784820
-1.411614  2.756095
-1.262763  2.906788
-1.362109  2.902225
-1.295878  2.905267
-1.328994  2.903746
-1.329261  2.844123
-1.345685  2.873174
-1.279454  2.876216
-1.296145  2.845644
-1.246383  2.877672
-1.230003  2.848556
-1.263074  2.847100
-1.312570  2.874695
-1.395063  2.843244
-1.378586  2.872735
-1.362162  2.843684
-1.196404  2.906973
-1.211913  2.993687
-1.161618  3.079163
-1.178383  3.050671
-1.195148  3.022179
-1.145790  2.992956
-1.178851  2.993322
-1.145322  3.050306
-1.129025  3.021448
-1.162087  3.021814
-1.229583  2.906881
-1.228863  2.964721
-1.245813  2.935755
-1.195683  2.964813
-1.179454  2.935939
-1.212633  2.935847
-1.213203  2.877764
-1.162622  2.964448
-1.062195  3.078199
-1.079040  3.049663
-1.095884  3.021127
-1.128477  3.078842
-1.095336  3.078521
-1.112181  3.049984
-1.045745  3.049280
-1.029294  3.020361
-1.062589  3.020744
-1.028924  3.077827
-0.995653  3.077456
-1.012474  3.048908
-1.011523  3.163807
-0.960977  3.249492
-0.945189  3.163157
-0.978356  3.163482
-0.977826  3.220930
-0.994675  3.192368
-0.944659  3.220605
-0.928340  3.191718
-0.961507  3.192043
-0.978763  3.105991
-0.995143  3.134899
-0.961976  3.134574
-1.045305  3.106735
-1.028414  3.135271
-1.012034  3.106363
-0.894609  3.248854
-0.927793  3.249173
-0.911475  3.220286
-0.910378  3.335202
-0.927244  3.306632
-0.944110  3.278062
-0.877743  3.277425
-0.894060  3.306313
-0.910927  3.277743
-0.810834  3.334245
-0.827698  3.305675
-0.844562  3.277105
-0.778192  3.276474
-0.794513  3.305359
-0.811377  3.276790
-0.844015  3.334564
-0.877197  3.334883
-0.860879  3.305994
-0.744463  3.333621
-0.777649  3.333933
-0.761328  3.305047
-0.760381  3.419952
-0.709979  3.505736
-0.676805  3.505465
-0.643631  3.505194
-0.677234  3.447963
-0.693607  3.476849
-0.660433  3.476579
-0.694035  3.419368
-0.726780  3.477141
-0.743580  3.448547
-0.727208  3.419660
-0.710407  3.448255
-0.727645  3.362190
-0.744013  3.391071
-0.710840  3.390779
-0.794016  3.362814
-0.777199  3.391383
-0.760831  3.362502
-0.659629  3.591696
-0.643238  3.562772
-0.626848  3.533848
-0.676412  3.563043
-0.693196  3.534389
-0.660022  3.534118
-0.559983  3.590752
-0.543639  3.561825
-0.527295  3.532898
-0.493565  3.590117
-0.526774  3.590435
-0.510430  3.561507
-0.576808  3.562143
-0.593633  3.533533
-0.593198  3.591067
-0.609016  3.677509
-0.626414  3.591381
-0.576327  3.619671
-0.592672  3.648590
-0.542586  3.676879
-0.575801  3.677194
-0.526241  3.647960
-0.543112  3.619356
-0.509903  3.619039
-0.610023  3.562457
-0.560464  3.533215
-0.559457  3.648275
-0.554277  3.779696
-0.533911  3.883486
-0.478362  3.831829
-0.528972  3.797074
-0.503667  3.814451
-0.515395  3.866267
-0.496879  3.849048
-0.454374  3.882280
-0.466368  3.857055
-0.503401  3.891493
-0.497375  3.968957
-0.509554  3.940467
-0.521732  3.911976
-0.472890  3.899499
-0.479043  3.948473
-0.460712  3.927989
-0.491222  3.919983
-0.590770  3.711571
-0.572523  3.745634
-0.524339  3.710941
-0.539308  3.745319
-0.557554  3.711256
-0.487426  3.766177
-0.520851  3.772937
-0.505882  3.738559
-0.462121  3.783555
-0.470242  3.807692
-0.495546  3.790314
-0.426960  3.838323
-0.452661  3.835076
-0.444540  3.810939
-0.440667  3.860302
-0.484885  3.874274
-0.431306  3.976401
-0.464340  3.972679
-0.446009  3.952195
-0.596169  -3.955323
-0.577514  -3.930606
-0.558860  -3.905889
-0.563238  -3.959868
-0.530306  -3.964412
-0.544583  -3.935150
-0.618833  -3.815232
-0.684325  -3.738995
-0.662494  -3.764407
-0.640663  -3.789819
-0.596704  -3.759360
-0.607768  -3.787296
-0.651430  -3.736471
-0.618535  -3.733948
-0.629599  -3.761884
-0.590448  -3.809070
-0.562064  -3.802908
-0.566414  -3.859191
-0.592623  -3.837212
-0.564239  -3.831050
-0.636291  -3.892496
-0.624652  -3.840986
-0.630471  -3.866741
-0.572234  -3.884946
-0.604262  -3.888721
-0.598443  -3.862966
-0.609543  -3.934381
-0.622917  -3.913438
-0.590888  -3.909663
-0.579384  -3.781134
-0.634720  -3.648646
-0.683557  -3.561838
-0.782861  -3.560564
-0.765992  -3.532064
-0.749124  -3.503563
-0.699789  -3.532913
-0.716022  -3.503988
-0.716658  -3.561414
-0.749760  -3.560989
-0.732891  -3.532489
-0.600881  -3.591518
-0.650999  -3.619710
-0.667278  -3.590774
-0.617160  -3.562582
-0.666604  -3.533295
-0.649650  -3.504752
-0.650358  -3.562210
-0.633405  -3.533667
-0.617801  -3.620082
-0.634079  -3.591146
-0.568323  -3.649389
-0.601522  -3.649018
-0.584602  -3.620453
-0.618360  -3.676239
-0.602000  -3.703832
-0.585162  -3.676610
-0.682836  -3.504370
-0.651255  -3.678762
-0.667790  -3.708879
-0.634895  -3.706355
-0.831084  -3.473288
-0.814159  -3.444844
-0.797233  -3.416400
-0.765198  -3.474472
-0.798141  -3.473880
-0.781216  -3.445436
-0.798936  -3.531472
-0.815010  -3.502380
-0.782067  -3.502972
-0.879093  -3.386309
-0.813236  -3.387407
-0.846165  -3.386858
-0.847087  -3.444295
-0.863090  -3.415302
-0.830162  -3.415851
-0.845053  -3.329470
-0.862073  -3.357889
-0.911069  -3.328690
-0.895081  -3.357499
-0.878061  -3.329080
-0.829145  -3.358438
-1.026298  -3.298963
-0.960137  -3.299574
-0.993217  -3.299268
-0.992515  -3.241971
-1.009406  -3.270467
-0.976326  -3.270773
-0.977763  -3.385396
-1.010119  -3.327774
-0.993941  -3.356585
-0.943959  -3.328385
-0.960861  -3.356891
-0.977039  -3.328080
-0.944873  -3.385701
-0.911983  -3.386005
-0.927971  -3.357195
-1.074945  -3.212319
-1.042513  -3.270081
-1.058729  -3.241200
-1.008731  -3.213090
-1.041838  -3.212704
-1.025622  -3.241586
-1.041163  -3.155333
-1.123599  -3.125692
-1.090490  -3.126075
-1.057381  -3.126457
-1.089840  -3.068738
-1.106719  -3.097215
-1.073611  -3.097598
-1.058054  -3.183826
-1.107381  -3.154568
-1.091163  -3.183443
-1.074272  -3.154950
-1.024947  -3.184211
-1.156061  -3.067968
-1.222985  -3.124524
-1.271621  -3.037907
-1.239197  -3.095651
-1.255409  -3.066779
-1.205401  -3.038706
-1.238511  -3.038306
-1.189189  -3.067578
-1.206087  -3.096051
-1.222299  -3.067179
-1.139830  -3.096830
-1.156728  -3.125303
-1.189857  -3.124913
-1.172959  -3.096441
-1.122950  -3.068353
-1.237801  -2.981007
-1.254711  -3.009457
-1.221601  -3.009857
-1.320031  -2.951326
-1.287758  -3.009047
-1.303894  -2.980186
-1.253938  -2.952147
-1.286984  -2.951737
-1.286297  -2.894505
-1.303164  -2.922915
-1.270117  -2.923326
-1.270848  -2.980597
-1.368594  -2.864894
-1.417175  -2.778463
-1.465311  -2.692070
-1.513267  -2.605612
-1.612479  -2.604273
-1.579409  -2.604720
-1.546338  -2.605166
-1.545028  -2.548063
-1.529147  -2.576837
-1.578098  -2.547617
-1.595289  -2.575945
-1.562218  -2.576391
-1.302484  -2.865694
-1.335539  -2.865294
-1.334872  -2.808073
-1.384788  -2.836084
-1.400981  -2.807273
-1.351066  -2.779263
-1.400215  -2.750078
-1.383256  -2.721693
-1.384120  -2.778863
-1.367161  -2.750478
-1.351733  -2.836484
-1.367927  -2.807673
-1.318678  -2.836884
-1.352406  -2.893705
-1.336219  -2.922516
-1.319352  -2.894105
-1.432306  -2.692483
-1.399301  -2.692896
-1.433220  -2.749665
-1.449266  -2.720868
-1.416261  -2.721281
-1.448275  -2.663638
-1.431239  -2.635206
-1.415270  -2.664051
-1.447225  -2.606387
-1.480246  -2.605999
-1.481296  -2.663251
-1.497282  -2.634431
-1.464261  -2.634819
-1.479182  -2.548843
-1.496225  -2.577228
-1.512105  -2.548453
-1.463203  -2.577615
-1.659873  -2.518126
-1.628277  -2.575558
-1.644075  -2.546842
-1.593896  -2.518901
-1.626885  -2.518513
-1.611087  -2.547229
-1.625796  -2.461514
-1.642835  -2.489820
-1.609846  -2.490208
-1.707675  -2.432079
-1.674702  -2.432455
-1.641729  -2.432832
-1.674035  -2.375472
-1.690855  -2.403775
-1.657882  -2.404152
-1.691741  -2.460761
-1.675807  -2.489444
-1.658768  -2.461138
-1.756084  -2.346003
-1.723128  -2.346391
-1.690171  -2.346779
-1.722461  -2.289330
-1.739272  -2.317666
-1.706316  -2.318055
-1.739948  -2.374695
-1.723811  -2.403387
-1.706991  -2.375083
-1.804437  -2.259833
-1.771508  -2.260220
-1.738578  -2.260606
-1.770855  -2.203190
-1.787646  -2.231511
-1.754717  -2.231898
-1.788319  -2.288556
-1.772202  -2.317279
-1.755390  -2.288943
-1.852606  -2.173801
-1.899348  -2.086943
-1.868186  -2.144848
-1.883767  -2.115895
-1.834725  -2.088180
-1.867037  -2.087561
-1.819144  -2.117132
-1.835875  -2.145467
-1.851456  -2.116514
-1.786911  -2.174513
-1.819758  -2.174157
-1.803028  -2.145823
-1.836549  -2.202478
-1.820493  -2.231156
-1.803702  -2.202834
-1.882989  -2.058867
-1.866630  -2.030792
-1.850678  -2.059486
-1.947430  -1.999593
-1.997134  -1.915642
-2.045307  -1.829910
-2.092022  -1.737590
-2.076141  -1.706880
-2.060260  -1.676170
-2.027640  -1.737478
-2.059831  -1.737534
-2.043950  -1.706824
-1.914900  -1.944337
-1.931165  -1.971965
-1.980566  -1.943626
-1.963998  -1.971609
-1.964301  -1.915997
-1.931468  -1.916353
-1.963602  -1.858529
-2.029250  -1.858487
-2.013192  -1.887064
-1.980368  -1.887085
-1.979660  -1.829951
-2.012068  -1.768251
-2.060879  -1.799136
-2.076450  -1.768363
-2.028688  -1.799080
-2.044259  -1.768307
-1.882657  -2.001676
-1.915044  -2.000635
-1.898778  -1.973006
-1.915376  -2.057826
-1.931403  -2.028710
-1.899016  -2.029751
-1.947535  -1.887441
-1.947733  -1.943981
-2.012483  -1.829930
-1.995864  -1.799101
-1.996426  -1.858508
-2.142710  -1.647961
-2.192038  -1.556167
-2.126131  -1.617704
-2.109552  -1.587447
-2.159016  -1.556508
-2.125995  -1.556849
-2.175596  -1.586765
-2.159153  -1.617363
-2.142574  -1.587106
-2.077156  -1.646293
-2.109933  -1.647127
-2.108918  -1.707713
-2.125814  -1.677837
-2.093037  -1.677003
-2.093354  -1.616870
-2.141400  -1.468720
-2.091395  -1.383864
-2.075230  -1.412436
-2.059065  -1.441008
-2.108567  -1.469007
-2.075734  -1.469293
-2.124732  -1.440435
-2.108063  -1.412149
-2.091899  -1.440721
-2.125258  -1.498210
-2.109115  -1.527700
-2.158280  -1.497869
-2.175159  -1.527018
-2.142137  -1.527359
-2.092424  -1.498496
-2.058561  -1.384140
-2.025727  -1.384417
-2.042396  -1.412712
-2.074646  -1.355617
-2.057896  -1.327369
-2.041812  -1.355893
-2.139448  -1.298090
-2.107413  -1.355272
-2.123431  -1.326681
-2.073914  -1.298778
-2.106681  -1.298434
-2.090663  -1.327025
-2.089125  -1.212697
-2.038778  -1.127534
-2.055561  -1.155922
-2.072343  -1.184309
-2.023769  -1.213715
-2.056447  -1.213206
-2.006987  -1.185327
-1.973642  -1.128675
-2.006210  -1.128105
-2.022883  -1.156431
-1.990315  -1.157001
-2.122674  -1.269626
-2.105899  -1.241161
-2.057140  -1.270314
-2.073132  -1.241506
-2.089907  -1.269970
-2.040454  -1.242015
-2.039665  -1.184818
-1.988715  -1.042500
-1.937971  -0.956485
-1.886478  -0.869941
-1.903643  -0.898789
-1.920807  -0.927637
-1.872465  -0.957486
-1.905218  -0.956985
-1.855301  -0.928638
-1.788520  -0.871806
-1.853826  -0.870563
-1.821173  -0.871185
-1.822648  -0.929260
-1.805584  -0.900533
-1.870889  -0.899289
-1.838237  -0.899911
-2.022091  -1.099189
-2.005403  -1.070845
-1.956954  -1.100331
-1.972835  -1.071415
-1.989522  -1.099760
-1.923752  -1.043562
-1.956233  -1.043031
-1.940353  -1.071946
-1.971800  -1.013828
-1.954886  -0.985157
-1.906837  -1.014890
-1.922404  -0.985687
-1.939319  -1.014359
-1.889651  -0.986188
-1.773089  -0.900721
-1.757658  -0.929636
-1.790153  -0.929448
-1.722550  -0.872979
-1.755535  -0.872393
-1.740104  -0.901307
-1.888054  -0.928137
-1.638196  -0.787330
-1.539143  -0.788410
-1.556466  -0.817160
-1.573789  -0.845910
-1.622501  -0.816440
-1.606806  -0.845550
-1.605178  -0.787690
-1.572161  -0.788050
-1.589484  -0.816800
-1.655319  -0.816075
-1.672442  -0.844820
-1.639624  -0.845185
-1.737212  -0.785615
-1.754315  -0.814346
-1.771417  -0.843076
-1.721330  -0.814932
-1.705447  -0.844248
-1.738432  -0.843662
-1.704207  -0.786187
-1.671201  -0.786759
-1.688324  -0.815503
-1.523307  -0.816517
-1.507470  -0.844624
-1.540630  -0.845267
-1.444213  -0.787866
-1.460020  -0.816154
-1.475827  -0.844442
-1.507500  -0.788229
-1.475857  -0.788047
-1.491663  -0.816336
-1.431004  -0.813051
-1.417795  -0.838235
-1.446811  -0.841339
-1.368113  -0.791170
-1.294403  -0.767047
-1.195438  -0.761900
-1.228426  -0.763616
-1.261415  -0.765331
-1.258444  -0.822469
-1.276424  -0.794758
-1.210446  -0.791327
-1.225455  -0.820754
-1.243435  -0.793043
-1.392429  -0.839337
-1.380271  -0.815253
-1.418847  -0.788967
-1.393480  -0.790068
-1.405638  -0.814152
-1.340421  -0.836231
-1.354267  -0.813701
-1.366425  -0.837784
-1.305127  -0.797619
-1.315852  -0.828190
-1.287148  -0.825330
-1.318973  -0.775088
-1.343543  -0.783129
-1.329697  -0.805660
-1.672699  0.845049
-1.656832  0.873382
-1.640964  0.901715
-1.639812  0.844678
-1.606925  0.844306
-1.623945  0.873010
-1.623908  0.758748
-1.607285  0.787144
-1.590661  0.815539
-1.656435  0.816282
-1.640172  0.787515
-1.623548  0.815911
-1.524775  0.757856
-1.425647  0.756969
-1.328059  0.777955
-1.195438  0.761900
-1.239645  0.767252
-1.283852  0.772603
-1.269662  0.826105
-1.298861  0.802030
-1.225455  0.820754
-1.210446  0.791327
-1.254653  0.796679
-1.541196  0.786549
-1.557617  0.815241
-1.590864  0.758451
-1.557820  0.758154
-1.574241  0.786846
-1.508828  0.785854
-1.442742  0.785262
-1.459837  0.813556
-1.492880  0.813851
-1.491733  0.757561
-1.458690  0.757265
-1.475785  0.785558
-1.525248  0.814546
-1.689150  0.873800
-1.771867  0.845957
-1.705602  0.902551
-1.755263  0.874406
-1.738658  0.902854
-1.738811  0.845655
-1.705755  0.845352
-1.722207  0.874103
-1.673283  0.902133
-1.417381  0.782792
-1.352322  0.796782
-1.376585  0.815610
-1.409114  0.808615
-1.393118  0.763964
-1.360588  0.770960
-1.384851  0.789787
-1.434476  0.811085
-1.327813  0.806817
-1.327566  0.835680
-1.298614  0.830893
-1.352076  0.825645
-1.788156  0.874729
-1.871012  0.846846
-1.919815  0.933170
-1.968576  1.019425
-1.936069  0.961922
-1.952323  0.990674
-1.935559  1.019126
-1.951801  1.047867
-1.935026  1.076308
-1.902542  1.018826
-1.918784  1.047567
-1.804444  0.903500
-1.854252  0.875321
-1.837493  0.903796
-1.837963  0.846550
-1.804915  0.846254
-1.821204  0.875025
-1.771551  0.903177
-1.886788  0.932871
-1.853760  0.932571
-1.903051  0.961622
-1.886288  0.990075
-1.919305  0.990374
-1.870024  0.961323
-1.887279  0.875621
-1.903547  0.904396
-1.870520  0.904096
-2.017232  1.105636
-2.065917  1.191814
-2.114493  1.277977
-2.163481  1.364711
-2.130450  1.364207
-2.097420  1.363702
-2.146537  1.392926
-2.129593  1.421141
-2.113506  1.392422
-1.983682  1.162486
-2.000457  1.134061
-1.951245  1.105045
-1.984238  1.105340
-1.967463  1.133765
-1.984795  1.048162
-2.001013  1.076899
-1.968020  1.076603
-2.049689  1.163088
-2.033460  1.134362
-1.999910  1.191212
-2.032914  1.191513
-2.016685  1.162787
-2.032315  1.248574
-2.082109  1.220535
-2.098301  1.249256
-2.048506  1.277295
-2.097791  1.306384
-2.081090  1.334791
-2.081499  1.277636
-2.064798  1.306043
-2.049116  1.220194
-2.065308  1.248915
-2.016112  1.219893
-2.147151  1.335800
-2.130822  1.306889
-2.114121  1.335295
-2.211865  1.450687
-2.261630  1.537317
-2.245042  1.508441
-2.228453  1.479564
-2.178697  1.507667
-2.195281  1.479177
-2.228458  1.536931
-2.195286  1.536544
-2.211869  1.508054
-2.178793  1.450243
-2.145721  1.449800
-2.179609  1.393370
-2.195737  1.422028
-2.162665  1.421585
-2.162209  1.478733
-2.210956  1.622014
-2.160466  1.706726
-2.111616  1.793077
-2.127909  1.705979
-2.095352  1.705232
-2.095342  1.763546
-2.079068  1.734016
-2.127899  1.764293
-2.144182  1.735510
-2.111625  1.734763
-2.177269  1.621028
-2.143582  1.620043
-2.143609  1.677503
-2.126752  1.648280
-2.177296  1.678489
-2.194126  1.650251
-2.160439  1.649266
-2.194675  1.593395
-2.178394  1.564776
-2.160988  1.592409
-2.227847  1.593782
-2.244739  1.565550
-2.211566  1.565163
-2.111052  1.676756
-2.080415  1.792337
-2.049214  1.791597
-2.064141  1.762806
-2.065013  1.880360
-2.049347  1.850526
-2.033680  1.820691
-2.080547  1.851266
-2.096082  1.822171
-2.064881  1.821431
-2.034744  1.880400
-2.004475  1.880439
-2.019078  1.850565
-2.014476  1.965408
-2.059735  2.049365
-2.009700  2.133340
-1.960123  2.217879
-1.943972  2.189315
-1.927820  2.160751
-1.894412  2.217241
-1.927268  2.217560
-1.911116  2.188996
-2.001053  1.937098
-1.987629  1.908788
-1.982996  1.965359
-1.951516  1.965310
-1.979273  2.020599
-2.044649  2.021379
-2.029562  1.993394
-1.996874  1.993004
-1.994360  2.048585
-2.027047  2.048975
-2.026378  2.105348
-2.043057  2.077357
-1.993690  2.104958
-1.977681  2.076576
-1.944345  2.132571
-1.977023  2.132955
-1.976649  2.189700
-1.993174  2.161520
-1.960497  2.161135
-1.969573  1.937049
-2.031322  1.937059
-2.048167  1.908710
-2.017898  1.908749
-1.965394  1.992955
-1.961013  2.104574
-2.010369  2.076967
-2.011961  2.020989
-1.910097  2.302850
-1.893917  2.274207
-1.877737  2.245565
-1.844258  2.302243
-1.877178  2.302546
-1.860997  2.273904
-1.926773  2.274526
-1.943448  2.246203
-1.910593  2.245884
-1.859999  2.387964
-1.876698  2.359593
-1.893398  2.331221
-1.827558  2.330614
-1.843778  2.359289
-1.860478  2.330918
-1.794110  2.387350
-1.827054  2.387657
-1.810834  2.358982
-1.809773  2.473165
-1.843257  2.416364
-1.826515  2.444764
-1.777368  2.415750
-1.793571  2.444457
-1.810312  2.416057
-1.743857  2.472539
-1.759503  2.558386
-1.727100  2.500946
-1.743301  2.529666
-1.693558  2.557727
-1.726530  2.558057
-1.710329  2.529337
-1.776815  2.472852
-1.776260  2.529979
-1.793017  2.501572
-1.760058  2.501259
-1.760612  2.444144
-1.610236  2.642563
-1.709177  2.643623
-1.742728  2.586798
-1.725952  2.615211
-1.676782  2.586140
-1.692979  2.614881
-1.709755  2.586469
-1.577873  2.585074
-1.594055  2.613819
-1.544325  2.641831
-1.577280  2.642197
-1.561099  2.613452
-1.643802  2.585786
-1.627019  2.614175
-1.610837  2.585430
-1.676196  2.643270
-1.643216  2.642917
-1.659999  2.614528
-1.559826  2.727813
-1.509327  2.813122
-1.526160  2.784686
-1.542993  2.756249
-1.526876  2.727526
-1.493926  2.727239
-1.493210  2.784399
-1.477093  2.755675
-1.510043  2.755962
-1.593433  2.670980
-1.576630  2.699397
-1.527521  2.670247
-1.543674  2.699030
-1.560477  2.670614
-1.510724  2.698743
-1.476731  2.813332
-1.459284  2.899059
-1.475965  2.870413
-1.492646  2.841768
-1.444136  2.813543
-1.443369  2.870624
-1.427454  2.842189
-1.460050  2.841978
-1.460614  2.784609
-1.426892  2.900114
-1.394501  2.901170
-1.410978  2.871679
-1.310720  2.993906
-1.327850  2.963346
-1.344980  2.932785
-1.278749  2.935828
-1.294735  2.964867
-1.311864  2.934306
-1.244849  2.993760
-1.277784  2.993833
-1.261799  2.964794
-1.409804  2.988327
-1.376776  2.990187
-1.343748  2.992046
-1.393906  2.959626
-1.378007  2.930926
-1.360878  2.961486
-1.442790  2.928815
-1.426297  2.958571
-1.410399  2.929870
-1.260901  3.080102
-1.228242  3.022492
-1.244571  3.051297
-1.194712  3.079476
-1.227807  3.079789
-1.211477  3.050984
-1.277507  3.051370
-1.294114  3.022638
-1.261178  3.022565
-1.210510  3.165725
-1.227307  3.137184
-1.244104  3.108643
-1.194212  3.136871
-1.177915  3.108017
-1.211010  3.108330
-1.111068  3.164786
-1.144215  3.165099
-1.177363  3.165412
-1.127918  3.136245
-1.144768  3.107704
-1.161065  3.136558
-1.094777  3.135924
-1.078486  3.107062
-1.111627  3.107383
-1.077887  3.164460
-1.060496  3.250448
-1.044172  3.221568
-1.027848  3.192687
-0.994150  3.249810
-1.027323  3.250129
-1.010999  3.221249
-1.044705  3.164133
-1.077353  3.221894
-1.094211  3.193340
-1.061029  3.193014
-1.061596  3.135597
-1.009905  3.336145
-1.026768  3.307579
-1.043632  3.279014
-0.977286  3.278376
-0.993595  3.307260
-1.010459  3.278695
-0.943553  3.335516
-0.976729  3.335831
-0.960420  3.306946
-0.859832  3.420882
-0.893529  3.363762
-0.876680  3.392322
-0.827167  3.363124
-0.843499  3.392003
-0.860348  3.363443
-0.959336  3.421849
-0.893000  3.421204
-0.926168  3.421527
-0.926697  3.364084
-0.943016  3.392967
-0.909848  3.392644
-0.993048  3.364713
-0.976192  3.393281
-0.959873  3.364399
-0.826681  3.420572
-0.793531  3.420262
-0.810349  3.391693
-0.809439  3.506574
-0.759145  3.592307
-0.742756  3.563450
-0.726368  3.534593
-0.692801  3.591900
-0.725973  3.592104
-0.709584  3.563246
-0.776734  3.448826
-0.793086  3.477700
-0.843034  3.449446
-0.826237  3.478010
-0.809884  3.449136
-0.743132  3.506015
-0.776286  3.506295
-0.775910  3.563730
-0.792675  3.535152
-0.759521  3.534872
-0.759933  3.477421
-0.708675  3.677325
-0.725498  3.648986
-0.742322  3.620647
-0.675977  3.620239
-0.692326  3.648782
-0.709150  3.620443
-0.625887  3.648905
-0.642758  3.620300
-0.609543  3.619986
-0.642236  3.677448
-0.675455  3.677386
-0.659106  3.648843
-0.663442  3.764624
-0.631837  3.864442
-0.580130  3.807945
-0.605984  3.836193
-0.566553  3.877138
-0.599195  3.870790
-0.540700  3.848889
-0.547488  3.814293
-0.573342  3.842541
-0.693597  3.706425
-0.678519  3.735524
-0.627158  3.706547
-0.645300  3.735585
-0.660377  3.706486
-0.627053  3.769648
-0.652907  3.797896
-0.642372  3.831169
-0.590665  3.774672
-0.616519  3.802921
-0.608911  3.740610
-0.522184  3.831670
-0.596169  3.955323
-0.575416  3.931378
-0.554664  3.907432
-0.530306  3.964412
-0.563238  3.959868
-0.542485  3.935922
-0.608058  3.925030
-0.619948  3.894736
-0.587306  3.901084
-0.694593  -3.939231
-0.725342  -3.844482
-0.786548  -3.746411
-0.833913  -3.646410
-0.881732  -3.563705
-0.849853  -3.618842
-0.865793  -3.591273
-0.815818  -3.561611
-0.848775  -3.562658
-0.799879  -3.589179
-0.734317  -3.647531
-0.750498  -3.618542
-0.766680  -3.589553
-0.700477  -3.590402
-0.717397  -3.618967
-0.733578  -3.589978
-0.675159  -3.923653
-0.695659  -3.860486
-0.665975  -3.876491
-0.655725  -3.908074
-0.704843  -3.907648
-0.715093  -3.876065
-0.685409  -3.892070
-0.661785  -3.944595
-0.628977  -3.949959
-0.642351  -3.929017
-0.654336  -3.824982
-0.689839  -3.834732
-0.697997  -3.774157
-0.766146  -3.779101
-0.745744  -3.811792
-0.711670  -3.809319
-0.718399  -3.741467
-0.752473  -3.743939
-0.732072  -3.776629
-0.676167  -3.799569
-0.660155  -3.850736
-0.717653  -3.678019
-0.700989  -3.708507
-0.667919  -3.648274
-0.701118  -3.647902
-0.684198  -3.619338
-0.684454  -3.678391
-0.751727  -3.680491
-0.769137  -3.713451
-0.767515  -3.647157
-0.816896  -3.617795
-0.800714  -3.646784
-0.783697  -3.618168
-0.735063  -3.710979
-0.832836  -3.590226
-0.847967  -3.503427
-0.929513  -3.472820
-0.913586  -3.503115
-0.897659  -3.533410
-0.864850  -3.533566
-0.863894  -3.473132
-0.895899  -3.415146
-0.912706  -3.443983
-0.896703  -3.472976
-0.879897  -3.444139
-0.831893  -3.532519
-0.880776  -3.503271
-0.961679  -3.414537
-0.945596  -3.443679
-0.928789  -3.414842
-1.076802  -3.384570
-1.125620  -3.297774
-1.093074  -3.355638
-1.109347  -3.326706
-1.059405  -3.298567
-1.092513  -3.298170
-1.043132  -3.327498
-1.059967  -3.356034
-1.076240  -3.327102
-1.043789  -3.384845
-1.010776  -3.385121
-1.026954  -3.356310
-1.091837  -3.240804
-1.108728  -3.269289
-1.075621  -3.269685
-1.028158  -3.471143
-1.044373  -3.442285
-1.060587  -3.413427
-1.011360  -3.442561
-0.994561  -3.413978
-1.027574  -3.413703
-0.995276  -3.471702
-0.962395  -3.472261
-0.978478  -3.443120
-1.174256  -3.211166
-1.273673  -3.210009
-1.322381  -3.123334
-1.305461  -3.094858
-1.288541  -3.066383
-1.256117  -3.124127
-1.289249  -3.123731
-1.272329  -3.095255
-1.141153  -3.211550
-1.108049  -3.211934
-1.140485  -3.154184
-1.206742  -3.153405
-1.207395  -3.210781
-1.240534  -3.210395
-1.239881  -3.153019
-1.289909  -3.181118
-1.306145  -3.152226
-1.256777  -3.181514
-1.273013  -3.152622
-1.157371  -3.182675
-1.190499  -3.182285
-1.223638  -3.181900
-1.124267  -3.183059
-1.158044  -3.240035
-1.141832  -3.268905
-1.124940  -3.240420
-1.173614  -3.153794
-1.370862  -3.036726
-1.338541  -3.094465
-1.354701  -3.065595
-1.337781  -3.037119
-1.304701  -3.037513
-1.321621  -3.065989
-1.353918  -3.008259
-1.336975  -2.979793
-1.320838  -3.008653
-1.419274  -2.950178
-1.353112  -2.950943
-1.386193  -2.950561
-1.386999  -3.007876
-1.403137  -2.979027
-1.370056  -2.979410
-1.385487  -2.893322
-1.402381  -2.921750
-1.369300  -2.922133
-1.467779  -2.863734
-1.516357  -2.777267
-1.564564  -2.690806
-1.547465  -2.662408
-1.530366  -2.634010
-1.580536  -2.661961
-1.596508  -2.633117
-1.563437  -2.633564
-1.434043  -2.806886
-1.483972  -2.834911
-1.500164  -2.806089
-1.450236  -2.778064
-1.499341  -2.748868
-1.498395  -2.691649
-1.531480  -2.691227
-1.514381  -2.662829
-1.450911  -2.835310
-1.483296  -2.777665
-1.482326  -2.720469
-1.532426  -2.748446
-1.548495  -2.719626
-1.515411  -2.720048
-1.401656  -2.864508
-1.434717  -2.864121
-1.417849  -2.835697
-1.451611  -2.892548
-1.435442  -2.921363
-1.418549  -2.892935
-1.466281  -2.749267
-1.467104  -2.806488
-1.664133  -2.689557
-1.646915  -2.661129
-1.629697  -2.632701
-1.630944  -2.689973
-1.597754  -2.690389
-1.613726  -2.661545
-1.711083  -2.602839
-1.679783  -2.660651
-1.695433  -2.631745
-1.645347  -2.603795
-1.676943  -2.546364
-1.758340  -2.517068
-1.806216  -2.431259
-1.740522  -2.431806
-1.773369  -2.431533
-1.772795  -2.374422
-1.789505  -2.402840
-1.756658  -2.403114
-1.694013  -2.574601
-1.742587  -2.545658
-1.726835  -2.574248
-1.725517  -2.517421
-1.692695  -2.517773
-1.709765  -2.546011
-1.678215  -2.603317
-1.661145  -2.575079
-1.662565  -2.632223
-1.724563  -2.460409
-1.790257  -2.459862
-1.774298  -2.488465
-1.741451  -2.488738
-1.757410  -2.460135
-1.708629  -2.489091
-1.855217  -2.342233
-1.822550  -2.401584
-1.838883  -2.371908
-1.789128  -2.344746
-1.822173  -2.343489
-1.805839  -2.373165
-1.821363  -2.287299
-1.904167  -2.254448
-1.837680  -2.258038
-1.870924  -2.256243
-1.869793  -2.200683
-1.886980  -2.227566
-1.853737  -2.229361
-1.838290  -2.314766
-1.887850  -2.283710
-1.871534  -2.312971
-1.854607  -2.285504
-1.805246  -2.316023
-1.950340  -2.166962
-1.916346  -2.113616
-1.933343  -2.140289
-1.885184  -2.171522
-1.917762  -2.169242
-1.900765  -2.142569
-1.919558  -2.225286
-1.934949  -2.196124
-1.902371  -2.198404
-1.998447  -2.080409
-2.048054  -1.994138
-2.031518  -2.022895
-2.014983  -2.051652
-1.964436  -2.026532
-1.981442  -2.053471
-2.014513  -1.995956
-1.980971  -1.997775
-2.014107  -1.941807
-2.095334  -1.908561
-2.079574  -1.937087
-2.063814  -1.965612
-2.031080  -1.967972
-2.029867  -1.913282
-2.062601  -1.910921
-2.061983  -1.856127
-2.078659  -1.882344
-2.045925  -1.884704
-1.966376  -2.138111
-1.982412  -2.109260
-1.932381  -2.084765
-1.965414  -2.082587
-1.949379  -2.111438
-1.948409  -2.055648
-1.997539  -1.969791
-1.997977  -2.024713
-2.046841  -1.939447
-2.141996  -1.821337
-2.186203  -1.736486
-2.242080  -1.637818
-2.223454  -1.670708
-2.204829  -1.703597
-2.157207  -1.677469
-2.171705  -1.706978
-2.175833  -1.644580
-2.208957  -1.641199
-2.190331  -1.674088
-2.110888  -1.879486
-2.126442  -1.850412
-2.077537  -1.827052
-2.109766  -1.824195
-2.094212  -1.853269
-2.108680  -1.765505
-2.171467  -1.764770
-2.156731  -1.793053
-2.125338  -1.793421
-2.123415  -1.737222
-2.154809  -1.736854
-2.140311  -1.707346
-2.093108  -1.796279
-2.140073  -1.765138
-2.208719  -1.583384
-2.225400  -1.610601
-2.192276  -1.613982
-2.239912  -1.467861
-2.189908  -1.382985
-2.173739  -1.411564
-2.157569  -1.440142
-2.207075  -1.468147
-2.174238  -1.468434
-2.223244  -1.439569
-2.206576  -1.411277
-2.190407  -1.439855
-2.223954  -1.497296
-2.207996  -1.526732
-2.191117  -1.497583
-2.290086  -1.553174
-2.256637  -1.496299
-2.273362  -1.524737
-2.224721  -1.555170
-2.257404  -1.554172
-2.240679  -1.525734
-2.274084  -1.581389
-2.258082  -1.609604
-2.241402  -1.582387
-2.157070  -1.383278
-2.124233  -1.383571
-2.140901  -1.411856
-2.173088  -1.354687
-2.156268  -1.326388
-2.140251  -1.354980
-2.238433  -1.297228
-2.187354  -1.211243
-2.171385  -1.240192
-2.155417  -1.269141
-2.205438  -1.297515
-2.172443  -1.297803
-2.221407  -1.268566
-2.204380  -1.239905
-2.188412  -1.268854
-2.206083  -1.354400
-2.222258  -1.325814
-2.189263  -1.326101
-2.154611  -1.211728
-2.136932  -1.125970
-2.120996  -1.154879
-2.105061  -1.183788
-2.071496  -1.127013
-2.104214  -1.126491
-2.088278  -1.155400
-2.121868  -1.212212
-2.170546  -1.182819
-2.153739  -1.154394
-2.137803  -1.183303
-2.138642  -1.240677
-2.086751  -1.040406
-2.035921  -0.954727
-2.054073  -1.041104
-2.021394  -1.041802
-2.020186  -0.983985
-2.004450  -1.013242
-2.052865  -0.983286
-2.069808  -1.011846
-2.037129  -1.012544
-2.103478  -1.068927
-2.120205  -1.097448
-2.054769  -1.098491
-2.070760  -1.069449
-2.087487  -1.097970
-2.038082  -1.070147
-2.003271  -0.955313
-1.985730  -0.869661
-1.969811  -0.898602
-1.953891  -0.927543
-1.952646  -0.869754
-1.919562  -0.869848
-1.936727  -0.898695
-1.970621  -0.955899
-2.002461  -0.898016
-2.019191  -0.926371
-1.986541  -0.926957
-1.987536  -0.984571
-1.935188  -0.783784
-1.918951  -0.812503
-1.902715  -0.841222
-1.952035  -0.812409
-1.968883  -0.841035
-1.935799  -0.841128
-1.836210  -0.784693
-1.820313  -0.813731
-1.804416  -0.842769
-1.852966  -0.813109
-1.869722  -0.841525
-1.837069  -0.842147
-1.902195  -0.784087
-1.869202  -0.784390
-1.885959  -0.812806
-1.803210  -0.785000
-1.770211  -0.785308
-1.787314  -0.814038
-1.587876  -0.701367
-1.488769  -0.702311
-1.380152  -0.708165
-1.272815  -0.685986
-1.156071  -0.670954
-1.221230  -0.736596
-1.247022  -0.711291
-1.194986  -0.675965
-1.233900  -0.680976
-1.169193  -0.701270
-1.182316  -0.731585
-1.208108  -0.706280
-1.571631  -0.730382
-1.522352  -0.759711
-1.473917  -0.730829
-1.422860  -0.761299
-1.401506  -0.734732
-1.452563  -0.704263
-1.416357  -0.706214
-1.459065  -0.759348
-1.437711  -0.732781
-1.555387  -0.759396
-1.505560  -0.731011
-1.490708  -0.759529
-1.621422  -0.758676
-1.604649  -0.730022
-1.588405  -0.759036
-1.686924  -0.700318
-1.653908  -0.700668
-1.620892  -0.701017
-1.670681  -0.729322
-1.654439  -0.758326
-1.637665  -0.729672
-1.720450  -0.757183
-1.703687  -0.728750
-1.687444  -0.757754
-1.554840  -0.701682
-1.521804  -0.701997
-1.538596  -0.730696
-1.785930  -0.699414
-1.752928  -0.699715
-1.719926  -0.700017
-1.769691  -0.728148
-1.753451  -0.756881
-1.819450  -0.756267
-1.802690  -0.727840
-1.786451  -0.756574
-1.736689  -0.728449
-1.376139  -0.735834
-1.372126  -0.763502
-1.322986  -0.747420
-1.344373  -0.700772
-1.308594  -0.693379
-1.287207  -0.740027
-1.280011  -0.713006
-1.254219  -0.738311
-1.397493  -0.762400
-1.351569  -0.727793
-1.315790  -0.720399
-1.347556  -0.755461
-1.723051  0.759642
-1.706267  0.788111
-1.689483  0.816580
-1.755595  0.817186
-1.739323  0.788414
-1.722539  0.816883
-1.690004  0.759344
-1.656956  0.759046
-1.673219  0.787813
-1.575111  0.672450
-1.558332  0.700919
-1.541554  0.729388
-1.607643  0.729982
-1.591377  0.701216
-1.574598  0.729685
-1.674243  0.673321
-1.641199  0.673030
-1.608155  0.672740
-1.640687  0.730273
-1.657465  0.701797
-1.624421  0.701506
-1.706782  0.730868
-1.690512  0.702094
-1.673734  0.730570
-1.472571  0.673491
-1.367894  0.678438
-1.437679  0.675140
-1.402787  0.676789
-1.406396  0.730792
-1.387145  0.704615
-1.456930  0.701317
-1.441288  0.729143
-1.422038  0.702966
-1.507374  0.729735
-1.489972  0.701613
-1.474331  0.729439
-1.540931  0.672797
-1.506751  0.673144
-1.524152  0.701266
-1.354616  0.711610
-1.262357  0.678397
-1.284258  0.711583
-1.306158  0.744769
-1.217744  0.734066
-1.240051  0.706231
-1.261951  0.739417
-1.341337  0.744783
-1.297536  0.678410
-1.332715  0.678424
-1.319437  0.711596
-1.373867  0.737787
-1.156071  0.670954
-1.191500  0.673435
-1.226929  0.675916
-1.182316  0.731585
-1.169193  0.701270
-1.204622  0.703750
-1.822198  0.760526
-1.921363  0.761417
-1.888308  0.761120
-1.855253  0.760823
-1.854740  0.818073
-1.805421  0.789003
-1.788644  0.817480
-1.838469  0.789299
-1.821692  0.817776
-1.789149  0.760231
-1.756100  0.759936
-1.772372  0.788708
-1.970158  0.847752
-1.953377  0.876225
-1.936596  0.904698
-1.937109  0.847450
-1.904061  0.847148
-1.920328  0.875923
-1.904579  0.789893
-1.887795  0.818370
-1.937628  0.790195
-1.953893  0.818974
-1.920844  0.818672
-1.871524  0.789596
-2.018938  0.934065
-2.002151  0.962518
-1.985364  0.990972
-1.952856  0.933468
-1.985897  0.933767
-1.969110  0.962220
-1.986418  0.876523
-2.002678  0.905294
-1.969637  0.904996
-2.067675  1.020340
-2.116368  1.106597
-2.165121  1.192866
-2.213935  1.279166
-2.180788  1.278770
-2.147640  1.278373
-2.197117  1.307681
-2.180299  1.336196
-2.163969  1.307285
-2.001609  1.019730
-2.034642  1.020035
-2.035184  0.962823
-2.051429  0.991582
-2.018397  0.991277
-2.050861  1.048772
-2.083323  1.106276
-2.050277  1.105956
-2.034046  1.077204
-2.083906  1.049092
-2.100137  1.077845
-2.067092  1.077524
-2.017828  1.048467
-2.099551  1.135003
-2.132053  1.192515
-2.098985  1.192165
-2.082734  1.163408
-2.132619  1.135353
-2.148870  1.164109
-2.115802  1.163759
-2.066506  1.134682
-2.148245  1.221236
-2.131369  1.249607
-2.181393  1.221633
-2.197664  1.250399
-2.164516  1.250003
-2.115177  1.220886
-2.262818  1.365618
-2.311805  1.452066
-2.278492  1.451607
-2.245178  1.451147
-2.278355  1.508900
-2.295080  1.480483
-2.261767  1.480024
-2.229705  1.365316
-2.196593  1.365014
-2.230229  1.307983
-2.246524  1.336801
-2.213411  1.336499
-2.245834  1.393974
-2.228849  1.422331
-2.295476  1.423250
-2.279147  1.394434
-2.262163  1.422790
-2.212721  1.393672
-2.360912  1.538436
-2.344543  1.509646
-2.328174  1.480856
-2.294724  1.537690
-2.327818  1.538063
-2.311449  1.509273
-2.310548  1.623568
-2.260297  1.708693
-2.277047  1.680318
-2.293798  1.651943
-2.244153  1.622532
-2.294242  1.594818
-2.327336  1.595190
-2.344124  1.566813
-2.277936  1.566067
-2.311030  1.566440
-2.277351  1.623050
-2.261045  1.594300
-2.243850  1.679800
-2.227403  1.650907
-2.260600  1.651425
-2.193743  1.707382
-2.227020  1.708037
-2.210573  1.679144
-2.210378  1.794043
-2.227018  1.765593
-2.243657  1.737143
-2.193741  1.764937
-2.177103  1.735832
-2.210380  1.736487
-2.144536  1.793399
-2.177457  1.793721
-2.160820  1.764615
-2.160779  1.879530
-2.110520  1.965238
-2.158202  2.052010
-2.126414  1.994162
-2.142308  2.023086
-2.092558  2.050247
-2.125380  2.051129
-2.076663  2.021323
-2.093592  1.993281
-2.109486  2.022205
-2.177312  1.851034
-2.193845  1.822539
-2.144391  1.850712
-2.128003  1.821895
-2.160924  1.822217
-2.096935  1.880084
-2.128857  1.879807
-2.112469  1.850989
-2.127273  1.936669
-2.144026  1.908100
-2.095351  1.936946
-2.080182  1.908653
-2.112104  1.908376
-2.046490  1.965352
-2.078505  1.965295
-2.061577  1.993337
-2.063336  1.937002
-2.108074  2.136547
-2.057676  2.220361
-2.074476  2.192423
-2.091275  2.164485
-2.042491  2.134409
-2.075848  2.078426
-2.141493  2.080189
-2.124783  2.108368
-2.091961  2.107486
-2.108671  2.079308
-2.075283  2.135478
-2.059170  2.106417
-2.025692  2.162347
-2.041684  2.191354
-1.992641  2.218707
-2.025159  2.219534
-2.009166  2.190527
-2.058483  2.163416
-2.007911  2.304549
-1.958776  2.388826
-1.975154  2.360734
-1.991533  2.332641
-1.942702  2.303416
-1.975306  2.303982
-1.926324  2.331509
-1.942550  2.360168
-1.892925  2.388251
-1.925850  2.388539
-1.909624  2.359880
-2.041088  2.248424
-2.024499  2.276486
-1.976053  2.246769
-1.991982  2.275659
-2.008570  2.247596
-1.959377  2.275093
-1.958928  2.332075
-1.908637  2.474008
-1.875683  2.473727
-1.842728  2.473446
-1.876212  2.416645
-1.892424  2.445326
-1.859470  2.445045
-1.942063  2.417220
-1.925350  2.445614
-1.909137  2.416933
-1.858438  2.559341
-1.808164  2.644618
-1.824922  2.616192
-1.841680  2.587767
-1.792481  2.558704
-1.825460  2.559023
-1.775724  2.587130
-1.791944  2.615874
-1.808702  2.587448
-1.825995  2.501890
-1.842216  2.530616
-1.891904  2.502452
-1.875171  2.530897
-1.858950  2.502171
-1.809238  2.530297
-1.742173  2.643955
-1.775168  2.644286
-1.758948  2.615542
-1.658722  2.728855
-1.608233  2.814325
-1.641892  2.757345
-1.625062  2.785835
-1.592097  2.785488
-1.575962  2.756651
-1.542296  2.813523
-1.575264  2.813924
-1.559129  2.785087
-1.642560  2.700091
-1.626398  2.671327
-1.692358  2.672034
-1.757791  2.729899
-1.724768  2.729551
-1.691745  2.729203
-1.675540  2.700444
-1.725381  2.672382
-1.741586  2.701141
-1.708563  2.700793
-1.659378  2.671680
-1.625757  2.728508
-1.592791  2.728161
-1.608927  2.756998
-1.609595  2.699744
-1.791373  2.673045
-1.774582  2.701472
-1.758377  2.672714
-1.557377  2.900060
-1.541361  2.871081
-1.525344  2.842101
-1.524680  2.899727
-1.491982  2.899393
-1.508663  2.870747
-1.574329  2.871482
-1.591281  2.842903
-1.558313  2.842502
-1.507063  2.985360
-1.491137  2.956593
-1.475210  2.927826
-1.540606  2.928494
-1.523835  2.956927
-1.507908  2.928160
-1.474643  2.986349
-1.442223  2.987338
-1.458717  2.957582
-1.360143  3.079967
-1.458108  3.074554
-1.392798  3.078163
-1.425453  3.076359
-1.425905  3.017070
-1.442006  3.045812
-1.376696  3.049421
-1.343669  3.051280
-1.327195  3.022593
-1.393250  3.018874
-1.360222  3.020734
-1.327062  3.080012
-1.309941  3.166683
-1.326675  3.137778
-1.343409  3.108873
-1.293982  3.080057
-1.293594  3.137823
-1.277248  3.108963
-1.243654  3.166045
-1.276797  3.166364
-1.260451  3.137504
-1.310588  3.051325
-1.409351  3.047616
-1.490745  3.015092
-1.474426  3.044823
-1.458325  3.016081
-1.310328  3.108918
-1.159963  3.251390
-1.176812  3.222835
-1.193661  3.194280
-1.143665  3.222522
-1.127367  3.193654
-1.160514  3.193967
-1.259400  3.252322
-1.276247  3.223776
-1.293094  3.195229
-1.226807  3.194591
-1.243103  3.223457
-1.259950  3.194910
-1.193109  3.251701
-1.226255  3.252012
-1.209958  3.223146
-1.093652  3.250762
-1.126807  3.251076
-1.110509  3.222208
-1.109411  3.337090
-1.126262  3.308523
-1.143112  3.279957
-1.076801  3.279329
-1.093106  3.308209
-1.109957  3.279643
-1.043073  3.336460
-1.076242  3.336775
-1.059937  3.307894
-1.058843  3.422816
-1.092555  3.365665
-1.075699  3.394241
-1.026217  3.365035
-1.042530  3.393926
-1.059386  3.365350
-1.025674  3.422494
-1.008229  3.508569
-1.041971  3.451401
-1.025100  3.479985
-0.991931  3.479663
-0.908852  3.507454
-0.942508  3.450384
-0.925680  3.478919
-0.876172  3.449739
-0.892512  3.478597
-0.909340  3.450062
-0.992505  3.422172
-0.975633  3.450756
-0.975103  3.508198
-0.941977  3.507826
-0.958805  3.479291
-1.009361  3.393603
-0.875714  3.507161
-0.842577  3.506868
-0.859374  3.478303
-1.008802  3.451078
-0.858470  3.592494
-0.808168  3.674902
-0.775486  3.619839
-0.791827  3.647371
-0.741839  3.676517
-0.775003  3.675710
-0.758662  3.648178
-0.825783  3.535214
-0.842126  3.563854
-0.792253  3.592369
-0.824935  3.647433
-0.841702  3.619963
-0.825362  3.592431
-0.808594  3.619901
-0.809018  3.563792
-0.892058  3.535801
-0.875264  3.564147
-0.858920  3.535507
-0.764500  3.757588
-0.727984  3.847489
-0.695935  3.853140
-0.663886  3.858791
-0.684956  3.792245
-0.706470  3.819867
-0.674421  3.825518
-0.697128  3.762278
-0.740156  3.817522
-0.752328  3.787555
-0.730814  3.759933
-0.718642  3.789900
-0.727283  3.704079
-0.745891  3.730834
-0.712205  3.733179
-0.793612  3.702464
-0.779056  3.730026
-0.760447  3.703272
-0.694593  3.939231
-0.705723  3.908650
-0.716854  3.878070
-0.673674  3.914301
-0.652756  3.889372
-0.628977  3.949959
-0.661785  3.944595
-0.640866  3.919665
-0.684805  3.883721
-0.792585  -3.920690
-0.837152  -3.833347
-0.799882  -3.837059
-0.762612  -3.840770
-0.820284  -3.804369
-0.803416  -3.775390
-0.783014  -3.808080
-0.770171  -3.895287
-0.747757  -3.869884
-0.759921  -3.926870
-0.727257  -3.933051
-0.737507  -3.901468
-0.807440  -3.891576
-0.822296  -3.862462
-0.785026  -3.866173
-0.883447  -3.745960
-0.818847  -3.746261
-0.851147  -3.746110
-0.850424  -3.679594
-0.866935  -3.712777
-0.818125  -3.679744
-0.802336  -3.713078
-0.834636  -3.712927
-0.852584  -3.804218
-0.868015  -3.775089
-0.835716  -3.775240
-0.784926  -3.680117
-0.933098  -3.667010
-0.916548  -3.693327
-0.899997  -3.719643
-0.866975  -3.653277
-0.900037  -3.660144
-0.883486  -3.686460
-0.915976  -3.632575
-0.979924  -3.562134
-0.898854  -3.598140
-0.947194  -3.562658
-0.914463  -3.563181
-0.964316  -3.597093
-0.948707  -3.632052
-0.931585  -3.597616
-0.882915  -3.625708
-0.963120  -3.532363
-0.946317  -3.502591
-0.930390  -3.532886
-1.012080  -3.501473
-1.078564  -3.556985
-1.127388  -3.470198
-1.061762  -3.528371
-1.044960  -3.499757
-1.094311  -3.470513
-1.061235  -3.470828
-1.111113  -3.499127
-1.094839  -3.528056
-1.078037  -3.499442
-0.996002  -3.531804
-1.045684  -3.558702
-1.012804  -3.560418
-1.028882  -3.530087
-0.979198  -3.502032
-1.176169  -3.383418
-1.159319  -3.354870
-1.142470  -3.326322
-1.143047  -3.383802
-1.109924  -3.384186
-1.126197  -3.355254
-1.110526  -3.441655
-1.093664  -3.413113
-1.077449  -3.441970
-1.159909  -3.412345
-1.143648  -3.441272
-1.126786  -3.412729
-1.224961  -3.296697
-1.208697  -3.325604
-1.192433  -3.354511
-1.191847  -3.297056
-1.158734  -3.297415
-1.175583  -3.325963
-1.191158  -3.239677
-1.257436  -3.238905
-1.324394  -3.295546
-1.373104  -3.208829
-1.356196  -3.180331
-1.339289  -3.151833
-1.306817  -3.209616
-1.339961  -3.209222
-1.323053  -3.180724
-1.208059  -3.268187
-1.241198  -3.267801
-1.258105  -3.296313
-1.291250  -3.295930
-1.290580  -3.238522
-1.340631  -3.266640
-1.356867  -3.237735
-1.307487  -3.267034
-1.323724  -3.238128
-1.174946  -3.268546
-1.224297  -3.239291
-1.274343  -3.267417
-1.421719  -3.122150
-1.404766  -3.093675
-1.387814  -3.065200
-1.388606  -3.122545
-1.355494  -3.122939
-1.371654  -3.094070
-1.389309  -3.179936
-1.405514  -3.151043
-1.372401  -3.151438
-1.470013  -3.035503
-1.518451  -2.949002
-1.436187  -2.978619
-1.453100  -3.007061
-1.502305  -2.977836
-1.486159  -3.006669
-1.485392  -2.949394
-1.452333  -2.949786
-1.469246  -2.978228
-1.403912  -3.036318
-1.436963  -3.035910
-1.420050  -3.007469
-1.437817  -3.093267
-1.453915  -3.064385
-1.420865  -3.064793
-1.484670  -2.892156
-1.566979  -2.862583
-1.615566  -2.776076
-1.598565  -2.747653
-1.581565  -2.719229
-1.631755  -2.747237
-1.647944  -2.718397
-1.614754  -2.718813
-1.501560  -2.920579
-1.550803  -2.891389
-1.534627  -2.920196
-1.500846  -2.863350
-1.533231  -2.805705
-1.583175  -2.833747
-1.599370  -2.804912
-1.549426  -2.776870
-1.582496  -2.776473
-1.565496  -2.748050
-1.468501  -2.920971
-1.550105  -2.834144
-1.566301  -2.805309
-1.533912  -2.862966
-1.517038  -2.834528
-1.517736  -2.891773
-1.714606  -2.774995
-1.697781  -2.746515
-1.680957  -2.718036
-1.648579  -2.775716
-1.681592  -2.775355
-1.664768  -2.746876
-1.761459  -2.687354
-1.744667  -2.659182
-1.727875  -2.631011
-1.696575  -2.688823
-1.729017  -2.688089
-1.712225  -2.659917
-1.730223  -2.745781
-1.745841  -2.716568
-1.713399  -2.717302
-1.809257  -2.599261
-1.857405  -2.512198
-1.791361  -2.515444
-1.824383  -2.513821
-1.823279  -2.458239
-1.840342  -2.485218
-1.807320  -2.486842
-1.776533  -2.600453
-1.743808  -2.601646
-1.793325  -2.628625
-1.777392  -2.657990
-1.760600  -2.629818
-1.775312  -2.544465
-1.841356  -2.541219
-1.825307  -2.570240
-1.792285  -2.571863
-1.808334  -2.542842
-1.759560  -2.573056
-1.904703  -2.426733
-1.952829  -2.335427
-1.920745  -2.396298
-1.936787  -2.365862
-1.887754  -2.339964
-1.920292  -2.337696
-1.871712  -2.370399
-1.888208  -2.398566
-1.904250  -2.368131
-1.839045  -2.429750
-1.871874  -2.428242
-1.855379  -2.400075
-1.873171  -2.483709
-1.888937  -2.455221
-1.856108  -2.456730
-1.920388  -2.281441
-2.001327  -2.246546
-1.985161  -2.276173
-1.968995  -2.305800
-1.936609  -2.308434
-1.936554  -2.251814
-1.968941  -2.249180
-1.952775  -2.278807
-1.904071  -2.310703
-1.967336  -2.193490
-1.984332  -2.220018
-1.951945  -2.222652
-2.049081  -2.160772
-2.096430  -2.074049
-2.063769  -2.076169
-2.031108  -2.078289
-2.032203  -2.133984
-2.015325  -2.107197
-2.064864  -2.131864
-2.080647  -2.102957
-2.047986  -2.105077
-2.016168  -2.162835
-1.983254  -2.164899
-1.999290  -2.136048
-2.033163  -2.189363
-2.017245  -2.217955
-2.000250  -2.191427
-2.064179  -2.020775
-2.080304  -2.047412
-2.047644  -2.049532
-2.148352  -1.986890
-2.131045  -2.015943
-2.113737  -2.044996
-2.081486  -1.991722
-2.114919  -1.989306
-2.097612  -2.018359
-2.113007  -1.934671
-2.130680  -1.960780
-2.097247  -1.963196
-2.193406  -1.901369
-2.239701  -1.814107
-2.289450  -1.726582
-2.255034  -1.729883
-2.220619  -1.733185
-2.273660  -1.696994
-2.257870  -1.667406
-2.239244  -1.700295
-2.176269  -1.874692
-2.159132  -1.848014
-2.207132  -1.816517
-2.174564  -1.818927
-2.221868  -1.788233
-2.204035  -1.762360
-2.256284  -1.784932
-2.272867  -1.755757
-2.238451  -1.759058
-2.128025  -1.906164
-2.160716  -1.903766
-2.143579  -1.877089
-2.178388  -1.929876
-2.163370  -1.958383
-2.145698  -1.932273
-2.189300  -1.790643
-2.224269  -1.843194
-2.208838  -1.872282
-2.191701  -1.845604
-2.339629  -1.638168
-2.388405  -1.552004
-2.372147  -1.580725
-2.355888  -1.609447
-2.323115  -1.609837
-2.306601  -1.581506
-2.355632  -1.552394
-2.322859  -1.552784
-2.339374  -1.581115
-2.307113  -1.638052
-2.274597  -1.637935
-2.306177  -1.697111
-2.322903  -1.667639
-2.290387  -1.667523
-2.290599  -1.609720
-2.338453  -1.467029
-2.288457  -1.382085
-2.321787  -1.438714
-2.305122  -1.410400
-2.272275  -1.410677
-2.256094  -1.439269
-2.305606  -1.467306
-2.272759  -1.467583
-2.288941  -1.438991
-2.322331  -1.495744
-2.306208  -1.524459
-2.355104  -1.495354
-2.371755  -1.523679
-2.338982  -1.524069
-2.289484  -1.496021
-2.255607  -1.382385
-2.222758  -1.382685
-2.239426  -1.410977
-2.271782  -1.353799
-2.336559  -1.295852
-2.284685  -1.209697
-2.301976  -1.238416
-2.319268  -1.267134
-2.271142  -1.296770
-2.303851  -1.296311
-2.253850  -1.268051
-2.252241  -1.210213
-2.219798  -1.210728
-2.269268  -1.238874
-2.236824  -1.239390
-2.255107  -1.325514
-2.304491  -1.353341
-2.320525  -1.324597
-2.287816  -1.325055
-2.238933  -1.354100
-2.286559  -1.267593
-2.235206  -1.124041
-2.251699  -1.152593
-2.268192  -1.181145
-2.219255  -1.153109
-2.203304  -1.182176
-2.235748  -1.181661
-2.202448  -1.124684
-2.185048  -1.038499
-2.201767  -1.067013
-2.218486  -1.095527
-2.169690  -1.125327
-2.169009  -1.067656
-2.152970  -1.096813
-2.152282  -1.039135
-2.134643  -0.953428
-2.119517  -1.039770
-2.118679  -0.982420
-2.102715  -1.011413
-2.151444  -0.981785
-2.168246  -1.010142
-2.135481  -1.010778
-2.186497  -1.153751
-2.136244  -1.068292
-2.185728  -1.096170
-2.068828  -0.954294
-2.101736  -0.953861
-2.085772  -0.982853
-2.084415  -0.868224
-2.068251  -0.897058
-2.052086  -0.925892
-2.018625  -0.869182
-2.051520  -0.868703
-2.035356  -0.897537
-2.101158  -0.896625
-2.117900  -0.925026
-2.084993  -0.925459
-2.034141  -0.782891
-2.018004  -0.811814
-2.001867  -0.840737
-1.968172  -0.783486
-2.001156  -0.783189
-1.985020  -0.812112
-2.050899  -0.811335
-2.067657  -0.839780
-2.034762  -0.840259
-1.983904  -0.697626
-1.884923  -0.698517
-1.901678  -0.726940
-1.918433  -0.755362
-1.967666  -0.726345
-1.951427  -0.755064
-1.950911  -0.697923
-1.917917  -0.698220
-1.934672  -0.726642
-2.000650  -0.726048
-2.017395  -0.754469
-1.984411  -0.754767
-1.868686  -0.727243
-1.852448  -0.755968
-1.885440  -0.755665
-1.851926  -0.698816
-1.818928  -0.699115
-1.835688  -0.727541
-1.537528  -0.615919
-1.636561  -0.615038
-1.570539  -0.615626
-1.603550  -0.615332
-1.604104  -0.672591
-1.620333  -0.643815
-1.571093  -0.672884
-1.505022  -0.673514
-1.521275  -0.644717
-1.554311  -0.644402
-1.538057  -0.673199
-1.587322  -0.644108
-1.670137  -0.671891
-1.735582  -0.614120
-1.702575  -0.614426
-1.669568  -0.614732
-1.653349  -0.643465
-1.703143  -0.671585
-1.719362  -0.642853
-1.769147  -0.670983
-1.752364  -0.642552
-1.736145  -0.671284
-1.637120  -0.672241
-1.438247  -0.616837
-1.339318  -0.613629
-1.405271  -0.615767
-1.372295  -0.614698
-1.352929  -0.645141
-1.366540  -0.676653
-1.418882  -0.647280
-1.399517  -0.677723
-1.385906  -0.646210
-1.471928  -0.673820
-1.455088  -0.645328
-1.435722  -0.675771
-1.504434  -0.616225
-1.471341  -0.616531
-1.488181  -0.645022
-1.317151  -0.637748
-1.294983  -0.661867
-1.330762  -0.669260
-1.230388  -0.597966
-1.118969  -0.579050
-1.156109  -0.585356
-1.193248  -0.591661
-1.180844  -0.646625
-1.244530  -0.627306
-1.258673  -0.656646
-1.205616  -0.622295
-1.219758  -0.651635
-1.303008  -0.608408
-1.266698  -0.603187
-1.280840  -0.632527
-1.131336  -0.609685
-1.143704  -0.640320
-1.168476  -0.615990
-1.686356  -0.643159
-1.834613  -0.613207
-1.868153  -0.670081
-1.851383  -0.641644
-1.802158  -0.670679
-1.818385  -0.641943
-1.835155  -0.670380
-1.768592  -0.613816
-1.801602  -0.613512
-1.785375  -0.642247
-1.773393  0.674199
-1.724575  0.587889
-1.740847  0.616659
-1.757120  0.645429
-1.707293  0.673614
-1.740343  0.673906
-1.691020  0.644844
-1.707797  0.616366
-1.724070  0.645136
-1.739832  0.731161
-1.756612  0.702680
-1.723562  0.702387
-1.805929  0.731750
-1.872552  0.675082
-1.839499  0.674788
-1.806446  0.674493
-1.789661  0.702975
-1.838983  0.732044
-1.855767  0.703563
-1.905093  0.732639
-1.888823  0.703860
-1.872038  0.732342
-1.772881  0.731456
-1.525744  0.586479
-1.423112  0.587574
-1.404706  0.617862
-1.386300  0.648150
-1.456085  0.644852
-1.439598  0.616213
-1.421193  0.646501
-1.490295  0.644487
-1.491533  0.586844
-1.457323  0.587209
-1.508019  0.615483
-1.473809  0.615848
-1.558655  0.643793
-1.542199  0.615136
-1.524475  0.644140
-1.625301  0.587102
-1.691483  0.587627
-1.658392  0.587365
-1.657929  0.644581
-1.641615  0.615842
-1.674706  0.616104
-1.591841  0.644001
-1.608571  0.615552
-1.624885  0.644291
-1.558929  0.586687
-1.592115  0.586895
-1.575385  0.615344
-1.323214  0.587114
-1.338107  0.617556
-1.353001  0.647997
-1.282643  0.647969
-1.302928  0.617542
-1.317822  0.647983
-1.389813  0.587421
-1.356513  0.587267
-1.371407  0.617709
-1.224169  0.584894
-1.290199  0.586374
-1.257184  0.585634
-1.249628  0.647229
-1.236899  0.616062
-1.269914  0.616802
-1.178771  0.642267
-1.118969  0.579050
-1.154036  0.580998
-1.189103  0.582946
-1.201470  0.613581
-1.143704  0.640320
-1.131336  0.609685
-1.166403  0.611633
-1.214199  0.644748
-1.822714  0.703269
-1.971727  0.675971
-1.938669  0.675674
-1.905611  0.675378
-1.954939  0.704453
-1.938151  0.732935
-1.921881  0.704157
-2.020544  0.762323
-1.987484  0.762021
-1.954423  0.761719
-1.987999  0.704755
-2.004272  0.733539
-1.971211  0.733237
-2.003749  0.790799
-1.986953  0.819276
-1.970688  0.790497
-2.069307  0.848650
-2.036799  0.791098
-2.053053  0.819874
-2.003208  0.848051
-2.036257  0.848351
-2.020003  0.819575
-2.035728  0.905593
-2.118061  0.934970
-2.166823  1.021282
-2.150005  1.049720
-2.133186  1.078159
-2.100724  1.020654
-2.133774  1.020968
-2.116955  1.049406
-2.052517  0.877121
-2.101810  0.906197
-2.085558  0.877423
-2.051979  0.934367
-2.085020  0.934669
-2.068769  0.905895
-2.019468  0.876822
-2.084470  0.991884
-2.134315  0.963741
-2.150569  0.992512
-2.101266  0.963427
-2.117520  0.992198
-2.068225  0.963125
-2.215537  1.107555
-2.198732  1.135992
-2.181927  1.164429
-2.149425  1.106916
-2.182481  1.107236
-2.165676  1.135673
-2.183061  1.050040
-2.199299  1.078798
-2.166243  1.078478
-2.264340  1.193902
-2.313385  1.280448
-2.247539  1.222323
-2.230737  1.250745
-2.280235  1.280021
-2.247085  1.279594
-2.297036  1.251599
-2.280688  1.222751
-2.263887  1.251172
-2.198194  1.193211
-2.231267  1.193557
-2.214466  1.221978
-2.231805  1.136338
-2.248073  1.165120
-2.215000  1.164774
-2.296529  1.308838
-2.279673  1.337228
-2.263379  1.308411
-2.362448  1.366929
-2.329238  1.366492
-2.296028  1.366055
-2.328686  1.423687
-2.345567  1.395308
-2.312357  1.394871
-2.346093  1.338102
-2.329739  1.309275
-2.312883  1.337665
-2.411232  1.453171
-2.460046  1.539476
-2.409631  1.624670
-2.359357  1.709864
-2.309021  1.794905
-2.258799  1.880487
-2.208800  1.966846
-2.191934  1.995234
-2.175068  2.023622
-2.143280  1.965774
-2.176040  1.966310
-2.159174  1.994698
-2.394970  1.424424
-2.378709  1.395677
-2.344947  1.452435
-2.378089  1.452803
-2.361828  1.424056
-2.377685  1.510014
-2.427503  1.481940
-2.443775  1.510708
-2.393957  1.538783
-2.427002  1.539130
-2.394458  1.481593
-2.410730  1.510361
-2.361316  1.481225
-2.443241  1.567874
-2.426436  1.596272
-2.377152  1.567181
-2.393392  1.595925
-2.410197  1.567528
-2.343576  1.623935
-2.376115  1.681466
-2.392873  1.653068
-2.376604  1.624303
-2.326818  1.652333
-2.343087  1.681098
-2.293317  1.709083
-2.326337  1.709474
-2.310067  1.680708
-2.360364  1.595558
-2.359846  1.652701
-2.276538  1.737430
-2.292780  1.766168
-2.243259  1.794330
-2.276140  1.794618
-2.259899  1.765880
-2.342578  1.738211
-2.325799  1.766558
-2.309558  1.737821
-2.292280  1.823432
-2.275540  1.851960
-2.226518  1.822858
-2.242659  1.851673
-2.259399  1.823145
-2.193452  1.879849
-2.226126  1.880168
-2.209985  1.851354
-2.176786  1.908635
-2.192793  1.937741
-2.160033  1.937205
-2.225467  1.938060
-2.242133  1.909274
-2.209459  1.908954
-2.257288  2.055191
-2.224259  2.054131
-2.191230  2.053071
-2.224963  1.996294
-2.241125  2.025743
-2.208097  2.024682
-2.206812  2.140127
-2.156321  2.224079
-2.140239  2.194902
-2.124157  2.165725
-2.173900  2.138934
-2.140987  2.137740
-2.189982  2.168111
-2.173151  2.196095
-2.157069  2.166918
-2.190609  2.110755
-2.174405  2.081383
-2.157696  2.109562
-2.223637  2.111815
-2.240463  2.083503
-2.207434  2.082443
-2.090558  2.221600
-2.123439  2.222840
-2.107357  2.193663
-2.106514  2.307958
-2.056363  2.391327
-2.073080  2.363537
-2.089797  2.335748
-2.040779  2.305685
-2.073646  2.306822
-2.073955  2.249560
-2.139719  2.252039
-2.123116  2.279999
-2.090235  2.278759
-2.106837  2.250800
-2.057367  2.277623
-2.040212  2.362401
-2.024061  2.333475
-1.991305  2.389660
-2.023834  2.390493
-2.007683  2.361567
-2.056929  2.334611
-2.007025  2.475170
-2.023471  2.447222
-2.039917  2.419275
-1.974859  2.417608
-1.990942  2.446389
-2.007388  2.418441
-1.941433  2.474395
-1.974229  2.474783
-1.958146  2.446001
-1.957312  2.560262
-1.907239  2.645607
-1.940621  2.588710
-1.923930  2.617159
-1.890972  2.616852
-1.874705  2.588096
-1.841189  2.644948
-1.874214  2.645277
-1.857947  2.616522
-1.924354  2.559955
-1.891396  2.559648
-1.907663  2.588403
-1.924862  2.502759
-1.941087  2.531511
-1.908129  2.531204
-1.990454  2.503534
-1.973883  2.531898
-1.957658  2.503147
-1.856881  2.730923
-1.873667  2.702484
-1.890453  2.674046
-1.824403  2.673386
-1.840642  2.702154
-1.857428  2.673716
-1.790821  2.730241
-1.823851  2.730582
-1.807612  2.701813
-1.707367  2.815374
-1.656724  2.901016
-1.641277  2.814675
-1.674322  2.815024
-1.673605  2.872468
-1.690486  2.843921
-1.640560  2.872119
-1.624396  2.843222
-1.657441  2.843572
-1.674937  2.757695
-1.691152  2.786534
-1.658107  2.786185
-1.740983  2.758391
-1.724175  2.786883
-1.707960  2.758043
-1.623608  2.900697
-1.590493  2.900379
-1.607445  2.871800
-1.806449  2.816273
-1.840070  2.759373
-1.823260  2.787823
-1.774010  2.758691
-1.790229  2.787482
-1.807040  2.759032
-1.773421  2.815973
-1.740394  2.815674
-1.757202  2.787182
-1.606087  2.988619
-1.556273  3.075639
-1.507430  3.164347
-1.408990  3.165556
-1.490989  3.134416
-1.474548  3.104485
-1.425363  3.135222
-1.441735  3.104888
-1.441803  3.165153
-1.474617  3.164750
-1.458176  3.134819
-1.589850  2.959100
-1.573614  2.929580
-1.639845  2.930217
-1.622966  2.959418
-1.606729  2.929898
-1.573079  2.987533
-1.540071  2.986446
-1.556842  2.958013
-1.523466  3.015453
-1.539869  3.045546
-1.589482  3.017626
-1.572877  3.046632
-1.556474  3.016539
-1.523551  3.075277
-1.490829  3.074916
-1.523711  3.134778
-1.539992  3.105208
-1.507270  3.104847
-1.507148  3.045184
-1.392708  3.137027
-1.376425  3.108497
-1.409080  3.106693
-1.342958  3.166307
-1.375974  3.165932
-1.359692  3.137402
-1.358831  3.253250
-1.375551  3.224019
-1.392271  3.194788
-1.326238  3.195539
-1.342534  3.224395
-1.359254  3.195163
-1.292544  3.252632
-1.325687  3.252941
-1.309391  3.224085
-1.208859  3.338000
-1.308317  3.338907
-1.275164  3.338604
-1.242011  3.338302
-1.242553  3.280882
-1.225706  3.309441
-1.176262  3.280260
-1.192560  3.309130
-1.209407  3.280571
-1.142560  3.337393
-1.175710  3.337696
-1.159411  3.308827
-1.275706  3.281184
-1.292011  3.310045
-1.258859  3.309743
-1.341993  3.281803
-1.325155  3.310355
-1.308849  3.281493
-1.158383  3.423747
-1.175208  3.395165
-1.192034  3.366582
-1.125735  3.365975
-1.092023  3.423127
-1.125203  3.423437
-1.142059  3.394861
-1.108879  3.394551
-1.158884  3.366279
-1.107799  3.509508
-1.074609  3.509195
-1.041419  3.508882
-1.075162  3.451714
-1.091480  3.480611
-1.058290  3.480298
-1.141522  3.452334
-1.124661  3.480921
-1.108342  3.452024
-1.057214  3.592759
-0.957767  3.593848
-1.024065  3.593122
-0.990916  3.593485
-0.991408  3.536995
-0.974588  3.565421
-1.024557  3.536632
-1.040885  3.564696
-1.007737  3.565059
-1.090938  3.537259
-1.074076  3.565009
-1.057747  3.536946
-0.941462  3.565050
-0.925157  3.536252
-0.958283  3.536624
-0.924668  3.593396
-0.908901  3.678480
-0.875280  3.621156
-0.892091  3.649818
-0.841745  3.676095
-0.875323  3.677287
-0.858513  3.648625
-0.891569  3.592945
-0.941479  3.622058
-0.925190  3.650269
-0.908379  3.621607
-0.908363  3.564599
-0.859974  3.755511
-0.892592  3.704157
-0.876283  3.729834
-0.825436  3.701772
-0.796324  3.756896
-0.828149  3.756204
-0.842705  3.728642
-0.810880  3.729334
-0.859014  3.702965
-0.821184  3.832853
-0.792585  3.920690
-0.802118  3.891411
-0.811651  3.862132
-0.790117  3.837732
-0.759051  3.842610
-0.771051  3.896290
-0.749518  3.871889
-0.780584  3.867011
-0.802289  3.807765
-0.783394  3.782676
-0.771222  3.812643
-0.834114  3.807073
-0.847044  3.781292
-0.815219  3.781984
-0.727257  3.933051
-0.759921  3.926870
-0.738387  3.902470
-0.890084  -3.899712
-0.872440  -3.877590
-0.854796  -3.855469
-0.857584  -3.906704
-0.825084  -3.913697
-0.839940  -3.884583
-0.929900  -3.826856
-0.984382  -3.748302
-1.034814  -3.655223
-1.018003  -3.686249
-1.001193  -3.717276
-0.967288  -3.721205
-0.950193  -3.694108
-1.000909  -3.659152
-0.967004  -3.663081
-0.998221  -3.593164
-1.016517  -3.624193
-0.982612  -3.628122
-0.868068  -3.831183
-0.898984  -3.829020
-0.903356  -3.875426
-0.916628  -3.851141
-0.885712  -3.853305
-0.898931  -3.772925
-0.914416  -3.799890
-0.966222  -3.774486
-0.948061  -3.800671
-0.950737  -3.747521
-0.917092  -3.746741
-0.933643  -3.720424
-0.883500  -3.802054
-0.932576  -3.773706
-0.984098  -3.690178
-1.063981  -3.589731
-1.049397  -3.622477
-1.031101  -3.591448
-1.178138  -3.555844
-1.144947  -3.556225
-1.111756  -3.556605
-1.144305  -3.498747
-1.161221  -3.527296
-1.128030  -3.527676
-1.134929  -3.648354
-1.068186  -3.652933
-1.101557  -3.650643
-1.097353  -3.587442
-1.116141  -3.617898
-1.163735  -3.586681
-1.149332  -3.617517
-1.130544  -3.587061
-1.082769  -3.620187
-1.226909  -3.469036
-1.193736  -3.469423
-1.160562  -3.469811
-1.193083  -3.411958
-1.209996  -3.440497
-1.176822  -3.440884
-1.210652  -3.497972
-1.194395  -3.526908
-1.177479  -3.498360
-1.275661  -3.382271
-1.242497  -3.382653
-1.209333  -3.383036
-1.241861  -3.325222
-1.258761  -3.353746
-1.225597  -3.354129
-1.259411  -3.411193
-1.243160  -3.440114
-1.226247  -3.411575
-1.308150  -3.324454
-1.291905  -3.353363
-1.275005  -3.324838
-1.423845  -3.294372
-1.472422  -3.207575
-1.455521  -3.179100
-1.438620  -3.150625
-1.406210  -3.208411
-1.439316  -3.207993
-1.422415  -3.179518
-1.390018  -3.237343
-1.440038  -3.265440
-1.456230  -3.236507
-1.406932  -3.265857
-1.423124  -3.236925
-1.357544  -3.295155
-1.390695  -3.294763
-1.373781  -3.266249
-1.375135  -3.381121
-1.407608  -3.323288
-1.391372  -3.352204
-1.341308  -3.324071
-1.358221  -3.352596
-1.374458  -3.323679
-1.308819  -3.381887
-1.341977  -3.381504
-1.325063  -3.352979
-1.520744  -3.120861
-1.454727  -3.121720
-1.487736  -3.121290
-1.488530  -3.178671
-1.504637  -3.149766
-1.471629  -3.150195
-1.503834  -3.092408
-1.486924  -3.063955
-1.470826  -3.092838
-1.569172  -3.034367
-1.503066  -3.035124
-1.536119  -3.034745
-1.536887  -3.092029
-1.553029  -3.063198
-1.519977  -3.063577
-1.535358  -2.977457
-1.617621  -2.947854
-1.666194  -2.861419
-1.682331  -2.832611
-1.698468  -2.803803
-1.632442  -2.804524
-1.649318  -2.832971
-1.665455  -2.804163
-1.552265  -3.005912
-1.601471  -2.976691
-1.585322  -3.005529
-1.551507  -2.948619
-1.584564  -2.948237
-1.583860  -2.891006
-1.650003  -2.890231
-1.633812  -2.919042
-1.600740  -2.919430
-1.600051  -2.862195
-1.633122  -2.861807
-1.616246  -2.833359
-1.519212  -3.006291
-1.567684  -2.919813
-1.568414  -2.977074
-1.616931  -2.890618
-1.765405  -2.860275
-1.812840  -2.771783
-1.781217  -2.830778
-1.797028  -2.801280
-1.747350  -2.773924
-1.780095  -2.772853
-1.731539  -2.803421
-1.748472  -2.831848
-1.764284  -2.802351
-1.699264  -2.861038
-1.732335  -2.860656
-1.715402  -2.832229
-1.795713  -2.743640
-1.778586  -2.715497
-1.762968  -2.744711
-1.859783  -2.681319
-1.907890  -2.590421
-1.875819  -2.651020
-1.891855  -2.620720
-1.842135  -2.596314
-1.875013  -2.593368
-1.826099  -2.626613
-1.842941  -2.653966
-1.858977  -2.623667
-1.794233  -2.685342
-1.827008  -2.683330
-1.828487  -2.741628
-1.844135  -2.711473
-1.811360  -2.713485
-1.810166  -2.655978
-1.874233  -2.538272
-1.956016  -2.503175
-1.939974  -2.532257
-1.923932  -2.561339
-1.891062  -2.564347
-1.890275  -2.509190
-1.923145  -2.506183
-1.907104  -2.535265
-1.858184  -2.567293
-1.921808  -2.452214
-1.938912  -2.477694
-1.906041  -2.480702
-2.002041  -2.416027
-1.985637  -2.389161
-1.969233  -2.362294
-1.969595  -2.419596
-1.937149  -2.423164
-1.953191  -2.392729
-1.986700  -2.445077
-1.971358  -2.474126
-1.954254  -2.448645
-2.049520  -2.326576
-2.017868  -2.386210
-2.033694  -2.356393
-2.017290  -2.329527
-1.985060  -2.332477
-2.033456  -2.299900
-2.097773  -2.239849
-2.146481  -2.153645
-2.114014  -2.156020
-2.081548  -2.158396
-2.081543  -2.213490
-2.065312  -2.187131
-2.114009  -2.211115
-2.130245  -2.182380
-2.097779  -2.184755
-2.017392  -2.273223
-2.065625  -2.242082
-2.033476  -2.244314
-2.049394  -2.215722
-2.001226  -2.302850
-2.001464  -2.359344
-2.065604  -2.297667
-2.081689  -2.268758
-2.049540  -2.270991
-2.129797  -2.127113
-2.113113  -2.100581
-2.097331  -2.129489
-2.195469  -2.067442
-2.244500  -1.981146
-2.228156  -2.009912
-2.211812  -2.038677
-2.179763  -2.040591
-2.162456  -2.069644
-2.129443  -2.071847
-2.164058  -2.013741
-2.146750  -2.042794
-2.162810  -2.124910
-2.179139  -2.096176
-2.146126  -2.098379
-2.212450  -1.983061
-2.180401  -1.984975
-2.227469  -1.954554
-2.292106  -1.894550
-2.340874  -1.808681
-2.323733  -1.781315
-2.306592  -1.753948
-2.307150  -1.810490
-2.273425  -1.812298
-2.290008  -1.783123
-2.210437  -1.927961
-2.259206  -1.896823
-2.226306  -1.899096
-2.274638  -1.867736
-2.257169  -1.840922
-2.324618  -1.837304
-2.308362  -1.865927
-2.290894  -1.839113
-2.195419  -1.956468
-2.196107  -2.011826
-2.241738  -1.870009
-2.276238  -1.923416
-2.260369  -1.952281
-2.243337  -1.925689
-2.389627  -1.722848
-2.438347  -1.637042
-2.405441  -1.637417
-2.372535  -1.637793
-2.405053  -1.580350
-2.421700  -1.608696
-2.388794  -1.609071
-2.372961  -1.694621
-2.356295  -1.666395
-2.422107  -1.665644
-2.405867  -1.694246
-2.389201  -1.666019
-2.356235  -1.724093
-2.322843  -1.725337
-2.339569  -1.695866
-2.373376  -1.751459
-2.357125  -1.780070
-2.339984  -1.752704
-2.437056  -1.466248
-2.387032  -1.381201
-2.404188  -1.466508
-2.371320  -1.466768
-2.370839  -1.409810
-2.354646  -1.438420
-2.403706  -1.409550
-2.420381  -1.437899
-2.387513  -1.438159
-2.420839  -1.494833
-2.404622  -1.523418
-2.387971  -1.495093
-2.487026  -1.551250
-2.470800  -1.579847
-2.454573  -1.608444
-2.421279  -1.551752
-2.454153  -1.551501
-2.437926  -1.580098
-2.453713  -1.494582
-2.470369  -1.522916
-2.437496  -1.523167
-2.354173  -1.381496
-2.321315  -1.381791
-2.337980  -1.410105
-2.370208  -1.352752
-2.353383  -1.324302
-2.337349  -1.353046
-2.385076  -1.209717
-2.368904  -1.238428
-2.352732  -1.267140
-2.351612  -1.209710
-2.318149  -1.209704
-2.335440  -1.238422
-2.435674  -1.295186
-2.419460  -1.323857
-2.403246  -1.352529
-2.402636  -1.295408
-2.369598  -1.295630
-2.418808  -1.266696
-2.401942  -1.238206
-2.385770  -1.266918
-2.386422  -1.324080
-2.334685  -1.124225
-2.283965  -1.037978
-2.268366  -1.124102
-2.301525  -1.124163
-2.300872  -1.066727
-2.317779  -1.095476
-2.267712  -1.066666
-2.251459  -1.095354
-2.284619  -1.095415
-2.318018  -1.152715
-2.301352  -1.181206
-2.368279  -1.181219
-2.351482  -1.152722
-2.334815  -1.181213
-2.284859  -1.152654
-2.218020  -1.038325
-2.250993  -1.038152
-2.234740  -1.066840
-2.233523  -0.952495
-2.217365  -0.981163
-2.201206  -1.009831
-2.167603  -0.953117
-2.200563  -0.952806
-2.184405  -0.981474
-2.250337  -0.980990
-2.267151  -1.009484
-2.234179  -1.009658
-2.183346  -0.867295
-2.133081  -0.782023
-2.166591  -0.838871
-2.149836  -0.810447
-2.100637  -0.839490
-2.116859  -0.810757
-2.067121  -0.782602
-2.100101  -0.782312
-2.083879  -0.811046
-2.200071  -0.895695
-2.216797  -0.924095
-2.150877  -0.924717
-2.167111  -0.896006
-2.183837  -0.924406
-2.117392  -0.867914
-2.150369  -0.867605
-2.134135  -0.896316
-2.133614  -0.839181
-2.082897  -0.696738
-2.099625  -0.725166
-2.116353  -0.753595
-2.050393  -0.754173
-2.066645  -0.725456
-2.016902  -0.697330
-2.032655  -0.611442
-1.933637  -0.612327
-2.016405  -0.640170
-2.000155  -0.668898
-1.950393  -0.640760
-1.967149  -0.669193
-1.966643  -0.612032
-1.999649  -0.611737
-1.983399  -0.640465
-2.049899  -0.697034
-2.049402  -0.639874
-2.066150  -0.668306
-2.033152  -0.668602
-2.033647  -0.725752
-2.083373  -0.753884
-1.917399  -0.641057
-1.901161  -0.669787
-1.934155  -0.669490
-1.900629  -0.612621
-1.883311  -0.527003
-1.900086  -0.555444
-1.916861  -0.583886
-1.867621  -0.612914
-1.867078  -0.555738
-1.784264  -0.527871
-1.685207  -0.528765
-1.718226  -0.528467
-1.751245  -0.528169
-1.751809  -0.585371
-1.768036  -0.556621
-1.718790  -0.585669
-1.701999  -0.557217
-1.735017  -0.556919
-1.884391  -0.641351
-1.586128  -0.529664
-1.619750  -0.586580
-1.602939  -0.558122
-1.553728  -0.587168
-1.569928  -0.558416
-1.586739  -0.586874
-1.487009  -0.530528
-1.388051  -0.531294
-1.371807  -0.558739
-1.355563  -0.586184
-1.421515  -0.588323
-1.404783  -0.559808
-1.388539  -0.587253
-1.454501  -0.588067
-1.421037  -0.531039
-1.454023  -0.530783
-1.470755  -0.559298
-1.437769  -0.559553
-1.520688  -0.587455
-1.503849  -0.558992
-1.487595  -0.587761
-1.553089  -0.529952
-1.520049  -0.530240
-1.536889  -0.558704
-1.652181  -0.529065
-1.619155  -0.529365
-1.668992  -0.557523
-1.652776  -0.586281
-1.635965  -0.557823
-1.685783  -0.585975
-1.817830  -0.584762
-1.801047  -0.556316
-1.850295  -0.527292
-1.817279  -0.527582
-1.850846  -0.584473
-1.834063  -0.556027
-1.784819  -0.585066
-1.290225  -0.527675
-1.187798  -0.512062
-1.201995  -0.540696
-1.216191  -0.569331
-1.141912  -0.556721
-1.164855  -0.534391
-1.179052  -0.563026
-1.306589  -0.556326
-1.322954  -0.584977
-1.355442  -0.530087
-1.322833  -0.528881
-1.339198  -0.557532
-1.270279  -0.551105
-1.250334  -0.574536
-1.221940  -0.517266
-1.256082  -0.522470
-1.236137  -0.545901
-1.286644  -0.579756
-1.084582  -0.486100
-1.118988  -0.494754
-1.153393  -0.503408
-1.096045  -0.517084
-1.107507  -0.548067
-1.130450  -0.525738
-1.883853  -0.584179
-1.823739  0.588736
-1.806957  0.617224
-1.790175  0.645711
-1.790684  0.588454
-1.757629  0.588171
-1.773902  0.616941
-1.856281  0.646300
-1.840010  0.617518
-1.823228  0.646006
-1.774923  0.502399
-1.675720  0.501603
-1.741855  0.502134
-1.708788  0.501869
-1.708290  0.559127
-1.692005  0.530365
-1.758140  0.530896
-1.741357  0.559393
-1.791195  0.531178
-1.807467  0.559957
-1.774412  0.559675
-1.725072  0.530631
-1.642107  0.558603
-1.576411  0.500872
-1.476741  0.500304
-1.377581  0.499440
-1.279267  0.498097
-1.180348  0.496394
-1.246294  0.497529
-1.213321  0.496961
-1.209562  0.555394
-1.194955  0.525894
-1.139429  0.551498
-1.159889  0.523946
-1.174496  0.553446
-1.658914  0.530103
-1.609514  0.501116
-1.642617  0.501360
-1.592708  0.529615
-1.609004  0.558359
-1.542633  0.557944
-1.509964  0.500493
-1.543188  0.500683
-1.559522  0.529408
-1.509409  0.557754
-1.440988  0.558484
-1.443687  0.500016
-1.410634  0.499728
-1.407935  0.558196
-1.359458  0.528665
-1.308565  0.557442
-1.260901  0.527029
-1.242535  0.555962
-1.293916  0.527769
-1.275550  0.556702
-1.675198  0.558865
-1.922911  0.589620
-1.889854  0.589325
-1.856796  0.589031
-1.906125  0.618107
-1.889339  0.646595
-1.873068  0.617813
-1.955455  0.647187
-1.939183  0.618404
-1.922397  0.646891
-1.458865  0.529394
-1.392758  0.528818
-1.341336  0.557889
-1.344809  0.498992
-1.312038  0.498545
-1.326687  0.528217
-1.493075  0.529029
-1.475199  0.558119
-1.526299  0.529218
-1.575818  0.558151
-1.374636  0.558043
-1.425811  0.529106
-1.625811  0.529859
-1.227928  0.526462
-1.084582  0.486100
-1.116504  0.489532
-1.148426  0.492963
-1.107507  0.548067
-1.096045  0.517084
-1.127967  0.520515
-2.070916  0.676863
-2.054126  0.705350
-2.037335  0.733836
-2.037853  0.676566
-2.004790  0.676268
-2.021062  0.705052
-2.022102  0.590511
-2.005310  0.618998
-1.988518  0.647484
-2.054645  0.648079
-2.038373  0.619295
-2.021582  0.647782
-1.989038  0.590214
-1.955975  0.589917
-1.972247  0.618701
-2.119697  0.763203
-2.168460  0.849565
-2.152206  0.820778
-2.135951  0.791990
-2.102900  0.791686
-2.086104  0.820168
-2.053595  0.762616
-2.086646  0.762910
-2.069849  0.791392
-2.087176  0.705643
-2.103437  0.734423
-2.070386  0.734130
-2.135409  0.849260
-2.102358  0.848955
-2.119155  0.820473
-2.134861  0.906502
-2.217251  0.935916
-2.265927  1.022195
-2.314693  1.108531
-2.363677  1.194993
-2.412765  1.281513
-2.396403  1.252673
-2.380040  1.223833
-2.330149  1.251963
-2.297453  1.194266
-2.330565  1.194630
-2.346913  1.223478
-2.313801  1.223115
-2.151661  0.878033
-2.200988  0.907132
-2.184724  0.878348
-2.151125  0.935286
-2.184188  0.935601
-2.167924  0.906817
-2.118609  0.877728
-2.183632  0.992827
-2.200442  0.964371
-2.167379  0.964056
-2.232334  1.079102
-2.249130  1.050648
-2.199857  1.021586
-2.232892  1.021890
-2.216096  1.050344
-2.233476  0.964675
-2.249702  0.993435
-2.216667  0.993131
-2.298438  1.079752
-2.282182  1.050973
-2.248589  1.107881
-2.281641  1.108206
-2.265386  1.079427
-2.281124  1.165445
-2.331021  1.137352
-2.347349  1.166173
-2.297909  1.136988
-2.314237  1.165809
-2.264857  1.136663
-2.379638  1.281158
-2.346511  1.280803
-2.363276  1.252318
-2.379220  1.338457
-2.395993  1.309985
-2.362866  1.309630
-2.461652  1.367880
-2.445357  1.339091
-2.429061  1.310302
-2.395516  1.367246
-2.428584  1.367563
-2.412288  1.338774
-2.428038  1.424741
-2.444845  1.396310
-2.411777  1.395993
-2.510374  1.454154
-2.559341  1.542113
-2.509017  1.627656
-2.458492  1.713807
-2.407734  1.799603
-2.424653  1.771004
-2.441573  1.742405
-2.392402  1.711178
-2.425447  1.712492
-2.375482  1.739777
-2.391608  1.769690
-2.408528  1.741091
-2.476822  1.511036
-2.543019  1.512793
-2.526697  1.483474
-2.493598  1.482595
-2.493145  1.540355
-2.525791  1.599142
-2.542566  1.570628
-2.526243  1.541234
-2.476370  1.568870
-2.475888  1.626661
-2.442205  1.684095
-2.425918  1.654382
-2.442760  1.625666
-2.492175  1.656373
-2.475333  1.685090
-2.459047  1.655378
-2.444279  1.453499
-2.477327  1.453826
-2.460551  1.482267
-2.477893  1.396638
-2.494134  1.425396
-2.461086  1.425068
-2.492693  1.598263
-2.459565  1.597268
-2.509468  1.569749
-2.509921  1.511914
-2.409160  1.682780
-2.374829  1.798037
-2.357531  1.884854
-2.307429  1.969664
-2.274002  2.026682
-2.290715  1.998173
-2.241677  1.967785
-2.274553  1.968724
-2.257839  1.997233
-2.341925  1.796471
-2.341361  1.854871
-2.324621  1.883398
-2.291710  1.881943
-2.291219  1.939938
-2.275009  1.910213
-2.258343  1.938999
-2.358704  1.768124
-2.325191  1.824888
-2.308450  1.853415
-2.374266  1.856437
-2.391000  1.828020
-2.358095  1.826454
-2.324130  1.941394
-2.340831  1.913124
-2.307920  1.911668
-2.305991  2.141789
-2.255796  2.226792
-2.222638  2.225888
-2.189479  2.224984
-2.239468  2.197904
-2.223140  2.169015
-2.206310  2.197000
-2.289757  2.112923
-2.273522  2.084057
-2.272931  2.141235
-2.239872  2.140681
-2.272528  2.198458
-2.289259  2.170123
-2.256200  2.169569
-2.256697  2.112369
-2.356109  2.056570
-2.339883  2.027601
-2.323656  1.998632
-2.290228  2.055651
-2.323169  2.056110
-2.306942  2.027141
-2.322697  2.113383
-2.339403  2.084976
-2.306463  2.084517
-2.205332  2.311187
-2.155483  2.396246
-2.139160  2.366817
-2.122837  2.337388
-2.172392  2.310111
-2.139453  2.309034
-2.188715  2.339540
-2.172099  2.367893
-2.155776  2.338464
-2.188995  2.282151
-2.172658  2.253115
-2.222153  2.283055
-2.238974  2.254924
-2.205816  2.254020
-2.156056  2.281075
-2.089403  2.392967
-2.122443  2.394606
-2.106120  2.365177
-2.103874  2.477623
-2.138280  2.423372
-2.121077  2.450498
-2.072200  2.420092
-2.088037  2.448858
-2.039308  2.475988
-2.071591  2.476805
-2.055754  2.448040
-2.105240  2.421732
-2.055883  2.561280
-2.006252  2.646650
-2.039340  2.589737
-2.022796  2.618193
-1.973625  2.589058
-1.940243  2.645955
-1.973247  2.646302
-1.989938  2.617854
-1.956934  2.617506
-1.990169  2.560601
-2.023026  2.560941
-2.006482  2.589397
-2.023311  2.503874
-2.039597  2.532577
-2.006740  2.532238
-2.071880  2.533395
-2.087877  2.505509
-2.055594  2.504691
-1.956318  2.732087
-1.972963  2.703608
-1.989607  2.675129
-1.939958  2.703261
-1.923598  2.674434
-1.890026  2.731311
-1.907430  2.818366
-1.857267  2.903962
-1.890709  2.846898
-1.873988  2.875430
-1.823388  2.845503
-1.756283  2.901878
-1.739977  2.873043
-1.723672  2.844209
-1.723096  2.901590
-1.689910  2.901303
-1.706791  2.872756
-1.923172  2.731699
-1.923726  2.789607
-1.940022  2.760847
-1.873730  2.760070
-1.890580  2.789218
-1.906876  2.760459
-1.906812  2.702872
-1.956603  2.674781
-1.840109  2.816970
-1.840328  2.874732
-1.823606  2.903267
-1.789944  2.902572
-1.789727  2.844808
-1.773005  2.873343
-1.806666  2.874038
-1.873770  2.817668
-1.857049  2.846200
-1.856920  2.788520
-1.756699  2.844508
-1.705398  2.989284
-1.655647  3.080741
-1.622607  3.019327
-1.639127  3.050034
-1.688814  3.019770
-1.672231  3.050256
-1.672294  2.989063
-1.639190  2.988841
-1.655711  3.019548
-1.689173  2.959861
-1.672948  2.930439
-1.739321  2.931013
-1.722360  2.960149
-1.706135  2.930726
-1.656069  2.959640
-1.589397  3.077340
-1.622522  3.079041
-1.606002  3.048333
-1.606609  3.166875
-1.573051  3.106051
-1.589830  3.136463
-1.540490  3.165190
-1.573549  3.166032
-1.556771  3.135620
-1.639301  3.109452
-1.622955  3.138164
-1.606176  3.107752
-1.458198  3.253850
-1.474608  3.224016
-1.491019  3.194181
-1.425393  3.194988
-1.441795  3.224419
-1.458206  3.194584
-1.557191  3.254540
-1.524017  3.194411
-1.540604  3.224476
-1.491195  3.254080
-1.524193  3.254310
-1.507606  3.224246
-1.573664  3.225318
-1.590136  3.196096
-1.557077  3.195254
-1.391953  3.253450
-1.425075  3.253650
-1.408673  3.224219
-1.407610  3.339696
-1.441335  3.282465
-1.424473  3.311081
-1.375091  3.282066
-1.391350  3.310881
-1.408213  3.282266
-1.341414  3.339170
-1.374512  3.339433
-1.358252  3.310618
-1.257817  3.424629
-1.225178  3.366876
-1.241497  3.395753
-1.291483  3.367481
-1.274650  3.396055
-1.258331  3.367179
-1.191527  3.424041
-1.224672  3.424335
-1.208353  3.395459
-1.357690  3.425760
-1.291108  3.425006
-1.324399  3.425383
-1.324774  3.367858
-1.341232  3.396809
-1.307941  3.396432
-1.390970  3.368384
-1.374330  3.397072
-1.357872  3.368121
-1.207312  3.510419
-1.140970  3.509812
-1.174141  3.510115
-1.174693  3.452638
-1.191002  3.481528
-1.157832  3.481225
-1.224147  3.481822
-1.240982  3.453226
-1.207837  3.452932
-1.156800  3.593274
-1.190475  3.538037
-1.173637  3.565656
-1.124133  3.537430
-1.140466  3.565352
-1.157304  3.537734
-1.090409  3.592931
-1.123605  3.593102
-1.107271  3.565180
-1.019012  3.691144
-1.107574  3.660892
-1.048533  3.681060
-1.078053  3.670976
-1.074001  3.615470
-1.090787  3.638181
-1.044480  3.625554
-0.978182  3.626280
-0.998597  3.658712
-1.031746  3.658349
-1.011331  3.625917
-1.061267  3.648265
-1.140391  3.615813
-1.123983  3.638353
-1.107196  3.615642
-0.982308  3.686922
-0.955930  3.766808
-0.902840  3.826239
-0.938233  3.786619
-0.920537  3.806429
-0.874262  3.779087
-0.888551  3.802663
-0.923944  3.763043
-0.891959  3.759277
-0.924577  3.707923
-0.940254  3.737366
-0.997985  3.716365
-0.976957  3.741587
-0.945605  3.682701
-0.961281  3.712144
-0.961893  3.654490
-0.908268  3.733600
-0.906248  3.782853
-0.848403  3.830648
-0.890084  3.899712
-0.867117  3.877426
-0.844150  3.855139
-0.825084  3.913697
-0.857584  3.906704
-0.834617  3.884418
-0.875621  3.828444
-0.894336  3.875221
-0.898588  3.850730
-0.871369  3.852935
-0.861333  3.804868
-0.987030  -3.876309
-0.967987  -3.859825
-0.948943  -3.843340
-0.954714  -3.884110
-0.922399  -3.891911
-0.935671  -3.867625
-1.020345  -3.813631
-0.960048  -3.822447
-0.990197  -3.818039
-0.996370  -3.770078
-1.008357  -3.791854
-0.978209  -3.796263
-0.998135  -3.855416
-1.009240  -3.834523
-0.979092  -3.838932
-1.091289  -3.750350
-1.055653  -3.749667
-1.020018  -3.748985
-1.072464  -3.718641
-1.053639  -3.686932
-1.036828  -3.717958
-1.067641  -3.771443
-1.043993  -3.792537
-1.032005  -3.770761
-1.105836  -3.716351
-1.120382  -3.682352
-1.087011  -3.684642
-1.232858  -3.636365
-1.201315  -3.725398
-1.157058  -3.674035
-1.179186  -3.699716
-1.127964  -3.742032
-1.164640  -3.733715
-1.142511  -3.708034
-1.167572  -3.644357
-1.222344  -3.666042
-1.211829  -3.695720
-1.200215  -3.640361
-1.189701  -3.670039
-1.196378  -3.582684
-1.214618  -3.609525
-1.181975  -3.613521
-1.275724  -3.551415
-1.326425  -3.467886
-1.260081  -3.468653
-1.293253  -3.468270
-1.292582  -3.410809
-1.309503  -3.439348
-1.276332  -3.439731
-1.247147  -3.608048
-1.261436  -3.579732
-1.210667  -3.554368
-1.243196  -3.552891
-1.228907  -3.581208
-1.243181  -3.496496
-1.309525  -3.495729
-1.292624  -3.523572
-1.259453  -3.523955
-1.276353  -3.496112
-1.226924  -3.525432
-1.342661  -3.438964
-1.358898  -3.410043
-1.325740  -3.410426
-1.523035  -3.293112
-1.489293  -3.236088
-1.506164  -3.264600
-1.456909  -3.293952
-1.489972  -3.293532
-1.473101  -3.265020
-1.474571  -3.379947
-1.506881  -3.322057
-1.490726  -3.351002
-1.440754  -3.322897
-1.457662  -3.351422
-1.473817  -3.322477
-1.441425  -3.380338
-1.408280  -3.380729
-1.424517  -3.351813
-1.571309  -3.206346
-1.539127  -3.264190
-1.555218  -3.235268
-1.505385  -3.207166
-1.538347  -3.206756
-1.522256  -3.235678
-1.537599  -3.149356
-1.554454  -3.177851
-1.521492  -3.178261
-1.426943  -3.467613
-1.359931  -3.467795
-1.393437  -3.467704
-1.392404  -3.409951
-1.409674  -3.438782
-1.376168  -3.438873
-1.458695  -3.409169
-1.442819  -3.438391
-1.425550  -3.409560
-1.619719  -3.119827
-1.586021  -3.062854
-1.602870  -3.091341
-1.553736  -3.120516
-1.586728  -3.120172
-1.569878  -3.091685
-1.603583  -3.148667
-1.587446  -3.177507
-1.570591  -3.149011
-1.668257  -3.033280
-1.716815  -2.946739
-1.684443  -3.004433
-1.700629  -2.975586
-1.683750  -2.947110
-1.650686  -2.947482
-1.651378  -3.004804
-1.634500  -2.976329
-1.667564  -2.975957
-1.635228  -3.033642
-1.602200  -3.034004
-1.618350  -3.005167
-1.652078  -3.062129
-1.635898  -3.090978
-1.619049  -3.062491
-1.683068  -2.889859
-1.749208  -2.889096
-1.733012  -2.917917
-1.699941  -2.918299
-1.716138  -2.889477
-1.666877  -2.918670
-1.864506  -2.856948
-1.910497  -2.767628
-1.955020  -2.673119
-1.940179  -2.704622
-1.925338  -2.736125
-1.893592  -2.738858
-1.876687  -2.710088
-1.845392  -2.770398
-1.879837  -2.827175
-1.895167  -2.797401
-1.877944  -2.769013
-1.830062  -2.800171
-1.847284  -2.828560
-1.862614  -2.798786
-1.798439  -2.859166
-1.831473  -2.858057
-1.814250  -2.829669
-1.816048  -2.945327
-1.782970  -2.945798
-1.749893  -2.946268
-1.782286  -2.888626
-1.799167  -2.916977
-1.766089  -2.917447
-1.848354  -2.886408
-1.832201  -2.915868
-1.815320  -2.887517
-1.861040  -2.740243
-1.939310  -2.645553
-1.923600  -2.617987
-1.923274  -2.675852
-1.891529  -2.678585
-1.907564  -2.648286
-1.908433  -2.707355
-1.999877  -2.582986
-2.049555  -2.497008
-2.097230  -2.410238
-2.146405  -2.324341
-2.195269  -2.238178
-2.244216  -2.151936
-2.293575  -2.066024
-2.228171  -2.066969
-2.260873  -2.066497
-2.260669  -2.123299
-2.277122  -2.094661
-2.227967  -2.123771
-2.211718  -2.095607
-2.244420  -2.095134
-1.969215  -2.585464
-1.938552  -2.587943
-1.985256  -2.556382
-1.970636  -2.529779
-2.018375  -2.499063
-1.987196  -2.501119
-2.033717  -2.470014
-2.065500  -2.412168
-2.081327  -2.382351
-2.065423  -2.354463
-2.033771  -2.414097
-2.049597  -2.384280
-1.954594  -2.558861
-1.984924  -2.613030
-1.969972  -2.643074
-1.954262  -2.615509
-2.017879  -2.443021
-2.065447  -2.468084
-2.081338  -2.439161
-2.049609  -2.441091
-2.002537  -2.472070
-2.032996  -2.525667
-2.016436  -2.554326
-2.001816  -2.527723
-2.130194  -2.296177
-2.113984  -2.268013
-2.081815  -2.325831
-2.114110  -2.325086
-2.097899  -2.296922
-2.113622  -2.381606
-2.130013  -2.352974
-2.097718  -2.353718
-2.179006  -2.210000
-2.162743  -2.181822
-2.130272  -2.239292
-2.162770  -2.238735
-2.146508  -2.210557
-2.162693  -2.295620
-2.178981  -2.266899
-2.146482  -2.267456
-2.179059  -2.153075
-2.211638  -2.152505
-2.195388  -2.124341
-2.211584  -2.209430
-2.227900  -2.180683
-2.195322  -2.181253
-2.260858  -2.009439
-2.277217  -2.037732
-2.244514  -2.038204
-2.342103  -1.979708
-2.309568  -1.980187
-2.277034  -1.980667
-2.308772  -1.922936
-2.325437  -1.951322
-2.292903  -1.951802
-2.325927  -2.008480
-2.309751  -2.037252
-2.293393  -2.008959
-2.390860  -1.893842
-2.357942  -1.894078
-2.325024  -1.894314
-2.357536  -1.837068
-2.374198  -1.865455
-2.341280  -1.865691
-2.374608  -1.922464
-2.358355  -1.951086
-2.341690  -1.922700
-2.439596  -1.807967
-2.406689  -1.808205
-2.373781  -1.808443
-2.406283  -1.751221
-2.422940  -1.779594
-2.390032  -1.779832
-2.423351  -1.836592
-2.407105  -1.865217
-2.390443  -1.836830
-2.488325  -1.722125
-2.455425  -1.722366
-2.422526  -1.722607
-2.455006  -1.665403
-2.471665  -1.693764
-2.438766  -1.694005
-2.472082  -1.750739
-2.455839  -1.779353
-2.439183  -1.750980
-2.537021  -1.636297
-2.520789  -1.664906
-2.504557  -1.693516
-2.471238  -1.636793
-2.504129  -1.636545
-2.487897  -1.665155
-2.503691  -1.579599
-2.520356  -1.607948
-2.487465  -1.608196
-2.485807  -1.380399
-2.534583  -1.294376
-2.518325  -1.323050
-2.502066  -1.351725
-2.452385  -1.323590
-2.452882  -1.380667
-2.419957  -1.380934
-2.469096  -1.351995
-2.436171  -1.352262
-2.469557  -1.409015
-2.453306  -1.437632
-2.436632  -1.409283
-2.535695  -1.465451
-2.502437  -1.408750
-2.519066  -1.437101
-2.469935  -1.465982
-2.503249  -1.522650
-2.519472  -1.494051
-2.502815  -1.465717
-2.486592  -1.494316
-2.486186  -1.437366
-2.585687  -1.550507
-2.553243  -1.607700
-2.569465  -1.579104
-2.519913  -1.551002
-2.552800  -1.550755
-2.536578  -1.579351
-2.552359  -1.493803
-2.569023  -1.522155
-2.536136  -1.522403
-2.433963  -1.123549
-2.383145  -1.037588
-2.366991  -1.066467
-2.350838  -1.095346
-2.317025  -1.037848
-2.350085  -1.037718
-2.333932  -1.066597
-2.400871  -1.123774
-2.367778  -1.123999
-2.400084  -1.066242
-2.417024  -1.094895
-2.383931  -1.095121
-2.401372  -1.180994
-2.417668  -1.152272
-2.384575  -1.152497
-2.484323  -1.208994
-2.501614  -1.294646
-2.468644  -1.294916
-2.468107  -1.237724
-2.451891  -1.266455
-2.501076  -1.237454
-2.517830  -1.265915
-2.484860  -1.266185
-2.467536  -1.180512
-2.450750  -1.152031
-2.451240  -1.209235
-2.418158  -1.209476
-2.434454  -1.180753
-2.435024  -1.237965
-2.485355  -1.323320
-2.332486  -0.951776
-2.300139  -1.009244
-2.316312  -0.980510
-2.266511  -0.952256
-2.299498  -0.952016
-2.283325  -0.980750
-2.349372  -0.980380
-2.366258  -1.008984
-2.333199  -1.009114
-2.282360  -0.866606
-2.232236  -0.781213
-2.248944  -0.809677
-2.265652  -0.838142
-2.216350  -0.867066
-2.249355  -0.866836
-2.199643  -0.838601
-2.199185  -0.781483
-2.181938  -0.695884
-2.166133  -0.781753
-2.165652  -0.724597
-2.149366  -0.753310
-2.198704  -0.724327
-2.215470  -0.752770
-2.182418  -0.753040
-2.249802  -0.923866
-2.266081  -0.895236
-2.233076  -0.895466
-2.315777  -0.923386
-2.299068  -0.894996
-2.282790  -0.923626
-2.215939  -0.809907
-2.182888  -0.810177
-2.232647  -0.838371
-2.148924  -0.696169
-2.131690  -0.610569
-2.115910  -0.696453
-2.115426  -0.639292
-2.099161  -0.668015
-2.148439  -0.639008
-2.165188  -0.667446
-2.132175  -0.667730
-2.132638  -0.724882
-2.065667  -0.611151
-2.098678  -0.610860
-2.082414  -0.639583
-1.982374  -0.526109
-1.966128  -0.554849
-1.949882  -0.583588
-1.916332  -0.526705
-1.949353  -0.526407
-1.933107  -0.555147
-1.999134  -0.554553
-2.015895  -0.582998
-1.982889  -0.583293
-2.081420  -0.525228
-2.098177  -0.553675
-2.114933  -0.582122
-2.048910  -0.582704
-2.065165  -0.553966
-2.081922  -0.582413
-2.015389  -0.525816
-2.048405  -0.525522
-2.032150  -0.554260
-1.832992  -0.441621
-1.932077  -0.440743
-1.915822  -0.469496
-1.899566  -0.498250
-1.849765  -0.470081
-1.866538  -0.498542
-1.866020  -0.441328
-1.899049  -0.441036
-1.882793  -0.469789
-1.948843  -0.469199
-1.965608  -0.497654
-1.932587  -0.497952
-1.816749  -0.470371
-1.733878  -0.442509
-1.750673  -0.470963
-1.767469  -0.499417
-1.717654  -0.471261
-1.701431  -0.500013
-1.734450  -0.499715
-1.800507  -0.499121
-1.799954  -0.441917
-1.766916  -0.442213
-1.783711  -0.470667
-1.833522  -0.498832
-1.634760  -0.443389
-1.535577  -0.444281
-1.568638  -0.443984
-1.601699  -0.443687
-1.618549  -0.472148
-1.602339  -0.500906
-1.552428  -0.472742
-1.569278  -0.501203
-1.585488  -0.472445
-1.651575  -0.471848
-1.668391  -0.500307
-1.700839  -0.442803
-1.667799  -0.443096
-1.684615  -0.471555
-1.635365  -0.500606
-1.519388  -0.473030
-1.436524  -0.445172
-1.453352  -0.473624
-1.470181  -0.502076
-1.420366  -0.473879
-1.404208  -0.502587
-1.437195  -0.502331
-1.503199  -0.501779
-1.469542  -0.444875
-1.502559  -0.444578
-1.486370  -0.473327
-1.536238  -0.501491
-1.338941  -0.445123
-1.355311  -0.473847
-1.371681  -0.502570
-1.403996  -0.445156
-1.371469  -0.445139
-1.387839  -0.473863
-1.322702  -0.472640
-1.306463  -0.500157
-1.339072  -0.501364
-1.243409  -0.435908
-1.274619  -0.497086
-1.259014  -0.466497
-1.206335  -0.486677
-1.224872  -0.461293
-1.240477  -0.491881
-1.307097  -0.442052
-1.275253  -0.438980
-1.290858  -0.469569
-1.149623  -0.418221
-1.180885  -0.424117
-1.212147  -0.430013
-1.175073  -0.480782
-1.162348  -0.449501
-1.193610  -0.455397
-1.106263  -0.463474
-1.054479  -0.391683
-1.127943  -0.440848
-1.086194  -0.400529
-1.117908  -0.409375
-1.064513  -0.423156
-1.074548  -0.454628
-1.096228  -0.432002
-1.140668  -0.472128
-1.874098  0.503278
-1.857312  0.531764
-1.840525  0.560250
-1.841040  0.502985
-1.807981  0.502692
-1.824253  0.531471
-1.906640  0.560839
-1.890369  0.532059
-1.873583  0.560545
-1.726118  0.416076
-1.709319  0.444585
-1.692519  0.473094
-1.758654  0.473625
-1.742386  0.444850
-1.725587  0.473359
-1.825290  0.416944
-1.792233  0.416654
-1.759175  0.416365
-1.808501  0.445429
-1.791712  0.473914
-1.775443  0.445140
-1.857829  0.474500
-1.841559  0.445722
-1.824770  0.474207
-1.626915  0.415256
-1.527685  0.414486
-1.428712  0.413583
-1.331128  0.411689
-1.363656  0.412320
-1.396184  0.412951
-1.394625  0.470821
-1.411668  0.442202
-1.460731  0.471397
-1.494694  0.414185
-1.461703  0.413884
-1.444722  0.442490
-1.493722  0.471698
-1.510704  0.443092
-1.477713  0.442791
-1.643183  0.444039
-1.659452  0.472821
-1.659982  0.415529
-1.693050  0.415802
-1.676251  0.444312
-1.593246  0.472333
-1.560762  0.414743
-1.593838  0.414999
-1.610080  0.443795
-1.560169  0.472077
-1.543927  0.443281
-1.526946  0.471887
-1.626349  0.472577
-1.577004  0.443538
-1.427678  0.471109
-1.296554  0.469294
-1.313841  0.440492
-1.362097  0.470190
-1.346612  0.440939
-1.329325  0.469742
-1.379140  0.441571
-1.235954  0.409018
-1.198883  0.467269
-1.217418  0.438143
-1.264829  0.468404
-1.250391  0.438711
-1.231856  0.467836
-1.299403  0.410799
-1.267679  0.409909
-1.282116  0.439601
-1.141127  0.406492
-1.172736  0.407334
-1.204345  0.408176
-1.154201  0.436459
-1.167275  0.466426
-1.185810  0.437301
-1.103431  0.459564
-1.054479  0.391683
-1.083362  0.396619
-1.112244  0.401556
-1.122279  0.433028
-1.074548  0.454628
-1.064513  0.423156
-1.093396  0.428092
-1.135353  0.462995
-1.973277  0.504167
-2.072478  0.505045
-2.006344  0.504460
-2.039411  0.504752
-2.038894  0.562022
-2.055686  0.533533
-2.005827  0.561730
-1.989552  0.532949
-2.022619  0.533241
-1.940217  0.503871
-1.907158  0.503575
-1.939700  0.561136
-1.956488  0.532652
-1.923429  0.532355
-1.972763  0.561433
-2.170125  0.677766
-2.218918  0.764146
-2.267754  0.850536
-2.316678  0.937019
-2.300370  0.908192
-2.284062  0.879364
-2.234086  0.907456
-2.250920  0.878996
-2.250394  0.936284
-2.283536  0.936651
-2.267228  0.907824
-2.121304  0.591404
-2.105029  0.562617
-2.088754  0.533831
-2.088237  0.591106
-2.055169  0.590809
-2.071962  0.562320
-2.104508  0.619890
-2.087712  0.648377
-2.137055  0.677465
-2.103986  0.677164
-2.153851  0.648979
-2.137578  0.620191
-2.120782  0.648678
-2.071441  0.619593
-2.153316  0.706245
-2.185845  0.763832
-2.152771  0.763518
-2.202099  0.792619
-2.201558  0.849888
-2.234656  0.850212
-2.235197  0.792943
-2.251476  0.821739
-2.185280  0.821092
-2.218378  0.821416
-2.136506  0.734724
-2.186389  0.706559
-2.202654  0.735353
-2.169580  0.735039
-2.120246  0.705944
-2.169025  0.792305
-2.217822  0.878672
-2.299761  0.965411
-2.365511  1.023355
-2.414335  1.109756
-2.331632  1.080139
-2.348572  1.051747
-2.398060  1.080955
-2.381786  1.052155
-2.381121  1.109347
-2.347907  1.108939
-2.364846  1.080547
-2.282844  0.993803
-2.332316  1.022968
-2.299121  1.022581
-2.315377  1.051360
-2.266619  0.965043
-2.332956  0.965798
-2.349233  0.994576
-2.316038  0.994190
-2.397449  1.138168
-2.463152  1.196102
-2.429994  1.195732
-2.396835  1.195363
-2.429561  1.253043
-2.446356  1.224572
-2.413198  1.224203
-2.380563  1.166581
-2.446880  1.167320
-2.430607  1.138538
-2.413721  1.166950
-2.364235  1.137760
-2.512258  1.282613
-2.560825  1.368832
-2.609684  1.456616
-2.576581  1.455795
-2.543478  1.454975
-2.576122  1.513614
-2.592903  1.485115
-2.559800  1.484294
-2.495889  1.253776
-2.479521  1.224939
-2.445930  1.281880
-2.479094  1.282246
-2.462725  1.253409
-2.478521  1.339458
-2.528447  1.311353
-2.544636  1.340093
-2.494710  1.368197
-2.527767  1.368515
-2.495390  1.311035
-2.511578  1.339775
-2.462225  1.310669
-2.544008  1.397273
-2.527191  1.425713
-2.577111  1.398093
-2.593398  1.427355
-2.560294  1.426534
-2.510951  1.396955
-2.608112  1.628626
-2.557649  1.714353
-2.507006  1.800188
-2.523887  1.771577
-2.540768  1.742965
-2.524596  1.714171
-2.491544  1.713989
-2.490834  1.771394
-2.474663  1.742601
-2.507715  1.742783
-2.591855  1.599788
-2.575598  1.570951
-2.575080  1.628303
-2.542048  1.627980
-2.541438  1.685454
-2.525227  1.656555
-2.508386  1.685272
-2.558823  1.599465
-2.658483  1.543151
-2.642217  1.514306
-2.625950  1.485461
-2.592389  1.542459
-2.625436  1.542805
-2.609169  1.513960
-2.624902  1.600134
-2.641693  1.571643
-2.608645  1.571297
-2.574470  1.685777
-2.591291  1.657202
-2.558259  1.656878
-2.440824  1.799798
-2.473915  1.799993
-2.457744  1.771199
-2.456340  1.886120
-2.440138  1.857281
-2.423936  1.828442
-2.390468  1.885276
-2.423404  1.885698
-2.407202  1.856859
-2.473229  1.857476
-2.490117  1.828832
-2.457027  1.828637
-2.406225  1.971311
-2.389994  1.942492
-2.373763  1.913673
-2.340361  1.970213
-2.373293  1.970762
-2.357062  1.941943
-2.422930  1.942914
-2.439635  1.914517
-2.406699  1.914095
-2.372814  2.028150
-2.389519  1.999731
-2.356588  1.999181
-2.354652  2.227816
-2.404903  2.142610
-2.455056  2.057409
-2.438338  2.085809
-2.421621  2.114210
-2.372374  2.085250
-2.388638  2.113930
-2.338962  2.142063
-2.371932  2.142337
-2.371402  2.199414
-2.388153  2.171012
-2.338432  2.199140
-2.322211  2.170465
-2.288748  2.227134
-2.321700  2.227475
-2.305480  2.198799
-2.355182  2.170738
-2.355668  2.113656
-2.304533  2.313004
-2.254317  2.398174
-2.271466  2.312398
-2.238399  2.311793
-2.237989  2.369178
-2.221660  2.340183
-2.271056  2.369784
-2.287795  2.341394
-2.254727  2.340788
-2.288287  2.284267
-2.272042  2.255530
-2.255220  2.283661
-2.321240  2.284608
-2.337946  2.256212
-2.304994  2.255871
-2.422502  2.000010
-2.438779  2.028710
-2.389092  2.056850
-2.422074  2.057129
-2.405797  2.028430
-2.405356  2.085530
-2.221372  2.397531
-2.203478  2.481722
-2.237371  2.426023
-2.220424  2.453872
-2.187480  2.453230
-2.171481  2.424738
-2.188428  2.396889
-2.204426  2.425381
-2.205044  2.368536
-2.170277  2.480355
-2.137075  2.478989
-2.154278  2.451864
-2.152498  2.563926
-2.186485  2.509123
-2.169492  2.536525
-2.120082  2.506391
-2.136290  2.535159
-2.153283  2.507757
-2.088088  2.562162
-2.105338  2.647603
-2.072309  2.647285
-2.039280  2.646968
-2.088853  2.618829
-2.072368  2.590055
-2.055824  2.618511
-2.120293  2.563044
-2.121058  2.619711
-2.136778  2.591819
-2.104573  2.590937
-2.104085  2.534277
-2.055422  2.733058
-2.039032  2.704256
-2.022642  2.675453
-2.072060  2.704573
-2.088699  2.676088
-2.055670  2.675770
-1.989353  2.732411
-2.022387  2.732735
-2.005997  2.703932
-2.005621  2.819282
-1.959804  2.909485
-1.891446  2.905803
-1.925625  2.907644
-1.924888  2.848739
-1.942346  2.879112
-1.908167  2.877271
-2.022221  2.790541
-2.038822  2.761799
-1.972752  2.761152
-1.989186  2.790217
-2.005787  2.761476
-1.940160  2.818671
-1.990349  2.849350
-1.975077  2.879417
-1.972890  2.818976
-1.957618  2.849044
-1.956456  2.789912
-1.907131  2.993884
-1.804631  2.988141
-1.838798  2.990055
-1.872965  2.991970
-1.873889  2.933936
-1.924689  2.965751
-1.942247  2.937618
-1.890510  2.963910
-1.908068  2.935777
-1.772399  2.930632
-1.771553  2.988522
-1.738476  2.988903
-1.788515  2.959387
-1.755437  2.959768
-1.839722  2.932022
-1.822176  2.960082
-1.806060  2.931327
-1.856343  2.961996
-1.755666  3.079333
-1.706297  3.169890
-1.739210  3.109519
-1.722753  3.139704
-1.689413  3.140174
-1.672530  3.110458
-1.722327  3.079803
-1.688987  3.080272
-1.722154  3.019301
-1.738910  3.049317
-1.705570  3.049786
-1.788309  3.018539
-1.771988  3.048936
-1.755232  3.018920
-1.705870  3.109988
-1.673068  3.168885
-1.656819  3.256091
-1.639838  3.167880
-1.640082  3.226352
-1.623346  3.196613
-1.673311  3.227357
-1.689804  3.198624
-1.656575  3.197619
-1.656184  3.139169
-1.590400  3.255057
-1.606556  3.341633
-1.623310  3.313119
-1.640065  3.284605
-1.623610  3.255574
-1.573646  3.283571
-1.590101  3.312602
-1.606855  3.284088
-1.606873  3.225835
-1.507065  3.340661
-1.456036  3.426155
-1.409727  3.514003
-1.440600  3.455438
-1.425163  3.484720
-1.392381  3.484589
-1.375036  3.455175
-1.423254  3.426023
-1.390472  3.425892
-1.407818  3.455306
-1.540482  3.283247
-1.540228  3.340985
-1.573392  3.341309
-1.523773  3.311954
-1.556937  3.312278
-1.474487  3.282787
-1.490776  3.311724
-1.507484  3.283017
-1.473913  3.340340
-1.439894  3.397335
-1.423752  3.368516
-1.440762  3.340018
-1.490055  3.369159
-1.473046  3.397657
-1.456904  3.368837
-1.457624  3.311403
-1.407112  3.397204
-1.307174  3.508533
-1.340851  3.453351
-1.324013  3.480942
-1.375543  3.512180
-1.341359  3.510356
-1.358197  3.482765
-1.274269  3.452597
-1.290722  3.480565
-1.307560  3.452974
-1.240600  3.509790
-1.255022  3.595864
-1.190173  3.676580
-1.114670  3.750702
-1.033723  3.787217
-1.023916  3.723168
-1.028820  3.755192
-1.087688  3.762874
-1.060706  3.775045
-1.082784  3.730849
-1.050898  3.710997
-1.055802  3.743021
-1.273887  3.509162
-1.272406  3.566754
-1.289790  3.537643
-1.223216  3.538901
-1.189541  3.594137
-1.233406  3.622770
-1.211790  3.649675
-1.167924  3.621043
-1.179049  3.648811
-1.222281  3.595001
-1.200665  3.621906
-1.257434  3.481194
-1.239119  3.567383
-1.206378  3.566519
-1.256503  3.538272
-1.162640  3.671351
-1.135107  3.666121
-1.112305  3.720766
-1.109939  3.690829
-1.080419  3.700913
-1.151516  3.643582
-0.981861  3.773611
-0.987030  3.876309
-1.007792  3.780414
-1.002594  3.846612
-1.018159  3.816914
-0.976663  3.839809
-0.966296  3.803309
-0.992228  3.810111
-1.002888  3.748390
-1.139838  3.725995
-1.165006  3.701287
-1.137472  3.696058
-0.958966  3.859619
-0.930903  3.842929
-0.948600  3.823119
-0.922399  3.891911
-0.954714  3.884110
-0.926651  3.867420
-1.083362  -3.850497
-1.179021  -3.822291
-1.086004  -3.817115
-1.088647  -3.783732
-1.149777  -3.798311
-1.120533  -3.774330
-1.147134  -3.831693
-1.115248  -3.841095
-1.117891  -3.807713
-1.062356  -3.838208
-1.041350  -3.825919
-1.064999  -3.804826
-1.051251  -3.859101
-1.019140  -3.867705
-1.030245  -3.846812
-1.186452  -3.789993
-1.273947  -3.791709
-1.193884  -3.757696
-1.249736  -3.769606
-1.225526  -3.747502
-1.242305  -3.801903
-1.210663  -3.812097
-1.218094  -3.779799
-1.157208  -3.766013
-1.295847  -3.703319
-1.232826  -3.718038
-1.264336  -3.710678
-1.281247  -3.762246
-1.288547  -3.732782
-1.257036  -3.740142
-1.253855  -3.658683
-1.274851  -3.681001
-1.243340  -3.688360
-1.312755  -3.625812
-1.383192  -3.566168
-1.493720  -3.539400
-1.420035  -3.557245
-1.456878  -3.548322
-1.449202  -3.491542
-1.471461  -3.515471
-1.397776  -3.533316
-1.412360  -3.500464
-1.345347  -3.500647
-1.311547  -3.556332
-1.347370  -3.561250
-1.364270  -3.533407
-1.328447  -3.528490
-1.288068  -3.576214
-1.359713  -3.586049
-1.336234  -3.605931
-1.300412  -3.601013
-1.323891  -3.581132
-1.259491  -3.632847
-1.286123  -3.629330
-1.273779  -3.604531
-1.301483  -3.677483
-1.307119  -3.651648
-1.280487  -3.655165
-1.378853  -3.500556
-1.573701  -3.377655
-1.507614  -3.379183
-1.540658  -3.378419
-1.539924  -3.321293
-1.556813  -3.349474
-1.523769  -3.350238
-1.621990  -3.291958
-1.588203  -3.234883
-1.605097  -3.263421
-1.556020  -3.292727
-1.589005  -3.292343
-1.572112  -3.263805
-1.589798  -3.349089
-1.605894  -3.320524
-1.572909  -3.320908
-1.525745  -3.458411
-1.557716  -3.404573
-1.541731  -3.431492
-1.491629  -3.406102
-1.508687  -3.432256
-1.524672  -3.405338
-1.492811  -3.461478
-1.459877  -3.464545
-1.475753  -3.435324
-1.670130  -3.205545
-1.718782  -3.118900
-1.767386  -3.032236
-1.701940  -3.090360
-1.685098  -3.061820
-1.734343  -3.032584
-1.701300  -3.032932
-1.751185  -3.061124
-1.734983  -3.090012
-1.718141  -3.061472
-1.637190  -3.205812
-1.604250  -3.206079
-1.653327  -3.176973
-1.636523  -3.148400
-1.685761  -3.119209
-1.652740  -3.119518
-1.702565  -3.147782
-1.686348  -3.176664
-1.669544  -3.148091
-1.620386  -3.177240
-1.654084  -3.234350
-1.638037  -3.263154
-1.621143  -3.234616
-1.434619  -3.524393
-1.515070  -3.485407
-1.504395  -3.512403
-1.482136  -3.488474
-1.668919  -3.090669
-1.750529  -3.003737
-1.733672  -2.975238
-1.717486  -3.004085
-1.799827  -2.974297
-1.866762  -3.031012
-1.833637  -3.031420
-1.800511  -3.031828
-1.783607  -3.003267
-1.832953  -2.973889
-1.849858  -3.002450
-1.816732  -3.002858
-1.766750  -2.974767
-1.964005  -2.855628
-1.946169  -2.826295
-1.928333  -2.796961
-1.897672  -2.856508
-1.930839  -2.856068
-1.913003  -2.826735
-1.915384  -2.944073
-1.931591  -2.914591
-1.947798  -2.885110
-1.881466  -2.885990
-1.898425  -2.915031
-1.914632  -2.885550
-1.849160  -2.944909
-1.882272  -2.944491
-1.865313  -2.915450
-2.009776  -2.762598
-2.052991  -2.667467
-2.020334  -2.669351
-1.987677  -2.671235
-1.991524  -2.732771
-1.973272  -2.702945
-2.024181  -2.730888
-2.038586  -2.699178
-2.005929  -2.701061
-1.976683  -2.764274
-1.943590  -2.765951
-1.958431  -2.734448
-1.979262  -2.824618
-1.994519  -2.793608
-1.961426  -2.795285
-2.017581  -2.611146
-2.035286  -2.639307
-2.002629  -2.641191
-1.899177  -2.973052
-1.882970  -3.002032
-1.866065  -2.973471
-2.098139  -2.580702
-2.147148  -2.495495
-2.196247  -2.409512
-2.245079  -2.323295
-2.294186  -2.237123
-2.228241  -2.237826
-2.261213  -2.237474
-2.261448  -2.294571
-2.277817  -2.265847
-2.228476  -2.294923
-2.211872  -2.266550
-2.244844  -2.266199
-2.065385  -2.581464
-2.032631  -2.582225
-2.081944  -2.552804
-2.065750  -2.524906
-2.114617  -2.495999
-2.130509  -2.467076
-2.130236  -2.409996
-2.163241  -2.409754
-2.163514  -2.466834
-2.179881  -2.438173
-2.113869  -2.438657
-2.146875  -2.438415
-2.049190  -2.553565
-2.083090  -2.609624
-2.068040  -2.638546
-2.050336  -2.610385
-2.082086  -2.496503
-2.097978  -2.467580
-2.130812  -2.523898
-2.114475  -2.552300
-2.098281  -2.524402
-2.163019  -2.352732
-2.179633  -2.381122
-2.228801  -2.352034
-2.212524  -2.380773
-2.212187  -2.323644
-2.179296  -2.323993
-2.195584  -2.295271
-2.146627  -2.381364
-2.195910  -2.352383
-2.260872  -2.180331
-2.277529  -2.208727
-2.244557  -2.209079
-2.343150  -2.151002
-2.392014  -2.064911
-2.375726  -2.093608
-2.359438  -2.122305
-2.326625  -2.122676
-2.310100  -2.094350
-2.277194  -2.151625
-2.310172  -2.151313
-2.293647  -2.122987
-2.310507  -2.208416
-2.326828  -2.179709
-2.293850  -2.180020
-2.359201  -2.065282
-2.326388  -2.065653
-2.342913  -2.093979
-2.358740  -2.008109
-2.440912  -1.979029
-2.424613  -2.007657
-2.408313  -2.036284
-2.375377  -2.036510
-2.375039  -1.979482
-2.407976  -1.979255
-2.391676  -2.007883
-2.342564  -2.036881
-2.407544  -1.922238
-2.424228  -1.950634
-2.391292  -1.950860
-2.489578  -1.893092
-2.457134  -1.950384
-2.473356  -1.921738
-2.423766  -1.893592
-2.456672  -1.893342
-2.456257  -1.836342
-2.472917  -1.864717
-2.440011  -1.864967
-2.440450  -1.921988
-2.538306  -1.807234
-2.472499  -1.807722
-2.505402  -1.807478
-2.504985  -1.750495
-2.521645  -1.778864
-2.488742  -1.779109
-2.522063  -1.835853
-2.505821  -1.864473
-2.489160  -1.836097
-2.587058  -1.721417
-2.521236  -1.721889
-2.554147  -1.721653
-2.553700  -1.664670
-2.570379  -1.693043
-2.537468  -1.693280
-2.570807  -1.750023
-2.554557  -1.778628
-2.537896  -1.750259
-2.635789  -1.635486
-2.684492  -1.549555
-2.652023  -1.606842
-2.668258  -1.578199
-2.651557  -1.549872
-2.618622  -1.550190
-2.619088  -1.607160
-2.602388  -1.578833
-2.635323  -1.578516
-2.603302  -1.692773
-2.619545  -1.664130
-2.569943  -1.636027
-2.602866  -1.635756
-2.586623  -1.664400
-2.586166  -1.607430
-2.584570  -1.379649
-2.633679  -1.293669
-2.617309  -1.322329
-2.600940  -1.350989
-2.551246  -1.322800
-2.518728  -1.380149
-2.551649  -1.379899
-2.567908  -1.351225
-2.534987  -1.351475
-2.568279  -1.408250
-2.551987  -1.436851
-2.535358  -1.408500
-2.567615  -1.294140
-2.600647  -1.293904
-2.584277  -1.322564
-2.583361  -1.208160
-2.532932  -1.122643
-2.482300  -1.036938
-2.516054  -1.094074
-2.499177  -1.065506
-2.450076  -1.094679
-2.466188  -1.065808
-2.416196  -1.037371
-2.449248  -1.037155
-2.433136  -1.066025
-2.567101  -1.236898
-2.550842  -1.265637
-2.550348  -1.208438
-2.517335  -1.208716
-2.516729  -1.151426
-2.500526  -1.180210
-2.549741  -1.151148
-2.566551  -1.179654
-2.533538  -1.179932
-2.534089  -1.237176
-2.600133  -1.236663
-2.616906  -1.265166
-2.583874  -1.265401
-2.634545  -1.464724
-2.601229  -1.408007
-2.617887  -1.436366
-2.568645  -1.465209
-2.601973  -1.521913
-2.618259  -1.493318
-2.601595  -1.464967
-2.585309  -1.493561
-2.584937  -1.436608
-2.667843  -1.521278
-2.651194  -1.493001
-2.634908  -1.521595
-2.499942  -1.122945
-2.466953  -1.123247
-2.483065  -1.094377
-2.483739  -1.151729
-2.431765  -0.951205
-2.448610  -0.979783
-2.465455  -1.008360
-2.399351  -1.008794
-2.415558  -0.979999
-2.432403  -1.008577
-2.365579  -0.951586
-2.398672  -0.951395
-2.382465  -0.980190
-2.381663  -0.865961
-2.415064  -0.922791
-2.398363  -0.894376
-2.348878  -0.923171
-2.315461  -0.866391
-2.348562  -0.866176
-2.365270  -0.894566
-2.332169  -0.894781
-2.381971  -0.922981
-2.331407  -0.780648
-2.281276  -0.695251
-2.297987  -0.723717
-2.314697  -0.752182
-2.298350  -0.780836
-2.265293  -0.781024
-2.264930  -0.723905
-2.248583  -0.752559
-2.281640  -0.752371
-2.315058  -0.809300
-2.298709  -0.837953
-2.282001  -0.809489
-2.348159  -0.809086
-2.364911  -0.837523
-2.331810  -0.837738
-2.215051  -0.695673
-2.230749  -0.609704
-2.214479  -0.638430
-2.198208  -0.667157
-2.164710  -0.610281
-2.197730  -0.609992
-2.181459  -0.638719
-2.248163  -0.695462
-2.247592  -0.638220
-2.264434  -0.666735
-2.231321  -0.666946
-2.231817  -0.724116
-2.180470  -0.524356
-2.197230  -0.552805
-2.213990  -0.581254
-2.147950  -0.581832
-2.164210  -0.553094
-2.180970  -0.581543
-2.114437  -0.524937
-2.147454  -0.524647
-2.131194  -0.553384
-2.031146  -0.439913
-1.980902  -0.354513
-1.881766  -0.355353
-1.782644  -0.356236
-1.865508  -0.384109
-1.849250  -0.412865
-1.799427  -0.384697
-1.816210  -0.413159
-1.815685  -0.355941
-1.848725  -0.355647
-1.832467  -0.384403
-2.064662  -0.496790
-2.047904  -0.468351
-1.998631  -0.497377
-2.014889  -0.468645
-2.031647  -0.497084
-1.965100  -0.440466
-1.997650  -0.382980
-2.014398  -0.411446
-1.998123  -0.440190
-1.948352  -0.412000
-1.964627  -0.383257
-1.914811  -0.355073
-1.947857  -0.354793
-1.898536  -0.383816
-1.915306  -0.412280
-1.882278  -0.412572
-1.981866  -0.468922
-2.130204  -0.439043
-2.163715  -0.495918
-2.146960  -0.467480
-2.097682  -0.496500
-2.113943  -0.467771
-2.130698  -0.496209
-2.097185  -0.439333
-2.064165  -0.439623
-2.080924  -0.468061
-1.766389  -0.384993
-1.750134  -0.413751
-1.783172  -0.413455
-1.931582  -0.383536
-1.981375  -0.411723
-1.683524  -0.357120
-1.584388  -0.358006
-1.617969  -0.414928
-1.601179  -0.386467
-1.551848  -0.415523
-1.568118  -0.386765
-1.584908  -0.415226
-1.667269  -0.385876
-1.650479  -0.357415
-1.617434  -0.357711
-1.651014  -0.414633
-1.634224  -0.386172
-1.717093  -0.414046
-1.700309  -0.385583
-1.684054  -0.414339
-1.749604  -0.356530
-1.716564  -0.356825
-1.733349  -0.385288
-1.485259  -0.358888
-1.518302  -0.358594
-1.551345  -0.358300
-1.502031  -0.387352
-1.518804  -0.415817
-1.535075  -0.387058
-1.469014  -0.387649
-1.452769  -0.416411
-1.485787  -0.416114
-1.386140  -0.359774
-1.402935  -0.388240
-1.419729  -0.416706
-1.452219  -0.359183
-1.419180  -0.359479
-1.435974  -0.387945
-1.370407  -0.388224
-1.354674  -0.416674
-1.387202  -0.416690
-1.290211  -0.358914
-1.354164  -0.359488
-1.322188  -0.359201
-1.322698  -0.416387
-1.306455  -0.387651
-1.338431  -0.387937
-1.274611  -0.384579
-1.259010  -0.410244
-1.290854  -0.413315
-1.202200  -0.345388
-1.229673  -0.405735
-1.215937  -0.375561
-1.167149  -0.393944
-1.184675  -0.369666
-1.198411  -0.399839
-1.260874  -0.354406
-1.231537  -0.349897
-1.245274  -0.380070
-1.119509  -0.324668
-1.030526  -0.295533
-1.076156  -0.369345
-1.097832  -0.347006
-1.060187  -0.305245
-1.089848  -0.314956
-1.038510  -0.327583
-1.046494  -0.359633
-1.068171  -0.337295
-1.129547  -0.355852
-1.139585  -0.387037
-1.107870  -0.378191
-1.147073  -0.331574
-1.174637  -0.338481
-1.157111  -0.362759
-1.924454  0.417837
-1.891399  0.417539
-1.858345  0.417241
-1.890884  0.474798
-1.907669  0.446317
-1.874614  0.446020
-1.957003  0.475390
-1.940728  0.446614
-1.923943  0.475094
-1.677338  0.329725
-1.578160  0.328900
-1.479066  0.328001
-1.380655  0.326735
-1.283580  0.324790
-1.315938  0.325438
-1.348297  0.326086
-1.347637  0.383371
-1.364146  0.355053
-1.315279  0.382723
-1.299429  0.353756
-1.331788  0.354404
-1.693598  0.358509
-1.709858  0.387292
-1.643722  0.386746
-1.644278  0.329450
-1.611219  0.329175
-1.610663  0.386471
-1.594411  0.357685
-1.544510  0.385957
-1.561335  0.357429
-1.512097  0.328301
-1.545129  0.328600
-1.495272  0.356829
-1.462281  0.356528
-1.412693  0.384633
-1.396674  0.355684
-1.380165  0.384002
-1.660530  0.358235
-1.627471  0.357960
-1.676790  0.387019
-1.776486  0.330621
-1.875641  0.331515
-1.842074  0.388467
-1.858857  0.359991
-1.908183  0.389063
-1.891912  0.360289
-1.875128  0.388765
-1.759697  0.359106
-1.742907  0.387591
-1.809022  0.388169
-1.842589  0.331217
-1.809538  0.330919
-1.792754  0.359395
-1.825806  0.359693
-1.775965  0.387880
-1.743437  0.330322
-1.710387  0.330024
-1.726647  0.358807
-1.577587  0.386214
-1.445497  0.385056
-1.446262  0.327579
-1.413459  0.327157
-1.429478  0.356106
-1.511479  0.385658
-1.478488  0.385357
-1.528304  0.357129
-1.267704  0.352866
-1.189507  0.324164
-1.252222  0.324581
-1.220864  0.324372
-1.204989  0.352449
-1.220471  0.380733
-1.157254  0.379049
-1.173380  0.351606
-1.188863  0.379891
-1.251829  0.380942
-1.236347  0.352657
-1.283554  0.381832
-1.106087  0.329901
-1.030526  0.295533
-1.055713  0.306989
-1.080900  0.318445
-1.071681  0.371089
-1.129447  0.380961
-1.117767  0.355431
-1.088884  0.350495
-1.100564  0.376025
-1.161700  0.326076
-1.133894  0.327988
-1.145574  0.353519
-1.046494  0.359633
-1.038510  0.327583
-1.063697  0.339039
-2.023686  0.418695
-2.122932  0.419542
-2.171722  0.505911
-2.155459  0.477121
-2.139196  0.448331
-2.089296  0.476544
-2.056768  0.418977
-2.089850  0.419259
-2.106114  0.448043
-2.056214  0.476261
-2.039950  0.447478
-2.073032  0.447760
-1.990080  0.475677
-2.006883  0.447186
-2.023147  0.475969
-1.957531  0.418123
-1.990609  0.418409
-1.973806  0.446900
-2.138641  0.505622
-2.105560  0.505333
-2.138110  0.562906
-2.154916  0.534408
-2.121835  0.534120
-2.122378  0.476832
-2.269349  0.678675
-2.318176  0.765071
-2.285625  0.707474
-2.301900  0.736272
-2.252004  0.764454
-2.285090  0.764763
-2.252539  0.707166
-2.235729  0.735656
-2.268814  0.735964
-2.236275  0.678372
-2.203200  0.678069
-2.219464  0.706862
-2.220520  0.592296
-2.204254  0.563501
-2.187988  0.534706
-2.187448  0.591998
-2.154376  0.591701
-2.203721  0.620786
-2.186923  0.649276
-2.253073  0.649882
-2.236796  0.621089
-2.219998  0.649579
-2.170650  0.620488
-2.301368  0.793559
-2.367041  0.851499
-2.333946  0.851178
-2.300850  0.850857
-2.350253  0.880006
-2.333466  0.908513
-2.317158  0.879685
-2.284561  0.822048
-2.350753  0.822690
-2.334464  0.793880
-2.317657  0.822369
-2.268283  0.793251
-2.415913  0.937904
-2.382835  0.937609
-2.349756  0.937314
-2.399623  0.909103
-2.383332  0.880301
-2.366544  0.908808
-2.399113  0.966388
-2.464764  1.024293
-2.431680  1.023980
-2.398595  1.023667
-2.431145  1.081268
-2.447954  1.052780
-2.414870  1.052468
-2.382312  0.994871
-2.432197  0.966701
-2.448481  0.995497
-2.415396  0.995184
-2.366034  0.966093
-2.171182  0.563203
-2.513644  1.110711
-2.497351  1.081905
-2.481057  1.053099
-2.480541  1.110392
-2.447438  1.110074
-2.464248  1.081586
-2.479983  1.167638
-2.496813  1.139174
-2.463710  1.138856
-2.562692  1.197202
-2.611825  1.284036
-2.579070  1.226147
-2.595447  1.255091
-2.545447  1.283087
-2.578636  1.283562
-2.529070  1.254143
-2.545881  1.225673
-2.562258  1.254617
-2.546343  1.168372
-2.529993  1.139541
-2.496332  1.196468
-2.529512  1.196835
-2.513163  1.168005
-2.512701  1.225306
-2.577825  1.340567
-2.594825  1.312301
-2.561636  1.311827
-2.660406  1.370968
-2.626591  1.428067
-2.643498  1.399517
-2.594018  1.369544
-2.627212  1.370256
-2.610305  1.398805
-2.644212  1.341990
-2.628018  1.313013
-2.611018  1.341279
-2.708833  1.457669
-2.692691  1.428768
-2.676548  1.399868
-2.642734  1.456967
-2.675783  1.457318
-2.659641  1.428418
-2.675266  1.514657
-2.692050  1.486163
-2.659000  1.485812
-2.656921  1.714853
-2.606289  1.800672
-2.555627  1.886532
-2.589401  1.829292
-2.572514  1.857912
-2.523213  1.828970
-2.539420  1.857751
-2.540100  1.800349
-2.590075  1.771899
-2.573862  1.743126
-2.573194  1.800511
-2.556981  1.771738
-2.640651  1.686111
-2.624381  1.657368
-2.623830  1.714687
-2.590739  1.714520
-2.623166  1.772066
-2.640043  1.743459
-2.606953  1.743293
-2.607560  1.685944
-2.707288  1.629412
-2.673710  1.686373
-2.690499  1.657893
-2.641171  1.628888
-2.674230  1.629150
-2.657440  1.657630
-2.674752  1.571905
-2.691020  1.600658
-2.657961  1.600396
-2.556307  1.829131
-2.489436  1.886258
-2.505264  1.972038
-2.554626  2.057627
-2.504252  2.143273
-2.537834  2.086176
-2.521043  2.114724
-2.471455  2.086030
-2.487853  2.114652
-2.488246  2.057482
-2.521436  2.057554
-2.504645  2.086103
-2.522531  1.886395
-2.522052  1.943536
-2.538839  1.915034
-2.472648  1.914760
-2.488956  1.943399
-2.439238  1.971553
-2.471792  2.028952
-2.538172  2.029097
-2.521718  2.000568
-2.488528  2.000495
-2.504982  2.029025
-2.506324  1.857614
-2.757656  1.543917
-2.724078  1.600914
-2.740867  1.572416
-2.691541  1.543406
-2.724598  1.543662
-2.707809  1.572160
-2.725107  1.486418
-2.741382  1.515168
-2.708324  1.514912
-2.472251  1.971795
-2.455515  2.000253
-2.455943  1.943156
-2.505744  1.914897
-2.453955  2.228435
-2.403591  2.313879
-2.370965  2.256504
-2.387278  2.285191
-2.437167  2.256916
-2.420379  2.285397
-2.420854  2.228229
-2.387753  2.228022
-2.404066  2.256710
-2.437604  2.199827
-2.438019  2.142831
-2.471135  2.143052
-2.470721  2.200048
-2.487486  2.171660
-2.421253  2.171219
-2.454370  2.171439
-2.404503  2.199620
-2.337553  2.313295
-2.353235  2.399148
-2.370572  2.313587
-2.370021  2.370725
-2.386806  2.342302
-2.337001  2.370433
-2.320767  2.341718
-2.353787  2.342010
-2.354259  2.284900
-2.454737  2.114431
-2.320263  2.398823
-2.287290  2.398498
-2.304029  2.370108
-2.302908  2.484459
-2.286711  2.455697
-2.270514  2.426935
-2.336460  2.427585
-2.319684  2.456022
-2.303487  2.427260
-2.269764  2.483546
-2.236621  2.482634
-2.253568  2.454785
-2.252194  2.567885
-2.286003  2.512268
-2.269099  2.540076
-2.219717  2.510443
-2.235955  2.539164
-2.252860  2.511355
-2.218962  2.566566
-2.201291  2.650424
-2.168763  2.592759
-2.185027  2.621591
-2.235226  2.595398
-2.218259  2.622911
-2.185730  2.565246
-2.201995  2.594078
-2.202723  2.537844
-2.137322  2.648543
-2.169307  2.649484
-2.153042  2.620651
-2.154125  2.734661
-2.137863  2.705642
-2.121600  2.676623
-2.088323  2.733593
-2.121224  2.734127
-2.104962  2.705108
-2.169847  2.706582
-2.185569  2.678503
-2.153585  2.677563
-2.105171  2.822049
-2.057880  2.914674
-2.089407  2.852924
-2.073643  2.883799
-2.023040  2.851079
-2.040460  2.882876
-2.038804  2.820204
-2.071988  2.821127
-2.056224  2.852001
-2.121489  2.792920
-2.137807  2.763791
-2.072005  2.762722
-2.088588  2.792386
-2.104906  2.763256
-2.055405  2.791463
-1.992496  2.911215
-2.025188  2.912944
-2.007768  2.881147
-2.008962  2.999711
-1.957631  3.085521
-1.856971  3.081835
-1.924078  3.084293
-1.890524  3.083064
-1.890411  3.023201
-1.873691  3.052518
-1.923965  3.024430
-1.940798  3.054975
-1.907244  3.053747
-1.992576  2.969636
-1.976190  2.939561
-1.941075  2.995826
-1.974741  3.056918
-1.991851  3.028314
-1.975018  2.997769
-1.957908  3.026372
-1.958633  2.967693
-2.025268  2.971365
-2.041574  2.943019
-2.008882  2.941290
-1.822078  3.019373
-1.839524  3.050604
-1.856244  3.021287
-1.789435  3.080167
-1.806870  3.169585
-1.739821  3.169788
-1.773346  3.169687
-1.772734  3.109417
-1.789802  3.139501
-1.756278  3.139603
-1.823203  3.081001
-1.840271  3.111085
-1.823571  3.140335
-1.806503  3.110251
-1.805756  3.049770
-1.756735  3.256938
-1.773447  3.227820
-1.790159  3.198703
-1.739922  3.227922
-1.723109  3.198906
-1.756634  3.198804
-1.690124  3.256373
-1.723430  3.256655
-1.706617  3.227639
-1.705344  3.340904
-1.722474  3.312915
-1.739604  3.284926
-1.672994  3.284362
-1.689169  3.312633
-1.706299  3.284644
-1.639485  3.341390
-1.672414  3.341147
-1.656240  3.312876
-1.552839  3.425550
-1.520571  3.425751
-1.488304  3.425953
-1.522323  3.368957
-1.537581  3.397254
-1.505313  3.397455
-1.588650  3.369605
-1.570745  3.397577
-1.555487  3.369281
-1.657018  3.440335
-1.689235  3.374047
-1.673127  3.407191
-1.623377  3.374533
-1.640197  3.407434
-1.656306  3.374290
-1.587565  3.430478
-1.622292  3.435406
-1.605471  3.402506
-1.507083  3.513861
-1.463604  3.612071
-1.354850  3.590850
-1.427353  3.604997
-1.391101  3.597924
-1.391435  3.539619
-1.373142  3.565235
-1.427686  3.546692
-1.445645  3.579382
-1.409394  3.572308
-1.474631  3.513909
-1.492590  3.546598
-1.478097  3.579334
-1.442179  3.513956
-1.460138  3.546645
-1.473052  3.455390
-1.490067  3.484626
-1.457615  3.484673
-1.537587  3.454987
-1.522335  3.484424
-1.505319  3.455189
-1.323066  3.535972
-1.338958  3.563411
-1.288298  3.594193
-1.298153  3.696810
-1.317052  3.661490
-1.335951  3.626170
-1.321574  3.592522
-1.269399  3.629513
-1.283776  3.663161
-1.302675  3.627842
-1.357250  3.537795
-1.305682  3.565083
-1.226167  3.683323
-1.262160  3.690067
-1.247783  3.656418
-1.210475  3.752967
-1.196941  3.702042
-1.203708  3.727504
-1.146605  3.751457
-1.178540  3.752212
-1.171773  3.726750
-1.268927  3.715529
-1.239701  3.734248
-1.232934  3.708786
-1.083362  3.850497
-1.179021  3.822291
-1.157570  3.798428
-1.136120  3.774565
-1.093798  3.817232
-1.104234  3.783967
-1.115248  3.841095
-1.147134  3.831693
-1.125684  3.807830
-1.189506  3.799183
-1.199990  3.776075
-1.168055  3.775320
-1.066816  3.829404
-1.050270  3.808310
-1.019140  3.867705
-1.051251  3.859101
-1.034705  3.838008
-1.077252  3.796139
-1.368081  -3.758770
-1.384173  -3.660347
-1.479052  -3.636142
-1.415146  -3.589492
-1.447099  -3.612817
-1.415799  -3.652278
-1.447426  -3.644210
-1.383846  -3.628954
-1.383519  -3.597561
-1.415472  -3.620885
-1.344003  -3.740286
-1.354731  -3.674671
-1.325289  -3.688995
-1.319925  -3.721803
-1.373445  -3.725963
-1.378809  -3.693155
-1.349367  -3.707479
-1.336703  -3.769750
-1.305325  -3.780730
-1.312625  -3.751266
-1.360367  -3.648835
-1.336561  -3.637324
-1.360040  -3.617442
-1.330925  -3.663159
-1.488831  -3.571647
-1.483942  -3.603894
-1.451988  -3.580570
-1.579237  -3.516259
-1.522226  -3.531686
-1.550732  -3.523972
-1.543576  -3.477693
-1.561406  -3.496976
-1.532901  -3.504690
-1.568973  -3.595071
-1.572394  -3.568800
-1.575816  -3.542529
-1.518805  -3.557957
-1.543889  -3.576514
-1.547310  -3.550243
-1.539000  -3.608761
-1.509026  -3.622451
-1.513915  -3.590204
-1.671985  -3.376126
-1.638655  -3.320014
-1.655320  -3.348070
-1.606462  -3.377145
-1.639224  -3.376635
-1.622559  -3.348579
-1.623691  -3.457033
-1.558394  -3.457952
-1.591042  -3.457492
-1.590364  -3.404114
-1.607028  -3.430574
-1.574379  -3.431033
-1.655887  -3.403095
-1.639789  -3.430064
-1.623126  -3.403605
-1.720748  -3.291238
-1.769413  -3.204523
-1.736319  -3.204864
-1.703225  -3.205205
-1.735659  -3.147441
-1.752536  -3.175982
-1.719442  -3.176323
-1.687829  -3.291478
-1.654909  -3.291718
-1.687003  -3.234110
-1.703875  -3.262674
-1.753191  -3.233428
-1.736969  -3.262333
-1.720097  -3.233769
-1.670956  -3.262914
-1.704493  -3.319534
-1.688239  -3.347830
-1.671574  -3.319774
-1.608873  -3.476775
-1.594055  -3.496517
-1.576224  -3.477234
-1.818100  -3.117793
-1.784994  -3.118162
-1.751888  -3.118531
-1.784291  -3.060755
-1.801195  -3.089274
-1.768089  -3.089643
-1.801871  -3.146703
-1.785642  -3.175613
-1.768765  -3.147072
-1.850542  -3.059939
-1.834321  -3.088866
-1.817416  -3.060347
-1.917522  -3.116622
-1.851241  -3.117403
-1.884381  -3.117012
-1.883682  -3.059548
-1.900602  -3.088085
-1.867461  -3.088476
-1.966144  -3.029766
-2.014775  -2.942853
-2.063408  -2.852570
-2.109092  -2.756882
-2.078636  -2.820674
-2.093864  -2.788778
-2.042881  -2.760692
-2.075987  -2.758787
-2.045531  -2.822579
-2.027653  -2.792588
-2.060759  -2.790683
-1.899890  -3.030597
-1.933017  -3.030182
-1.932304  -2.972637
-1.998565  -2.971824
-1.982355  -3.000795
-1.949224  -3.001202
-1.948515  -2.943666
-1.980928  -2.884703
-2.030986  -2.912759
-2.047197  -2.882664
-1.997139  -2.854609
-2.030274  -2.853589
-2.012396  -2.823598
-1.916097  -3.001617
-1.933729  -3.087670
-1.949937  -3.058718
-1.916809  -3.059133
-1.997852  -2.913778
-2.014063  -2.883684
-1.981645  -2.943260
-1.964721  -2.914185
-1.965435  -2.972231
-2.071691  -2.697272
-2.090392  -2.727077
-2.057286  -2.728982
-2.152802  -2.669348
-2.123662  -2.727704
-2.138232  -2.698526
-2.086261  -2.668094
-2.119532  -2.668721
-2.104962  -2.697899
-2.116360  -2.610251
-2.134581  -2.639799
-2.101311  -2.639173
-2.197363  -2.580297
-2.246312  -2.494956
-2.229623  -2.466475
-2.212935  -2.437993
-2.213257  -2.495136
-2.180203  -2.495315
-2.196569  -2.466654
-2.164289  -2.580432
-2.131214  -2.580567
-2.180625  -2.552030
-2.163887  -2.523762
-2.229996  -2.523403
-2.213679  -2.551850
-2.196941  -2.523583
-2.147550  -2.552165
-2.182510  -2.609980
-2.167656  -2.639664
-2.149435  -2.610116
-2.295306  -2.408747
-2.262286  -2.409002
-2.229266  -2.409257
-2.278563  -2.380263
-2.261821  -2.351779
-2.245544  -2.380518
-2.278974  -2.437484
-2.262643  -2.466220
-2.245955  -2.437738
-2.344268  -2.322575
-2.327574  -2.294091
-2.310880  -2.265607
-2.311205  -2.322815
-2.278142  -2.323055
-2.294511  -2.294331
-2.327947  -2.351299
-2.311626  -2.380023
-2.294884  -2.351539
-2.393119  -2.236389
-2.442049  -2.150287
-2.376462  -2.207926
-2.359806  -2.179464
-2.409082  -2.150525
-2.376116  -2.150764
-2.425739  -2.178987
-2.409429  -2.207688
-2.392772  -2.179226
-2.360141  -2.236633
-2.327163  -2.236878
-2.343485  -2.208171
-2.376835  -2.265117
-2.360551  -2.293846
-2.343857  -2.265362
-2.408692  -2.093370
-2.425370  -2.121828
-2.392404  -2.122067
-2.491028  -2.064264
-2.539738  -1.978264
-2.507265  -2.035598
-2.523501  -2.006931
-2.473854  -1.978774
-2.506796  -1.978519
-2.457617  -2.007441
-2.474323  -2.035853
-2.490559  -2.007186
-2.474702  -2.092938
-2.458375  -2.121613
-2.425019  -2.064696
-2.458024  -2.064480
-2.441697  -2.093154
-2.441318  -2.036068
-2.523018  -1.949873
-2.506298  -1.921483
-2.490076  -1.950129
-2.588424  -1.892352
-2.555967  -1.949627
-2.572195  -1.920989
-2.522527  -1.892845
-2.555475  -1.892599
-2.539247  -1.921236
-2.555012  -1.835607
-2.571718  -1.863979
-2.538769  -1.864226
-2.637078  -1.806587
-2.685896  -1.720693
-2.669624  -1.749324
-2.653351  -1.777956
-2.603732  -1.749807
-2.620405  -1.778197
-2.620004  -1.721176
-2.652950  -1.720934
-2.636678  -1.749566
-2.604154  -1.806803
-2.571230  -1.807018
-2.587481  -1.778413
-2.620860  -1.835175
-2.604642  -1.863764
-2.587936  -1.835391
-2.652491  -1.663888
-2.734678  -1.634655
-2.717949  -1.606288
-2.701221  -1.577922
-2.668752  -1.635209
-2.701715  -1.634932
-2.684986  -1.606565
-2.669194  -1.692291
-2.702157  -1.692013
-2.718417  -1.663334
-2.685454  -1.663611
-2.636248  -1.692532
-2.783465  -1.548927
-2.717483  -1.549346
-2.750474  -1.549136
-2.750940  -1.606079
-2.767202  -1.577503
-2.734211  -1.577712
-2.733451  -1.463964
-2.683555  -1.378995
-2.650560  -1.379213
-2.617565  -1.379431
-2.650304  -1.322111
-2.666930  -1.350553
-2.633935  -1.350771
-2.667514  -1.464471
-2.700482  -1.464218
-2.700187  -1.407318
-2.716819  -1.435641
-2.667218  -1.407572
-2.650882  -1.436148
-2.634224  -1.407789
-2.700812  -1.521025
-2.717131  -1.492495
-2.684163  -1.492748
-2.766793  -1.520606
-2.750122  -1.492285
-2.733802  -1.520815
-2.732865  -1.293012
-2.716428  -1.321673
-2.699992  -1.350334
-2.666741  -1.293450
-2.699803  -1.293231
-2.683366  -1.321892
-2.682553  -1.207415
-2.716094  -1.264479
-2.699324  -1.235947
-2.649970  -1.264918
-2.666262  -1.236166
-2.683032  -1.264698
-2.616425  -1.207911
-2.649489  -1.207663
-2.633198  -1.236414
-2.632239  -1.121919
-2.581773  -1.036357
-2.548615  -1.036550
-2.515458  -1.036744
-2.565492  -1.065119
-2.549212  -1.093881
-2.532335  -1.065312
-2.615946  -1.150666
-2.599653  -1.179413
-2.599136  -1.122160
-2.566034  -1.122402
-2.598595  -1.064877
-2.615417  -1.093398
-2.582314  -1.093639
-2.582844  -1.150907
-2.649010  -1.150418
-2.665782  -1.178916
-2.632718  -1.179165
-2.531444  -0.950808
-2.515063  -0.979518
-2.498681  -1.008228
-2.498218  -0.950940
-2.464991  -0.951073
-2.481836  -0.979650
-2.548220  -0.979324
-2.564997  -1.007840
-2.531839  -1.008034
-2.683850  -1.435895
-2.481017  -0.865404
-2.430941  -0.780129
-2.447899  -0.865590
-2.414781  -0.865776
-2.414515  -0.808740
-2.398089  -0.837351
-2.447633  -0.808554
-2.464325  -0.836979
-2.431207  -0.837165
-2.448182  -0.922605
-2.464600  -0.894005
-2.514635  -0.922340
-2.497826  -0.893872
-2.481409  -0.922472
-2.431482  -0.894190
-2.397763  -0.780302
-2.380606  -0.694640
-2.364206  -0.723309
-2.347807  -0.751978
-2.314386  -0.695047
-2.347496  -0.694844
-2.331096  -0.723513
-2.364585  -0.780475
-2.414162  -0.751633
-2.397384  -0.723136
-2.380984  -0.751806
-2.381337  -0.808913
-2.330021  -0.609015
-2.363744  -0.666098
-2.346883  -0.637557
-2.297525  -0.666506
-2.313773  -0.637760
-2.330634  -0.666302
-2.263840  -0.609474
-2.296931  -0.609245
-2.280682  -0.637990
-2.279537  -0.523480
-2.296365  -0.551991
-2.313193  -0.580503
-2.247012  -0.580962
-2.263274  -0.552221
-2.213492  -0.524064
-2.246515  -0.523772
-2.230252  -0.552513
-2.280102  -0.580733
-2.229246  -0.438114
-2.179053  -0.352828
-2.080001  -0.353722
-2.146036  -0.353126
-2.113019  -0.353424
-2.113470  -0.410603
-2.096736  -0.382162
-2.162770  -0.381566
-2.146487  -0.410304
-2.196232  -0.438423
-2.163218  -0.438733
-2.212515  -0.409685
-2.195784  -0.381256
-2.179501  -0.409995
-2.262773  -0.495024
-2.246009  -0.466569
-2.196729  -0.495608
-2.212987  -0.466861
-2.229751  -0.495316
-2.179973  -0.467171
-2.047431  -0.411183
-2.063716  -0.382453
-2.013935  -0.354250
-2.046968  -0.353986
-2.030683  -0.382716
-2.080451  -0.410893
-2.029980  -0.268369
-1.930597  -0.269086
-1.996853  -0.268608
-1.963725  -0.268847
-1.964134  -0.326038
-1.947366  -0.297562
-1.997262  -0.325799
-2.013621  -0.297084
-1.980493  -0.297323
-1.898043  -0.326597
-1.831442  -0.269948
-1.732310  -0.270832
-1.633179  -0.271717
-1.649961  -0.300185
-1.666742  -0.328652
-1.716048  -0.299594
-1.699786  -0.328357
-1.699266  -0.271127
-1.666223  -0.271422
-1.683004  -0.299889
-1.914320  -0.297842
-1.864494  -0.269661
-1.897546  -0.269374
-1.848216  -0.298417
-1.864991  -0.326885
-1.815176  -0.298711
-1.798910  -0.327473
-1.749088  -0.299300
-1.765866  -0.327768
-1.732826  -0.328062
-1.931089  -0.326318
-2.046654  -0.296820
-2.063328  -0.325271
-2.030295  -0.325535
-1.831951  -0.327179
-1.881268  -0.298129
-1.765354  -0.270537
-1.798398  -0.270243
-1.782132  -0.299005
-2.129753  -0.381864
-1.616916  -0.300480
-1.600652  -0.329243
-1.633697  -0.328948
-1.534053  -0.272604
-1.550831  -0.301071
-1.567610  -0.329539
-1.517788  -0.301365
-1.501523  -0.330127
-1.534567  -0.329833
-1.600137  -0.272013
-1.567095  -0.272308
-1.583873  -0.300776
-1.434928  -0.273492
-1.337719  -0.273317
-1.244615  -0.271352
-1.275650  -0.272007
-1.306685  -0.272662
-1.306047  -0.330382
-1.321883  -0.301849
-1.275013  -0.329727
-1.259814  -0.300540
-1.290849  -0.301194
-1.451705  -0.301957
-1.468482  -0.330423
-1.501011  -0.272900
-1.467969  -0.273196
-1.484746  -0.301661
-1.418665  -0.302253
-1.370000  -0.330955
-1.353860  -0.302136
-1.338024  -0.330668
-1.402403  -0.331013
-1.402525  -0.273433
-1.370122  -0.273375
-1.386262  -0.302194
-1.435442  -0.330718
-1.230477  -0.296031
-1.216339  -0.320709
-1.245676  -0.325218
-1.167586  -0.266780
-1.190662  -0.319185
-1.179124  -0.292983
-1.218939  -0.269828
-1.193263  -0.268304
-1.204801  -0.294507
-1.135535  -0.305372
-1.151561  -0.286076
-1.163099  -0.312279
-1.100537  -0.233364
-1.014648  -0.197729
-1.053863  -0.274810
-1.077200  -0.254087
-1.043278  -0.209607
-1.071907  -0.221486
-1.019940  -0.230330
-1.025233  -0.262932
-1.048570  -0.242209
-1.113185  -0.294233
-1.106861  -0.263799
-1.083524  -0.284522
-1.122887  -0.244503
-1.145237  -0.255641
-1.129211  -0.274937
-1.974909  0.332341
-1.926099  0.246026
-1.958639  0.303569
-1.942369  0.274797
-1.892460  0.303018
-1.826833  0.245199
-1.727686  0.244309
-1.793784  0.244902
-1.760735  0.244605
-1.760219  0.301850
-1.743953  0.273080
-1.793268  0.302147
-1.810051  0.273673
-1.777002  0.273376
-1.908731  0.331790
-1.941820  0.332065
-1.941273  0.389338
-1.958091  0.360839
-1.925002  0.360564
-1.991168  0.361125
-2.074149  0.333187
-2.007989  0.332623
-2.041069  0.332905
-2.057328  0.361689
-2.040507  0.390192
-2.007427  0.389910
-2.024248  0.361407
-1.974350  0.389624
-1.628545  0.243414
-1.644809  0.272184
-1.661073  0.300954
-1.710903  0.272781
-1.694120  0.301253
-1.694639  0.244010
-1.661592  0.243712
-1.677856  0.272482
-1.727170  0.301552
-1.611750  0.271909
-1.594955  0.300404
-1.628014  0.300679
-1.529410  0.242517
-1.595500  0.243115
-1.562455  0.242816
-1.545660  0.271311
-1.561910  0.300106
-1.512629  0.271012
-1.430283  0.241622
-1.496368  0.242219
-1.463325  0.241920
-1.446544  0.270415
-1.462805  0.299208
-1.495847  0.299506
-1.479586  0.270713
-1.528879  0.299806
-1.578705  0.271610
-1.413740  0.269993
-1.397198  0.298364
-1.430001  0.298786
-1.331161  0.240726
-1.233661  0.240141
-1.298661  0.240531
-1.266161  0.240336
-1.250300  0.268357
-1.266940  0.296573
-1.315301  0.268747
-1.299440  0.296768
-1.282801  0.268552
-1.347659  0.269395
-1.364157  0.298065
-1.331799  0.297417
-1.397242  0.241323
-1.364202  0.241024
-1.380700  0.269694
-1.218943  0.268149
-1.122574  0.239931
-1.014648  0.197729
-1.050623  0.211796
-1.086598  0.225864
-1.061208  0.276999
-1.091891  0.258465
-1.025233  0.262932
-1.019940  0.230330
-1.055916  0.244398
-1.204225  0.296156
-1.167196  0.296086
-1.144885  0.268008
-1.196632  0.240071
-1.159603  0.240001
-1.181914  0.268079
-1.235582  0.296365
-1.859372  0.302743
-1.843102  0.273971
-1.826320  0.302445
-1.859921  0.245474
-1.893010  0.245750
-1.909279  0.274522
-1.876191  0.274246
-1.925550  0.303294
-1.117078  0.269921
-1.111582  0.299911
-1.086395  0.288455
-1.139389  0.297998
-2.090410  0.361972
-2.106671  0.390757
-2.073589  0.390474
-2.173408  0.334017
-2.222149  0.420396
-2.189077  0.420111
-2.156005  0.419827
-2.156583  0.362525
-2.139757  0.391034
-2.189655  0.362810
-2.205902  0.391603
-2.172830  0.391318
-2.188531  0.477406
-2.205340  0.448901
-2.172268  0.448616
-2.140322  0.333740
-2.107235  0.333464
-2.123496  0.362249
-2.270952  0.506770
-2.238417  0.449187
-2.254685  0.477978
-2.204799  0.506197
-2.237876  0.506483
-2.221608  0.477692
-2.237330  0.563787
-2.254141  0.535278
-2.221065  0.534992
-2.368594  0.679589
-2.351788  0.708083
-2.334982  0.736577
-2.335512  0.679285
-2.302431  0.678980
-2.318706  0.707779
-2.319746  0.593185
-2.352311  0.650788
-2.336028  0.621986
-2.302947  0.621682
-2.286148  0.650178
-2.319230  0.650483
-2.286670  0.592888
-2.303481  0.564380
-2.287217  0.535575
-2.253595  0.592592
-2.270406  0.564083
-2.269872  0.621385
-2.417438  0.765989
-2.384351  0.765683
-2.351263  0.765377
-2.384875  0.708389
-2.401157  0.737189
-2.368069  0.736883
-2.383840  0.822996
-2.466308  0.852410
-2.400639  0.794493
-2.450018  0.823603
-2.433728  0.794796
-2.433219  0.852106
-2.400130  0.851803
-2.416929  0.823299
-2.367552  0.794187
-2.449510  0.880908
-2.432712  0.909406
-2.416421  0.880605
-2.515162  0.938813
-2.482079  0.938510
-2.448996  0.938207
-2.498877  0.910012
-2.482593  0.881211
-2.465794  0.909709
-2.498363  0.967307
-2.564020  1.025217
-2.530935  1.024909
-2.497849  1.024601
-2.530436  1.082213
-2.547228  1.053715
-2.514143  1.053407
-2.481563  0.995800
-2.547734  0.996416
-2.531448  0.967615
-2.514649  0.996108
-2.465280  0.967004
-2.612891  1.111629
-2.596601  1.082825
-2.580310  1.054021
-2.546726  1.111017
-2.579809  1.111323
-2.563518  1.082519
-2.579425  1.168678
-2.596158  1.140153
-2.563076  1.139847
-2.661660  1.197966
-2.710807  1.285393
-2.678043  1.227109
-2.694425  1.256251
-2.644819  1.284488
-2.677813  1.284941
-2.628437  1.255346
-2.645048  1.226656
-2.595682  1.197457
-2.628671  1.197712
-2.612059  1.226402
-2.629148  1.140408
-2.645404  1.169187
-2.612415  1.168933
-2.661431  1.255799
-2.677206  1.342443
-2.694007  1.313918
-2.661013  1.313466
-2.759288  1.372253
-2.808125  1.458319
-2.775567  1.400942
-2.791846  1.429631
-2.741930  1.457886
-2.774479  1.515385
-2.856941  1.544633
-2.806545  1.630149
-2.823344  1.601644
-2.840143  1.573138
-2.823846  1.544394
-2.790751  1.544156
-2.790249  1.601405
-2.773952  1.572661
-2.807048  1.572900
-2.693367  1.371396
-2.726328  1.371824
-2.725652  1.429197
-2.742470  1.400725
-2.709509  1.400296
-2.743128  1.343300
-2.726968  1.314346
-2.710167  1.342871
-2.791302  1.486852
-2.840669  1.515862
-2.824397  1.487091
-2.807574  1.515623
-2.775028  1.458103
-2.758205  1.486635
-2.758749  1.429414
-2.705751  1.801164
-2.756144  1.715698
-2.689995  1.715135
-2.723070  1.715416
-2.722549  1.772675
-2.739347  1.744187
-2.689475  1.772394
-2.673198  1.743624
-2.706272  1.743905
-2.672597  1.801000
-2.655178  1.886870
-2.621994  1.886758
-2.588811  1.886645
-2.638882  1.858137
-2.622585  1.829405
-2.605698  1.858025
-2.639443  1.800836
-2.688894  1.829733
-2.672036  1.858301
-2.655739  1.829569
-2.656320  1.772230
-2.739859  1.686936
-2.723574  1.658174
-2.773460  1.629903
-2.740374  1.629658
-2.789745  1.658665
-2.772944  1.687182
-2.756659  1.658420
-2.706784  1.686655
-2.604973  1.972174
-2.588525  1.943627
-2.572076  1.915080
-2.621708  1.943740
-2.638443  1.915305
-2.605259  1.915192
-2.571737  1.972129
-2.538501  1.972083
-2.588191  2.000659
-2.571408  2.029143
-2.554954  2.000613
-2.555288  1.943581
-2.757163  1.601159
-2.603381  2.143968
-2.570338  2.143736
-2.537295  2.143505
-2.587129  2.115188
-2.570878  2.086408
-2.554086  2.114956
-2.653752  2.058510
-2.620710  2.058216
-2.587668  2.057921
-2.637493  2.029731
-2.621233  2.000953
-2.604450  2.029437
-2.636962  2.086996
-2.620172  2.115482
-2.603920  2.086702
-2.553023  2.229368
-2.502678  2.314717
-2.469649  2.314438
-2.436620  2.314158
-2.486437  2.285956
-2.470196  2.257196
-2.453408  2.285677
-2.536766  2.200670
-2.520509  2.171971
-2.586595  2.172435
-2.569809  2.200901
-2.553552  2.172203
-2.520000  2.229057
-2.486978  2.228746
-2.536241  2.257818
-2.519460  2.286267
-2.503219  2.257507
-2.503743  2.200359
-2.452337  2.400051
-2.401971  2.485419
-2.385726  2.456662
-2.369481  2.427905
-2.419303  2.399750
-2.386269  2.399449
-2.435548  2.428507
-2.418759  2.456963
-2.402514  2.428206
-2.436088  2.371327
-2.419840  2.342603
-2.485898  2.343162
-2.469117  2.371606
-2.452869  2.342882
-2.403055  2.371026
-2.368950  2.485099
-2.335929  2.484779
-2.352705  2.456342
-2.351594  2.569895
-2.319137  2.512938
-2.335365  2.541416
-2.385179  2.513578
-2.368386  2.541736
-2.352158  2.513258
-2.285327  2.568555
-2.318461  2.569225
-2.302232  2.540746
-2.301204  2.651879
-2.252634  2.736000
-2.203433  2.822023
-2.152818  2.905787
-2.106598  3.000525
-2.137411  2.937366
-2.122005  2.968945
-2.090359  2.971908
-2.074119  2.943291
-2.121172  2.908749
-2.089526  2.911711
-2.121053  2.849962
-2.136935  2.877874
-2.105289  2.880837
-2.234595  2.650909
-2.267900  2.651394
-2.268824  2.707960
-2.285014  2.679919
-2.235520  2.707475
-2.218406  2.678949
-2.251710  2.679434
-2.268531  2.595883
-2.284867  2.623881
-2.251563  2.623396
-2.334797  2.597223
-2.318001  2.624551
-2.301664  2.596553
-2.186962  2.735108
-2.219833  2.793349
-2.236234  2.764675
-2.219798  2.735554
-2.170561  2.763782
-2.186997  2.792903
-2.203397  2.764228
-2.202684  2.707029
-2.137925  2.822041
-2.170679  2.822032
-2.154243  2.792911
-2.186561  2.849944
-2.169689  2.877866
-2.153807  2.849953
-2.105765  2.940328
-2.041507  2.999982
-2.056985  3.087093
-2.040977  3.057965
-2.024969  3.028838
-1.990749  3.086045
-2.023867  3.086569
-2.007859  3.057442
-2.074053  3.000253
-2.073522  3.058237
-2.090060  3.029381
-2.057515  3.029109
-2.057813  2.971636
-1.909381  3.173031
-1.891911  3.142633
-1.874441  3.112234
-1.925464  3.143861
-1.941547  3.114691
-1.907994  3.113463
-2.006423  3.172964
-1.990159  3.143816
-1.973895  3.114669
-1.941728  3.173009
-1.974076  3.172986
-1.957812  3.143839
-2.023277  3.144340
-2.040131  3.115716
-2.007013  3.115192
-1.875211  3.171883
-1.856173  3.256484
-1.839739  3.227518
-1.823305  3.198551
-1.789881  3.256786
-1.823027  3.256635
-1.806593  3.227669
-1.841041  3.170734
-1.873909  3.228666
-1.891645  3.200849
-1.857475  3.199700
-1.857741  3.141484
-1.804885  3.335538
-1.821981  3.309187
-1.839077  3.282835
-1.772785  3.283138
-1.788835  3.309338
-1.805931  3.282986
-1.738524  3.339115
-1.771705  3.337326
-1.755655  3.311126
-1.766657  3.414593
-1.742831  3.506518
-1.655158  3.546173
-1.685622  3.462396
-1.714227  3.484457
-1.684382  3.532955
-1.713607  3.519736
-1.655778  3.510893
-1.656398  3.475614
-1.685002  3.497675
-1.693564  3.431754
-1.750773  3.475876
-1.758715  3.445235
-1.730111  3.423173
-1.722169  3.453815
-1.725781  3.365467
-1.746219  3.390030
-1.709673  3.398610
-1.792142  3.361889
-1.779400  3.388241
-1.758962  3.363678
-1.585780  3.502811
-1.633272  3.461160
-1.609526  3.481986
-1.632032  3.531719
-1.608906  3.517265
-1.632652  3.496439
-1.563819  3.451304
-1.574799  3.477057
-1.598546  3.456232
-1.533315  3.510178
-1.567739  3.585881
-1.498316  3.603341
-1.533027  3.594611
-1.527301  3.537868
-1.547520  3.561874
-1.512808  3.570604
-1.559547  3.506495
-1.573752  3.558191
-1.579766  3.530501
-1.553534  3.534185
-1.548567  3.480741
-1.391798  3.677311
-1.379482  3.648490
-1.367166  3.619670
-1.360583  3.683810
-1.329368  3.690310
-1.348267  3.654990
-1.415734  3.655564
-1.439669  3.633817
-1.403418  3.626744
-1.461364  3.723495
-1.368081  3.758770
-1.438176  3.708100
-1.414987  3.692705
-1.375987  3.731617
-1.383892  3.704464
-1.344772  3.738117
-1.273947  3.791709
-1.321462  3.717463
-1.282016  3.760076
-1.290084  3.728443
-1.305325  3.780730
-1.336703  3.769750
-1.313394  3.749097
-1.462111  3.686354
-1.462857  3.649212
-1.438922  3.670959
-1.553739  3.685905
-1.523694  3.661293
-1.493649  3.636682
-1.492156  3.710965
-1.522947  3.698435
-1.492902  3.673824
-1.558406  3.652564
-1.563072  3.619222
-1.528361  3.627952
-1.352677  3.710964
-1.252789  3.778795
-1.231632  3.765881
-1.260858  3.747162
-1.210663  3.812097
-1.242305  3.801903
-1.221148  3.788989
-1.461364  -3.723495
-1.435634  -3.702446
-1.409903  -3.681396
-1.430270  -3.735253
-1.399175  -3.747012
-1.404539  -3.714204
-1.467260  -3.694377
-1.473156  -3.665259
-1.441530  -3.673328
-1.553739  -3.685905
-1.645148  -3.646023
-1.661232  -3.543970
-1.717203  -3.457402
-1.768355  -3.374648
-1.751304  -3.402233
-1.734253  -3.429817
-1.687058  -3.403218
-1.702130  -3.430310
-1.736231  -3.375141
-1.704108  -3.375633
-1.719181  -3.402725
-1.528844  -3.669317
-1.503948  -3.652729
-1.558817  -3.655627
-1.563895  -3.625349
-1.619757  -3.629039
-1.594365  -3.612055
-1.614679  -3.659317
-1.584209  -3.672611
-1.589287  -3.642333
-1.533922  -3.639039
-1.522947  -3.698435
-1.492156  -3.710965
-1.498052  -3.681847
-1.633900  -3.534733
-1.606569  -3.525496
-1.630479  -3.561004
-1.599726  -3.578037
-1.650510  -3.612006
-1.655871  -3.577988
-1.625118  -3.595021
-1.603147  -3.551767
-1.648718  -3.514991
-1.686032  -3.457279
-1.654862  -3.457156
-1.636205  -3.486012
-1.679889  -3.515114
-1.698546  -3.486258
-1.667375  -3.486135
-1.621387  -3.505754
-1.736617  -3.319041
-1.820141  -3.290094
-1.802879  -3.318279
-1.785617  -3.346463
-1.752486  -3.346845
-1.753879  -3.290857
-1.787010  -3.290476
-1.769748  -3.318660
-1.720362  -3.347337
-1.670960  -3.430187
-1.786322  -3.233047
-1.803232  -3.261571
-1.770101  -3.261952
-1.868868  -3.203369
-1.802564  -3.204139
-1.835716  -3.203754
-1.835023  -3.146319
-1.851945  -3.174844
-1.818793  -3.175229
-1.852626  -3.232277
-1.836383  -3.261186
-1.819474  -3.232662
-1.885086  -3.174453
-1.901304  -3.145537
-1.868163  -3.145928
-1.965768  -3.200747
-1.901168  -3.202495
-1.933468  -3.201621
-1.933604  -3.144664
-1.949686  -3.172705
-1.917386  -3.173579
-2.016433  -3.114507
-1.982907  -3.058013
-1.999670  -3.086260
-1.950492  -3.115917
-1.983463  -3.115212
-1.966700  -3.086965
-1.982657  -3.172001
-1.999545  -3.143254
-1.966574  -3.143959
-2.065530  -3.028584
-2.114176  -2.941345
-2.162663  -2.850725
-2.144806  -2.819444
-2.126949  -2.788163
-2.096493  -2.851955
-2.129578  -2.851340
-2.111721  -2.820059
-2.032402  -3.028978
-1.999273  -3.029372
-2.031694  -2.971430
-2.097961  -2.970425
-2.081746  -2.999505
-2.048612  -3.000007
-2.047909  -2.942351
-2.080331  -2.882162
-2.130339  -2.911139
-2.146501  -2.880932
-2.097254  -2.911753
-2.113416  -2.881547
-2.015483  -3.000401
-2.049165  -3.057225
-2.032799  -3.085866
-2.016036  -3.057619
-2.081043  -2.941848
-2.064120  -2.912256
-2.064827  -2.970928
-2.206840  -2.759127
-2.252388  -2.671611
-2.188827  -2.729201
-2.170815  -2.699274
-2.219193  -2.670857
-2.185998  -2.670102
-2.237206  -2.700783
-2.222023  -2.729955
-2.204010  -2.700029
-2.141675  -2.757630
-2.174257  -2.758379
-2.156245  -2.728452
-2.177389  -2.820193
-2.192114  -2.789660
-2.159532  -2.788912
-2.215705  -2.610735
-2.296823  -2.581041
-2.282011  -2.611231
-2.267200  -2.641421
-2.234047  -2.641173
-2.263670  -2.580793
-2.230516  -2.580545
-2.263149  -2.523651
-2.279986  -2.552346
-2.246833  -2.552098
-2.200851  -2.640418
-2.248858  -2.610983
-2.345434  -2.494241
-2.312393  -2.494480
-2.279353  -2.494718
-2.312015  -2.437245
-2.328725  -2.465743
-2.295684  -2.465982
-2.329230  -2.523175
-2.313026  -2.552108
-2.296190  -2.523413
-2.394387  -2.408035
-2.361360  -2.408272
-2.328333  -2.408510
-2.360974  -2.351061
-2.377680  -2.379548
-2.344653  -2.379786
-2.378069  -2.436770
-2.361752  -2.465506
-2.345042  -2.437008
-2.443337  -2.321874
-2.410314  -2.322107
-2.377291  -2.322341
-2.409858  -2.264884
-2.426598  -2.293379
-2.393574  -2.293612
-2.427020  -2.350594
-2.410704  -2.379314
-2.393997  -2.350828
-2.492245  -2.235728
-2.459203  -2.235948
-2.426161  -2.236169
-2.458781  -2.178767
-2.475513  -2.207248
-2.442471  -2.207468
-2.475942  -2.264443
-2.459640  -2.293159
-2.442900  -2.264664
-2.541144  -2.149621
-2.590029  -2.063509
-2.573265  -2.035094
-2.556502  -2.006679
-2.524029  -2.064012
-2.557029  -2.063760
-2.540265  -2.035346
-2.524844  -2.178323
-2.508544  -2.207026
-2.475080  -2.150065
-2.508112  -2.149843
-2.491812  -2.178545
-2.507734  -2.092716
-2.557439  -2.120917
-2.573734  -2.092213
-2.524439  -2.121169
-2.540734  -2.092465
-2.491407  -2.121391
-2.638709  -1.977451
-2.606256  -2.034823
-2.622482  -2.006137
-2.605718  -1.977722
-2.572728  -1.977993
-2.589492  -2.006408
-2.621947  -1.949085
-2.605186  -1.920718
-2.588957  -1.949356
-2.687305  -1.891580
-2.621384  -1.892094
-2.654344  -1.891837
-2.654907  -1.948827
-2.671106  -1.920203
-2.638146  -1.920461
-2.653820  -1.834918
-2.670562  -1.863249
-2.637602  -1.863506
-2.735958  -1.805779
-2.784846  -1.719982
-2.833700  -1.633829
-2.882528  -1.547912
-2.849976  -1.605190
-2.866252  -1.576551
-2.849507  -1.548250
-2.816486  -1.548589
-2.816955  -1.605529
-2.800210  -1.577228
-2.833231  -1.576889
-2.670038  -1.806317
-2.702998  -1.806048
-2.702584  -1.749055
-2.719271  -1.777417
-2.686311  -1.777686
-2.719740  -1.834379
-2.703522  -1.862979
-2.686780  -1.834648
-2.751400  -1.663097
-2.801131  -1.691265
-2.817415  -1.662547
-2.767685  -1.634380
-2.800692  -1.634105
-2.768123  -1.691540
-2.784408  -1.662822
-2.718880  -1.720456
-2.751863  -1.720219
-2.735140  -1.691777
-2.768550  -1.748581
-2.752254  -1.777180
-2.735567  -1.748818
-2.783947  -1.605804
-2.832333  -1.463115
-2.865796  -1.519646
-2.849065  -1.491380
-2.799754  -1.520323
-2.816044  -1.491719
-2.832775  -1.519985
-2.766411  -1.463681
-2.782528  -1.378162
-2.749537  -1.378440
-2.716546  -1.378718
-2.749419  -1.321395
-2.765973  -1.349779
-2.732982  -1.350056
-2.799372  -1.463398
-2.799130  -1.406480
-2.815731  -1.434797
-2.766169  -1.406763
-2.749810  -1.435364
-2.733178  -1.407041
-2.783083  -1.492002
-2.782771  -1.435080
-2.781704  -1.206633
-2.748654  -1.206894
-2.715604  -1.207154
-2.765424  -1.235426
-2.749144  -1.264219
-2.732374  -1.235687
-2.831752  -1.292030
-2.798789  -1.292358
-2.765827  -1.292685
-2.815069  -1.263565
-2.798386  -1.235099
-2.782107  -1.263892
-2.815344  -1.320741
-2.798936  -1.349452
-2.782381  -1.321068
-2.731442  -1.121138
-2.748196  -1.149636
-2.764950  -1.178135
-2.715146  -1.149897
-2.698850  -1.178656
-2.731900  -1.178395
-2.665307  -1.121659
-2.698374  -1.121398
-2.682078  -1.150157
-2.681111  -1.035649
-2.664820  -1.064406
-2.648529  -1.093162
-2.614885  -1.036121
-2.647998  -1.035885
-2.631707  -1.064642
-2.697888  -1.064146
-2.714665  -1.092642
-2.681597  -1.092902
-2.630850  -0.950218
-2.580551  -0.864744
-2.547373  -0.864964
-2.514195  -0.865184
-2.564182  -0.893432
-2.547813  -0.922120
-2.531004  -0.893652
-2.614491  -0.978931
-2.598132  -1.007644
-2.597715  -0.950415
-2.564579  -0.950612
-2.597317  -0.893236
-2.614083  -0.921727
-2.580948  -0.921924
-2.581356  -0.979128
-2.647603  -0.978695
-2.664357  -1.007172
-2.631244  -1.007408
-2.530243  -0.779329
-2.479899  -0.693985
-2.513462  -0.750881
-2.496680  -0.722433
-2.463580  -0.722700
-2.447260  -0.751415
-2.497142  -0.779596
-2.464041  -0.779863
-2.480361  -0.751148
-2.513834  -0.808021
-2.497426  -0.836712
-2.547012  -0.807801
-2.563782  -0.836272
-2.530604  -0.836492
-2.480734  -0.808287
-2.446801  -0.694203
-2.413704  -0.694421
-2.430482  -0.722918
-2.429213  -0.608298
-2.396149  -0.608537
-2.363085  -0.608776
-2.396808  -0.665859
-2.413011  -0.637079
-2.379947  -0.637318
-2.463004  -0.665423
-2.446109  -0.636861
-2.429906  -0.665641
-2.378745  -0.522718
-2.362504  -0.551484
-2.346262  -0.580249
-2.395568  -0.551245
-2.412391  -0.579772
-2.379327  -0.580010
-2.312606  -0.523226
-2.328329  -0.437287
-2.345134  -0.465764
-2.361940  -0.494241
-2.345676  -0.522972
-2.295801  -0.494749
-2.312065  -0.466018
-2.328870  -0.494495
-2.329434  -0.551738
-2.262273  -0.437838
-2.278165  -0.351975
-2.228050  -0.266599
-2.261460  -0.323516
-2.244755  -0.295057
-2.195386  -0.324085
-2.211718  -0.295342
-2.245128  -0.352259
-2.212090  -0.352543
-2.245552  -0.409401
-2.261858  -0.380688
-2.228821  -0.380972
-2.295301  -0.437562
-2.311607  -0.408849
-2.294886  -0.380412
-2.278580  -0.409125
-2.279037  -0.466293
-2.128944  -0.267450
-2.096316  -0.324965
-2.112630  -0.296207
-2.162350  -0.324368
-2.145647  -0.295909
-2.129333  -0.324667
-2.228423  -0.323800
-2.161980  -0.267166
-2.195015  -0.266882
-2.178683  -0.295625
-2.062968  -0.268063
-2.095956  -0.267756
-2.079642  -0.296514
-1.979742  -0.182990
-1.963360  -0.211689
-1.946979  -0.240388
-1.996488  -0.211450
-2.013234  -0.239910
-1.980107  -0.240149
-2.078820  -0.182081
-2.062540  -0.210844
-2.046260  -0.239607
-2.045794  -0.182384
-2.012768  -0.182687
-2.029514  -0.211147
-2.095528  -0.210537
-2.112236  -0.238994
-2.079248  -0.239300
-1.880351  -0.183720
-1.946611  -0.183233
-1.913481  -0.183476
-1.913849  -0.240631
-1.897100  -0.212175
-1.930230  -0.211932
-1.847745  -0.241205
-1.781117  -0.184543
-1.814195  -0.184269
-1.847273  -0.183994
-1.864048  -0.212463
-1.797892  -0.213012
-1.814667  -0.241480
-1.764848  -0.213306
-1.681976  -0.185425
-1.665710  -0.214189
-1.649445  -0.242953
-1.698754  -0.213894
-1.715532  -0.242363
-1.682488  -0.242658
-1.880797  -0.240918
-1.748579  -0.242069
-1.748070  -0.184837
-1.715023  -0.185131
-1.731801  -0.213600
-1.781623  -0.241774
-1.830970  -0.212737
-1.582845  -0.186314
-1.616401  -0.243249
-1.599623  -0.214782
-1.648932  -0.185721
-1.615889  -0.186018
-1.632667  -0.214485
-1.566581  -0.215077
-1.550317  -0.243841
-1.583359  -0.243545
-1.483716  -0.187195
-1.384588  -0.188062
-1.285832  -0.188306
-1.351669  -0.188143
-1.318751  -0.188224
-1.303128  -0.216643
-1.320424  -0.244980
-1.272093  -0.215988
-1.258354  -0.243670
-1.289389  -0.244325
-1.467454  -0.215960
-1.418148  -0.245015
-1.401368  -0.216538
-1.450674  -0.187484
-1.417631  -0.187773
-1.451191  -0.244726
-1.434411  -0.216249
-1.517274  -0.244134
-1.500495  -0.215664
-1.484232  -0.244430
-1.549802  -0.186608
-1.516759  -0.186901
-1.533538  -0.215371
-1.368965  -0.216480
-1.353342  -0.244898
-1.336046  -0.216561
-1.385745  -0.244957
-1.186347  -0.189797
-1.252670  -0.188803
-1.219508  -0.189300
-1.205769  -0.216982
-1.225192  -0.244167
-1.238931  -0.216485
-1.180093  -0.215458
-1.173840  -0.241119
-1.199516  -0.242643
-1.157743  -0.204320
-1.091408  -0.143148
-1.005547  -0.099052
-1.040234  -0.179535
-1.065821  -0.161342
-1.034167  -0.113751
-1.062788  -0.128449
-1.008581  -0.131944
-1.011614  -0.164837
-1.037201  -0.146643
-1.129140  -0.218842
-1.094451  -0.173220
-1.097494  -0.203292
-1.123054  -0.158698
-1.154700  -0.174247
-1.126097  -0.188770
-1.151490  -0.229980
-1.068864  -0.191414
-2.025361  0.246851
-1.976554  0.160534
-1.877285  0.159718
-1.943464  0.160262
-1.910375  0.159990
-1.909828  0.217256
-1.893556  0.188487
-1.959736  0.189031
-1.959186  0.246301
-1.992273  0.246576
-1.992823  0.189306
-2.009092  0.218079
-1.942917  0.217528
-1.976004  0.217804
-1.991727  0.303844
-2.008544  0.275348
-1.975456  0.275072
-2.057886  0.304408
-2.041623  0.275630
-2.024806  0.304126
-1.926646  0.188759
-1.843650  0.216705
-1.778030  0.158893
-1.678887  0.158003
-1.579750  0.157114
-1.612280  0.214647
-1.596015  0.185881
-1.645842  0.157707
-1.612796  0.157411
-1.662106  0.186473
-1.645326  0.214943
-1.629061  0.186177
-1.860468  0.188212
-1.811115  0.159168
-1.844200  0.159443
-1.810565  0.216430
-1.744467  0.215837
-1.744982  0.158597
-1.711935  0.158300
-1.711420  0.215540
-1.695153  0.186772
-1.678373  0.215242
-1.876739  0.216981
-1.761249  0.187365
-1.728201  0.187068
-1.794298  0.187662
-1.777516  0.216134
-1.827383  0.187937
-2.124633  0.247667
-2.107805  0.276174
-2.090977  0.304680
-2.140891  0.276450
-2.157150  0.305234
-2.124063  0.304957
-2.091542  0.247395
-2.058451  0.247123
-2.074714  0.275902
-1.562970  0.185582
-1.480619  0.156224
-1.513147  0.213753
-1.496883  0.184989
-1.546706  0.156817
-1.513663  0.156521
-1.546190  0.214050
-1.529926  0.185285
-1.579235  0.214348
-1.463840  0.184690
-1.381495  0.155332
-1.282779  0.154710
-1.348589  0.155125
-1.315684  0.154918
-1.315034  0.212054
-1.298906  0.183382
-1.364717  0.183797
-1.347939  0.212261
-1.331812  0.183589
-1.447062  0.213156
-1.414020  0.212858
-1.397757  0.184095
-1.447578  0.155927
-1.414536  0.155629
-1.430799  0.184393
-1.480104  0.213454
-1.380980  0.212560
-1.266406  0.183187
-1.250034  0.211664
-1.282534  0.211859
-1.188288  0.156514
-1.096920  0.137264
-1.105471  0.171486
-1.114022  0.205708
-1.042072  0.177574
-1.069496  0.157419
-1.078047  0.191641
-1.144478  0.212125
-1.166383  0.184319
-1.127376  0.143680
-1.157832  0.150097
-1.135927  0.177903
-1.218537  0.212265
-1.203412  0.184389
-1.181508  0.212195
-1.251282  0.155311
-1.219785  0.155913
-1.234909  0.183788
-1.005547  0.099052
-1.036005  0.111789
-1.066462  0.124526
-1.011614  0.164837
-1.008581  0.131944
-1.039038  0.144681
-2.223790  0.248549
-2.157685  0.247961
-2.190737  0.248255
-2.206996  0.277039
-2.190202  0.305528
-2.173944  0.276744
-2.272598  0.334878
-2.206471  0.334304
-2.239535  0.334591
-2.240059  0.277325
-2.256329  0.306102
-2.223265  0.305815
-2.255782  0.363384
-2.238966  0.391890
-2.222718  0.363097
-2.321366  0.421271
-2.370167  0.507658
-2.287757  0.478270
-2.304562  0.449771
-2.353900  0.478862
-2.337633  0.450067
-2.337095  0.507362
-2.304024  0.507066
-2.320829  0.478566
-2.255222  0.420688
-2.288294  0.420980
-2.271489  0.449479
-2.288854  0.363676
-2.305110  0.392474
-2.272038  0.392182
-2.336553  0.564676
-2.418989  0.594070
-2.402715  0.565266
-2.386441  0.536462
-2.353360  0.536167
-2.385908  0.593775
-2.352827  0.593480
-2.402191  0.622577
-2.385392  0.651083
-2.369110  0.622281
-2.320288  0.535871
-2.467849  0.680473
-2.451562  0.651672
-2.435276  0.622871
-2.434764  0.680179
-2.401679  0.679884
-2.418477  0.651378
-2.451045  0.708979
-2.516709  0.766892
-2.483619  0.766591
-2.450528  0.766290
-2.483108  0.823904
-2.499908  0.795398
-2.466818  0.795097
-2.434242  0.737484
-2.500422  0.738086
-2.484135  0.709280
-2.467332  0.737785
-2.417960  0.708684
-2.369634  0.564971
-2.565565  0.853307
-2.532479  0.853008
-2.499394  0.852709
-2.531963  0.910311
-2.548764  0.881809
-2.515678  0.881510
-2.549279  0.824502
-2.532994  0.795697
-2.516194  0.824203
-2.614415  0.939716
-2.581330  0.939415
-2.548246  0.939114
-2.580818  0.996717
-2.597616  0.968216
-2.564532  0.967916
-2.598131  0.910913
-2.581848  0.882110
-2.565047  0.910612
-2.663251  1.026128
-2.646972  0.997324
-2.630693  0.968520
-2.597097  1.025521
-2.630174  1.025824
-2.613895  0.997020
-2.629678  1.083129
-2.646464  1.054628
-2.613387  1.054325
-2.712110  1.112541
-2.761057  1.199341
-2.744307  1.228025
-2.727557  1.256709
-2.727925  1.198883
-2.694792  1.198425
-2.711175  1.227567
-2.679537  1.054932
-2.695824  1.083736
-2.645964  1.111933
-2.679037  1.112237
-2.662751  1.083433
-2.695293  1.141016
-2.678477  1.169491
-2.728426  1.141474
-2.744741  1.170408
-2.711609  1.169949
-2.662220  1.140712
-2.809733  1.285778
-2.858574  1.372542
-2.907455  1.458903
-2.841758  1.401134
-2.824941  1.429727
-2.874345  1.458709
-2.841235  1.458514
-2.891161  1.430116
-2.874868  1.401329
-2.858051  1.429921
-2.776758  1.285649
-2.743783  1.285521
-2.777282  1.228153
-2.793508  1.256965
-2.760533  1.256837
-2.776103  1.343428
-2.842294  1.343620
-2.826013  1.314699
-2.792918  1.314603
-2.792384  1.372349
-2.825479  1.372445
-2.809199  1.343524
-2.759943  1.314475
-2.808662  1.401038
-2.890617  1.487480
-2.956382  1.545332
-2.905896  1.630927
-2.889578  1.602162
-2.873260  1.573397
-2.872779  1.630668
-2.839662  1.630408
-2.856461  1.601903
-2.873779  1.516056
-2.923235  1.545099
-2.890088  1.544866
-2.939553  1.573863
-2.922725  1.602395
-2.906407  1.573630
-2.857507  1.487285
-2.940073  1.516522
-2.923764  1.487713
-2.906926  1.516289
-2.855435  1.716511
-2.822338  1.716240
-2.789241  1.715969
-2.839138  1.687724
-2.822842  1.658936
-2.806041  1.687453
-2.889076  1.659455
-2.872256  1.687983
-2.855959  1.659196
-2.804981  1.802058
-2.788702  1.773272
-2.772423  1.744485
-2.771904  1.801760
-2.738828  1.801462
-2.755625  1.772973
-2.754551  1.887567
-2.704144  1.973051
-2.687822  1.944324
-2.671500  1.915597
-2.671087  1.972759
-2.638030  1.972466
-2.654765  1.944032
-2.738284  1.858766
-2.722018  1.829965
-2.788171  1.830561
-2.771361  1.859064
-2.755094  1.830263
-2.721427  1.887335
-2.688302  1.887102
-2.737749  1.916061
-2.720946  1.944556
-2.704624  1.915829
-2.705160  1.858534
-2.838617  1.745027
-2.821799  1.773543
-2.805520  1.744756
-2.687347  2.001537
-2.670549  2.030023
-2.654290  2.001245
-2.702497  2.144831
-2.669459  2.144544
-2.636420  2.144256
-2.670001  2.087284
-2.686249  2.116058
-2.653210  2.115770
-2.652096  2.230219
-2.619072  2.229935
-2.586047  2.229652
-2.619620  2.172718
-2.635858  2.201469
-2.602834  2.201185
-2.685697  2.173294
-2.668897  2.201756
-2.652658  2.173006
-2.752903  2.059416
-2.719852  2.059114
-2.686802  2.058812
-2.720397  2.001839
-2.736650  2.030628
-2.703600  2.030326
-2.736101  2.087888
-2.719299  2.116360
-2.703051  2.087586
-2.601736  2.315594
-2.568717  2.315302
-2.535697  2.315009
-2.569261  2.258110
-2.585498  2.286852
-2.552479  2.286560
-2.635310  2.258677
-2.618523  2.287136
-2.602285  2.258394
-2.551369  2.400947
-2.518358  2.400648
-2.485347  2.400350
-2.518908  2.343460
-2.535138  2.372203
-2.502128  2.371905
-2.584947  2.344045
-2.568158  2.372496
-2.551928  2.343753
-2.501081  2.486348
-2.468044  2.486038
-2.435007  2.485729
-2.468585  2.428817
-2.484833  2.457582
-2.451796  2.457273
-2.534606  2.429414
-2.517843  2.457881
-2.501595  2.429115
-2.450717  2.571757
-2.418220  2.514198
-2.434468  2.542978
-2.484293  2.514817
-2.467505  2.543287
-2.451256  2.514508
-2.417676  2.571136
-2.384635  2.570516
-2.401427  2.542357
-2.400375  2.652830
-2.351850  2.737101
-2.302439  2.822912
-2.252050  2.913594
-2.206942  3.002325
-2.140046  3.001125
-2.173494  3.001725
-2.170859  2.937966
-2.188900  2.970146
-2.155453  2.969545
-2.334261  2.652196
-2.367318  2.652513
-2.368025  2.709010
-2.384200  2.680920
-2.334968  2.708693
-2.318086  2.680286
-2.285706  2.736367
-2.318909  2.794308
-2.335380  2.765704
-2.318778  2.736734
-2.269236  2.764971
-2.285837  2.793941
-2.302308  2.765338
-2.367855  2.597540
-2.384115  2.625185
-2.351058  2.624868
-2.433937  2.598781
-2.417156  2.625805
-2.400896  2.598161
-2.301896  2.708327
-2.351143  2.680603
-2.236435  2.822319
-2.285643  2.853139
-2.268846  2.883366
-2.219639  2.852547
-2.235844  2.883070
-2.269437  2.822616
-2.252641  2.852843
-2.252835  2.793645
-2.185895  2.908389
-2.221978  2.972748
-2.237014  2.943171
-2.218973  2.910991
-2.203937  2.940568
-2.202767  2.880468
-2.152535  3.085754
-2.137222  3.057344
-2.121910  3.028934
-2.088835  3.086646
-2.120685  3.086200
-2.105372  3.057790
-2.170670  3.057945
-2.188806  3.030135
-2.155358  3.029535
-2.105949  3.173851
-2.055618  3.237102
-1.970943  3.265909
-1.999168  3.256306
-2.027393  3.246704
-2.022822  3.194343
-2.039220  3.215722
-1.982770  3.234927
-1.994597  3.203945
-1.950422  3.234949
-1.929902  3.203990
-1.894430  3.259626
-1.932686  3.262767
-1.912166  3.231808
-2.121477  3.144486
-2.137006  3.115120
-2.073306  3.116012
-2.089627  3.144932
-2.105156  3.115566
-2.039598  3.173260
-2.072774  3.173556
-2.056452  3.144636
-1.962249  3.203968
-2.010995  3.225325
-2.089172  3.194935
-2.072395  3.216018
-2.055997  3.194639
-1.899137  3.339930
-1.923073  3.315256
-1.947008  3.290582
-1.870494  3.284299
-1.884816  3.312115
-1.908751  3.287441
-1.836303  3.337002
-1.867720  3.338466
-1.853399  3.310651
-1.850049  3.395909
-1.794454  3.408365
-1.822252  3.402137
-1.819940  3.355662
-1.834994  3.375785
-1.807197  3.382013
-1.882775  3.358590
-1.866412  3.377249
-1.851357  3.357126
-1.834829  3.469999
-1.824843  3.559487
-1.828171  3.529658
-1.831500  3.499829
-1.804163  3.482172
-1.773497  3.494345
-1.797505  3.541831
-1.770168  3.524175
-1.800834  3.512002
-1.839902  3.445303
-1.844976  3.420606
-1.812105  3.451530
-1.789381  3.433062
-1.817178  3.426834
-1.781439  3.463703
-1.735535  3.603875
-1.645148  3.646023
-1.708743  3.584641
-1.681950  3.565407
-1.648485  3.612740
-1.651821  3.579456
-1.675277  3.631974
-1.705406  3.617925
-1.678614  3.598690
-1.737967  3.571423
-1.740399  3.538971
-1.711175  3.552189
-1.765304  3.589079
-1.795073  3.574283
-1.767736  3.556627
-1.626018  3.559409
-1.596878  3.572645
-1.619345  3.625976
-1.593542  3.605928
-1.622682  3.592692
-1.602892  3.544955
-1.584209  3.672611
-1.614679  3.659317
-1.588875  3.639270
-1.399175  3.747012
-1.430270  3.735253
-1.407081  3.719859
-1.735535  -3.603875
-1.710767  -3.583907
-1.686000  -3.563939
-1.705406  -3.617925
-1.675277  -3.631974
-1.680638  -3.597956
-1.754062  -3.529027
-1.729489  -3.481277
-1.741776  -3.505152
-1.692175  -3.538989
-1.723119  -3.534008
-1.710832  -3.510133
-1.741711  -3.578926
-1.747886  -3.553977
-1.716943  -3.558958
-1.822044  -3.460610
-1.787097  -3.459541
-1.752150  -3.458471
-1.804147  -3.431956
-1.786251  -3.403302
-1.769200  -3.430887
-1.799383  -3.483416
-1.776723  -3.506222
-1.764436  -3.482347
-1.851757  -3.364901
-1.918018  -3.302885
-1.895931  -3.323557
-1.873844  -3.344229
-1.830680  -3.315030
-1.841218  -3.339965
-1.885392  -3.298622
-1.852767  -3.294358
-1.885251  -3.236541
-1.949851  -3.234793
-1.933935  -3.268839
-1.901634  -3.269713
-1.917551  -3.235667
-1.796155  -3.371399
-1.823956  -3.368150
-1.831948  -3.428707
-1.841852  -3.396804
-1.814052  -3.400053
-1.813417  -3.343214
-1.869009  -3.265449
-1.863305  -3.319293
-2.073720  -3.208801
-2.004142  -3.279327
-2.050527  -3.232309
-2.027334  -3.255818
-1.978559  -3.226940
-1.991350  -3.253134
-2.001752  -3.203432
-2.035529  -3.145938
-2.116100  -3.110601
-2.164919  -3.027011
-2.213571  -2.939993
-2.262085  -2.852986
-2.306553  -2.761077
-2.273315  -2.760427
-2.240077  -2.759777
-2.270443  -2.701433
-2.288498  -2.731255
-2.255260  -2.730605
-2.054625  -3.177370
-2.101973  -3.143334
-2.087847  -3.176067
-2.082878  -3.111903
-2.049655  -3.113205
-2.082387  -3.055923
-2.148646  -3.054874
-2.132373  -3.082738
-2.099243  -3.083262
-2.098660  -3.028060
-2.131789  -3.027535
-2.115516  -3.055399
-2.037736  -3.206116
-2.018641  -3.174685
-2.014543  -3.229625
-1.946726  -3.295032
-1.975434  -3.287180
-1.962643  -3.260986
-2.066021  -3.084564
-2.068751  -3.144636
-2.131090  -2.969901
-2.197354  -2.968999
-2.181136  -2.998005
-2.148004  -2.998456
-2.147308  -2.940894
-2.179633  -2.880481
-2.229742  -2.910990
-2.245914  -2.881988
-2.195804  -2.851479
-2.243670  -2.821700
-2.225255  -2.790413
-2.276907  -2.822349
-2.291730  -2.791713
-2.258492  -2.791063
-2.114875  -2.998980
-2.196602  -2.910237
-2.228944  -2.852232
-2.210529  -2.820946
-2.180439  -2.940444
-2.163470  -2.910688
-2.164222  -2.969450
-2.212773  -2.881235
-2.350335  -2.670742
-2.321147  -2.730965
-2.335741  -2.700854
-2.285037  -2.671321
-2.317686  -2.671032
-2.303092  -2.701143
-2.314660  -2.610941
-2.396444  -2.580755
-2.381074  -2.610751
-2.365705  -2.640747
-2.332497  -2.640842
-2.330030  -2.580946
-2.363237  -2.580851
-2.347867  -2.610846
-2.299849  -2.641131
-2.362438  -2.523079
-2.379441  -2.551917
-2.346234  -2.552013
-2.444593  -2.493846
-2.412494  -2.551786
-2.428544  -2.522816
-2.378487  -2.494110
-2.411540  -2.493978
-2.395491  -2.522948
-2.411122  -2.436638
-2.493359  -2.407442
-2.427377  -2.407837
-2.460368  -2.407640
-2.460011  -2.350397
-2.476685  -2.378919
-2.443694  -2.379117
-2.427858  -2.465242
-2.477104  -2.436243
-2.460848  -2.465045
-2.444113  -2.436441
-2.394805  -2.465374
-2.542363  -2.321227
-2.509693  -2.378704
-2.526028  -2.349965
-2.476346  -2.321658
-2.509354  -2.321442
-2.493020  -2.350181
-2.508951  -2.264228
-2.591291  -2.235043
-2.525260  -2.235500
-2.558276  -2.235271
-2.557860  -2.178095
-2.574575  -2.206569
-2.541560  -2.206797
-2.525657  -2.292727
-2.574982  -2.263771
-2.558672  -2.292499
-2.541966  -2.263999
-2.492648  -2.292943
-2.640199  -2.148912
-2.689083  -2.062748
-2.672292  -2.034316
-2.655500  -2.005883
-2.623047  -2.063255
-2.656065  -2.063002
-2.639274  -2.034569
-2.606753  -2.091976
-2.656494  -2.120191
-2.672789  -2.091469
-2.623476  -2.120444
-2.639771  -2.091723
-2.574162  -2.149385
-2.607181  -2.149148
-2.590457  -2.120680
-2.623897  -2.177622
-2.607594  -2.206333
-2.590878  -2.177859
-2.737830  -1.976618
-2.671749  -1.977173
-2.704790  -1.976895
-2.705332  -2.034038
-2.721581  -2.005328
-2.688541  -2.005606
-2.720988  -1.948272
-2.704147  -1.919926
-2.687948  -1.948549
-2.786114  -1.890936
-2.834962  -1.805234
-2.883904  -1.719271
-2.867590  -1.747925
-2.851276  -1.776580
-2.801551  -1.748400
-2.818257  -1.776817
-2.817865  -1.719745
-2.850884  -1.719508
-2.834571  -1.748162
-2.720241  -1.891365
-2.753178  -1.891150
-2.753925  -1.948057
-2.770019  -1.919496
-2.737083  -1.919711
-2.752677  -1.834164
-2.769395  -1.862550
-2.818679  -1.833801
-2.802397  -1.862368
-2.801961  -1.805415
-2.768959  -1.805597
-2.785255  -1.776998
-2.736459  -1.862765
-2.785678  -1.833983
-2.850434  -1.662310
-2.932800  -1.633017
-2.916042  -1.604649
-2.899285  -1.576280
-2.866733  -1.633559
-2.899766  -1.633288
-2.883009  -1.604919
-2.867169  -1.690790
-2.900202  -1.690519
-2.916501  -1.661768
-2.883468  -1.662039
-2.834150  -1.691028
-2.981688  -1.546721
-2.948635  -1.547118
-2.915581  -1.547515
-2.949096  -1.604252
-2.965392  -1.575486
-2.932339  -1.575883
-2.931392  -1.461939
-2.964923  -1.518460
-2.948158  -1.490199
-2.915104  -1.490597
-2.898816  -1.519254
-2.931869  -1.518857
-2.898372  -1.462331
-2.881392  -1.377084
-2.848686  -1.434438
-2.865039  -1.405761
-2.914725  -1.433654
-2.898059  -1.405369
-2.865353  -1.462723
-2.881706  -1.434046
-2.882084  -1.490989
-2.815482  -1.377803
-2.848437  -1.377444
-2.832084  -1.406120
-2.848298  -1.320382
-2.930652  -1.291061
-2.880953  -1.205880
-2.897685  -1.291384
-2.864719  -1.291707
-2.864553  -1.234597
-2.848152  -1.263314
-2.897520  -1.234274
-2.914086  -1.262667
-2.881119  -1.262990
-2.864845  -1.348733
-2.914232  -1.319735
-2.897812  -1.348410
-2.881265  -1.320058
-2.831890  -1.349092
-2.830643  -1.120340
-2.814330  -1.149104
-2.798017  -1.177869
-2.764509  -1.120872
-2.797576  -1.120606
-2.781263  -1.149370
-2.847870  -1.206131
-2.814787  -1.206382
-2.847413  -1.148853
-2.864183  -1.177367
-2.831100  -1.177618
-2.831470  -1.234848
-2.780314  -1.034837
-2.747733  -1.092371
-2.764024  -1.063604
-2.714178  -1.035379
-2.747246  -1.035108
-2.730956  -1.063875
-2.797090  -1.063338
-2.813867  -1.091839
-2.780800  -1.092105
-2.729998  -0.949380
-2.679690  -0.863941
-2.663410  -0.892700
-2.647130  -0.921459
-2.613597  -0.864477
-2.646644  -0.864209
-2.630364  -0.892968
-2.697406  -1.006893
-2.713702  -0.978136
-2.663899  -0.949939
-2.696948  -0.949659
-2.696459  -0.892421
-2.713229  -0.920900
-2.680179  -0.921180
-2.680653  -0.978416
-2.763542  -1.006351
-2.746770  -0.977866
-2.730474  -1.006622
-2.629376  -0.778521
-2.579005  -0.693130
-2.528540  -0.607627
-2.478008  -0.522132
-2.445478  -0.579576
-2.461743  -0.550854
-2.411833  -0.522523
-2.444920  -0.522327
-2.428655  -0.551049
-2.613101  -0.807262
-2.596826  -0.836003
-2.596331  -0.778790
-2.563287  -0.779060
-2.562751  -0.721863
-2.546497  -0.750596
-2.595795  -0.721593
-2.612585  -0.750057
-2.579541  -0.750326
-2.580057  -0.807531
-2.646147  -0.806994
-2.662919  -0.835468
-2.629872  -0.835735
-2.545969  -0.693415
-2.512934  -0.693700
-2.529716  -0.722148
-2.496113  -0.665199
-2.512326  -0.636413
-2.562183  -0.664629
-2.545362  -0.636128
-2.529148  -0.664914
-2.462322  -0.608075
-2.494852  -0.550630
-2.511696  -0.579129
-2.495431  -0.607851
-2.478587  -0.579353
-2.479217  -0.636637
-2.427585  -0.436492
-2.444393  -0.465039
-2.461200  -0.493585
-2.395025  -0.493976
-2.411305  -0.465234
-2.428113  -0.493781
-2.361414  -0.437022
-2.394500  -0.436757
-2.378220  -0.465499
-2.377429  -0.351146
-2.410867  -0.408044
-2.394148  -0.379595
-2.344696  -0.408573
-2.311253  -0.351699
-2.327174  -0.265782
-2.277069  -0.180353
-2.294133  -0.266054
-2.261092  -0.266326
-2.260730  -0.209101
-2.244390  -0.237850
-2.293771  -0.208829
-2.310472  -0.237305
-2.277431  -0.237578
-2.344341  -0.351422
-2.343926  -0.294237
-2.360677  -0.322691
-2.294501  -0.323244
-2.310837  -0.294513
-2.277796  -0.294785
-2.361062  -0.379860
-2.327974  -0.380136
-2.377781  -0.408308
-2.327589  -0.322968
-2.177897  -0.181206
-2.127689  -0.095811
-2.144425  -0.124276
-2.161161  -0.152741
-2.144871  -0.181498
-2.111845  -0.181790
-2.111399  -0.124568
-2.095109  -0.153325
-2.128135  -0.153033
-2.194615  -0.209670
-2.211333  -0.238135
-2.210955  -0.180922
-2.244012  -0.180637
-2.227672  -0.209386
-2.161580  -0.209954
-2.145262  -0.238702
-2.128554  -0.210246
-2.178297  -0.238418
-1.929236  -0.097472
-1.829969  -0.098277
-1.863058  -0.098009
-1.896147  -0.097740
-1.912941  -0.126221
-1.896646  -0.154970
-1.846763  -0.126758
-1.863557  -0.155239
-1.879852  -0.126490
-1.962906  -0.154484
-1.946071  -0.125978
-1.929776  -0.154727
-2.028538  -0.096688
-2.012272  -0.125455
-1.996007  -0.154223
-2.062059  -0.153617
-2.045298  -0.125153
-2.029033  -0.153920
-1.995437  -0.096949
-1.962336  -0.097210
-1.979172  -0.125717
-2.094638  -0.096103
-2.061588  -0.096396
-2.078349  -0.124860
-1.813685  -0.127033
-1.797401  -0.155788
-1.830479  -0.155513
-1.730772  -0.099126
-1.714507  -0.127893
-1.698241  -0.156659
-1.747554  -0.127599
-1.764336  -0.156071
-1.731288  -0.156365
-1.763838  -0.098843
-1.796904  -0.098560
-1.780620  -0.127316
-1.631638  -0.100012
-1.532502  -0.100890
-1.433372  -0.101760
-1.334244  -0.102627
-1.400330  -0.102049
-1.367287  -0.102338
-1.367807  -0.159583
-1.351025  -0.131105
-1.400849  -0.159294
-1.417111  -0.130527
-1.384068  -0.130816
-1.599109  -0.157547
-1.565548  -0.100597
-1.598593  -0.100305
-1.615374  -0.128780
-1.566064  -0.157839
-1.549283  -0.129365
-1.582329  -0.129072
-1.665196  -0.156954
-1.648417  -0.128483
-1.632153  -0.157250
-1.697728  -0.099422
-1.664683  -0.099717
-1.681462  -0.128188
-1.499978  -0.158426
-1.499459  -0.101180
-1.466416  -0.101470
-1.466935  -0.158716
-1.450154  -0.130238
-1.433892  -0.159005
-1.516240  -0.129658
-1.483197  -0.129948
-1.533021  -0.158133
-1.318107  -0.131186
-1.301969  -0.159746
-1.334888  -0.159665
-1.237352  -0.099775
-1.253512  -0.129285
-1.269672  -0.158796
-1.269650  -0.100726
-1.301947  -0.101676
-1.285810  -0.130236
-1.220350  -0.129782
-1.203349  -0.159790
-1.236510  -0.159293
-1.156601  -0.093981
-1.176431  -0.157858
-1.166516  -0.125920
-1.113139  -0.126759
-1.134870  -0.110370
-1.144785  -0.142309
-1.210435  -0.097844
-1.183518  -0.095913
-1.193433  -0.127851
-1.084615  -0.047651
-1.086931  0.044030
-1.157362  0.080197
-1.110408  0.056086
-1.133885  0.068142
-1.117067  0.118241
-1.137215  0.099219
-1.093590  0.106186
-1.090261  0.075108
-1.032675  0.080711
-1.002550  -0.000000
-1.030677  0.014677
-1.058804  0.029354
-1.059803  0.062371
-1.004548  0.066035
-1.003549  0.033017
-1.031676  0.047694
-1.089144  -0.111316
-1.086879  -0.079484
-1.031903  -0.081918
-1.058259  -0.064785
-1.029905  -0.015884
-1.057260  -0.031768
-1.003549  -0.033017
-1.004548  -0.066035
-1.030904  -0.048901
-1.060523  -0.096617
-1.108610  -0.063095
-1.132606  -0.078538
-1.110875  -0.094927
-2.075819  0.161352
-2.027011  0.075038
-1.927767  0.074213
-1.910940  0.102715
-1.894112  0.131217
-1.960292  0.131760
-1.944029  0.102987
-1.927202  0.131488
-2.059000  0.189851
-2.042180  0.218351
-2.042731  0.161079
-2.010192  0.103537
-1.993930  0.074763
-1.960848  0.074488
-1.993373  0.132035
-1.977111  0.103262
-2.009642  0.160806
-2.059550  0.132580
-2.043280  0.103809
-2.026461  0.132308
-2.025911  0.189579
-2.092090  0.190123
-2.108362  0.218895
-2.075271  0.218623
-1.828428  0.073444
-1.844714  0.102202
-1.860999  0.130960
-1.861541  0.073700
-1.894654  0.073957
-1.877827  0.102458
-1.794829  0.130410
-1.811629  0.101927
-1.827914  0.130685
-1.729229  0.072590
-1.630089  0.071704
-1.530957  0.070819
-1.597045  0.071409
-1.564001  0.071114
-1.563486  0.128349
-1.547222  0.099584
-1.596530  0.128644
-1.613309  0.100174
-1.662621  0.129237
-1.696182  0.072295
-1.663136  0.071999
-1.646355  0.100470
-1.695668  0.129532
-1.712448  0.101061
-1.679402  0.100766
-1.761763  0.130125
-1.745496  0.101358
-1.728715  0.129829
-1.762295  0.072875
-1.795362  0.073159
-1.778562  0.101642
-1.629575  0.128940
-1.580265  0.099879
-1.497399  0.127756
-1.431828  0.069936
-1.332707  0.069045
-1.237877  0.071395
-1.252844  0.099167
-1.267812  0.126938
-1.316065  0.097600
-1.299422  0.126155
-1.301097  0.069828
-1.269487  0.070612
-1.284454  0.098383
-1.514178  0.099287
-1.464871  0.070230
-1.497914  0.070524
-1.464355  0.127461
-1.398272  0.126867
-1.398787  0.069639
-1.365747  0.069342
-1.365232  0.126570
-1.348970  0.097808
-1.332327  0.126363
-1.530442  0.128052
-2.174973  0.162232
-2.141922  0.161938
-2.108870  0.161645
-2.158193  0.190710
-2.141413  0.219188
-2.125142  0.190417
-2.191245  0.191004
-2.207517  0.219777
-2.174465  0.219483
-1.415050  0.098401
-1.382010  0.098104
-1.448091  0.098699
-1.431314  0.127164
-1.481135  0.098993
-1.221347  0.099768
-1.204817  0.128141
-1.236315  0.127540
-1.177979  0.131075
-1.167671  0.105636
-1.211039  0.074329
-1.184200  0.077263
-1.194509  0.102702
-1.147523  0.124658
-1.063133  0.093449
-1.113738  0.087164
-2.274122  0.163113
-2.208022  0.162525
-2.241072  0.162819
-2.240567  0.220071
-2.257345  0.191592
-2.224295  0.191298
-2.322939  0.249443
-2.290394  0.191890
-2.306667  0.220667
-2.256840  0.248847
-2.289889  0.249145
-2.273617  0.220369
-2.289378  0.306400
-2.306159  0.277922
-2.273109  0.277624
-2.371769  0.335772
-2.420562  0.422154
-2.469384  0.508560
-2.403764  0.450655
-2.386965  0.479157
-2.436312  0.508259
-2.403239  0.507959
-2.453110  0.479758
-2.436836  0.450956
-2.420038  0.479457
-2.339216  0.278219
-2.355493  0.306996
-2.305655  0.335176
-2.338712  0.335474
-2.322435  0.306698
-2.354968  0.364272
-2.338167  0.392771
-2.387497  0.421860
-2.354432  0.421566
-2.370699  0.450361
-2.321911  0.363974
-2.404298  0.393360
-2.388034  0.364566
-2.371233  0.393066
-2.435788  0.565567
-2.452586  0.537064
-2.419513  0.536763
-2.518246  0.594952
-2.501959  0.566155
-2.485672  0.537357
-2.485160  0.594658
-2.452075  0.594364
-2.468873  0.565861
-2.484648  0.651966
-2.501447  0.623459
-2.468361  0.623165
-2.567118  0.681366
-2.550827  0.652562
-2.534537  0.623757
-2.534028  0.681069
-2.500938  0.680771
-2.517737  0.652264
-2.533512  0.738384
-2.550315  0.709875
-2.517225  0.709577
-2.615981  0.767793
-2.599693  0.738984
-2.583405  0.710175
-2.549800  0.767192
-2.582890  0.767492
-2.566603  0.738684
-2.582370  0.824802
-2.599176  0.796297
-2.566085  0.795997
-2.664819  0.854206
-2.598649  0.853607
-2.631734  0.853907
-2.631216  0.911213
-2.648017  0.882709
-2.614933  0.882410
-2.632260  0.796597
-2.648540  0.825402
-2.615455  0.825102
-2.713674  0.940617
-2.647501  0.940016
-2.680587  0.940316
-2.680058  0.997624
-2.696866  0.969120
-2.663780  0.968820
-2.681104  0.883010
-2.697389  0.911813
-2.664302  0.911513
-2.762541  1.027022
-2.811393  1.113477
-2.860274  1.200052
-2.826580  1.257202
-2.843427  1.228627
-2.794129  1.199578
-2.827201  1.199815
-2.810355  1.228390
-2.728920  1.084034
-2.778825  1.055840
-2.795109  1.084658
-2.745204  1.112853
-2.794614  1.142098
-2.827687  1.142335
-2.843980  1.171193
-2.777836  1.170720
-2.810908  1.170957
-2.745730  1.055528
-2.778299  1.113165
-2.761520  1.141786
-2.696347  1.026426
-2.729444  1.026724
-2.712634  1.055230
-2.746252  0.998220
-2.729963  0.969418
-2.713155  0.997922
-2.762015  1.084346
-2.909124  1.286633
-2.875993  1.286348
-2.842863  1.286063
-2.892274  1.315269
-2.875424  1.343905
-2.859144  1.314984
-2.892840  1.257773
-2.876557  1.228912
-2.859710  1.257487
-2.958000  1.373192
-2.924858  1.372975
-2.891716  1.372758
-2.925416  1.315486
-2.941708  1.344339
-2.908566  1.344122
-2.924303  1.430333
-3.006883  1.459723
-2.973740  1.459450
-2.940597  1.459177
-2.990050  1.488259
-2.973216  1.516795
-2.956907  1.487986
-2.941152  1.401763
-2.990589  1.430879
-2.974295  1.402036
-2.957446  1.430606
-2.908010  1.401546
-3.005239  1.631858
-2.972125  1.631547
-2.939011  1.631237
-2.972668  1.574174
-2.988953  1.603016
-2.955839  1.602705
-3.055757  1.546281
-3.022632  1.545964
-2.989507  1.545648
-3.023175  1.488575
-3.039466  1.517428
-3.006341  1.517112
-3.038918  1.574806
-3.022079  1.603332
-3.005793  1.574490
-2.954737  1.717430
-2.921636  1.717123
-2.888536  1.716817
-2.922177  1.659761
-2.938457  1.688595
-2.905356  1.688289
-2.988405  1.660382
-2.971571  1.688906
-2.955291  1.660071
-2.904256  1.802973
-2.871164  1.802668
-2.838072  1.802363
-2.871709  1.745331
-2.887982  1.774152
-2.854890  1.773847
-2.937910  1.745944
-2.921083  1.774458
-2.904809  1.745638
-2.853783  1.888512
-2.820706  1.888197
-2.787628  1.887882
-2.821248  1.830876
-2.837516  1.859694
-2.804438  1.859379
-2.887431  1.831486
-2.870607  1.859999
-2.854340  1.831181
-2.803336  1.973998
-2.770272  1.973682
-2.737208  1.973366
-2.770813  1.916377
-2.787074  1.945187
-2.754010  1.944872
-2.836967  1.917007
-2.820152  1.945502
-2.803890  1.916692
-2.786525  2.002470
-2.769714  2.030943
-2.753461  2.002155
-2.751176  2.231606
-2.801520  2.146050
-2.767957  2.203087
-2.784739  2.174569
-2.735505  2.145238
-2.768512  2.145644
-2.718724  2.173756
-2.685123  2.230681
-2.718150  2.231143
-2.734950  2.202681
-2.701923  2.202219
-2.751731  2.174162
-2.769108  2.088294
-2.852070  2.060746
-2.835220  2.089181
-2.818370  2.117616
-2.785314  2.117172
-2.785958  2.059860
-2.819014  2.060303
-2.819581  2.002914
-2.835825  2.031830
-2.802770  2.031387
-2.752307  2.116766
-2.700560  2.317043
-2.650024  2.402418
-2.683715  2.345501
-2.666870  2.373960
-2.617832  2.344536
-2.584254  2.401437
-2.599883  2.487401
-2.534015  2.486699
-2.566949  2.487050
-2.567540  2.429765
-2.583711  2.458583
-2.550777  2.458232
-2.734304  2.260085
-2.717432  2.288564
-2.668251  2.259160
-2.684405  2.288102
-2.701277  2.259622
-2.634677  2.316077
-2.667619  2.316560
-2.651464  2.287619
-2.802164  2.088738
-2.617139  2.401928
-2.616597  2.459074
-2.633310  2.430746
-2.600425  2.430255
-2.633928  2.373477
-2.601043  2.372986
-2.650773  2.345019
-2.549843  2.572655
-2.483759  2.572056
-2.516801  2.572355
-2.517335  2.515117
-2.533589  2.543886
-2.500547  2.543586
-2.583203  2.515819
-2.566523  2.544237
-2.550269  2.515468
-2.500174  2.654326
-2.451115  2.737896
-2.401718  2.822773
-2.418184  2.794481
-2.434650  2.766188
-2.384938  2.737366
-2.418027  2.737631
-2.368473  2.765658
-2.385096  2.794216
-2.401561  2.765923
-2.433642  2.653328
-2.466908  2.653827
-2.467468  2.710039
-2.483821  2.682182
-2.434202  2.709540
-2.417289  2.681185
-2.401114  2.709275
-2.467203  2.599280
-2.483688  2.626803
-2.450422  2.626304
-2.533286  2.599878
-2.516730  2.627102
-2.500245  2.599579
-2.450555  2.681684
-2.335532  2.822866
-2.368625  2.822819
-2.352002  2.794262
-2.351423  2.907839
-2.304490  3.001746
-2.287010  2.972362
-2.269530  2.942978
-2.318299  2.909757
-2.285174  2.911675
-2.335779  2.939141
-2.320134  2.970444
-2.302654  2.941060
-2.318767  2.851221
-2.335095  2.879530
-2.301971  2.881448
-2.384953  2.851128
-2.368188  2.879484
-2.351860  2.851175
-2.239458  3.002132
-2.271974  3.001939
-2.254494  2.972555
-2.253064  3.101745
-2.181887  3.160829
-2.229338  3.121439
-2.205613  3.141134
-2.162319  3.110779
-2.172103  3.135804
-2.186044  3.091084
-2.222316  3.035465
-2.270206  3.068412
-2.287348  3.035079
-2.237690  3.068605
-2.254832  3.035272
-2.219554  3.096415
-2.204180  3.063275
-2.195829  3.116109
-2.131261  3.169511
-2.155530  3.251201
-2.122226  3.246501
-2.088922  3.241802
-2.122476  3.199635
-2.139003  3.225418
-2.105699  3.220718
-2.156574  3.165170
-2.164316  3.221077
-2.173101  3.190953
-2.147789  3.195294
-2.146790  3.140145
-2.072161  3.316362
-1.991769  3.371259
-1.977885  3.301025
-1.984827  3.336142
-2.045363  3.334661
-2.018566  3.352960
-2.038421  3.299544
-2.004682  3.282726
-2.011624  3.317843
-2.066646  3.289942
-2.061132  3.263522
-2.032907  3.273124
-2.099951  3.294642
-2.127740  3.272921
-2.094436  3.268222
-1.930014  3.350373
-1.960892  3.360816
-1.953950  3.325699
-1.920808  3.427390
-1.913016  3.512886
-1.886954  3.498591
-1.860891  3.484295
-1.854234  3.543954
-1.883625  3.528420
-1.857563  3.514124
-1.968115  3.389969
-1.944462  3.408680
-1.906361  3.369083
-1.913584  3.398237
-1.937238  3.379526
-1.897222  3.416897
-1.873635  3.406403
-1.863489  3.455796
-1.892148  3.441593
-1.915613  3.484388
-1.918211  3.455889
-1.889551  3.470092
-1.889998  3.387743
-1.868562  3.431100
-1.824843  -3.559487
-1.913016  -3.512886
-1.823910  -3.526528
-1.822977  -3.493569
-1.882692  -3.495461
-1.852368  -3.478036
-1.883625  -3.528420
-1.854234  -3.543954
-1.853301  -3.510995
-1.801249  -3.549334
-1.777656  -3.539181
-1.800316  -3.516375
-1.795073  -3.574283
-1.765304  -3.589079
-1.771480  -3.564130
-1.916482  -3.413598
-2.000000  -3.366472
-1.944321  -3.397889
-1.972161  -3.382180
-1.945345  -3.324081
-1.972673  -3.345276
-1.917506  -3.339789
-1.916994  -3.376693
-1.944833  -3.360985
-1.853523  -3.444939
-1.885003  -3.429268
-1.914171  -3.479790
-1.915326  -3.446694
-1.883847  -3.462365
-1.894907  -3.397365
-1.873332  -3.381133
-1.895419  -3.360461
-1.863427  -3.413036
-2.001381  -3.337423
-2.002761  -3.308375
-1.974053  -3.316228
-2.082153  -3.313731
-2.165319  -3.262595
-2.104253  -3.226732
-2.134786  -3.244664
-2.109875  -3.296685
-2.137597  -3.279640
-2.079342  -3.278754
-2.076531  -3.243777
-2.107064  -3.261709
-2.165439  -3.178639
-2.165359  -3.234610
-2.165399  -3.206624
-2.104293  -3.198747
-2.134866  -3.188693
-2.134826  -3.216678
-2.056149  -3.302263
-2.030146  -3.290795
-2.053338  -3.267286
-2.132546  -3.133280
-2.148992  -3.155960
-2.118420  -3.166014
-2.054769  -3.331311
-2.027384  -3.348891
-2.028765  -3.319843
-2.215597  -3.111736
-2.264357  -3.026052
-2.313040  -2.939692
-2.361725  -2.852959
-2.402427  -2.756086
-2.338511  -2.759413
-2.370469  -2.757750
-2.375292  -2.820668
-2.388859  -2.788377
-2.343335  -2.822331
-2.324944  -2.791704
-2.356902  -2.790041
-2.149266  -3.110979
-2.182431  -3.111358
-2.181811  -3.055253
-2.198704  -3.083494
-2.165538  -3.083116
-2.198877  -3.134037
-2.182158  -3.156338
-2.165712  -3.133659
-2.231211  -3.026372
-2.198065  -3.026691
-2.230500  -2.968679
-2.296812  -2.968479
-2.280585  -2.997265
-2.247428  -2.997366
-2.246728  -2.939893
-2.279070  -2.881888
-2.329269  -2.910781
-2.345497  -2.881870
-2.295298  -2.852977
-2.328512  -2.852968
-2.310121  -2.822340
-2.214282  -2.997685
-2.248104  -3.054613
-2.231850  -3.083175
-2.214957  -3.054933
-2.296055  -2.910790
-2.312283  -2.881879
-2.279884  -2.939792
-2.262899  -2.910890
-2.263656  -2.968579
-2.367699  -2.699190
-2.385063  -2.727638
-2.353105  -2.729302
-2.447417  -2.666104
-2.382696  -2.669196
-2.415056  -2.667650
-2.413435  -2.609205
-2.430426  -2.637654
-2.398065  -2.639200
-2.432420  -2.696098
-2.417423  -2.726092
-2.400060  -2.697644
-2.494962  -2.579338
-2.461383  -2.522343
-2.478172  -2.550841
-2.429283  -2.580283
-2.462123  -2.579811
-2.445333  -2.551313
-2.479114  -2.608260
-2.463265  -2.637182
-2.446274  -2.608732
-2.543386  -2.493196
-2.592444  -2.406911
-2.559739  -2.464435
-2.576092  -2.435673
-2.526387  -2.407265
-2.559416  -2.407088
-2.510035  -2.436027
-2.526711  -2.464612
-2.543063  -2.435850
-2.510455  -2.493413
-2.477524  -2.493629
-2.493780  -2.464828
-2.527245  -2.521910
-2.511103  -2.550624
-2.494314  -2.522127
-2.559056  -2.349788
-2.575750  -2.378350
-2.542722  -2.378527
-2.641398  -2.320654
-2.690376  -2.234414
-2.674050  -2.263160
-2.657724  -2.291907
-2.624695  -2.292117
-2.607993  -2.263580
-2.657348  -2.234623
-2.624320  -2.234833
-2.641022  -2.263370
-2.608386  -2.320845
-2.575374  -2.321036
-2.591684  -2.292308
-2.625080  -2.349406
-2.608762  -2.378159
-2.592068  -2.349597
-2.656925  -2.177412
-2.739309  -2.148189
-2.722998  -2.176931
-2.706687  -2.205672
-2.673651  -2.205913
-2.673236  -2.148671
-2.706272  -2.148430
-2.689962  -2.177172
-2.640622  -2.206123
-2.705825  -2.091229
-2.722567  -2.119709
-2.689531  -2.119950
-2.788172  -2.061985
-2.754611  -2.005073
-2.771391  -2.033529
-2.722113  -2.062494
-2.755142  -2.062239
-2.738362  -2.033784
-2.755597  -2.119455
-2.771884  -2.090720
-2.738855  -2.090974
-2.836397  -1.976337
-2.885123  -1.890722
-2.934107  -1.804784
-2.901059  -1.804934
-2.868010  -1.805084
-2.900638  -1.747775
-2.917373  -1.776280
-2.884324  -1.776430
-2.802875  -1.919403
-2.819636  -1.947870
-2.868881  -1.919260
-2.852639  -1.947799
-2.852120  -1.890793
-2.819117  -1.890864
-2.835878  -1.919332
-2.770686  -1.976524
-2.803542  -1.976431
-2.786781  -1.947964
-2.804247  -2.033436
-2.820322  -2.004887
-2.787467  -2.004980
-2.868403  -1.862226
-2.851682  -1.833730
-2.917779  -1.833430
-2.901451  -1.862076
-2.884731  -1.833580
-2.835400  -1.862297
-2.983044  -1.718507
-2.966731  -1.747266
-2.950419  -1.776025
-2.916950  -1.719016
-2.949997  -1.718762
-2.933685  -1.747521
-2.949548  -1.661514
-3.031968  -1.632237
-3.015208  -1.603732
-2.998448  -1.575226
-2.965856  -1.632757
-2.998912  -1.632497
-2.982152  -1.603992
-2.966296  -1.690011
-2.999352  -1.689751
-3.015660  -1.660994
-2.982604  -1.661254
-2.933249  -1.690265
-3.030599  -1.460629
-2.997530  -1.461066
-2.964461  -1.461502
-2.997992  -1.518024
-3.014295  -1.489326
-2.981226  -1.489763
-3.080899  -1.545929
-3.064132  -1.517496
-3.047365  -1.489062
-3.014759  -1.546457
-3.047829  -1.546193
-3.031062  -1.517760
-3.048278  -1.603468
-3.064589  -1.574698
-3.031518  -1.574962
-2.980420  -1.375980
-3.029277  -1.289879
-2.996706  -1.347280
-3.012991  -1.318579
-2.963527  -1.290667
-2.996402  -1.290273
-2.947242  -1.319367
-2.914401  -1.376716
-2.947411  -1.376348
-2.963831  -1.347674
-2.930821  -1.348042
-2.947735  -1.433286
-2.964078  -1.404633
-3.013872  -1.432413
-2.997146  -1.404196
-2.980804  -1.432849
-2.931068  -1.405001
-2.980204  -1.205049
-2.963687  -1.233720
-2.947169  -1.262390
-2.914037  -1.205603
-2.947120  -1.205326
-2.930603  -1.233997
-2.980116  -1.318973
-2.996561  -1.233326
-3.012919  -1.261602
-2.980044  -1.261996
-2.929788  -1.119562
-2.913510  -1.148335
-2.897232  -1.177107
-2.863691  -1.120081
-2.896740  -1.119821
-2.880462  -1.148594
-2.946593  -1.148058
-2.963399  -1.176553
-2.930315  -1.176830
-2.879462  -1.034031
-2.829184  -0.948510
-2.862702  -1.005524
-2.845943  -0.977017
-2.796604  -1.006061
-2.812894  -0.977286
-2.813363  -1.034569
-2.846413  -1.034300
-2.829653  -1.005793
-2.896237  -1.062541
-2.913013  -1.091052
-2.846916  -1.091570
-2.863189  -1.062801
-2.879964  -1.091311
-2.830140  -1.063069
-2.796122  -0.948800
-2.763060  -0.949090
-2.779832  -0.977576
-2.778822  -0.863098
-2.812396  -0.920039
-2.795609  -0.891569
-2.746272  -0.920619
-2.762547  -0.891859
-2.712734  -0.863660
-2.745778  -0.863379
-2.729503  -0.892140
-2.779334  -0.920329
-2.728518  -0.777662
-2.678209  -0.692233
-2.627731  -0.606863
-2.577383  -0.521356
-2.610949  -0.578361
-2.594166  -0.549858
-2.561102  -0.550113
-2.544821  -0.578870
-2.511133  -0.521873
-2.544258  -0.521614
-2.527977  -0.550372
-2.695966  -0.835182
-2.712242  -0.806422
-2.662423  -0.778235
-2.695471  -0.777949
-2.694978  -0.720709
-2.711748  -0.749186
-2.661931  -0.720996
-2.645653  -0.749758
-2.645141  -0.692532
-2.612073  -0.692831
-2.611489  -0.635619
-2.594667  -0.607118
-2.561604  -0.607373
-2.595247  -0.664374
-2.578425  -0.635873
-2.679195  -0.806708
-2.745286  -0.806141
-2.762054  -0.834620
-2.729010  -0.834901
-2.628863  -0.721294
-2.678701  -0.749472
-2.644557  -0.635320
-2.661383  -0.663776
-2.628315  -0.664075
-2.577885  -0.578615
-2.527130  -0.435791
-2.510756  -0.464571
-2.494382  -0.493352
-2.493949  -0.436025
-2.460767  -0.436258
-2.477574  -0.464805
-2.543881  -0.464312
-2.560632  -0.492834
-2.527507  -0.493093
-2.476815  -0.350399
-2.426507  -0.264944
-2.443686  -0.350648
-2.410558  -0.350897
-2.410148  -0.293678
-2.393788  -0.322412
-2.443276  -0.293429
-2.460046  -0.321914
-2.426917  -0.322163
-2.443995  -0.407794
-2.460405  -0.379097
-2.510359  -0.407327
-2.493587  -0.378863
-2.477177  -0.407561
-2.427276  -0.379346
-2.393396  -0.265223
-2.360285  -0.265503
-2.377037  -0.293957
-2.376325  -0.179494
-2.359941  -0.208257
-2.343558  -0.237019
-2.310155  -0.180067
-2.343240  -0.179781
-2.326856  -0.208543
-2.409780  -0.236461
-2.393053  -0.207978
-2.376669  -0.236740
-2.325969  -0.094059
-2.359540  -0.151016
-2.342754  -0.122537
-2.293369  -0.151588
-2.309669  -0.122823
-2.326455  -0.151302
-2.226834  -0.094932
-2.259879  -0.094641
-2.292924  -0.094350
-2.243579  -0.123405
-2.260324  -0.151879
-2.276624  -0.123114
-2.210522  -0.123690
-2.194210  -0.152448
-2.193786  -0.095225
-2.160737  -0.095518
-2.177473  -0.123983
-2.227267  -0.152163
-2.176498  -0.009507
-2.193277  -0.037982
-2.210056  -0.066457
-2.160228  -0.038275
-2.143958  -0.067043
-2.177007  -0.066750
-2.077333  -0.010376
-2.126160  0.075921
-2.043785  0.046567
-2.060559  0.018096
-2.109884  0.047155
-2.093608  0.018390
-2.093110  0.075627
-2.060061  0.075332
-2.076834  0.046861
-2.110903  -0.067333
-2.094118  -0.038854
-2.143443  -0.009797
-2.110388  -0.010086
-2.127173  -0.038565
-2.044803  -0.067917
-2.061068  -0.039147
-2.077853  -0.067625
-1.978102  -0.011207
-1.878806  -0.011998
-1.945003  -0.011471
-1.911905  -0.011734
-1.912426  -0.068980
-1.895616  -0.040489
-1.945524  -0.068717
-1.961813  -0.039962
-1.928715  -0.040225
-1.846248  -0.069518
-1.862527  -0.040758
-1.879337  -0.069249
-2.011726  -0.068194
-1.994914  -0.039701
-1.978625  -0.068456
-1.779578  -0.012830
-1.680433  -0.013715
-1.581296  -0.014594
-1.482163  -0.015472
-1.515208  -0.015180
-1.548252  -0.014887
-1.548767  -0.072125
-1.565032  -0.043359
-1.515723  -0.072417
-1.498943  -0.043945
-1.531987  -0.043652
-1.796375  -0.041313
-1.813172  -0.069795
-1.763310  -0.041596
-1.697213  -0.042185
-1.713992  -0.070656
-1.747041  -0.070361
-1.746530  -0.013125
-1.713481  -0.013420
-1.712964  0.043822
-1.663651  0.014758
-1.597561  0.014172
-1.564517  0.013877
-1.547737  0.042348
-1.613825  0.042938
-1.580781  0.042643
-1.780107  -0.070078
-1.812654  -0.012553
-1.845730  -0.012275
-1.845221  0.044963
-1.911447  0.045476
-1.895127  0.016739
-1.944545  0.045740
-1.961323  0.017267
-1.928225  0.017003
-1.829451  -0.041035
-2.011179  -0.010930
-2.044256  -0.010653
-2.010708  0.046290
-1.994405  0.017542
-1.977627  0.046015
-2.027991  -0.039424
-1.730261  -0.041890
-1.664168  -0.042480
-1.598077  -0.043067
-1.614857  -0.071540
-1.581812  -0.071832
-1.647903  -0.071246
-1.647387  -0.014008
-1.646870  0.043231
-1.614342  -0.014301
-1.630606  0.014465
-1.680948  -0.070951
-1.631122  -0.042774
-1.465900  -0.044235
-1.449636  -0.072997
-1.482679  -0.072707
-1.383037  -0.016349
-1.283920  -0.017237
-1.176796  -0.008217
-1.085387  -0.017091
-1.086159  0.013470
-1.146841  0.009199
-1.116886  0.026615
-1.146069  -0.021362
-1.115342  -0.034506
-1.116114  -0.003946
-1.366772  -0.045108
-1.350508  -0.073868
-1.399815  -0.044820
-1.416594  -0.073290
-1.383551  -0.073579
-1.416079  -0.016057
-1.449121  -0.015765
-1.432857  -0.044527
-1.300695  -0.045700
-1.317469  -0.074163
-1.349998  -0.016645
-1.316959  -0.016941
-1.316445  0.040284
-1.268572  0.012307
-1.217516  0.044858
-1.197156  0.018321
-1.248212  -0.014230
-1.212504  -0.011223
-1.253225  0.041851
-1.232864  0.015314
-1.333734  -0.045404
-1.268398  -0.044750
-1.196981  -0.038736
-1.217167  -0.069256
-1.252875  -0.072262
-1.232689  -0.041743
-1.285172  -0.073213
-1.170064  -0.036805
-1.163332  -0.065393
-1.139337  -0.049950
-1.190250  -0.067324
-1.058032  -0.001207
-1.170318  0.021255
-1.163840  0.050726
-1.140363  0.038670
-1.190678  0.047792
-2.109379  0.104398
-2.092599  0.132875
-2.076330  0.104103
-2.142431  0.104691
-2.158702  0.133461
-2.125650  0.133168
-2.027482  0.017819
-1.862014  0.016483
-1.878334  0.045220
-1.812145  0.044686
-1.795861  0.015928
-1.746012  0.044117
-1.696698  0.015054
-1.679917  0.043526
-1.762795  0.015643
-1.729747  0.015348
-1.779078  0.044401
-1.828938  0.016205
-1.498428  0.013291
-1.514693  0.042055
-1.531472  0.013584
-1.448606  0.041467
-1.465385  0.012997
-1.481649  0.041761
-1.349484  0.040580
-1.300183  0.011524
-1.284835  0.041068
-1.366260  0.012116
-1.333221  0.011820
-1.415564  0.041174
-1.399300  0.012412
-1.382524  0.040877
-1.432342  0.012705
-2.225310  0.076801
-2.192260  0.076508
-2.159210  0.076214
-2.208531  0.105278
-2.191752  0.133755
-2.175481  0.104985
-2.241580  0.105572
-2.324460  0.077683
-2.373270  0.164010
-2.340730  0.106458
-2.357000  0.135234
-2.340220  0.163711
-2.307171  0.163412
-2.307681  0.106159
-2.257851  0.134343
-2.290901  0.134636
-2.291410  0.077389
-2.258360  0.077095
-2.274631  0.105866
-2.224801  0.134049
-2.323951  0.134935
-2.356493  0.192488
-2.339716  0.220965
-2.323444  0.192189
-2.422086  0.250338
-2.470931  0.336682
-2.519767  0.423052
-2.437352  0.393663
-2.454141  0.365172
-2.503489  0.394262
-2.487210  0.365472
-2.486699  0.422753
-2.453631  0.422453
-2.470420  0.393963
-2.405314  0.278816
-2.388541  0.307294
-2.389037  0.250040
-2.355988  0.249742
-2.372265  0.278518
-2.405814  0.221562
-2.389542  0.192786
-2.372765  0.221264
-2.437877  0.336378
-2.404823  0.336075
-2.421088  0.364869
-2.454649  0.307900
-2.438367  0.279119
-2.421595  0.307597
-2.486179  0.480058
-2.502973  0.451555
-2.469905  0.451255
-2.568629  0.509433
-2.552342  0.480639
-2.536055  0.451846
-2.502466  0.508851
-2.535548  0.509142
-2.519260  0.480348
-2.535040  0.566446
-2.551835  0.537939
-2.518753  0.537648
-2.617511  0.595812
-2.666404  0.682260
-2.650107  0.653444
-2.633809  0.624628
-2.583916  0.652848
-2.600713  0.624330
-2.600213  0.681664
-2.633309  0.681962
-2.617011  0.653146
-2.551334  0.595238
-2.584423  0.595525
-2.567625  0.624043
-2.584923  0.538226
-2.601217  0.567019
-2.568129  0.566732
-2.632789  0.739282
-2.649597  0.710771
-2.616501  0.710473
-2.715257  0.768697
-2.682689  0.711072
-2.698973  0.739885
-2.649073  0.768094
-2.682165  0.768396
-2.665881  0.739583
-2.698445  0.797200
-2.681632  0.825703
-2.665352  0.796899
-2.764091  0.855107
-2.731535  0.797500
-2.747813  0.826304
-2.697910  0.854506
-2.730479  0.912113
-2.747285  0.883610
-2.731000  0.854807
-2.714195  0.883310
-2.714722  0.826003
-2.812968  0.941459
-2.861861  1.027915
-2.845563  0.999096
-2.829266  0.970278
-2.779350  0.998501
-2.796159  0.969980
-2.795647  1.027319
-2.828754  1.027617
-2.812457  0.998799
-2.779870  0.941178
-2.746772  0.940898
-2.763061  0.969699
-2.796676  0.912675
-2.780383  0.883891
-2.763578  0.912394
-2.828216  1.084956
-2.910743  1.114426
-2.893920  1.142968
-2.877097  1.171510
-2.844510  1.113793
-2.877626  1.114109
-2.860803  1.142651
-2.845038  1.056435
-2.878155  1.056752
-2.894449  1.085589
-2.861332  1.085272
-2.811932  1.056138
-2.959625  1.200959
-3.008506  1.287514
-2.991671  1.316074
-2.974835  1.344633
-2.975378  1.287221
-2.942251  1.286927
-2.958543  1.315780
-2.926508  1.200656
-2.893391  1.200354
-2.927037  1.143270
-2.943331  1.172114
-2.910214  1.171812
-2.942791  1.229517
-2.925957  1.258075
-2.975919  1.229811
-2.992212  1.258662
-2.959085  1.258369
-2.909674  1.229215
-3.057402  1.374081
-3.024268  1.373785
-2.991134  1.373489
-3.024804  1.316370
-3.041103  1.345226
-3.007969  1.344929
-3.040562  1.402628
-3.106285  1.460655
-3.073151  1.460344
-3.040017  1.460034
-3.023723  1.431176
-3.073696  1.402939
-3.089991  1.431797
-3.056857  1.431486
-3.007428  1.402332
-3.089443  1.489197
-3.072600  1.517739
-3.056309  1.488886
-3.104628  1.632951
-3.155090  1.547522
-3.121449  1.604475
-3.138270  1.575999
-3.088868  1.546695
-3.121979  1.547109
-3.122554  1.489611
-3.138822  1.518567
-3.105711  1.518153
-3.038369  1.632222
-3.071498  1.632587
-3.072048  1.575171
-3.088338  1.604061
-3.055208  1.603696
-3.053990  1.718622
-3.003482  1.804108
-2.953061  1.889671
-2.902469  1.975179
-2.936197  1.918173
-2.919333  1.946676
-2.870012  1.917401
-2.886240  1.946290
-2.886876  1.888898
-2.919968  1.889284
-2.903104  1.917787
-3.087749  1.661508
-3.070870  1.690065
-3.021490  1.660779
-3.037740  1.689700
-3.054619  1.661143
-2.987821  1.717827
-3.020906  1.718224
-3.004655  1.689303
-3.105159  1.575585
-2.937331  1.803351
-2.969868  1.861150
-2.986675  1.832629
-2.970407  1.803729
-2.920524  1.831872
-2.936792  1.860771
-2.903700  1.860385
-2.970985  1.746322
-2.987234  1.775215
-2.954158  1.774837
-3.037154  1.747117
-3.020318  1.775612
-3.004070  1.746720
-2.953600  1.832250
-2.836380  1.974391
-2.869425  1.974785
-2.853196  1.945896
-2.868870  2.032224
-2.951257  2.063269
-2.900413  2.149107
-2.917361  2.120494
-2.934309  2.091881
-2.885132  2.061587
-2.918195  2.062428
-2.868185  2.090200
-2.884299  2.119653
-2.901247  2.091041
-2.885669  2.003701
-2.918732  2.004542
-2.934994  2.033905
-2.901932  2.033065
-2.852625  2.003308
-2.799315  2.320363
-2.850267  2.234474
-2.816299  2.291733
-2.833283  2.263104
-2.784207  2.232562
-2.817237  2.233518
-2.767222  2.261191
-2.783269  2.290777
-2.800253  2.262148
-2.817769  2.175525
-2.834018  2.205000
-2.800988  2.204043
-2.766396  2.319256
-2.748815  2.404412
-2.732730  2.375289
-2.716645  2.346166
-2.733478  2.318150
-2.782481  2.348379
-2.765648  2.376396
-2.749563  2.347273
-2.750350  2.289670
-2.883698  2.177563
-2.866983  2.206019
-2.867449  2.148088
-2.834484  2.147069
-2.850733  2.176544
-2.851334  2.118635
-2.715885  2.403748
-2.682955  2.403083
-2.699800  2.374625
-2.697784  2.489113
-2.731805  2.432646
-2.714795  2.460880
-2.665944  2.431317
-2.681864  2.460215
-2.632516  2.487972
-2.665150  2.488543
-2.649230  2.459644
-2.698875  2.431981
-2.644013  2.570339
-2.581233  2.571883
-2.612623  2.571111
-2.614593  2.515047
-2.629303  2.542693
-2.597913  2.543465
-2.661937  2.543264
-2.679861  2.516189
-2.647227  2.515618
-2.598631  2.654581
-2.551878  2.737686
-2.567462  2.709984
-2.583046  2.682282
-2.532993  2.654411
-2.565812  2.654496
-2.534643  2.709899
-2.517409  2.682112
-2.484703  2.737826
-2.501949  2.817710
-2.518592  2.791035
-2.535235  2.764360
-2.518291  2.737756
-2.468060  2.764500
-2.485004  2.791105
-2.501648  2.764430
-2.628886  2.598420
-2.613758  2.626500
-2.566105  2.599963
-2.582368  2.627272
-2.597495  2.599191
-2.549549  2.627187
-2.501056  2.709969
-2.550228  2.682197
-2.435129  2.821085
-2.468539  2.819398
-2.451594  2.792793
-2.461895  2.916941
-2.396831  2.999790
-2.440207  2.944557
-2.418519  2.972174
-2.366559  2.938489
-2.335271  3.001094
-2.353040  3.088629
-2.321186  3.166372
-2.249631  3.205207
-2.275771  3.123287
-2.298478  3.144830
-2.273483  3.192262
-2.297334  3.179317
-2.250776  3.170719
-2.251920  3.136232
-2.274627  3.157775
-2.488598  2.850787
-2.475246  2.883864
-2.421777  2.854162
-2.441836  2.885552
-2.455187  2.852475
-2.388247  2.910873
-2.425071  2.913907
-2.405012  2.882518
-2.366051  3.000442
-2.367637  3.059016
-2.382234  3.029403
-2.320674  3.030707
-2.336857  3.059668
-2.351454  3.030055
-2.381695  2.969140
-2.350915  2.969792
-2.403383  2.941523
-2.286390  3.097373
-2.319715  3.093001
-2.303532  3.064040
-2.227050  3.190414
-2.204468  3.175622
-2.228194  3.155927
-2.342422  3.114543
-2.331804  3.140458
-2.309097  3.118915
-2.218264  3.220538
-2.253280  3.304955
-2.252064  3.271706
-2.250848  3.238456
-2.186897  3.235870
-2.220697  3.287037
-2.188114  3.269119
-2.219481  3.253788
-2.195683  3.205746
-2.170185  3.360104
-2.085741  3.413164
-2.137510  3.345523
-2.104836  3.330942
-2.081214  3.380896
-2.076687  3.348629
-2.113889  3.395477
-2.142037  3.377790
-2.109362  3.363210
-2.165300  3.323803
-2.160415  3.287502
-2.132625  3.309222
-2.197883  3.341721
-2.225582  3.323338
-2.192998  3.305420
-2.054417  3.399195
-2.000000  3.464102
-2.023093  3.385227
-1.997256  3.433154
-1.994512  3.402207
-2.028580  3.447122
-2.057161  3.430143
-2.025836  3.416175
-2.049890  3.366928
-1.973603  3.451865
-1.947205  3.439628
-1.970859  3.420917
-1.942011  3.496625
-1.971005  3.480363
-1.944608  3.468126
-2.000000  -3.464102
-1.972161  -3.447267
-1.944321  -3.430432
-1.971005  -3.480363
-1.942011  -3.496625
-1.943166  -3.463528
-2.000000  -3.431558
-2.085741  -3.413164
-2.170185  -3.360104
-2.084545  -3.380019
-2.083349  -3.346875
-2.140841  -3.344646
-2.111497  -3.329188
-2.142037  -3.377790
-2.113889  -3.395477
-2.112693  -3.362333
-2.000000  -3.399015
-2.057161  -3.397600
-2.028580  -3.382036
-2.055965  -3.364455
-1.972161  -3.414724
-2.057161  -3.430143
-2.028580  -3.447122
-2.028580  -3.414579
-2.168563  -3.327601
-2.166941  -3.295098
-2.139219  -3.312143
-2.253280  -3.304955
-2.256457  -3.199462
-2.309415  -3.106470
-2.278142  -3.108225
-2.246870  -3.109981
-2.242837  -3.170220
-2.229217  -3.140978
-2.274110  -3.168465
-2.291763  -3.137467
-2.260490  -3.139223
-2.226078  -3.220507
-2.195698  -3.241551
-2.223960  -3.290835
-2.194639  -3.276715
-2.254339  -3.269791
-2.255398  -3.234627
-2.225019  -3.255671
-2.225582  -3.323338
-2.197883  -3.341721
-2.196261  -3.309218
-2.226118  -3.192521
-2.195778  -3.185580
-2.212498  -3.163279
-2.195738  -3.213565
-2.279376  -3.052858
-2.365391  -3.024057
-2.413266  -2.936944
-2.454490  -2.840410
-2.427007  -2.904766
-2.440749  -2.872588
-2.392647  -2.848776
-2.423568  -2.844593
-2.378905  -2.880954
-2.396086  -2.908949
-2.409827  -2.876771
-2.294396  -3.079664
-2.346732  -3.051528
-2.328074  -3.078999
-2.298035  -3.025387
-2.331713  -3.024722
-2.330491  -2.967814
-2.347941  -2.995936
-2.314263  -2.996601
-2.263123  -3.081419
-2.313054  -3.052193
-2.346449  -2.938776
-2.379857  -2.937860
-2.362677  -2.909865
-2.381349  -2.995020
-2.397307  -2.965982
-2.363899  -2.966898
-2.419781  -2.784194
-2.437136  -2.812302
-2.406214  -2.816485
-2.495861  -2.751201
-2.544729  -2.665069
-2.593469  -2.579002
-2.577222  -2.607691
-2.560975  -2.636380
-2.528140  -2.636492
-2.511551  -2.607915
-2.560633  -2.579114
-2.527797  -2.579226
-2.544386  -2.607803
-2.464716  -2.752829
-2.433571  -2.754458
-2.479713  -2.722835
-2.463565  -2.694469
-2.512291  -2.665414
-2.479854  -2.665759
-2.528439  -2.693779
-2.512150  -2.722490
-2.496002  -2.694124
-2.448568  -2.724464
-2.482071  -2.780937
-2.468280  -2.810674
-2.450926  -2.782566
-2.495703  -2.636837
-2.576775  -2.550400
-2.642546  -2.492656
-2.625846  -2.464074
-2.609145  -2.435492
-2.609493  -2.492836
-2.576440  -2.493016
-2.592792  -2.464254
-2.560081  -2.521798
-2.626187  -2.521438
-2.609828  -2.550220
-2.593134  -2.521618
-2.543939  -2.550512
-2.691614  -2.406291
-2.675258  -2.435079
-2.658902  -2.463867
-2.658557  -2.406498
-2.625501  -2.406704
-2.642201  -2.435286
-2.658136  -2.349200
-2.740575  -2.319988
-2.707516  -2.320210
-2.674457  -2.320432
-2.707109  -2.262938
-2.723842  -2.291463
-2.690783  -2.291685
-2.674875  -2.377745
-2.724255  -2.348755
-2.707934  -2.377523
-2.691195  -2.348978
-2.641818  -2.377952
-2.789553  -2.233696
-2.838495  -2.147394
-2.805867  -2.204929
-2.822181  -2.176161
-2.772371  -2.147924
-2.805433  -2.147659
-2.756057  -2.176692
-2.772805  -2.205194
-2.789119  -2.176426
-2.773227  -2.262460
-2.756901  -2.291224
-2.723435  -2.234174
-2.756494  -2.233935
-2.740168  -2.262699
-2.739746  -2.205433
-2.821721  -2.118924
-2.804946  -2.090455
-2.788659  -2.119190
-2.886752  -2.061939
-2.935350  -1.976232
-2.984342  -1.890353
-2.901865  -1.919225
-2.918607  -1.947728
-2.968011  -1.918980
-2.951680  -1.947606
-2.951269  -1.890476
-2.918196  -1.890599
-2.934938  -1.919102
-2.853182  -2.004871
-2.869967  -2.033405
-2.919150  -2.004801
-2.902951  -2.033370
-2.902366  -1.976267
-2.869382  -1.976302
-2.885623  -1.947764
-2.821032  -2.061969
-2.853892  -2.061954
-2.837107  -2.033420
-2.854581  -2.118909
-2.870667  -2.090424
-2.837806  -2.090439
-2.886166  -2.004836
-2.950852  -1.833307
-2.967597  -1.861830
-2.934524  -1.861953
-3.033320  -1.804018
-3.016994  -1.832796
-3.000668  -1.861575
-2.967178  -1.804529
-3.000249  -1.804273
-2.983923  -1.833052
-2.999802  -1.747011
-3.016561  -1.775514
-2.983490  -1.775770
-3.082284  -1.717721
-3.048740  -1.660732
-3.065512  -1.689226
-3.016124  -1.718245
-3.049204  -1.717983
-3.032432  -1.689488
-3.049641  -1.775252
-3.065963  -1.746486
-3.032883  -1.746749
-3.131172  -1.631425
-3.097656  -1.574428
-3.114414  -1.602927
-3.065036  -1.631966
-3.098104  -1.631696
-3.081346  -1.603197
-3.114876  -1.660191
-3.098580  -1.688956
-3.081808  -1.660461
-3.129850  -1.459629
-3.079548  -1.374542
-3.128486  -1.287965
-3.095860  -1.345683
-3.112173  -1.316824
-3.095416  -1.288603
-3.062346  -1.289241
-3.062791  -1.346321
-3.046034  -1.318100
-3.046505  -1.375021
-3.013463  -1.375501
-3.029748  -1.346800
-3.113083  -1.431267
-3.096315  -1.402904
-3.046915  -1.431933
-3.063231  -1.403238
-3.063683  -1.460296
-3.096766  -1.459962
-3.079999  -1.431600
-3.097216  -1.517162
-3.113533  -1.488396
-3.080449  -1.488729
-3.030189  -1.403717
-3.180142  -1.545153
-3.146614  -1.488137
-3.163378  -1.516645
-3.113980  -1.545670
-3.147061  -1.545412
-3.130297  -1.516904
-3.147495  -1.602668
-3.163818  -1.573910
-3.130737  -1.574169
-3.079103  -1.317462
-3.078326  -1.203607
-3.045626  -1.261121
-3.061976  -1.232364
-3.111766  -1.259845
-3.095046  -1.231726
-3.078696  -1.260483
-3.012911  -1.204568
-3.045618  -1.204087
-3.029269  -1.232845
-3.029068  -1.118749
-2.978544  -1.033437
-3.012227  -1.090312
-2.995386  -1.061874
-2.946040  -1.090853
-2.962292  -1.062145
-2.962882  -1.119291
-2.996492  -1.176282
-3.012780  -1.147516
-2.995975  -1.119020
-2.979687  -1.147787
-3.045487  -1.147035
-3.061907  -1.175321
-3.029199  -1.175802
-2.979134  -1.090583
-2.912489  -1.033833
-2.928299  -0.947895
-2.877925  -0.862283
-2.911508  -0.919358
-2.894716  -0.890820
-2.845431  -0.919767
-2.861678  -0.891025
-2.862222  -0.948305
-2.895261  -0.948100
-2.878469  -0.919563
-2.945517  -1.033635
-2.945048  -0.976409
-2.961796  -1.004923
-2.895741  -1.005319
-2.912020  -0.976607
-2.878982  -0.976812
-2.929265  -1.062343
-2.928768  -1.005121
-2.844890  -0.862555
-2.811856  -0.862827
-2.828643  -0.891297
-2.827634  -0.776815
-2.777402  -0.691373
-2.727079  -0.605907
-2.676624  -0.520490
-2.626310  -0.435011
-2.643544  -0.520778
-2.610464  -0.521067
-2.610001  -0.463792
-2.593692  -0.492574
-2.643082  -0.463504
-2.659853  -0.491997
-2.626773  -0.492285
-2.795092  -0.834337
-2.811363  -0.805576
-2.861161  -0.833794
-2.844397  -0.805304
-2.828127  -0.834065
-2.761557  -0.777380
-2.794595  -0.777097
-2.794146  -0.719853
-2.810890  -0.748334
-2.761108  -0.720136
-2.744813  -0.748899
-2.711273  -0.691946
-2.744338  -0.691659
-2.743854  -0.634395
-2.760628  -0.662884
-2.710789  -0.634682
-2.694499  -0.663457
-2.693963  -0.606225
-2.660847  -0.606544
-2.660326  -0.549281
-2.644029  -0.578072
-2.627246  -0.549569
-2.778325  -0.805858
-2.728043  -0.720423
-2.777852  -0.748617
-2.677673  -0.635001
-2.727563  -0.663171
-2.693442  -0.548962
-2.710261  -0.577434
-2.677145  -0.577753
-2.593250  -0.435271
-2.560190  -0.435531
-2.576941  -0.464052
-2.576086  -0.349507
-2.525767  -0.264068
-2.542996  -0.349804
-2.509905  -0.350102
-2.509450  -0.292845
-2.493132  -0.321622
-2.542540  -0.292548
-2.559313  -0.321027
-2.526223  -0.321325
-2.559768  -0.378268
-2.543449  -0.407029
-2.526677  -0.378565
-2.592828  -0.378008
-2.609569  -0.406509
-2.576509  -0.406769
-2.492681  -0.264360
-2.459594  -0.264652
-2.476363  -0.293137
-2.475463  -0.178625
-2.492231  -0.207106
-2.508999  -0.235587
-2.459145  -0.207398
-2.442826  -0.236171
-2.475913  -0.235879
-2.442417  -0.178915
-2.425134  -0.093191
-2.392079  -0.093480
-2.359024  -0.093769
-2.392595  -0.150727
-2.408865  -0.121959
-2.375810  -0.122248
-2.409371  -0.179205
-2.458687  -0.150147
-2.441911  -0.121669
-2.425641  -0.150437
-2.426099  -0.207688
-2.275649  -0.008629
-2.292422  -0.037105
-2.309196  -0.065582
-2.259377  -0.037396
-2.243106  -0.066164
-2.276151  -0.065873
-2.374802  -0.007754
-2.391580  -0.036233
-2.408357  -0.064712
-2.358524  -0.036522
-2.342247  -0.065290
-2.375302  -0.065001
-2.341751  -0.008045
-2.308700  -0.008337
-2.325473  -0.036814
-2.242599  -0.008922
-2.209548  -0.009214
-2.226327  -0.037689
-2.209039  0.048032
-2.192769  0.019262
-2.258869  0.019848
-2.242089  0.048325
-2.225819  0.019555
-2.159719  0.018969
-2.142939  0.047445
-2.126664  0.018679
-2.175989  0.047738
-2.308190  0.048912
-2.291919  0.020142
-2.358022  0.020725
-2.341241  0.049204
-2.324970  0.020433
-2.275140  0.048618
-2.423612  0.078554
-2.472430  0.164871
-2.521210  0.251146
-2.438867  0.221849
-2.455648  0.193360
-2.504950  0.222388
-2.488690  0.193629
-2.488169  0.250877
-2.455127  0.250608
-2.471909  0.222119
-2.406831  0.107039
-2.390050  0.135524
-2.439376  0.164584
-2.406323  0.164297
-2.456157  0.136098
-2.439884  0.107326
-2.423104  0.135811
-2.390561  0.078263
-2.357511  0.077973
-2.373781  0.106749
-2.407342  0.049785
-2.391072  0.021016
-2.374291  0.049494
-2.422595  0.193073
-2.487691  0.308170
-2.504451  0.279658
-2.471409  0.279389
-2.570066  0.337301
-2.618991  0.423687
-2.586374  0.366096
-2.602683  0.394892
-2.552842  0.423264
-2.585917  0.423476
-2.585417  0.480851
-2.602204  0.452269
-2.569129  0.452058
-2.553781  0.308583
-2.537496  0.279865
-2.503976  0.336888
-2.537021  0.337094
-2.520736  0.308376
-2.536533  0.394468
-2.553300  0.365885
-2.520255  0.365678
-2.569608  0.394680
-2.667903  0.509958
-2.635295  0.452444
-2.651599  0.481201
-2.601721  0.509608
-2.634812  0.509783
-2.618508  0.481026
-2.634309  0.567194
-2.716794  0.596562
-2.700497  0.567694
-2.684200  0.538826
-2.651106  0.538576
-2.683700  0.596312
-2.650606  0.596062
-2.683201  0.653694
-2.699997  0.625128
-2.666903  0.624878
-2.618015  0.538401
-2.667403  0.567444
-2.765706  0.683166
-2.749402  0.654298
-2.733098  0.625430
-2.699505  0.682562
-2.732605  0.682864
-2.716301  0.653996
-2.732074  0.740187
-2.748890  0.711676
-2.715789  0.711374
-2.814560  0.769607
-2.781991  0.711979
-2.798276  0.740793
-2.748358  0.769000
-2.781459  0.769304
-2.765175  0.740490
-2.797737  0.798107
-2.780914  0.826607
-2.764636  0.797804
-2.863404  0.855966
-2.912318  0.942351
-2.846085  0.941757
-2.879201  0.942054
-2.878680  0.999393
-2.895499  0.970872
-2.862382  0.970575
-2.797195  0.855393
-2.830300  0.855679
-2.830842  0.798393
-2.847123  0.827179
-2.814019  0.826893
-2.829780  0.912961
-2.846592  0.884463
-2.813488  0.884177
-2.896013  0.913556
-2.879709  0.884761
-2.862897  0.913259
-2.961221  1.028816
-2.944920  0.999994
-2.928619  0.971173
-2.894981  1.028215
-2.928101  1.028515
-2.911800  0.999694
-2.927569  1.085889
-3.010111  1.115340
-2.993282  1.143880
-2.976454  1.172419
-2.943865  1.114730
-2.976988  1.115035
-2.960159  1.143575
-2.944395  1.057352
-2.977518  1.057657
-2.993814  1.086499
-2.960691  1.086194
-2.911275  1.057052
-3.059010  1.201881
-3.042175  1.230425
-3.025341  1.258970
-2.992753  1.201266
-3.025882  1.201574
-3.009047  1.230118
-3.026410  1.144187
-3.042710  1.173034
-3.009582  1.172727
-3.107918  1.288432
-3.091079  1.316982
-3.074240  1.345532
-3.041643  1.287820
-3.074781  1.288126
-3.057942  1.316676
-3.075313  1.230731
-3.091615  1.259582
-3.058478  1.259276
-3.156756  1.375043
-3.139933  1.403581
-3.123109  1.432118
-3.090520  1.374402
-3.123638  1.374723
-3.106814  1.403260
-3.124198  1.317302
-3.140477  1.346173
-3.107359  1.345852
-3.205569  1.462059
-3.254374  1.549419
-3.203958  1.635220
-3.153201  1.720851
-3.102640  1.806491
-3.120131  1.720108
-3.087061  1.719365
-3.086424  1.777201
-3.070207  1.747911
-3.119494  1.777944
-3.136348  1.749398
-3.103277  1.748655
-3.188743  1.490547
-3.221279  1.548787
-3.171380  1.576755
-3.187669  1.605988
-3.237569  1.578020
-3.220764  1.606620
-3.188185  1.548155
-3.204474  1.577387
-3.171917  1.519035
-3.221837  1.491179
-3.238106  1.520299
-3.205011  1.519667
-3.139380  1.461123
-3.172474  1.461591
-3.155648  1.490079
-3.173027  1.404049
-3.189298  1.433054
-3.156204  1.432586
-3.170120  1.692308
-3.187039  1.663764
-3.137738  1.633707
-3.170848  1.634464
-3.120819  1.662251
-3.137010  1.691551
-3.153929  1.663008
-3.154559  1.605231
-3.103940  1.690808
-3.069588  1.805696
-3.036535  1.804902
-3.053371  1.776407
-3.052306  1.891998
-3.001518  1.977823
-3.018447  1.949215
-3.035376  1.920607
-2.986143  1.890446
-3.019224  1.891222
-2.969213  1.919055
-2.985365  1.948439
-3.002295  1.919831
-3.019757  1.833404
-3.036031  1.862701
-3.002950  1.861925
-3.085862  1.834993
-3.069084  1.863496
-3.052810  1.834199
-2.968501  1.976942
-2.935485  1.976060
-2.952349  1.947557
-2.984764  2.006305
-2.968011  2.034787
-2.951748  2.005424
-2.999167  2.149592
-2.983197  2.120818
-2.967227  2.092043
-2.966249  2.149430
-2.933331  2.149269
-2.950279  2.120656
-3.049735  2.063962
-3.033663  2.035249
-3.017590  2.006536
-3.016909  2.063731
-2.984083  2.063500
-3.032879  2.092505
-3.016023  2.121049
-3.000053  2.092274
-3.000837  2.035018
-2.948487  2.235128
-2.932462  2.206454
-2.916438  2.177780
-2.982274  2.178104
-2.965380  2.206616
-2.949356  2.177942
-2.915747  2.234910
-2.898249  2.320939
-2.882255  2.292117
-2.866261  2.263296
-2.865271  2.320747
-2.832293  2.320555
-2.849277  2.291925
-2.883007  2.234692
-2.931741  2.263731
-2.914995  2.292335
-2.899001  2.263514
-2.899722  2.206236
-2.847440  2.406468
-2.831398  2.377766
-2.815356  2.349065
-2.881313  2.349448
-2.864377  2.377958
-2.848335  2.349256
-2.814565  2.405783
-2.781690  2.405097
-2.798523  2.377081
-2.800757  2.502822
-2.766129  2.437216
-2.783443  2.470019
-2.831879  2.438586
-2.816318  2.470704
-2.799004  2.437901
-2.766432  2.498253
-2.732108  2.493683
-2.749119  2.465449
-2.730256  2.575457
-2.777256  2.527034
-2.753756  2.551245
-2.708608  2.517895
-2.719432  2.546676
-2.742932  2.522464
-2.672761  2.572045
-2.701509  2.573751
-2.690685  2.544970
-2.673257  2.643093
-2.662718  2.731755
-2.641355  2.706030
-2.619993  2.680306
-2.588825  2.735709
-2.625771  2.733732
-2.604409  2.708007
-2.711257  2.598002
-2.692257  2.620548
-2.653761  2.594590
-2.663509  2.618842
-2.682509  2.596296
-2.623506  2.650752
-2.648382  2.646922
-2.666231  2.702201
-2.669744  2.672647
-2.644868  2.676476
-2.638634  2.622671
-2.601661  2.817131
-2.642365  2.760214
-2.622013  2.788672
-2.568472  2.764167
-2.585066  2.790649
-2.605419  2.762190
-2.535186  2.817517
-2.568423  2.817324
-2.551829  2.790842
-2.549047  2.886130
-2.554197  2.968031
-2.480412  3.026303
-2.492662  2.933971
-2.523430  2.951001
-2.505007  3.006879
-2.529602  2.987455
-2.474239  2.989849
-2.468067  2.953395
-2.498835  2.970425
-2.584123  2.840131
-2.566585  2.863131
-2.517648  2.840517
-2.533348  2.863324
-2.550886  2.840324
-2.490946  2.906671
-2.552480  2.940731
-2.550764  2.913431
-2.519996  2.896401
-2.521713  2.923701
-2.504297  2.873594
-2.452552  3.017465
-2.424691  3.008628
-2.446379  2.981011
-2.430559  3.087164
-2.415218  3.188530
-2.383874  3.181144
-2.352530  3.173758
-2.394492  3.155230
-2.373766  3.121929
-2.363148  3.147844
-2.408074  3.028915
-2.419316  3.058040
-2.378880  3.088141
-2.404720  3.087653
-2.420331  3.154742
-2.425445  3.120953
-2.399606  3.121441
-2.393477  3.058528
-2.463794  3.046590
-2.447177  3.066877
-2.435934  3.037752
-2.334975  3.247752
-2.306527  3.233570
-2.278079  3.219389
-2.280512  3.285887
-2.307743  3.266820
-2.279295  3.252638
-2.330378  3.220625
-2.325782  3.193499
-2.361722  3.228011
-2.388470  3.208271
-2.357126  3.200885
-2.301931  3.206444
-2.334975  -3.247752
-2.308802  -3.231655
-2.282630  -3.215559
-2.307743  -3.266820
-2.280512  -3.285887
-2.281571  -3.250723
-2.344757  -3.177032
-2.321196  -3.129991
-2.332976  -3.153511
-2.285890  -3.191986
-2.315323  -3.184509
-2.303543  -3.160988
-2.338235  -3.224179
-2.341496  -3.200606
-2.312063  -3.208082
-2.401019  -3.108497
-2.477374  -3.027564
-2.456005  -2.997358
-2.434635  -2.967151
-2.440047  -3.026395
-2.402719  -3.025226
-2.418677  -2.996189
-2.339950  -3.107145
-2.370484  -3.107821
-2.377267  -3.052204
-2.389143  -3.080350
-2.451923  -3.054542
-2.426471  -3.081519
-2.414595  -3.053373
-2.358608  -3.079675
-2.382265  -3.131342
-2.363511  -3.154187
-2.351730  -3.130666
-2.512612  -2.921927
-2.493238  -2.894755
-2.473864  -2.867583
-2.446381  -2.931938
-2.479497  -2.926933
-2.460123  -2.899760
-2.489120  -2.992352
-2.500866  -2.957139
-2.467751  -2.962145
-2.545422  -2.837682
-2.534485  -2.865764
-2.523549  -2.893845
-2.515111  -2.838592
-2.484800  -2.839501
-2.504175  -2.866673
-2.512381  -2.780028
-2.590767  -2.748970
-2.559132  -2.749713
-2.527496  -2.750457
-2.560075  -2.693036
-2.575421  -2.721003
-2.543785  -2.721746
-2.528901  -2.808855
-2.575652  -2.778540
-2.560537  -2.808111
-2.544016  -2.779284
-2.498591  -2.809764
-2.643544  -2.664715
-2.610606  -2.664833
-2.577667  -2.664951
-2.610161  -2.607573
-2.626852  -2.636144
-2.593914  -2.636262
-2.625952  -2.692800
-2.608359  -2.720885
-2.593013  -2.692918
-2.692644  -2.578316
-2.659585  -2.578545
-2.626527  -2.578774
-2.659245  -2.521209
-2.675945  -2.549763
-2.642886  -2.549991
-2.676277  -2.607116
-2.659911  -2.635916
-2.643219  -2.607345
-2.741815  -2.491980
-2.708725  -2.492205
-2.675636  -2.492430
-2.708347  -2.434854
-2.725081  -2.463417
-2.691992  -2.463642
-2.725425  -2.520759
-2.709034  -2.549537
-2.692335  -2.520984
-2.790871  -2.405605
-2.839798  -2.319246
-2.807180  -2.376819
-2.823489  -2.348033
-2.773650  -2.319740
-2.806724  -2.319493
-2.757341  -2.348527
-2.724700  -2.406062
-2.774519  -2.434397
-2.758167  -2.463189
-2.757786  -2.405834
-2.741433  -2.434626
-2.774106  -2.377066
-2.741020  -2.377295
-2.790415  -2.348280
-2.806301  -2.262213
-2.823050  -2.290729
-2.789976  -2.290977
-2.888678  -2.233016
-2.855223  -2.175935
-2.871951  -2.204476
-2.822595  -2.233469
-2.855637  -2.233243
-2.838909  -2.204702
-2.872385  -2.261760
-2.856092  -2.290503
-2.839343  -2.261986
-2.937166  -2.147618
-2.985541  -2.062366
-3.034610  -1.975980
-3.001523  -1.976064
-2.968437  -1.976148
-3.001098  -1.918896
-3.017854  -1.947438
-2.984767  -1.947522
-2.903557  -2.090498
-2.920361  -2.119058
-2.969416  -2.090783
-2.953291  -2.119201
-2.952611  -2.062224
-2.919682  -2.062081
-2.968811  -2.033655
-2.952080  -2.004943
-3.018254  -2.004775
-3.001898  -2.033571
-2.985167  -2.004859
-2.871386  -2.147469
-2.904276  -2.147543
-2.887471  -2.118984
-2.904841  -2.204550
-2.921003  -2.176084
-2.888113  -2.176010
-2.935881  -2.033512
-2.936486  -2.090641
-3.083630  -1.889583
-3.132638  -1.803243
-3.099966  -1.860803
-3.116302  -1.832023
-3.066426  -1.803759
-3.099532  -1.803501
-3.050090  -1.832539
-3.066860  -1.861061
-3.083196  -1.832281
-3.067290  -1.918382
-3.050950  -1.947181
-3.017438  -1.890097
-3.050534  -1.889840
-3.034194  -1.918639
-3.033764  -1.861318
-3.115854  -1.774736
-3.099069  -1.746228
-3.082748  -1.774994
-3.181423  -1.716817
-3.115330  -1.717420
-3.148377  -1.717118
-3.147922  -1.659889
-3.164672  -1.688353
-3.131626  -1.688654
-3.148900  -1.774435
-3.165161  -1.745626
-3.132115  -1.745927
-3.230404  -1.630528
-3.279953  -1.544614
-3.229158  -1.458832
-3.246090  -1.487426
-3.263021  -1.516020
-3.246682  -1.544794
-3.213412  -1.544973
-3.212819  -1.487606
-3.196481  -1.516379
-3.229751  -1.516200
-3.196896  -1.573611
-3.213650  -1.602070
-3.263436  -1.573252
-3.246920  -1.601890
-3.230166  -1.573432
-3.164249  -1.631126
-3.197326  -1.630827
-3.180572  -1.602369
-3.197750  -1.688054
-3.214077  -1.659291
-3.180999  -1.659590
-3.178828  -1.373305
-3.162047  -1.344858
-3.145266  -1.316412
-3.112641  -1.374130
-3.145735  -1.373717
-3.128954  -1.345271
-3.146176  -1.430854
-3.162502  -1.402080
-3.129409  -1.402492
-3.195605  -1.401814
-3.212382  -1.430323
-3.162953  -1.459363
-3.196056  -1.459098
-3.179279  -1.430589
-3.179717  -1.487871
-3.227783  -1.286814
-3.161585  -1.287581
-3.194684  -1.287198
-3.195146  -1.344475
-3.211465  -1.315645
-3.178366  -1.316028
-3.177769  -1.202861
-3.127956  -1.118176
-3.078172  -1.032886
-3.111361  -1.089746
-3.094766  -1.061316
-3.045436  -1.090128
-3.061804  -1.061507
-3.062031  -1.118558
-3.094993  -1.118367
-3.078399  -1.089937
-3.111473  -1.203358
-3.144621  -1.203110
-3.144560  -1.146404
-3.161164  -1.174633
-3.111412  -1.146653
-3.094869  -1.175130
-3.078450  -1.146844
-3.144913  -1.259597
-3.161341  -1.231229
-3.128193  -1.231478
-3.211111  -1.258830
-3.194440  -1.230846
-3.178012  -1.259214
-3.128017  -1.174881
-3.011753  -1.033253
-3.044963  -1.033069
-3.028595  -1.061690
-3.027719  -0.947669
-2.977266  -0.861764
-3.010901  -0.919034
-2.994083  -0.890399
-2.944621  -0.919185
-2.960943  -0.890474
-2.961439  -0.947820
-2.994579  -0.947744
-2.977761  -0.919109
-3.044537  -0.976075
-3.061354  -1.004480
-3.011328  -0.976258
-2.994936  -1.004847
-3.028145  -1.004664
-2.978188  -0.976334
-2.911038  -0.862110
-2.944152  -0.861937
-2.927830  -0.890647
-2.926805  -0.776026
-2.943625  -0.804606
-2.960445  -0.833185
-2.894218  -0.833531
-2.860691  -0.776552
-2.876574  -0.690550
-2.826308  -0.605070
-2.775942  -0.519567
-2.759654  -0.548347
-2.743367  -0.577127
-2.709730  -0.520182
-2.742836  -0.519874
-2.726548  -0.548654
-2.893748  -0.776289
-2.893317  -0.719042
-2.910061  -0.747534
-2.860260  -0.719305
-2.843947  -0.748060
-2.810459  -0.691099
-2.843063  -0.633563
-2.859818  -0.662057
-2.843517  -0.690824
-2.793704  -0.662605
-2.810006  -0.633838
-2.760155  -0.605628
-2.793232  -0.605349
-2.792731  -0.548068
-2.809519  -0.576569
-2.776443  -0.576848
-2.910512  -0.804779
-2.877455  -0.805041
-2.927332  -0.833358
-2.827203  -0.719579
-2.877004  -0.747797
-2.776930  -0.634116
-2.826761  -0.662331
-2.725588  -0.434091
-2.709267  -0.462891
-2.692945  -0.491690
-2.659403  -0.434704
-2.692496  -0.434398
-2.676174  -0.463197
-2.742373  -0.462583
-2.759158  -0.491075
-2.726052  -0.491383
-2.675262  -0.348632
-2.658945  -0.377425
-2.642627  -0.406218
-2.609145  -0.349215
-2.642203  -0.348923
-2.625886  -0.377716
-2.692037  -0.377118
-2.708813  -0.405605
-2.675720  -0.405911
-2.624932  -0.263193
-2.608650  -0.291964
-2.592368  -0.320735
-2.558822  -0.263776
-2.591877  -0.263484
-2.575595  -0.292256
-2.641708  -0.291672
-2.658485  -0.320152
-2.625427  -0.320444
-2.574607  -0.177760
-2.558327  -0.206529
-2.542047  -0.235299
-2.541559  -0.178048
-2.508511  -0.178337
-2.525279  -0.206818
-2.591382  -0.206238
-2.608157  -0.234715
-2.575102  -0.235007
-2.524272  -0.092331
-2.473949  -0.006887
-2.522752  0.079394
-2.440391  0.050073
-2.457170  0.021593
-2.506484  0.050634
-2.490217  0.021873
-2.489705  0.079114
-2.456658  0.078834
-2.473438  0.050354
-2.508002  -0.121095
-2.491733  -0.149860
-2.541050  -0.120807
-2.557829  -0.149284
-2.524781  -0.149572
-2.491226  -0.092617
-2.458180  -0.092904
-2.457678  -0.035655
-2.441406  -0.064423
-2.440900  -0.007176
-2.407851  -0.007465
-2.424629  -0.035944
-2.474956  -0.121382
-2.490723  -0.035368
-2.507497  -0.063849
-2.474452  -0.064136
-2.424121  0.021304
-2.489204  0.136379
-2.505978  0.107886
-2.472931  0.107606
-2.571471  0.165398
-2.620459  0.251480
-2.587800  0.194092
-2.604129  0.222786
-2.554293  0.251258
-2.587376  0.251369
-2.586863  0.308694
-2.669311  0.337772
-2.718300  0.423711
-2.652538  0.366410
-2.635765  0.395049
-2.685197  0.423703
-2.652094  0.423695
-2.701970  0.395065
-2.685641  0.366418
-2.668867  0.395057
-2.555232  0.136730
-2.538992  0.108062
-2.505444  0.165046
-2.538458  0.165222
-2.522218  0.136554
-2.537964  0.222563
-2.554718  0.193980
-2.521704  0.193805
-2.603661  0.280087
-2.653027  0.309008
-2.636743  0.280244
-2.603147  0.337458
-2.636229  0.337615
-2.619456  0.366253
-2.570578  0.279976
-2.571047  0.222675
-2.619945  0.308851
-2.701501  0.452460
-2.767194  0.510542
-2.816103  0.597329
-2.783497  0.539471
-2.799800  0.568400
-2.749897  0.596818
-2.783000  0.597073
-2.733594  0.567888
-2.750394  0.539215
-2.766697  0.568144
-2.684702  0.481209
-2.734097  0.510347
-2.701000  0.510152
-2.750896  0.481598
-2.734598  0.452655
-2.717799  0.481403
-2.668398  0.452452
-2.717297  0.539020
-2.782505  0.654553
-2.865012  0.683924
-2.848709  0.655059
-2.832406  0.626194
-2.799304  0.625941
-2.798808  0.683418
-2.831378  0.741046
-2.848195  0.712485
-2.831910  0.683671
-2.815093  0.712232
-2.766201  0.625685
-2.815607  0.654806
-2.913892  0.770270
-2.881305  0.712706
-2.897599  0.741488
-2.847671  0.769828
-2.880781  0.770049
-2.864488  0.741267
-2.880233  0.827400
-2.962763  0.856732
-3.011698  0.943179
-2.995386  0.914364
-2.979074  0.885548
-2.945948  0.885272
-2.929133  0.913812
-2.978571  0.942903
-2.945445  0.942627
-2.962260  0.914088
-2.897063  0.798835
-2.946472  0.827911
-2.930182  0.799091
-2.929643  0.856477
-2.896524  0.856221
-2.912828  0.885016
-2.863952  0.798614
-2.913353  0.827656
-2.978047  1.000270
-3.060610  1.029720
-3.044306  1.000873
-3.028002  0.972026
-2.994872  0.971725
-2.994351  1.029117
-3.027480  1.029418
-3.011176  1.000572
-2.961746  0.971449
-3.026944  1.086800
-3.043777  1.058260
-3.010647  1.057959
-3.109503  1.116261
-3.075841  1.173341
-3.092672  1.144801
-3.043241  1.115647
-3.076372  1.115954
-3.059541  1.144494
-3.076908  1.058567
-3.093205  1.087414
-3.060075  1.087107
-3.158331  1.202874
-3.124722  1.259912
-3.141527  1.231393
-3.092117  1.202212
-3.125224  1.202543
-3.108420  1.231062
-3.125779  1.145132
-3.142055  1.174003
-3.108948  1.173672
-3.207186  1.289610
-3.173566  1.346566
-3.190376  1.318088
-3.141007  1.288825
-3.174097  1.289217
-3.157287  1.317695
-3.190901  1.260698
-3.174616  1.231786
-3.157812  1.260305
-3.256254  1.376612
-3.305117  1.463779
-3.288829  1.434723
-3.272542  1.405667
-3.222464  1.433576
-3.239359  1.405094
-3.238752  1.462632
-3.271288  1.520872
-3.288203  1.492326
-3.271934  1.463205
-3.255020  1.491752
-3.223542  1.318611
-3.239898  1.347611
-3.189922  1.375566
-3.223088  1.376089
-3.206732  1.347088
-3.206193  1.404571
-3.255647  1.434150
-3.354022  1.550467
-3.302788  1.635793
-3.336944  1.578909
-3.319866  1.607351
-3.286650  1.607001
-3.270512  1.578210
-3.320806  1.550118
-3.287590  1.549768
-3.303728  1.578560
-3.337720  1.521571
-3.321419  1.492675
-3.304504  1.521222
-3.269845  1.635602
-3.236902  1.635411
-3.253707  1.606811
-3.251956  1.721345
-3.201852  1.807308
-3.151069  1.892799
-3.134926  1.864030
-3.118783  1.835260
-3.168782  1.807036
-3.135711  1.806763
-3.184924  1.835805
-3.167997  1.864302
-3.151854  1.835533
-3.235957  1.692637
-3.219958  1.663928
-3.219038  1.721180
-3.185635  1.778489
-3.169418  1.749670
-3.186120  1.721016
-3.235254  1.749999
-3.218553  1.778654
-3.202336  1.749835
-3.203039  1.692472
-3.285844  1.664310
-3.268900  1.692827
-3.252901  1.664119
-3.152565  1.778217
-3.118148  1.892532
-3.100383  1.978379
-3.084358  1.949585
-3.068332  1.920792
-3.067428  1.978194
-3.034473  1.978008
-3.051402  1.949400
-3.085227  1.892265
-3.134174  1.921326
-3.117279  1.949852
-3.101253  1.921059
-3.102005  1.863763
-3.083501  2.006907
-3.066618  2.035434
-3.050545  2.006721
-3.044215  2.233993
-3.012306  2.234371
-2.980396  2.234749
-3.014183  2.177726
-3.029199  2.205859
-2.997290  2.206238
-3.095630  2.148867
-3.063476  2.149108
-3.031322  2.149350
-3.065033  2.092263
-3.080332  2.120565
-3.048177  2.120807
-3.078491  2.177242
-3.061353  2.205617
-3.046337  2.177484
-3.146165  2.063213
-3.114022  2.063463
-3.081878  2.063712
-3.115644  2.006657
-3.130904  2.034935
-3.098761  2.035185
-3.129320  2.091764
-3.112475  2.120316
-3.097177  2.092014
-2.995677  2.320823
-2.963201  2.320862
-2.930725  2.320900
-2.964217  2.263693
-2.979947  2.292258
-2.947471  2.292296
-3.028036  2.262936
-3.011857  2.291880
-2.996126  2.263314
-2.947589  2.407906
-2.907545  2.486074
-2.934241  2.433962
-2.920893  2.460018
-2.867475  2.433003
-2.887510  2.459538
-2.914206  2.407427
-2.880823  2.406947
-2.914696  2.349928
-2.931142  2.378917
-2.897760  2.378438
-2.979648  2.349851
-2.963618  2.378879
-2.947172  2.349889
-2.900858  2.433483
-2.836353  2.497239
-2.871949  2.491656
-2.851914  2.465121
-2.811324  2.600825
-2.747241  2.667826
-2.767135  2.767135
-2.690892  2.710445
-2.719066  2.689135
-2.760504  2.734032
-2.753872  2.700929
-2.732329  2.755342
-2.697524  2.743548
-2.725698  2.722239
-2.784301  2.592369
-2.757279  2.583913
-2.804279  2.535490
-2.807801  2.568157
-2.780779  2.559701
-2.874411  2.559798
-2.832353  2.587149
-2.853382  2.573473
-2.825308  2.521814
-2.849859  2.540806
-2.828830  2.554482
-2.896500  2.510648
-2.885456  2.535223
-2.860904  2.516231
-2.741579  2.637036
-2.735918  2.606247
-2.768602  2.645492
-2.789963  2.623158
-2.762940  2.614702
-2.722579  2.659581
-2.697918  2.651337
-2.716918  2.628792
-2.694405  2.680891
-2.698966  2.837025
-2.686883  2.801935
-2.674801  2.766845
-2.744412  2.790432
-2.721689  2.813729
-2.709606  2.778638
-2.666531  2.830394
-2.634096  2.823762
-2.654448  2.795304
-2.629467  2.905915
-2.646743  2.999125
-2.640984  2.968055
-2.635226  2.936985
-2.604377  2.926620
-2.579287  2.947326
-2.615895  2.988760
-2.585046  2.978396
-2.610136  2.957690
-2.620198  2.876320
-2.610929  2.846725
-2.652633  2.882952
-2.675800  2.859988
-2.643364  2.853357
-2.602660  2.899320
-2.575854  2.892725
-2.593391  2.869725
-2.577570  2.920025
-2.571150  3.064178
-2.493959  3.127326
-2.540904  3.051553
-2.510658  3.038928
-2.489443  3.093652
-2.484928  3.059977
-2.519690  3.106277
-2.545420  3.085227
-2.515174  3.072602
-2.565499  3.032129
-2.559848  3.000080
-2.535253  3.019504
-2.596348  3.042493
-2.621546  3.020809
-2.590697  3.010445
-2.472826  3.113939
-2.451693  3.100552
-2.441465  3.168129
-2.467712  3.147727
-2.446579  3.134340
-2.468310  3.080264
-2.415218  -3.188530
-2.493959  -3.127326
-2.571150  -3.064178
-2.488431  -3.094072
-2.482903  -3.060818
-2.539892  -3.051973
-2.508633  -3.039769
-2.545420  -3.085227
-2.519690  -3.106277
-2.514161  -3.073023
-2.391731  -3.184697
-2.368244  -3.180865
-2.410485  -3.161852
-2.405752  -3.135174
-2.462979  -3.121049
-2.431999  -3.114773
-2.457451  -3.087796
-2.388470  -3.208271
-2.361722  -3.228011
-2.364983  -3.204438
-2.386998  -3.158020
-2.467712  -3.147727
-2.441465  -3.168129
-2.436732  -3.141451
-2.567578  -2.985479
-2.616564  -2.908099
-2.581914  -2.912708
-2.547263  -2.917318
-2.592850  -2.884627
-2.569136  -2.861155
-2.558199  -2.889236
-2.530934  -2.943111
-2.549256  -2.964295
-2.600235  -2.933893
-2.583907  -2.959686
-2.565585  -2.938502
-2.507442  -3.013536
-2.537510  -2.999507
-2.519188  -2.978323
-2.569959  -3.037945
-2.568768  -3.011712
-2.538701  -3.025740
-2.621812  -2.823898
-2.679313  -2.751615
-2.739368  -2.674797
-2.805803  -2.593058
-2.783658  -2.620304
-2.761513  -2.647550
-2.708219  -2.610476
-2.723793  -2.642636
-2.730364  -2.583230
-2.768083  -2.588144
-2.763144  -2.525673
-2.784474  -2.559365
-2.746754  -2.554451
-2.570885  -2.833088
-2.596349  -2.828493
-2.618314  -2.880032
-2.620063  -2.851965
-2.594599  -2.856560
-2.601115  -2.773946
-2.660146  -2.775709
-2.640979  -2.799804
-2.611464  -2.798922
-2.620282  -2.749851
-2.649798  -2.750733
-2.655467  -2.693682
-2.667390  -2.722648
-2.637875  -2.721767
-2.586000  -2.803517
-2.630631  -2.774827
-2.699331  -2.726009
-2.719350  -2.700403
-2.675486  -2.668076
-2.707427  -2.671436
-2.687408  -2.697042
-2.691852  -2.639276
-2.745938  -2.615390
-2.840374  -2.491764
-2.890249  -2.404844
-2.856999  -2.462791
-2.873624  -2.433817
-2.823997  -2.405352
-2.857123  -2.405098
-2.807372  -2.434325
-2.823873  -2.463044
-2.840498  -2.434071
-2.774668  -2.491908
-2.807521  -2.491836
-2.791020  -2.463117
-2.828850  -2.525529
-2.817327  -2.559293
-2.795997  -2.525601
-2.873432  -2.376311
-2.856615  -2.347779
-2.840306  -2.376565
-2.938371  -2.316984
-2.872656  -2.318492
-2.905513  -2.317738
-2.906289  -2.375557
-2.922330  -2.346271
-2.889473  -2.347025
-2.905243  -2.261006
-2.921807  -2.288995
-2.888949  -2.289749
-2.986912  -2.233048
-3.036707  -2.148049
-3.089918  -2.064490
-3.138238  -1.977668
-3.122131  -2.006609
-3.106024  -2.035549
-3.053046  -2.005483
-3.055125  -2.063782
-3.020333  -2.063074
-3.071482  -2.034987
-3.036690  -2.034279
-2.953748  -2.176095
-2.970330  -2.204572
-3.020109  -2.176382
-3.003510  -2.204715
-3.003527  -2.147905
-2.970346  -2.147762
-3.002597  -2.090927
-3.019652  -2.119488
-3.072181  -2.092343
-3.054444  -2.120196
-3.037389  -2.091635
-2.921423  -2.233027
-2.954167  -2.233038
-2.937585  -2.204561
-2.954551  -2.289005
-2.970731  -2.261027
-2.937987  -2.261016
-2.986471  -2.119344
-2.986928  -2.176239
-3.069153  -1.976543
-3.103695  -1.977105
-3.087589  -2.006046
-3.101832  -1.918945
-3.183692  -1.889197
-3.166674  -1.860546
-3.149656  -1.831894
-3.116984  -1.889454
-3.150338  -1.889326
-3.133320  -1.860674
-3.120035  -1.948307
-3.153389  -1.948178
-3.168541  -1.918688
-3.135187  -1.918816
-3.085493  -1.947744
-3.231424  -1.802024
-3.279916  -1.715439
-3.247588  -1.773162
-3.263752  -1.744301
-3.247085  -1.715898
-3.214254  -1.716358
-3.214757  -1.773622
-3.198090  -1.745219
-3.230921  -1.744760
-3.198495  -1.802430
-3.165567  -1.802837
-3.199603  -1.860139
-3.215513  -1.831082
-3.182585  -1.831488
-3.181828  -1.774028
-3.263412  -1.687136
-3.246908  -1.658832
-3.230581  -1.687595
-3.333770  -1.632138
-3.381801  -1.545304
-3.365791  -1.574249
-3.349780  -1.603194
-3.297892  -1.573789
-3.264859  -1.631065
-3.299315  -1.631602
-3.315831  -1.602964
-3.281376  -1.602427
-3.297868  -1.687672
-3.315819  -1.659905
-3.281363  -1.659369
-3.328541  -1.458077
-3.346294  -1.487153
-3.364048  -1.516228
-3.347852  -1.545074
-3.313902  -1.544844
-3.312345  -1.486923
-3.296149  -1.515768
-3.330098  -1.515998
-3.262286  -1.458580
-3.295413  -1.458329
-3.279217  -1.487174
-3.331841  -1.574019
-3.278160  -1.372405
-3.327160  -1.285883
-3.294493  -1.343565
-3.310827  -1.314724
-3.294034  -1.286194
-3.260909  -1.286504
-3.261367  -1.343875
-3.244575  -1.315345
-3.277701  -1.315034
-3.294953  -1.400962
-3.311747  -1.429520
-3.245492  -1.430023
-3.261826  -1.401214
-3.278620  -1.429771
-3.211939  -1.373005
-3.245049  -1.372705
-3.228715  -1.401514
-3.228257  -1.344175
-3.277052  -1.202260
-3.227374  -1.117893
-3.177483  -1.032529
-3.144379  -1.032648
-3.111275  -1.032767
-3.160974  -1.061078
-3.144465  -1.089627
-3.127870  -1.061197
-3.244206  -1.258629
-3.260629  -1.230445
-3.310457  -1.258009
-3.293755  -1.230134
-3.277332  -1.258319
-3.210863  -1.202661
-3.243957  -1.202460
-3.243933  -1.146015
-3.260493  -1.174137
-3.210839  -1.146216
-3.194304  -1.174539
-3.194235  -1.117987
-3.161095  -1.118081
-3.210744  -1.089439
-3.194113  -1.060984
-3.177604  -1.089533
-3.227534  -1.230645
-3.177700  -1.146310
-3.227398  -1.174338
-3.127159  -0.946950
-3.143934  -0.975477
-3.160708  -1.004003
-3.110830  -0.975596
-3.094501  -1.004241
-3.127604  -1.004122
-3.094012  -0.947190
-3.076663  -0.861246
-3.043530  -0.861419
-3.010398  -0.861591
-3.060348  -0.890054
-3.044034  -0.918861
-3.027216  -0.890226
-3.060866  -0.947430
-3.110327  -0.918382
-3.093495  -0.889814
-3.077180  -0.918622
-3.077683  -0.975835
-3.026183  -0.775465
-2.975873  -0.689829
-2.925571  -0.604292
-2.942338  -0.632804
-2.959105  -0.661317
-2.942773  -0.690070
-2.909673  -0.690310
-2.909238  -0.633044
-2.892906  -0.661797
-2.926006  -0.661557
-3.009877  -0.804231
-2.993571  -0.832998
-3.059836  -0.832652
-3.043009  -0.804058
-3.026704  -0.832825
-2.993057  -0.775652
-2.959517  -0.718562
-2.943161  -0.747294
-2.959931  -0.775839
-3.009413  -0.746920
-2.992643  -0.718375
-2.976287  -0.747107
-2.976751  -0.804418
-2.926417  -0.718802
-2.892483  -0.604551
-2.875200  -0.518701
-2.891990  -0.547232
-2.908780  -0.575762
-2.859396  -0.604811
-2.858903  -0.547491
-2.842605  -0.576281
-2.875693  -0.576021
-2.876151  -0.633304
-2.809028  -0.519278
-2.824816  -0.433198
-2.774430  -0.347756
-2.808021  -0.404717
-2.791226  -0.376236
-2.741869  -0.405313
-2.758150  -0.376534
-2.758664  -0.433794
-2.792233  -0.490777
-2.808525  -0.461987
-2.791740  -0.433496
-2.775449  -0.462285
-2.842114  -0.518990
-2.841611  -0.461699
-2.858405  -0.490200
-2.825319  -0.490489
-2.825817  -0.547779
-2.774945  -0.405015
-2.708318  -0.348340
-2.741374  -0.348048
-2.725093  -0.376826
-2.724096  -0.262330
-2.691540  -0.319864
-2.707818  -0.291097
-2.657987  -0.262905
-2.691041  -0.262618
-2.674763  -0.291385
-2.740874  -0.290805
-2.757652  -0.319281
-2.724596  -0.319573
-2.673766  -0.176884
-2.641210  -0.234423
-2.657488  -0.205653
-2.607660  -0.177468
-2.640713  -0.177176
-2.624435  -0.205945
-2.707319  -0.233848
-2.690543  -0.205366
-2.674265  -0.234135
-2.623431  -0.091462
-2.607157  -0.120228
-2.590882  -0.148994
-2.557325  -0.092041
-2.590378  -0.091752
-2.574103  -0.120518
-2.640209  -0.119936
-2.656987  -0.148410
-2.623935  -0.148702
-2.573018  -0.006071
-2.556769  -0.034824
-2.540520  -0.063577
-2.506972  -0.006615
-2.539995  -0.006343
-2.523746  -0.035096
-2.589822  -0.034534
-2.606627  -0.062998
-2.573574  -0.063288
-2.539507  0.050906
-2.556263  0.022418
-2.523240  0.022146
-2.621662  0.079920
-2.670905  0.165453
-2.719788  0.251810
-2.654089  0.194129
-2.637274  0.222804
-2.686678  0.251700
-2.653568  0.251590
-2.703494  0.223024
-2.687199  0.194239
-2.670384  0.222914
-2.555722  0.079569
-2.588692  0.079745
-2.588202  0.136905
-2.654490  0.136942
-2.638076  0.108431
-2.604932  0.108413
-2.604616  0.165416
-2.637760  0.165435
-2.620945  0.194110
-2.571962  0.108237
-2.589233  0.022593
-2.605447  0.051257
-2.572477  0.051081
-2.621346  0.136924
-2.702962  0.280464
-2.686136  0.309118
-2.669852  0.280354
-2.768755  0.338107
-2.735607  0.337995
-2.702459  0.337884
-2.735118  0.395176
-2.751936  0.366642
-2.718788  0.366530
-2.736110  0.280576
-2.752432  0.309342
-2.719284  0.309230
-2.817632  0.424610
-2.801339  0.395776
-2.785047  0.366942
-2.784521  0.424310
-2.751411  0.424011
-2.768229  0.395476
-2.800819  0.453254
-2.784007  0.481898
-2.767709  0.452954
-2.866523  0.511280
-2.849717  0.539963
-2.832910  0.568646
-2.833414  0.511034
-2.800304  0.510788
-2.816607  0.539717
-2.833929  0.453500
-2.850226  0.482390
-2.817117  0.482144
-2.915397  0.597763
-2.964360  0.684386
-3.013251  0.771006
-2.947537  0.713014
-2.930714  0.741642
-2.980131  0.770761
-2.947011  0.770515
-2.996954  0.742133
-2.980657  0.713259
-2.963834  0.741887
-2.882299  0.597618
-2.849201  0.597474
-2.882815  0.540107
-2.899106  0.568935
-2.866008  0.568791
-2.881807  0.655203
-2.931718  0.626637
-2.948039  0.655512
-2.898128  0.684078
-2.931244  0.684232
-2.898602  0.626483
-2.914923  0.655358
-2.865504  0.626339
-2.914421  0.712860
-2.979592  0.828157
-3.062179  0.857516
-2.996421  0.799581
-3.045869  0.828679
-3.029560  0.799843
-3.029040  0.857255
-2.995901  0.856993
-3.012731  0.828418
-2.963302  0.799336
-3.028525  0.914625
-3.045352  0.886071
-3.012213  0.885809
-3.111103  0.944080
-3.094795  0.915225
-3.078487  0.886371
-3.044833  0.943479
-3.077968  0.943780
-3.061660  0.914925
-3.077441  1.001173
-3.094272  0.972626
-3.061137  0.972326
-3.159977  1.030653
-3.127394  0.972937
-3.143686  1.001795
-3.093732  1.030031
-3.126855  1.030342
-3.110563  1.001484
-3.143153  1.059189
-3.126328  1.087725
-3.110030  1.058878
-3.208806  1.117303
-3.142604  1.116608
-3.175705  1.116956
-3.176254  1.059536
-3.192530  1.088419
-3.159429  1.088072
-3.175156  1.174350
-3.191981  1.145826
-3.158880  1.145479
-3.257755  1.204108
-3.306736  1.290966
-3.290409  1.262013
-3.274082  1.233060
-3.224042  1.261109
-3.240898  1.232608
-3.240369  1.290062
-3.273553  1.290514
-3.257226  1.261561
-3.225122  1.146238
-3.241438  1.175173
-3.191472  1.203285
-3.224613  1.203696
-3.208297  1.174761
-3.207757  1.232197
-3.289909  1.319514
-3.356159  1.378213
-3.322857  1.377679
-3.289555  1.377145
-3.339145  1.406735
-3.322131  1.435257
-3.305843  1.406201
-3.273081  1.348063
-3.339684  1.349130
-3.323210  1.320048
-3.306383  1.348597
-3.256725  1.319062
-3.405145  1.465029
-3.454205  1.551945
-3.420811  1.551452
-3.387416  1.550960
-3.388104  1.493508
-3.371063  1.521988
-3.421499  1.494001
-3.437852  1.522973
-3.404458  1.522480
-3.371803  1.464612
-3.338460  1.464196
-3.372488  1.407151
-3.388817  1.436090
-3.355474  1.435673
-3.354761  1.493092
-3.399491  1.635125
-3.367257  1.635348
-3.335023  1.635570
-3.369178  1.578686
-3.384335  1.606906
-3.352100  1.607128
-3.435967  1.579672
-3.417729  1.607399
-3.402573  1.579179
-3.348089  1.720327
-3.316044  1.720666
-3.284000  1.721006
-3.317888  1.663971
-3.332989  1.692149
-3.300944  1.692488
-3.382357  1.663526
-3.365223  1.691927
-3.350123  1.663748
-3.300791  1.807951
-3.267811  1.807737
-3.234832  1.807523
-3.268234  1.750214
-3.284512  1.779082
-3.251533  1.778868
-3.332323  1.749535
-3.316557  1.778743
-3.300278  1.749874
-3.248253  1.892469
-3.215858  1.892579
-3.183464  1.892689
-3.217319  1.835695
-3.232786  1.864082
-3.200391  1.864192
-3.283278  1.836124
-3.265765  1.864296
-3.250298  1.835910
-3.197189  1.977834
-3.164920  1.978016
-3.132652  1.978197
-3.166442  1.921144
-3.181815  1.949489
-3.149547  1.949671
-3.231231  1.920924
-3.214210  1.949379
-3.198837  1.921034
-3.180181  2.006294
-3.163173  2.034753
-3.147912  2.006475
-3.128515  2.237232
-3.183522  2.156602
-3.146851  2.210355
-3.165186  2.183479
-3.124927  2.151445
-3.154225  2.154023
-3.106591  2.178322
-3.072315  2.235073
-3.100415  2.236152
-3.117553  2.207777
-3.089453  2.206697
-3.074415  2.316376
-3.110481  2.263613
-3.092448  2.289994
-3.054282  2.261454
-3.064348  2.288915
-3.082381  2.262534
-3.021923  2.319341
-3.048169  2.317858
-3.038102  2.290397
-3.135889  2.180900
-3.158617  2.094343
-3.234786  2.068283
-3.175705  2.064903
-3.205245  2.066593
-3.209721  2.007984
-3.222253  2.038133
-3.192713  2.036443
-3.171070  2.125472
-3.217698  2.097723
-3.200610  2.127162
-3.188158  2.096033
-3.141772  2.122894
-3.018086  2.391796
-3.015609  2.474640
-2.979588  2.478451
-2.943567  2.482262
-2.970262  2.430151
-2.992936  2.452395
-2.956915  2.456207
-3.055639  2.341516
-3.036863  2.366656
-3.003147  2.344481
-3.010617  2.368138
-3.029393  2.342998
-2.971088  2.402536
-3.016435  2.447025
-3.017261  2.419410
-2.994587  2.397166
-2.993762  2.424781
-2.987118  2.373508
-2.960753  2.562995
-2.943017  2.537354
-2.925281  2.511714
-2.979039  2.533543
-2.997324  2.504092
-2.961303  2.507903
-2.931972  2.561929
-2.902890  2.630471
-2.941466  2.585487
-2.922178  2.607979
-2.893397  2.606913
-2.883904  2.583355
-2.903192  2.560863
-2.912685  2.584421
-2.914236  2.536289
-2.837600  2.696215
-2.863467  2.792947
-2.792947  2.863467
-2.831357  2.784343
-2.799246  2.775739
-2.784343  2.831357
-2.775739  2.799246
-2.816454  2.839961
-2.839961  2.816454
-2.807850  2.807850
-2.828841  2.664418
-2.820083  2.632621
-2.777360  2.677289
-2.807480  2.686752
-2.798722  2.654955
-2.841846  2.610707
-2.872368  2.620589
-2.859364  2.674300
-2.881127  2.652385
-2.850605  2.642503
-2.862875  2.597031
-2.790623  2.743495
-2.814112  2.719855
-2.854845  2.760703
-2.846223  2.728459
-2.822734  2.752099
-2.783992  2.710392
-2.761620  2.854653
-2.730293  2.845839
-2.753016  2.822543
-2.720691  2.932207
-2.690283  2.923443
-2.659875  2.914679
-2.671393  2.976819
-2.696042  2.954513
-2.665634  2.945749
-2.713449  2.900480
-2.706208  2.868753
-2.683041  2.891716
-2.744776  2.909294
-2.768862  2.886381
-2.737535  2.877567
-2.646743  -2.999125
-2.720691  -2.932207
-2.636684  -2.968783
-2.626624  -2.938441
-2.685982  -2.924171
-2.651273  -2.916135
-2.696042  -2.954513
-2.671393  -2.976819
-2.661333  -2.946477
-2.620355  -2.994576
-2.593966  -2.990028
-2.610295  -2.964234
-2.621546  -3.020809
-2.596348  -3.042493
-2.595157  -3.016261
-2.701936  -2.840796
-2.771945  -2.768616
-2.725272  -2.816736
-2.748608  -2.792676
-2.710190  -2.757282
-2.741067  -2.762949
-2.686854  -2.781342
-2.694395  -2.811069
-2.717731  -2.787009
-2.645022  -2.885665
-2.673479  -2.863230
-2.714439  -2.901737
-2.708187  -2.871266
-2.679730  -2.893701
-2.675228  -2.835163
-2.648520  -2.829531
-2.667687  -2.805436
-2.646771  -2.857598
-2.750227  -2.706070
-2.761086  -2.737343
-2.730209  -2.731676
-2.834617  -2.695589
-2.900471  -2.645079
-2.837359  -2.610398
-2.868915  -2.627739
-2.856568  -2.678752
-2.878520  -2.661916
-2.825012  -2.661412
-2.815408  -2.627235
-2.846964  -2.644575
-2.802867  -2.688658
-2.771118  -2.681727
-2.793263  -2.654481
-2.813726  -2.719932
-2.792835  -2.744274
-2.781977  -2.713001
-2.891781  -2.564296
-2.894678  -2.591224
-2.897575  -2.618151
-2.834462  -2.583471
-2.863122  -2.573884
-2.866019  -2.600811
-2.857509  -2.515941
-2.874645  -2.540119
-2.845986  -2.549706
-2.936738  -2.487170
-2.986405  -2.403284
-2.953294  -2.459208
-2.969849  -2.431246
-2.922301  -2.404324
-2.954353  -2.403804
-2.905745  -2.432286
-2.921241  -2.459728
-2.937797  -2.431766
-2.872495  -2.490233
-2.904616  -2.488702
-2.889120  -2.461259
-2.906767  -2.538588
-2.921752  -2.512879
-2.889631  -2.514410
-2.954382  -2.345750
-2.970394  -2.374517
-2.938342  -2.375037
-3.036864  -2.318442
-3.084797  -2.236116
-3.068820  -2.263558
-3.052842  -2.291000
-3.003563  -2.261513
-3.020213  -2.289978
-3.052169  -2.235094
-3.019540  -2.234071
-3.052737  -2.177405
-3.138190  -2.155830
-3.196432  -2.071406
-3.125422  -2.066795
-3.160927  -2.069100
-3.157636  -2.008914
-3.177034  -2.040160
-3.141529  -2.037855
-2.971202  -2.317470
-3.004033  -2.317956
-2.987382  -2.289491
-3.020045  -2.346723
-3.003225  -2.375003
-2.987214  -2.346237
-3.068767  -2.206760
-3.120393  -2.182592
-3.102595  -2.209354
-3.070535  -2.150643
-3.104363  -2.153237
-3.086565  -2.179999
-3.036139  -2.205738
-3.036191  -2.262536
-3.106008  -2.094937
-3.157604  -2.127689
-3.177018  -2.099547
-3.122099  -2.125383
-3.141513  -2.097242
-3.088272  -2.122790
-3.235858  -1.975721
-3.222716  -2.007616
-3.209574  -2.039511
-3.170778  -1.977019
-3.203318  -1.976370
-3.190176  -2.008265
-3.201081  -1.918038
-3.278241  -1.885630
-3.262635  -1.857761
-3.247029  -1.829892
-3.215208  -1.888008
-3.246724  -1.886819
-3.231119  -1.858950
-3.218469  -1.946880
-3.249986  -1.945691
-3.264113  -1.915660
-3.232597  -1.916849
-3.185929  -1.947529
-3.325958  -1.798409
-3.310611  -1.770752
-3.295263  -1.743096
-3.262935  -1.800819
-3.294446  -1.799614
-3.279099  -1.771957
-3.294146  -1.856556
-3.310052  -1.827482
-3.278541  -1.828687
-3.383706  -1.717996
-3.446840  -1.638949
-3.404750  -1.691647
-3.425795  -1.665298
-3.409150  -1.636679
-3.371460  -1.634408
-3.403481  -1.576519
-3.425160  -1.607734
-3.387470  -1.605464
-3.314513  -1.716291
-3.349109  -1.717144
-3.345207  -1.771605
-3.364456  -1.744800
-3.329860  -1.743948
-3.367060  -1.689377
-3.350415  -1.660758
-3.388105  -1.663028
-3.332464  -1.688524
-3.478386  -1.543068
-3.467871  -1.575028
-3.457355  -1.606989
-3.413996  -1.544559
-3.446191  -1.543813
-3.435676  -1.575774
-3.427715  -1.457472
-3.412411  -1.486749
-3.397106  -1.516026
-3.361599  -1.457875
-3.394657  -1.457673
-3.379353  -1.486951
-3.444606  -1.486004
-3.461496  -1.514536
-3.429301  -1.515281
-3.377347  -1.371726
-3.360618  -1.343112
-3.343889  -1.314498
-3.311222  -1.372179
-3.344284  -1.371953
-3.327555  -1.343338
-3.394136  -1.400308
-3.410926  -1.428890
-3.344809  -1.429293
-3.361078  -1.400510
-3.377868  -1.429092
-3.328016  -1.400736
-3.427009  -1.286403
-3.360443  -1.286057
-3.393726  -1.286230
-3.393901  -1.343285
-3.410455  -1.314844
-3.377172  -1.314671
-3.376905  -1.201618
-3.410308  -1.258142
-3.393606  -1.229880
-3.343742  -1.257795
-3.310336  -1.202046
-3.326896  -1.117157
-3.277016  -1.031929
-3.226573  -0.946227
-3.210210  -0.974994
-3.193846  -1.003762
-3.193435  -0.946468
-3.160297  -0.946709
-3.177072  -0.975235
-3.343620  -1.201832
-3.343566  -1.145311
-3.360235  -1.173464
-3.310282  -1.145524
-3.293667  -1.173892
-3.293722  -1.117402
-3.260548  -1.117648
-3.260469  -1.060584
-3.243839  -1.032129
-3.210661  -1.032329
-3.243387  -0.974794
-3.260202  -1.003362
-3.227024  -1.003562
-3.360323  -1.229706
-3.327039  -1.229920
-3.377025  -1.257968
-3.277107  -1.145770
-3.326951  -1.173678
-3.243922  -1.089239
-3.227291  -1.060784
-3.293643  -1.060338
-3.310270  -1.088748
-3.277096  -1.088993
-3.176125  -0.860538
-3.142971  -0.860774
-3.109817  -0.861010
-3.159803  -0.889342
-3.143481  -0.918146
-3.126649  -0.889578
-3.192941  -0.889101
-3.209757  -0.917664
-3.176619  -0.917905
-3.125672  -0.774864
-3.075262  -0.689187
-3.042132  -0.689401
-3.009002  -0.689615
-3.058902  -0.717946
-3.042542  -0.746705
-3.025772  -0.718160
-3.092509  -0.775064
-3.059346  -0.775264
-3.092065  -0.717746
-3.108868  -0.746305
-3.075705  -0.746505
-3.092999  -0.832452
-3.109335  -0.803658
-3.076172  -0.803858
-3.159307  -0.831980
-3.142489  -0.803422
-3.126153  -0.832216
-3.024871  -0.603473
-2.992206  -0.661044
-3.008538  -0.632258
-2.958671  -0.604019
-2.991771  -0.603746
-2.975438  -0.632531
-3.058465  -0.660616
-3.041668  -0.632044
-3.025335  -0.660830
-2.974486  -0.517866
-2.991281  -0.546402
-3.008076  -0.574937
-2.958181  -0.546675
-2.941876  -0.575483
-2.974976  -0.575210
-2.908295  -0.518423
-2.941390  -0.518145
-2.925085  -0.546953
-2.924075  -0.432302
-2.873676  -0.346773
-2.907276  -0.403792
-2.890476  -0.375283
-2.841103  -0.404390
-2.857390  -0.375581
-2.857902  -0.432899
-2.890989  -0.432601
-2.874189  -0.404091
-2.891492  -0.489902
-2.907783  -0.461102
-2.874697  -0.461400
-2.940879  -0.460823
-2.957682  -0.489345
-2.924587  -0.489623
-2.840594  -0.347101
-2.807512  -0.347428
-2.824308  -0.375909
-2.823230  -0.261444
-2.856861  -0.318330
-2.840045  -0.289887
-2.790697  -0.318985
-2.806963  -0.290215
-2.823779  -0.318658
-2.757141  -0.262035
-2.790185  -0.261740
-2.773919  -0.290510
-2.772907  -0.176032
-2.706813  -0.176600
-2.739860  -0.176316
-2.740366  -0.233564
-2.756637  -0.204798
-2.723590  -0.205082
-2.789681  -0.204503
-2.806455  -0.232974
-2.773411  -0.233269
-2.722637  -0.090596
-2.672185  -0.005334
-2.689002  -0.033755
-2.705820  -0.062175
-2.656500  -0.091174
-2.689568  -0.090885
-2.639682  -0.062753
-2.655934  -0.034043
-2.672751  -0.062464
-2.706347  -0.119359
-2.690056  -0.148121
-2.673278  -0.119647
-2.739394  -0.119075
-2.756150  -0.147553
-2.723103  -0.147837
-2.606074  -0.005825
-2.639129  -0.005579
-2.622878  -0.034289
-2.655344  0.023084
-2.721198  0.080442
-2.654841  0.080094
-2.688019  0.080268
-2.688523  0.023258
-2.704860  0.051850
-2.638503  0.051502
-2.671682  0.051676
-2.622288  0.022839
-2.687669  0.137116
-2.704433  0.108779
-2.671255  0.108605
-2.770313  0.166076
-2.737177  0.165869
-2.704041  0.165661
-2.753471  0.194654
-2.736630  0.223232
-2.720335  0.194446
-2.753941  0.137531
-2.737570  0.108987
-2.720805  0.137324
-2.819198  0.252538
-2.802384  0.281061
-2.785569  0.309584
-2.786061  0.252295
-2.752925  0.252052
-2.769247  0.280818
-2.802903  0.223717
-2.786608  0.194897
-2.769766  0.223475
-2.868079  0.339021
-2.834971  0.338716
-2.801863  0.338412
-2.851263  0.367550
-2.834447  0.396080
-2.818155  0.367246
-2.851785  0.310193
-2.835492  0.281365
-2.818677  0.309889
-2.916978  0.425527
-2.900678  0.396692
-2.884378  0.367856
-2.883862  0.425221
-2.850747  0.424916
-2.867563  0.396386
-2.900160  0.454111
-2.965887  0.512092
-3.014821  0.598639
-2.998000  0.627221
-2.981180  0.655804
-2.981680  0.598347
-2.948538  0.598055
-2.964859  0.626929
-2.883342  0.482696
-2.899645  0.511551
-2.932766  0.511821
-2.933281  0.454382
-2.949584  0.483237
-2.916463  0.482966
-2.867044  0.453806
-2.949057  0.540649
-2.932227  0.569206
-2.998509  0.569790
-2.982198  0.540941
-2.965368  0.569498
-2.915936  0.540378
-3.063757  0.685239
-3.031133  0.627505
-3.047445  0.656372
-3.030625  0.684955
-2.997492  0.684670
-3.046922  0.713828
-3.112674  0.771847
-3.079533  0.771567
-3.046392  0.771287
-3.079010  0.828960
-3.095842  0.800404
-3.062701  0.800123
-3.030086  0.742417
-3.096368  0.742978
-3.080063  0.714108
-3.063227  0.742698
-3.013789  0.713544
-3.014313  0.656088
-3.161607  0.858417
-3.145296  0.829560
-3.128985  0.800704
-3.095321  0.857816
-3.128464  0.858116
-3.112153  0.829260
-3.127937  0.915525
-3.144772  0.886971
-3.111629  0.886671
-3.210492  0.945061
-3.176816  1.002122
-3.193654  0.973592
-3.144233  0.944407
-3.177362  0.944734
-3.160524  0.973264
-3.177902  0.887298
-3.194197  0.916180
-3.161067  0.915852
-3.259386  1.031755
-3.308251  1.118471
-3.291963  1.089566
-3.275674  1.060660
-3.225666  1.088787
-3.242526  1.060271
-3.275103  1.118082
-3.241954  1.117692
-3.258814  1.089176
-3.226790  0.973959
-3.243088  1.002857
-3.193114  1.031020
-3.226250  1.031387
-3.209952  1.002490
-3.209390  1.059903
-3.291419  1.147017
-3.357217  1.205422
-3.324063  1.204984
-3.290909  1.204546
-3.340390  1.233937
-3.323563  1.262451
-3.307236  1.233499
-3.274587  1.175562
-3.324573  1.147455
-3.340895  1.176439
-3.307741  1.176000
-3.258271  1.146627
-3.406566  1.292501
-3.390117  1.263475
-3.373667  1.234449
-3.373290  1.291989
-3.340013  1.291477
-3.356840  1.262963
-3.389764  1.321072
-3.458224  1.380828
-3.508018  1.468792
-3.545651  1.564246
-3.520563  1.500610
-3.533107  1.532428
-3.484687  1.556045
-3.485033  1.645851
-3.525445  1.591448
-3.505239  1.618649
-3.464481  1.583247
-3.428005  1.638701
-3.456519  1.642276
-3.474757  1.614549
-3.446243  1.610974
-3.372961  1.349642
-3.424202  1.379956
-3.390181  1.379084
-3.423786  1.321943
-3.441005  1.351386
-3.406983  1.350514
-3.356487  1.320560
-3.440531  1.408895
-3.422838  1.436962
-3.406509  1.408023
-3.490081  1.496510
-3.472143  1.524227
-3.439436  1.466283
-3.473727  1.467538
-3.455790  1.495255
-3.474822  1.410149
-3.491420  1.439471
-3.457129  1.438216
-3.515169  1.560146
-3.494963  1.587347
-3.502625  1.528328
-3.428684  1.711056
-3.403820  1.807730
-3.412108  1.775505
-3.420396  1.743280
-3.374954  1.717237
-3.401819  1.714146
-3.366666  1.749461
-3.335134  1.807877
-3.369477  1.807804
-3.385243  1.778596
-3.350900  1.778669
-3.466250  1.667586
-3.447467  1.689321
-3.409222  1.660435
-3.418953  1.685746
-3.437736  1.664011
-3.392088  1.688836
-3.393531  1.746371
-3.340884  1.899634
-3.382841  1.838365
-3.361863  1.868999
-3.314155  1.838512
-3.279130  1.894857
-3.310007  1.897246
-3.327520  1.869073
-3.296642  1.866685
-3.348498  1.838438
-3.288088  1.987425
-3.324226  2.078315
-3.300134  2.017721
-3.312180  2.048018
-3.264599  2.071627
-3.294413  2.074971
-3.252553  2.041330
-3.270320  2.014377
-3.282367  2.044674
-3.323285  1.928898
-3.305687  1.958161
-3.261531  1.924121
-3.274809  1.955773
-3.292408  1.926509
-3.227488  1.981031
-3.257788  1.984228
-3.240021  2.011180
-3.244510  1.952576
-3.216008  2.245378
-3.270765  2.163655
-3.194351  2.186194
-3.205180  2.215786
-3.252513  2.190896
-3.234261  2.218137
-3.241684  2.161304
-3.212603  2.158953
-3.223432  2.188545
-3.157679  2.239947
-3.186844  2.242663
-3.176015  2.213071
-3.160540  2.326524
-3.179029  2.299475
-3.197519  2.272427
-3.139190  2.266996
-3.149865  2.296760
-3.168354  2.269711
-3.131832  2.323141
-3.103123  2.319759
-3.121156  2.293377
-3.258772  2.131864
-3.246779  2.100074
-3.229691  2.129513
-3.098252  2.403482
-3.127326  2.493959
-3.117635  2.463800
-3.107943  2.433641
-3.070704  2.427201
-3.043157  2.450921
-3.090087  2.487519
-3.052848  2.481080
-3.080396  2.457360
-3.071530  2.399586
-3.044808  2.395691
-3.090306  2.374447
-3.082361  2.345411
-3.063584  2.370551
-3.119014  2.377829
-3.139777  2.352177
-3.111069  2.348794
-3.288586  2.135208
-3.306406  2.106762
-3.276592  2.103418
-3.043983  2.423306
-3.064178  2.571150
-2.999125  2.646743
-3.029703  2.568432
-2.995228  2.565713
-2.986334  2.618827
-2.973544  2.590911
-3.020809  2.621546
-3.042493  2.596348
-3.008019  2.593629
-3.047988  2.538980
-3.031799  2.506810
-3.013514  2.536262
-3.085227  2.545420
-3.106277  2.519690
-3.069038  2.513250
-2.967047  2.641319
-2.934968  2.635895
-2.954256  2.613403
-2.932207  2.720691
-2.900672  2.712532
-2.869136  2.704373
-2.886381  2.768862
-2.909294  2.744776
-2.877758  2.736618
-2.922435  2.690618
-2.912663  2.660544
-2.954513  2.696042
-2.976819  2.671393
-2.944741  2.665968
-2.890899  2.682459
-2.792947  -2.863467
-2.785946  -2.831850
-2.778946  -2.800233
-2.762610  -2.855910
-2.732273  -2.848353
-2.755609  -2.824293
-2.768862  -2.886381
-2.744776  -2.909294
-2.738525  -2.878823
-2.863467  -2.792947
-2.932207  -2.720691
-2.853851  -2.760495
-2.844234  -2.728042
-2.899677  -2.712324
-2.867147  -2.703957
-2.909294  -2.744776
-2.886381  -2.768862
-2.876764  -2.736409
-2.832960  -2.784837
-2.802452  -2.776727
-2.839961  -2.816454
-2.816454  -2.839961
-2.809453  -2.808344
-2.823343  -2.752384
-2.921629  -2.695487
-2.999125  -2.646743
-2.972992  -2.567229
-2.948819  -2.593179
-2.924645  -2.619129
-2.966240  -2.646189
-2.933356  -2.645634
-2.990414  -2.620239
-2.981703  -2.593734
-2.957529  -2.619684
-2.911050  -2.670283
-2.976819  -2.671393
-2.954513  -2.696042
-2.943935  -2.670838
-2.889099  -2.687120
-2.918852  -2.565274
-2.945922  -2.566252
-2.921748  -2.592201
-2.948823  -2.513857
-3.031344  -2.486956
-3.016365  -2.459065
-3.001385  -2.431174
-2.999809  -2.487027
-2.968273  -2.487099
-2.984829  -2.459137
-2.960907  -2.540543
-3.011894  -2.513714
-2.992443  -2.540471
-2.980358  -2.513785
-2.933837  -2.539565
-3.084865  -2.405306
-3.137310  -2.323853
-3.103828  -2.322050
-3.070346  -2.320246
-3.119806  -2.294608
-3.102301  -2.265362
-3.086324  -2.292804
-3.052045  -2.404632
-3.019225  -2.403958
-3.068865  -2.376352
-3.052865  -2.347397
-3.119828  -2.351004
-3.102347  -2.378155
-3.086347  -2.349201
-3.036045  -2.375677
-3.049185  -2.459739
-3.067025  -2.432523
-3.034205  -2.431849
-3.193421  -2.244050
-3.247523  -2.160248
-3.311449  -2.071272
-3.331883  -1.955858
-3.267866  -1.969100
-3.299874  -1.962479
-3.318260  -2.032801
-3.325071  -1.994329
-3.286252  -2.039422
-3.261055  -2.007572
-3.293063  -2.000950
-3.121005  -2.238761
-3.157213  -2.241406
-3.156014  -2.297252
-3.174717  -2.270651
-3.138509  -2.268007
-3.156601  -2.185237
-3.229489  -2.188182
-3.211455  -2.216116
-3.175011  -2.214644
-3.174634  -2.157303
-3.213462  -2.101020
-3.230492  -2.130634
-3.290140  -2.100931
-3.268831  -2.130589
-3.273110  -2.071317
-3.234771  -2.071361
-3.247913  -2.039466
-3.138803  -2.211999
-3.211079  -2.158775
-3.194048  -2.129161
-3.193045  -2.186710
-3.251801  -2.100975
-3.296121  -1.909039
-3.314002  -1.932448
-3.281994  -1.939069
-3.353749  -1.871319
-3.421891  -1.807974
-3.503718  -1.742825
-3.465799  -1.673574
-3.484758  -1.708199
-3.423710  -1.726272
-3.463714  -1.734548
-3.444754  -1.699923
-3.339172  -1.927678
-3.346460  -1.899499
-3.303410  -1.880859
-3.328580  -1.876089
-3.321291  -1.904269
-3.335222  -1.822712
-3.399177  -1.829089
-3.376463  -1.850204
-3.344485  -1.847016
-3.357935  -1.801597
-3.396434  -1.747988
-3.449167  -1.786257
-3.476442  -1.764541
-3.409163  -1.777981
-3.436438  -1.756265
-3.319316  -1.851786
-3.389913  -1.804785
-3.377185  -1.774793
-3.367199  -1.825901
-3.544359  -1.644802
-3.580796  -1.546150
-3.512523  -1.544095
-3.546659  -1.545123
-3.556505  -1.611918
-3.568650  -1.579034
-3.522368  -1.610891
-3.500377  -1.576979
-3.534514  -1.578007
-3.511853  -1.642851
-3.479346  -1.640900
-3.489862  -1.608940
-3.530812  -1.677476
-3.517265  -1.710150
-3.498306  -1.675525
-3.526899  -1.459534
-3.544865  -1.488406
-3.562830  -1.517278
-3.494557  -1.515223
-3.510728  -1.487378
-3.460777  -1.458159
-3.493838  -1.458846
-3.477667  -1.486691
-3.528694  -1.516251
-3.475347  -1.372428
-3.524727  -1.287369
-3.476460  -1.201625
-3.426851  -1.116378
-3.443275  -1.201622
-3.410090  -1.201620
-3.410202  -1.144792
-3.393553  -1.173205
-3.443387  -1.144794
-3.459924  -1.173209
-3.426738  -1.173207
-3.509715  -1.430498
-3.492531  -1.401463
-3.443593  -1.429124
-3.459470  -1.400776
-3.476654  -1.429811
-3.410013  -1.371960
-3.443122  -1.315078
-3.508267  -1.315722
-3.491807  -1.344075
-3.459234  -1.343753
-3.459582  -1.286725
-3.508638  -1.258788
-3.492549  -1.230206
-3.443493  -1.258144
-3.459976  -1.229884
-3.492154  -1.287047
-3.476065  -1.258466
-3.442680  -1.372194
-3.426567  -1.343519
-3.426803  -1.400542
-3.475694  -1.315400
-3.426791  -1.229882
-3.360214  -1.116897
-3.376491  -1.031101
-3.393533  -1.116638
-3.393278  -1.059527
-3.410064  -1.087953
-3.359960  -1.059786
-3.343428  -1.088471
-3.376746  -1.088212
-3.376884  -1.145051
-3.310175  -1.031653
-3.343333  -1.031377
-3.326801  -1.060062
-3.326021  -0.945376
-3.309686  -0.974227
-3.293351  -1.003078
-3.259722  -0.945943
-3.292872  -0.945660
-3.276537  -0.974511
-3.342844  -0.973951
-3.359668  -1.002526
-3.326510  -1.002802
-3.275559  -0.859678
-3.225100  -0.773995
-3.174654  -0.688309
-3.158326  -0.717161
-3.141999  -0.746012
-3.141523  -0.688602
-3.108393  -0.688895
-3.125196  -0.717454
-3.259231  -0.888527
-3.242902  -0.917377
-3.242415  -0.859965
-3.209270  -0.860251
-3.208775  -0.802843
-3.191957  -0.774285
-3.158814  -0.774574
-3.191469  -0.716871
-3.208285  -0.745433
-3.175142  -0.745723
-3.226086  -0.888814
-3.292380  -0.888244
-3.309200  -0.916810
-3.276051  -0.917094
-3.192450  -0.831691
-3.175632  -0.803132
-3.241920  -0.802556
-3.258740  -0.831117
-3.225595  -0.831404
-3.124226  -0.602646
-3.107905  -0.631493
-3.091583  -0.660340
-3.141035  -0.631200
-3.157845  -0.659755
-3.124714  -0.660047
-3.091108  -0.602922
-3.073810  -0.517017
-3.057497  -0.545836
-3.041184  -0.574654
-3.007594  -0.517583
-3.040702  -0.517300
-3.024389  -0.546119
-3.057990  -0.603197
-3.090616  -0.545560
-3.107421  -0.574103
-3.074303  -0.574379
-3.074786  -0.631769
-3.023385  -0.431415
-2.972955  -0.345885
-2.922478  -0.260475
-2.939304  -0.288945
-2.956130  -0.317415
-2.906769  -0.346477
-2.939862  -0.346181
-2.889944  -0.318007
-2.906211  -0.289241
-2.923037  -0.317711
-2.990785  -0.489049
-3.007085  -0.460232
-2.957178  -0.432006
-2.990281  -0.431710
-2.973982  -0.460528
-3.040193  -0.459949
-3.057002  -0.488483
-3.023893  -0.488766
-2.940369  -0.403496
-2.956662  -0.374691
-2.923569  -0.374987
-3.006575  -0.402905
-2.989765  -0.374395
-2.973472  -0.403201
-2.889395  -0.260798
-2.856312  -0.261121
-2.873128  -0.289564
-2.872020  -0.175220
-2.905659  -0.232057
-2.888840  -0.203638
-2.839493  -0.232703
-2.855757  -0.203961
-2.872576  -0.232380
-2.805945  -0.175761
-2.838983  -0.175491
-2.822719  -0.204232
-2.821800  -0.089810
-2.771507  -0.004654
-2.788271  -0.033039
-2.805036  -0.061425
-2.755691  -0.090334
-2.788746  -0.090072
-2.738927  -0.061949
-2.755217  -0.033301
-2.771981  -0.061687
-2.805502  -0.118551
-2.789205  -0.147291
-2.772448  -0.118813
-2.838540  -0.118280
-2.855280  -0.146750
-2.822242  -0.147021
-2.705292  -0.005107
-2.738400  -0.004881
-2.722110  -0.033528
-2.754737  0.023712
-2.820615  0.081191
-2.869629  0.167089
-2.836524  0.166751
-2.803419  0.166414
-2.836008  0.224055
-2.852819  0.195572
-2.819713  0.195234
-2.737968  0.052077
-2.787476  0.080941
-2.754337  0.080692
-2.787080  0.137781
-2.803847  0.109486
-2.770708  0.109236
-2.721630  0.023485
-2.787876  0.023961
-2.804245  0.052576
-2.771106  0.052326
-2.853291  0.138456
-2.836953  0.109824
-2.820186  0.138119
-2.918521  0.253436
-2.885414  0.253137
-2.852306  0.252837
-2.884893  0.310492
-2.901707  0.281964
-2.868599  0.281665
-2.902224  0.224654
-2.885927  0.195871
-2.869116  0.224354
-2.967412  0.339940
-2.934301  0.339633
-2.901190  0.339327
-2.950601  0.368469
-2.933789  0.396998
-2.917490  0.368162
-2.951115  0.311105
-2.934818  0.282271
-2.918004  0.310799
-3.016332  0.426467
-2.999517  0.455009
-2.982702  0.483550
-2.983214  0.426154
-2.950096  0.425840
-2.966399  0.454695
-3.000025  0.397624
-2.983719  0.368782
-2.966907  0.397311
-3.065303  0.512999
-3.032164  0.512697
-2.999025  0.512394
-3.048476  0.541545
-3.031648  0.570092
-3.015337  0.541243
-3.048979  0.484155
-3.032656  0.455311
-3.015841  0.483853
-3.114238  0.599578
-3.097411  0.628132
-3.080584  0.656685
-3.081099  0.599265
-3.047960  0.598952
-3.064272  0.627819
-3.097926  0.570718
-3.081615  0.541859
-3.064787  0.570405
-3.163182  0.686164
-3.130041  0.685856
-3.096899  0.685547
-3.146868  0.657302
-3.130553  0.628440
-3.113726  0.656994
-3.129510  0.743286
-3.146346  0.714725
-3.113204  0.714417
-3.212126  0.772750
-3.195812  0.743888
-3.179497  0.715026
-3.145825  0.772148
-3.178976  0.772449
-3.162661  0.743587
-3.178447  0.829861
-3.195287  0.801305
-3.162136  0.801005
-3.261039  0.859418
-3.309946  0.946103
-3.277341  0.888313
-3.293644  0.917208
-3.276795  0.945756
-3.243644  0.945408
-3.244190  0.887966
-3.227341  0.916513
-3.260492  0.916861
-3.228430  0.801639
-3.244735  0.830528
-3.194751  0.858750
-3.227895  0.859084
-3.211591  0.830195
-3.211046  0.887632
-3.293093  0.974654
-3.358844  1.032937
-3.325691  1.032543
-3.292539  1.032149
-3.341979  1.061449
-3.325115  1.089960
-3.308827  1.061054
-3.276240  1.003204
-3.342544  1.003992
-3.326245  0.975048
-3.309392  1.003598
-3.259942  0.974306
-3.407814  1.119699
-3.374626  1.119290
-3.341439  1.118881
-3.391491  1.090779
-3.375167  1.061858
-3.358303  1.090369
-3.390949  1.148274
-3.456783  1.206421
-3.423594  1.206088
-3.390406  1.205755
-3.440044  1.235114
-3.423305  1.263808
-3.406856  1.234781
-3.374083  1.176848
-3.424137  1.148607
-3.440460  1.177514
-3.407271  1.177181
-3.357761  1.147864
-3.508001  1.294953
-3.560217  1.381617
-3.492222  1.381091
-3.526220  1.381354
-3.525406  1.323841
-3.542812  1.352729
-3.491409  1.323578
-3.474816  1.352203
-3.508814  1.352466
-3.474189  1.294136
-3.440378  1.293318
-3.473856  1.235932
-3.490928  1.265442
-3.457117  1.264625
-3.457597  1.322761
-3.525418  1.439734
-3.617139  1.481522
-3.593310  1.509097
-3.569480  1.536672
-3.580765  1.477279
-3.544392  1.473036
-3.556936  1.504854
-3.542818  1.410676
-3.598165  1.448221
-3.579191  1.414919
-3.561792  1.443977
-3.508820  1.410413
-3.569278  1.656515
-3.513114  1.649406
-3.541196  1.652961
-3.553527  1.595003
-3.561402  1.625759
-3.533321  1.622204
-3.619178  1.579031
-3.585911  1.630687
-3.602545  1.604859
-3.570160  1.569175
-3.594669  1.574103
-3.578036  1.599931
-3.617819  1.514025
-3.618498  1.546528
-3.593989  1.541600
-3.506990  1.746244
-3.480888  1.734515
-3.454786  1.722785
-3.472600  1.766740
-3.438210  1.787235
-3.446498  1.755010
-3.499671  1.712780
-3.492352  1.679316
-3.473569  1.701050
-3.527753  1.716335
-3.548515  1.686425
-3.520434  1.682870
-3.482583  1.840142
-3.430074  1.818534
-3.456328  1.829338
-3.498854  1.777544
-3.490718  1.808843
-3.464464  1.798039
-3.429729  1.908880
-3.370499  1.902716
-3.400114  1.905798
-3.412456  1.841446
-3.421093  1.875163
-3.391478  1.872081
-3.447347  1.885967
-3.464965  1.863055
-3.438711  1.852251
-3.378452  1.994600
-3.360377  2.022505
-3.342301  2.050410
-3.348330  1.992208
-3.318209  1.989816
-3.330255  2.020113
-3.365929  1.962945
-3.353407  1.931290
-3.335808  1.960553
-3.395544  1.966027
-3.412637  1.937453
-3.383022  1.934371
-3.360104  2.170185
-3.304955  2.253280
-3.330324  2.168008
-3.300545  2.165832
-3.293558  2.223405
-3.282162  2.193530
-3.323338  2.225582
-3.341721  2.197883
-3.311941  2.195707
-3.348145  2.139562
-3.336185  2.108938
-3.318365  2.137385
-3.413164  2.085741
-3.401593  2.055361
-3.390022  2.024980
-3.383518  2.083265
-3.353872  2.080790
-3.371947  2.052885
-3.377790  2.142037
-3.395477  2.113889
-3.365831  2.111414
-3.247752  2.334975
-3.188530  2.415218
-3.158437  2.411306
-3.128344  2.407394
-3.147727  2.467712
-3.168129  2.441465
-3.138036  2.437553
-3.237171  2.305109
-3.226589  2.275244
-3.218681  2.332158
-3.189611  2.329341
-3.179200  2.385653
-3.169870  2.356089
-3.208271  2.388470
-3.228011  2.361722
-3.198941  2.358906
-3.208100  2.302292
-3.275306  2.250646
-3.245657  2.248012
-3.263909  2.220771
-3.266820  2.307743
-3.285887  2.280512
-3.256238  2.277878
-3.149107  2.381741
-3.064178  -2.571150
-3.127326  -2.493959
-3.053233  -2.543086
-3.042289  -2.515021
-3.095332  -2.491625
-3.063338  -2.489290
-3.106277  -2.519690
-3.085227  -2.545420
-3.074283  -2.517355
-3.033783  -2.569843
-3.003387  -2.568536
-3.022838  -2.541778
-3.042493  -2.596348
-3.020809  -2.621546
-3.012098  -2.595041
-3.113172  -2.464408
-3.099019  -2.434857
-3.081179  -2.462074
-3.188530  -2.415218
-3.247752  -2.334975
-3.304955  -2.253280
-3.229642  -2.304667
-3.211531  -2.274359
-3.267777  -2.250204
-3.230599  -2.247127
-3.285887  -2.280512
-3.266820  -2.307743
-3.248709  -2.277435
-3.153975  -2.411914
-3.119420  -2.408610
-3.171457  -2.384763
-3.154383  -2.354308
-3.210938  -2.331268
-3.174124  -2.327561
-3.192828  -2.300960
-3.136902  -2.381459
-3.168129  -2.441465
-3.147727  -2.467712
-3.133574  -2.438161
-3.228011  -2.361722
-3.208271  -2.388470
-3.191197  -2.358015
-3.285811  -2.222269
-3.266667  -2.191259
-3.248633  -2.219193
-3.360104  -2.170185
-3.322577  -2.166873
-3.285050  -2.163560
-3.343885  -2.137214
-3.327667  -2.104243
-3.306358  -2.133902
-3.341721  -2.197883
-3.323338  -2.225582
-3.304194  -2.194571
-3.413164  -2.085741
-3.379259  -2.080918
-3.345354  -2.076095
-3.395477  -2.113889
-3.377790  -2.142037
-3.361572  -2.109066
-3.391468  -2.013008
-3.351744  -1.974908
-3.371606  -1.993958
-3.338122  -2.051851
-3.364795  -2.032429
-3.344933  -2.013379
-3.405932  -2.061496
-3.398700  -2.037252
-3.372027  -2.056674
-3.419303  -1.915624
-3.397452  -1.900856
-3.375601  -1.886087
-3.420166  -1.879740
-3.421028  -1.843857
-3.398315  -1.864972
-3.390163  -1.929035
-3.361023  -1.942446
-3.368312  -1.914267
-3.410025  -1.948085
-3.400746  -1.980546
-3.380885  -1.961496
-3.489301  -1.844149
-3.444361  -1.820032
-3.466831  -1.832091
-3.442636  -1.891799
-3.465968  -1.867974
-3.443498  -1.855916
-3.498912  -1.776599
-3.559487  -1.824843
-3.603875  -1.735535
-3.646023  -1.645148
-3.624281  -1.612149
-3.602538  -1.579149
-3.612135  -1.645033
-3.578247  -1.644917
-3.590393  -1.612033
-3.494106  -1.810374
-3.536092  -1.831278
-3.512696  -1.837714
-3.540897  -1.797503
-3.522307  -1.770164
-3.570490  -1.737965
-3.537104  -1.740395
-3.589079  -1.765304
-3.574283  -1.795073
-3.555693  -1.767734
-3.471636  -1.798316
-3.584037  -1.705291
-3.564198  -1.675046
-3.631974  -1.675277
-3.617925  -1.705406
-3.598086  -1.675162
-3.550651  -1.707720
-3.517502  -1.803939
-3.685905  -1.553739
-3.650868  -1.551209
-3.615832  -1.548680
-3.672611  -1.584209
-3.659317  -1.614679
-3.637575  -1.581679
-3.631100  -1.467592
-3.575344  -1.376144
-3.593929  -1.406627
-3.612515  -1.437109
-3.561633  -1.462220
-3.596367  -1.464906
-3.543048  -1.431737
-3.559196  -1.403940
-3.577781  -1.434423
-3.597564  -1.519964
-3.614332  -1.493778
-3.667637  -1.525024
-3.649369  -1.496308
-3.632600  -1.522494
-3.579599  -1.491092
-3.508679  -1.373667
-3.542012  -1.374905
-3.525863  -1.402702
-3.541599  -1.316961
-3.621290  -1.290437
-3.577251  -1.201784
-3.589102  -1.289414
-3.556915  -1.288392
-3.559743  -1.230313
-3.542235  -1.258841
-3.591931  -1.231335
-3.606610  -1.260886
-3.574423  -1.259864
-3.558472  -1.346552
-3.605974  -1.319006
-3.590659  -1.347575
-3.573787  -1.317983
-3.525139  -1.345314
-3.543654  -1.201731
-3.510057  -1.201678
-3.526146  -1.230260
-3.526719  -1.115955
-3.543563  -1.144565
-3.560407  -1.173175
-3.509966  -1.144511
-3.493213  -1.173068
-3.493430  -1.116096
-3.475997  -1.030281
-3.492904  -1.058839
-3.509812  -1.087397
-3.460140  -1.116237
-3.459615  -1.058980
-3.443233  -1.087679
-3.409660  -1.030827
-3.442828  -1.030554
-3.426446  -1.059253
-3.476677  -1.144653
-3.526810  -1.173121
-3.476522  -1.087538
-3.425500  -0.944525
-3.392828  -1.002242
-3.409164  -0.973383
-3.359181  -0.945092
-3.392340  -0.944809
-3.376004  -0.973667
-3.442332  -0.973110
-3.459165  -1.001696
-3.425996  -1.001969
-3.375023  -0.858823
-3.324545  -0.773127
-3.308217  -0.801978
-3.291888  -0.830828
-3.258248  -0.773706
-3.291397  -0.773417
-3.275068  -0.802267
-3.342355  -0.916525
-3.358689  -0.887674
-3.308714  -0.859393
-3.341868  -0.859108
-3.341371  -0.801693
-3.358197  -0.830258
-3.325042  -0.830543
-3.325534  -0.887959
-3.408674  -0.915957
-3.391848  -0.887390
-3.375515  -0.916241
-3.274068  -0.687441
-3.223612  -0.601759
-3.240431  -0.630319
-3.257249  -0.658880
-3.207792  -0.688020
-3.257745  -0.716293
-3.241423  -0.745144
-3.240930  -0.687731
-3.224607  -0.716582
-3.290894  -0.716003
-3.307720  -0.744565
-3.274571  -0.744855
-3.207293  -0.630609
-3.190973  -0.659459
-3.157355  -0.602350
-3.190483  -0.602054
-3.174164  -0.630905
-3.224111  -0.659170
-3.173159  -0.516142
-3.156848  -0.544977
-3.140537  -0.573811
-3.106926  -0.516726
-3.140043  -0.516434
-3.123732  -0.545269
-3.189977  -0.544681
-3.206794  -0.573220
-3.173666  -0.573516
-3.122727  -0.430528
-3.072284  -0.344926
-3.021824  -0.259349
-3.005534  -0.288195
-2.989245  -0.317040
-2.988709  -0.259725
-2.955593  -0.260100
-2.972419  -0.288570
-3.090116  -0.488188
-3.106421  -0.459358
-3.056499  -0.431119
-3.105913  -0.401994
-3.089098  -0.373460
-3.039684  -0.402585
-3.055984  -0.373756
-3.089613  -0.430823
-3.072798  -0.402290
-3.073307  -0.459653
-3.139538  -0.459066
-3.156348  -0.487604
-3.123232  -0.487896
-3.039174  -0.345246
-3.006065  -0.345566
-3.055464  -0.316401
-3.038644  -0.287875
-3.022354  -0.316720
-3.022875  -0.374075
-2.971270  -0.174272
-2.955006  -0.203006
-2.938742  -0.231741
-3.004973  -0.230990
-2.988121  -0.202631
-2.971857  -0.231366
-2.938187  -0.174588
-2.905104  -0.174904
-2.921923  -0.203322
-2.920831  -0.089276
-2.870573  -0.003972
-2.919949  0.081724
-2.903490  0.053158
-2.887032  0.024593
-2.837267  0.052803
-2.853920  0.024416
-2.886838  0.081546
-2.853726  0.081369
-2.886403  0.138634
-2.968963  0.167868
-2.952625  0.139153
-2.936287  0.110438
-2.903176  0.110179
-2.902741  0.167349
-2.935852  0.167608
-2.919514  0.138893
-2.888290  -0.146572
-2.904561  -0.117924
-2.954457  -0.145940
-2.937644  -0.117608
-2.921374  -0.146256
-2.854810  -0.089632
-2.887326  -0.032407
-2.904078  -0.060841
-2.887821  -0.089454
-2.838058  -0.061197
-2.854315  -0.032585
-2.804529  -0.004427
-2.837551  -0.004199
-2.821293  -0.032812
-2.871550  -0.118102
-2.871068  -0.061019
-2.820898  0.024188
-2.870064  0.110001
-2.870379  0.052981
-2.935335  0.224913
-2.952149  0.196391
-2.919038  0.196131
-3.017681  0.254468
-3.066691  0.340887
-3.033598  0.340571
-3.000505  0.340255
-3.033118  0.397940
-3.049905  0.369413
-3.016812  0.369098
-2.951575  0.253780
-2.984628  0.254124
-2.984169  0.311449
-3.000925  0.282958
-3.050355  0.312080
-3.034018  0.283274
-3.017262  0.311765
-2.967872  0.282615
-2.985203  0.196735
-3.001442  0.225601
-2.968389  0.225257
-3.115517  0.427495
-3.082455  0.427152
-3.049394  0.426810
-3.082041  0.484498
-3.098779  0.455996
-3.065717  0.455654
-3.099242  0.398626
-3.082967  0.369756
-3.066180  0.398283
-3.164735  0.513899
-3.131591  0.513599
-3.098447  0.513299
-3.131070  0.571018
-3.147903  0.542458
-3.114759  0.542159
-3.148329  0.485097
-3.131923  0.456296
-3.115185  0.484797
-3.213692  0.600477
-3.180540  0.600177
-3.147389  0.599878
-3.180019  0.657602
-3.196855  0.629039
-3.163704  0.628740
-3.197373  0.571618
-3.181054  0.542758
-3.164222  0.571318
-3.262648  0.687067
-3.246330  0.658204
-3.230011  0.629340
-3.196338  0.686465
-3.229493  0.686766
-3.213174  0.657903
-3.228967  0.744189
-3.245808  0.715628
-3.212652  0.715327
-3.311594  0.773703
-3.360534  0.860419
-3.326809  0.917542
-3.343672  0.888980
-3.294204  0.859752
-3.327369  0.860085
-3.310506  0.888647
-3.278964  0.715946
-3.295279  0.744825
-3.245282  0.773067
-3.278438  0.773385
-3.262123  0.744507
-3.277890  0.830846
-3.327908  0.802608
-3.344221  0.831514
-3.294742  0.802275
-3.311056  0.831180
-3.261586  0.801957
-3.409467  0.947190
-3.393156  0.918266
-3.376845  0.889343
-3.376293  0.946828
-3.343120  0.946465
-3.359982  0.917904
-3.375718  1.004355
-3.392592  0.975772
-3.359419  0.975410
-3.458423  1.033933
-3.425230  1.033601
-3.392037  1.033269
-3.441553  1.062522
-3.424684  1.091111
-3.408360  1.062190
-3.442104  1.005019
-3.425785  0.976104
-3.408911  1.004687
-3.507403  1.120656
-3.474207  1.120337
-3.441010  1.120018
-3.474749  1.062841
-3.491076  1.091748
-3.457880  1.091429
-3.490529  1.149244
-3.473656  1.177832
-3.457333  1.148925
-3.553909  1.208775
-3.538606  1.237501
-3.523303  1.266227
-3.489158  1.207206
-3.521533  1.207991
-3.506231  1.236716
-3.522905  1.150029
-3.538407  1.179402
-3.506031  1.178617
-3.606262  1.294338
-3.590914  1.323431
-3.575566  1.352524
-3.540755  1.294748
-3.573508  1.294543
-3.558160  1.323636
-3.571360  1.237296
-3.588811  1.265817
-3.556057  1.266022
-3.661371  1.379081
-3.723495  1.461364
-3.631883  1.447375
-3.646627  1.413228
-3.702787  1.433937
-3.682079  1.406509
-3.688043  1.468083
-3.652591  1.474803
-3.667335  1.440656
-3.593935  1.380772
-3.627653  1.379927
-3.612909  1.414074
-3.624632  1.322586
-3.643001  1.350834
-3.609284  1.351679
-3.685905  1.553739
-3.662983  1.529667
-3.640061  1.505595
-3.698435  1.522947
-3.710965  1.492156
-3.675513  1.498875
-3.663663  1.562170
-3.641420  1.570601
-3.640741  1.538098
-3.603875  1.735535
-3.559487  1.824843
-3.571580  1.739105
-3.539285  1.742675
-3.541988  1.798643
-3.524489  1.772444
-3.574283  1.795073
-3.589079  1.765304
-3.556784  1.768874
-3.592343  1.709195
-3.580810  1.682855
-3.560048  1.712765
-3.646023  1.645148
-3.620442  1.648937
-3.594860  1.652726
-3.617925  1.705406
-3.631974  1.675277
-3.606392  1.679066
-3.637075  1.623109
-3.628126  1.601070
-3.659317  1.614679
-3.672611  1.584209
-3.650369  1.592640
-3.611493  1.626898
-3.533852  1.829943
-3.508217  1.835043
-3.516353  1.803743
-3.512886  1.913016
-3.464102  2.000000
-3.435552  1.998200
-3.407002  1.996400
-3.430143  2.057161
-3.447122  2.028580
-3.418572  2.026780
-3.502785  1.888725
-3.492684  1.864434
-3.528420  1.883625
-3.543954  1.854234
-3.518319  1.859334
-3.485167  1.911637
-3.457448  1.910259
-3.452644  1.969627
-3.441187  1.939253
-3.424094  1.967827
-3.475066  1.887346
-3.480363  1.971005
-3.496625  1.942011
-3.468906  1.940632
-3.464102  -2.000000
-3.512886  -1.913016
-3.449169  -1.971875
-3.434236  -1.943749
-3.481692  -1.913885
-3.450497  -1.914754
-3.496625  -1.942011
-3.480363  -1.971005
-3.465430  -1.942880
-3.439890  -2.004336
-3.415679  -2.008672
-3.424958  -1.976210
-3.447122  -2.028580
-3.430143  -2.057161
-3.422911  -2.032916
-3.505024  -1.890060
-3.497163  -1.867105
-3.473830  -1.890930
-3.543954  -1.854234
-3.528420  -1.883625
-3.520558  -1.860669
-3.723495  -1.461364
-3.670433  -1.376426
-3.657322  -1.406815
-3.644211  -1.437204
-3.638736  -1.376332
-3.607040  -1.376238
-3.625626  -1.406721
-3.692697  -1.463440
-3.661899  -1.465516
-3.710965  -1.492156
-3.698435  -1.522947
-3.680167  -1.494232
-3.705808  -1.433052
-3.688120  -1.404739
-3.675009  -1.435128
-3.654052  -1.347763
-3.637671  -1.319100
-3.622355  -1.347669
-3.672707  -1.205158
-3.626050  -1.115275
-3.641603  -1.145236
-3.657155  -1.175197
-3.609070  -1.202909
-3.655568  -1.233585
-3.638429  -1.262011
-3.640888  -1.204034
-3.623749  -1.232460
-3.711168  -1.290413
-3.651249  -1.290429
-3.681209  -1.290421
-3.685528  -1.233577
-3.698348  -1.261995
-3.668388  -1.262003
-3.684011  -1.347755
-3.697590  -1.319084
-3.667630  -1.319092
-3.609784  -1.144111
-3.593517  -1.172948
-3.559830  -1.115728
-3.592940  -1.115501
-3.576674  -1.144338
-3.625336  -1.174073
-3.575534  -1.029449
-3.592373  -1.058058
-3.609212  -1.086666
-3.559262  -1.058284
-3.542991  -1.087120
-3.509176  -1.030004
-3.542355  -1.029727
-3.526083  -1.058562
-3.576101  -1.086893
-3.524696  -0.943872
-3.541642  -0.972398
-3.558588  -1.000924
-3.492230  -1.001478
-3.508463  -0.972675
-3.458566  -0.944307
-3.491631  -0.944090
-3.475398  -0.972893
-3.525409  -1.001201
-3.474137  -0.858189
-3.408061  -0.858612
-3.441099  -0.858401
-3.441712  -0.915746
-3.457924  -0.886968
-3.424886  -0.887179
-3.507843  -0.915311
-3.490990  -0.886750
-3.474778  -0.915529
-3.424025  -0.772269
-3.373539  -0.686539
-3.323039  -0.600849
-3.356706  -0.657976
-3.339873  -0.629412
-3.290392  -0.658577
-3.306716  -0.629713
-3.307225  -0.687141
-3.340382  -0.686840
-3.323549  -0.658276
-3.407691  -0.801121
-3.391357  -0.829972
-3.357705  -0.772841
-3.390368  -0.715116
-3.407196  -0.743693
-3.390865  -0.772555
-3.340877  -0.744265
-3.357208  -0.715402
-3.324051  -0.715703
-3.374531  -0.801407
-3.440729  -0.800909
-3.457433  -0.829549
-3.424395  -0.829761
-3.374036  -0.743979
-3.256754  -0.601455
-3.289897  -0.601152
-3.273573  -0.630016
-3.272550  -0.515200
-3.222058  -0.429609
-3.238888  -0.458140
-3.255719  -0.486670
-3.206289  -0.515828
-3.239925  -0.572906
-3.256237  -0.544053
-3.239420  -0.515514
-3.223107  -0.544367
-3.306210  -0.572299
-3.289380  -0.543750
-3.273067  -0.572602
-3.189458  -0.487298
-3.205758  -0.458454
-3.155837  -0.430222
-3.171624  -0.344014
-3.121188  -0.258401
-3.070718  -0.173023
-3.037569  -0.173439
-3.004419  -0.173856
-3.054420  -0.201798
-3.038122  -0.230574
-3.021271  -0.202215
-3.188947  -0.429915
-3.188435  -0.372546
-3.205247  -0.401078
-3.139026  -0.401690
-3.105397  -0.344622
-3.154812  -0.315476
-3.138000  -0.286939
-3.088585  -0.316085
-3.088067  -0.258717
-3.054945  -0.259033
-3.104365  -0.229942
-3.087542  -0.201482
-3.071243  -0.230258
-3.172648  -0.458760
-3.222589  -0.486984
-3.138511  -0.344318
-3.104887  -0.287243
-3.071765  -0.287559
-3.155325  -0.372852
-3.122212  -0.373156
-3.172136  -0.401384
-3.121699  -0.315780
-3.020167  -0.088412
-3.053868  -0.144819
-3.037018  -0.116615
-2.987569  -0.145652
-2.953943  -0.088988
-2.970020  -0.003648
-2.936871  -0.003756
-2.903722  -0.003864
-2.936639  0.053266
-2.953330  0.024809
-2.920181  0.024701
-2.987055  -0.088700
-2.986736  -0.031902
-3.003452  -0.060157
-2.953624  -0.032190
-2.937227  -0.060733
-2.920475  -0.032298
-3.003868  -0.117032
-2.970756  -0.117320
-3.020719  -0.145235
-2.970339  -0.060445
-3.019395  0.082254
-3.002937  0.053620
-2.986478  0.024986
-2.953098  0.081901
-2.986247  0.082077
-2.969788  0.053443
-2.985774  0.139330
-3.002585  0.110792
-2.969436  0.110615
-3.067763  0.169547
-3.035518  0.111352
-3.051640  0.140450
-3.001896  0.168428
-3.034829  0.168987
-3.018707  0.139890
-3.051069  0.197854
-3.034375  0.226161
-3.018136  0.197294
-3.116141  0.256157
-3.164963  0.342592
-3.132415  0.284969
-3.148689  0.313781
-3.099448  0.341455
-3.132206  0.342024
-3.083174  0.312644
-3.050501  0.255031
-3.083321  0.255594
-3.083889  0.198417
-3.100015  0.227287
-3.067195  0.226724
-3.099658  0.284401
-3.066838  0.283837
-3.115932  0.313212
-3.131999  0.399194
-3.214459  0.428800
-3.148498  0.427930
-3.181479  0.428365
-3.181310  0.485532
-3.197885  0.457166
-3.164904  0.456731
-3.148481  0.370893
-3.197961  0.400064
-3.181462  0.371328
-3.164980  0.399629
-3.115724  0.370325
-3.263709  0.515121
-3.313174  0.601369
-3.296686  0.572620
-3.280197  0.543870
-3.230364  0.572025
-3.197726  0.514306
-3.230718  0.514713
-3.247036  0.543573
-3.214045  0.543165
-3.230876  0.457574
-3.247292  0.486347
-3.214301  0.485940
-3.246852  0.600774
-3.280013  0.601072
-3.279490  0.658501
-3.296332  0.629935
-3.263171  0.629638
-3.263525  0.572322
-3.362137  0.687988
-3.411091  0.774692
-3.378455  0.716889
-3.394773  0.745791
-3.377925  0.774363
-3.394239  0.803268
-3.377386  0.831843
-3.344760  0.774033
-3.361073  0.802938
-3.329495  0.630242
-3.345816  0.659115
-3.295811  0.687374
-3.328974  0.687681
-3.312653  0.658808
-3.345290  0.716560
-3.328442  0.745132
-3.361607  0.745461
-3.312127  0.716253
-3.460068  0.861408
-3.509038  0.948140
-3.475848  0.947823
-3.442657  0.947506
-3.443201  0.890002
-3.426334  0.918596
-3.476391  0.890318
-3.492715  0.919229
-3.459524  0.918912
-3.426890  0.861078
-3.393712  0.860748
-3.410023  0.889672
-3.443742  0.832502
-3.427416  0.803597
-3.410564  0.832173
-3.492166  0.976737
-3.475294  1.005335
-3.458976  0.976421
-3.558027  1.034866
-3.524826  1.034555
-3.491624  1.034244
-3.525368  0.977048
-3.541698  1.005957
-3.508496  1.005646
-3.541152  1.063462
-3.524277  1.092059
-3.507951  1.063151
-3.607003  1.121602
-3.651239  1.204919
-3.621748  1.149374
-3.636493  1.177147
-3.586352  1.207490
-3.618795  1.206205
-3.571607  1.179717
-3.589305  1.150660
-3.540603  1.120971
-3.573803  1.121286
-3.574352  1.063778
-3.590678  1.092690
-3.557478  1.092374
-3.556105  1.150344
-3.604050  1.178432
-3.621254  1.264532
-3.700055  1.288246
-3.758770  1.368081
-3.726304  1.371748
-3.693838  1.375414
-3.735253  1.430270
-3.747012  1.399175
-3.714546  1.402842
-3.636246  1.234726
-3.683783  1.260470
-3.667511  1.232695
-3.637526  1.292307
-3.674266  1.348803
-3.687160  1.318524
-3.739199  1.341469
-3.719627  1.314857
-3.706732  1.345136
-3.603803  1.236011
-3.668791  1.290276
-3.655896  1.320555
-3.652519  1.262501
-3.758770  -1.368081
-3.729325  -1.370862
-3.699879  -1.373644
-3.747012  -1.399175
-3.735253  -1.430270
-3.717566  -1.401957
-3.742903  -1.342191
-3.727036  -1.316302
-3.713457  -1.344973
-3.742079  -1.118654
-3.718955  -1.147489
-3.695831  -1.176324
-3.703403  -1.117528
-3.664727  -1.116401
-3.680279  -1.146363
-3.752285  -1.208856
-3.699233  -1.206391
-3.725759  -1.207624
-3.745481  -1.148722
-3.748883  -1.178789
-3.722357  -1.177556
-3.724874  -1.263227
-3.738579  -1.236042
-3.712053  -1.234809
-3.680834  -1.026701
-3.644312  -1.085750
-3.662573  -1.056226
-3.721664  -1.088003
-3.701249  -1.057352
-3.682988  -1.086877
-3.610634  -1.028533
-3.625211  -0.941649
-3.643752  -0.970000
-3.662293  -0.998351
-3.645734  -1.027617
-3.592093  -1.000183
-3.608652  -0.970916
-3.627193  -0.999267
-3.627473  -1.057142
-3.791709  -1.273947
-3.764862  -1.279435
-3.738015  -1.284924
-3.780730  -1.305325
-3.769750  -1.336703
-3.753883  -1.310813
-3.778568  -1.252250
-3.765426  -1.230553
-3.751721  -1.257739
-3.558201  -0.943131
-3.591706  -0.942390
-3.575147  -0.971657
-3.572373  -0.857662
-3.523543  -0.771433
-3.539819  -0.800176
-3.556096  -0.828919
-3.506882  -0.858014
-3.539627  -0.857838
-3.507074  -0.800352
-3.490605  -0.829271
-3.457197  -0.771991
-3.473035  -0.685673
-3.422527  -0.599920
-3.371982  -0.514184
-3.321450  -0.428658
-3.305150  -0.457506
-3.288850  -0.486353
-3.338838  -0.514522
-3.305694  -0.514861
-3.355138  -0.485675
-3.338294  -0.457167
-3.321994  -0.486014
-3.607598  -0.913653
-3.589986  -0.885658
-3.540589  -0.915136
-3.556481  -0.886399
-3.574093  -0.914394
-3.523735  -0.886575
-3.490370  -0.771712
-3.489871  -0.714260
-3.506707  -0.742847
-3.440361  -0.743404
-3.456698  -0.714539
-3.406704  -0.686251
-3.456199  -0.657089
-3.439363  -0.628504
-3.389868  -0.657666
-3.389365  -0.600229
-3.356202  -0.600539
-3.406198  -0.628793
-3.373035  -0.629103
-3.473901  -0.800631
-3.523351  -0.829095
-3.439869  -0.685962
-3.423034  -0.657377
-3.423533  -0.714827
-3.473534  -0.743125
-3.355668  -0.543072
-3.339354  -0.571960
-3.405679  -0.571341
-3.388831  -0.542762
-3.372516  -0.571651
-3.322524  -0.543411
-3.288319  -0.428975
-3.255188  -0.429292
-3.272019  -0.457823
-3.270993  -0.343091
-3.220560  -0.257495
-3.170111  -0.171857
-3.119491  -0.086966
-3.086976  -0.144337
-3.103234  -0.115652
-3.153238  -0.143560
-3.136365  -0.115263
-3.136980  -0.172246
-3.103849  -0.172634
-3.120107  -0.143949
-3.238369  -0.400770
-3.254681  -0.371930
-3.204747  -0.343706
-3.237870  -0.343398
-3.221558  -0.372238
-3.304631  -0.400136
-3.287812  -0.371613
-3.271500  -0.400453
-3.154312  -0.258099
-3.203743  -0.228949
-3.186927  -0.200403
-3.137496  -0.229553
-3.153803  -0.200705
-3.120672  -0.201094
-3.187436  -0.257797
-3.170619  -0.229251
-3.187936  -0.315174
-3.204248  -0.286335
-3.171124  -0.286637
-3.237371  -0.286027
-3.254182  -0.314559
-3.221059  -0.314867
-3.086383  -0.087448
-3.053275  -0.087930
-3.070126  -0.116133
-3.068814  -0.002384
-3.102599  -0.058772
-3.085706  -0.030578
-3.036383  -0.059736
-3.052598  -0.031060
-3.069491  -0.059254
-3.002951  -0.003227
-3.035882  -0.002805
-3.035868  0.054042
-3.052341  0.025829
-3.019410  0.025407
-3.019667  -0.031481
-3.117903  0.084417
-3.167005  0.172078
-3.150637  0.142858
-3.134270  0.113637
-3.084476  0.141170
-3.101189  0.112794
-3.100843  0.170391
-3.133924  0.171235
-3.117557  0.142014
-3.085177  0.026550
-3.101540  0.055483
-3.052231  0.082975
-3.085067  0.083696
-3.068704  0.054762
-3.068354  0.112073
-3.150050  0.200105
-3.215685  0.258131
-3.199458  0.229447
-3.183231  0.200762
-3.133095  0.228131
-3.182503  0.257473
-3.198777  0.286285
-3.181870  0.314438
-3.149322  0.256815
-3.165596  0.285627
-3.116969  0.199261
-3.166277  0.228789
-3.264690  0.344047
-3.198205  0.343077
-3.231448  0.343562
-3.231203  0.400549
-3.247946  0.372298
-3.214704  0.371813
-3.232020  0.286769
-3.248355  0.315408
-3.215112  0.314923
-3.313657  0.430219
-3.363245  0.516098
-3.330066  0.515773
-3.296887  0.515447
-3.329864  0.572945
-3.346555  0.544522
-3.313376  0.544196
-3.280358  0.486820
-3.297008  0.458520
-3.346716  0.487472
-3.330187  0.458846
-3.313537  0.487146
-3.247525  0.429273
-3.280591  0.429746
-3.263942  0.458047
-3.281012  0.372771
-3.297335  0.401495
-3.264269  0.401022
-3.412688  0.602259
-3.396207  0.573539
-3.379726  0.544819
-3.346345  0.601666
-3.379517  0.601962
-3.363036  0.573242
-3.378987  0.659412
-3.395838  0.630836
-3.362666  0.630539
-3.461670  0.688927
-3.444810  0.717515
-3.427950  0.746104
-3.395315  0.688301
-3.428492  0.688614
-3.411633  0.717202
-3.429015  0.631148
-3.445342  0.660037
-3.412165  0.659725
-3.510653  0.775626
-3.477466  0.775315
-3.444278  0.775004
-3.477998  0.717827
-3.494325  0.746726
-3.461138  0.746415
-3.493791  0.804220
-3.559648  0.862340
-3.526454  0.862029
-3.493261  0.861718
-3.476929  0.832814
-3.526985  0.804531
-3.543316  0.833435
-3.510123  0.833125
-3.460604  0.803909
-3.542778  0.890940
-3.525908  0.919540
-3.509584  0.890629
-3.608648  0.949066
-3.591774  0.977666
-3.574901  1.006266
-3.542242  0.948448
-3.575445  0.948757
-3.558571  0.977357
-3.575981  0.891249
-3.592315  0.920157
-3.559111  0.919849
-3.657676  1.033969
-3.591243  1.034567
-3.624460  1.034268
-3.624991  0.977367
-3.641333  1.005668
-3.608117  1.005967
-3.640785  1.063180
-3.623894  1.092391
-3.607569  1.063479
-3.699139  1.119227
-3.683172  1.147791
-3.667205  1.176355
-3.637715  1.120810
-3.668427  1.120019
-3.652460  1.148583
-3.671497  1.062388
-3.685318  1.090808
-3.654606  1.091599
-3.741063  1.197327
-3.711122  1.199858
-3.681180  1.202389
-3.727089  1.171294
-3.713114  1.145261
-3.697147  1.173825
-3.727394  1.227633
-3.791709  1.273947
-3.774827  1.248407
-3.757945  1.222867
-3.713724  1.257940
-3.761158  1.278713
-3.730606  1.283479
-3.769750  1.336703
-3.780730  1.305325
-3.750178  1.310091
-3.697452  1.230164
-3.744276  1.253173
-3.780816  -1.012078
-3.714162  -1.021827
-3.747489  -1.016953
-3.754991  -1.083129
-3.767904  -1.047604
-3.734577  -1.052478
-3.850497  -1.083362
-3.822291  -1.179021
-3.795554  -1.158899
-3.768816  -1.138776
-3.814358  -1.095126
-3.778218  -1.106890
-3.841095  -1.115248
-3.831693  -1.147134
-3.804956  -1.127012
-3.827270  -1.059601
-3.804043  -1.035840
-3.791131  -1.071365
-3.798956  -1.188966
-3.775620  -1.198911
-3.772218  -1.168844
-3.812097  -1.210663
-3.801903  -1.242305
-3.788762  -1.220608
-3.720674  -0.935911
-3.694114  -0.996438
-3.707394  -0.966175
-3.657032  -0.939736
-3.688853  -0.937824
-3.675573  -0.968087
-3.740721  -0.961300
-3.760769  -0.986689
-3.727442  -0.991564
-3.669437  -0.853456
-3.703595  -0.908426
-3.686516  -0.880941
-3.639953  -0.912251
-3.654695  -0.882853
-3.671774  -0.910339
-3.637082  -0.854858
-3.623018  -0.767969
-3.589255  -0.827764
-3.606137  -0.797867
-3.556701  -0.770278
-3.589860  -0.769124
-3.572978  -0.799021
-3.604727  -0.856260
-3.653964  -0.824960
-3.638491  -0.796465
-3.621609  -0.826362
-3.622340  -0.884256
-3.572562  -0.684386
-3.522046  -0.599049
-3.471515  -0.513288
-3.420954  -0.427678
-3.387786  -0.428005
-3.354618  -0.428332
-3.388306  -0.485349
-3.404630  -0.456513
-3.371462  -0.456840
-3.539883  -0.742418
-3.556222  -0.713402
-3.506210  -0.685244
-3.538885  -0.627495
-3.555723  -0.655941
-3.539386  -0.684815
-3.489372  -0.656799
-3.455700  -0.599629
-3.505203  -0.570462
-3.488359  -0.541875
-3.438857  -0.571042
-3.438338  -0.513587
-3.454662  -0.484752
-3.437808  -0.456215
-3.405160  -0.513885
-3.421484  -0.485050
-3.523046  -0.713831
-3.589381  -0.712247
-3.606200  -0.740108
-3.573041  -0.741263
-3.488873  -0.599339
-3.455186  -0.542165
-3.422008  -0.542464
-3.505709  -0.627924
-3.472536  -0.628214
-3.522548  -0.656370
-3.472030  -0.570752
-3.370417  -0.342199
-3.319969  -0.256637
-3.269529  -0.170974
-3.219051  -0.085304
-3.168337  -0.000326
-3.152055  -0.029206
-3.135773  -0.058086
-3.185865  -0.085858
-3.152678  -0.086412
-3.202147  -0.056978
-3.185242  -0.028652
-3.168960  -0.057532
-3.337773  -0.399839
-3.354095  -0.371019
-3.404108  -0.399185
-3.387263  -0.370692
-3.370940  -0.399512
-3.304134  -0.342793
-3.337276  -0.342496
-3.336785  -0.285158
-3.353601  -0.313678
-3.303644  -0.285455
-3.287318  -0.314273
-3.253696  -0.257209
-3.286343  -0.199529
-3.303156  -0.228083
-3.286833  -0.256923
-3.236883  -0.228655
-3.203250  -0.171563
-3.252703  -0.142418
-3.235877  -0.113861
-3.186424  -0.143006
-3.202738  -0.114155
-3.169551  -0.114709
-3.320953  -0.371316
-3.270507  -0.285741
-3.320460  -0.313976
-3.236390  -0.171269
-3.219564  -0.142712
-3.253206  -0.199815
-3.220067  -0.200109
-3.270019  -0.228369
-3.135163  -0.001012
-3.101988  -0.001698
-3.118881  -0.029892
-3.151526  0.027921
-3.217396  0.086529
-3.184231  0.085825
-3.151067  0.085121
-3.200599  0.115046
-3.183802  0.143562
-3.167434  0.114341
-3.134714  0.056169
-3.184690  0.028625
-3.201043  0.057577
-3.167879  0.056873
-3.118351  0.027235
-3.266422  0.173544
-3.315322  0.259771
-3.249510  0.201740
-3.232597  0.229935
-3.282110  0.259224
-3.248897  0.258677
-3.299022  0.231029
-3.282722  0.202287
-3.265810  0.230482
-3.233283  0.173056
-3.200144  0.172567
-3.250080  0.144539
-3.233738  0.115534
-3.216941  0.144051
-3.216371  0.201251
-3.298445  0.287863
-3.364223  0.346121
-3.347922  0.317338
-3.331622  0.288554
-3.281567  0.315955
-3.331045  0.345430
-3.297867  0.344738
-3.314745  0.316646
-3.265232  0.287316
-3.347368  0.374154
-3.330512  0.402187
-3.314190  0.373462
-3.413326  0.431462
-3.346880  0.430633
-3.380103  0.431047
-3.379939  0.487886
-3.396632  0.459674
-3.363409  0.459260
-3.380590  0.374568
-3.396958  0.403015
-3.363735  0.402601
-3.463153  0.516632
-3.429851  0.516454
-3.396548  0.516276
-3.429510  0.573717
-3.446331  0.545175
-3.413029  0.544997
-3.446544  0.488242
-3.429935  0.459852
-3.413241  0.488064
-3.512236  0.603158
-3.495875  0.574316
-3.479514  0.545474
-3.445871  0.602559
-3.479053  0.602859
-3.462692  0.574017
-3.478525  0.660337
-3.495380  0.631748
-3.462198  0.631448
-3.561239  0.689839
-3.544377  0.718435
-3.527515  0.747031
-3.494860  0.689231
-3.528050  0.689535
-3.511187  0.718131
-3.528570  0.632052
-3.544905  0.660945
-3.511715  0.660641
-3.610251  0.776546
-3.593383  0.805144
-3.576515  0.833742
-3.543852  0.775933
-3.577052  0.776239
-3.560184  0.804837
-3.577577  0.718741
-3.593914  0.747643
-3.560714  0.747337
-3.656354  0.861237
-3.591883  0.861972
-3.624118  0.861605
-3.625618  0.804776
-3.640986  0.833006
-3.608751  0.833374
-3.624550  0.919790
-3.640452  0.890513
-3.608216  0.890881
-3.707202  0.947394
-3.765828  1.030580
-3.726744  0.975123
-3.746286  1.002852
-3.693727  1.032839
-3.729777  1.031710
-3.674185  1.005111
-3.690693  0.976252
-3.641499  0.948509
-3.674350  0.947952
-3.657842  0.976810
-3.690252  0.918675
-3.673303  0.889956
-3.657401  0.919232
-3.710235  1.003981
-3.743598  1.060129
-3.721369  1.089678
-3.707548  1.061259
-3.782112  1.115186
-3.822291  1.179021
-3.795215  1.185123
-3.768139  1.191225
-3.801903  1.242305
-3.812097  1.210663
-3.785021  1.216765
-3.726797  1.117880
-3.754454  1.116533
-3.754746  1.169947
-3.768429  1.142566
-3.808898  1.157742
-3.795505  1.136464
-3.781822  1.163845
-3.740771  1.143913
-3.771256  1.058782
-3.776684  1.086984
-3.749026  1.088331
-3.876309  -0.987030
-3.844478  -0.995379
-3.812647  -1.003729
-3.867705  -1.019140
-3.859101  -1.051251
-3.835874  -1.027490
-3.809129  -0.917786
-3.790254  -0.980647
-3.799692  -0.949216
-3.853916  -0.963948
-3.831523  -0.940867
-3.822085  -0.972298
-3.750159  -0.929869
-3.779644  -0.923827
-3.770207  -0.955258
-3.751729  -0.859856
-3.733641  -0.768961
-3.739671  -0.799260
-3.745700  -0.829558
-3.696868  -0.855589
-3.724298  -0.857723
-3.690838  -0.825291
-3.696767  -0.768631
-3.672134  -0.683432
-3.621599  -0.598192
-3.571062  -0.512408
-3.520517  -0.426676
-3.487330  -0.427010
-3.454142  -0.427344
-3.487849  -0.484417
-3.504183  -0.455547
-3.470996  -0.455881
-3.731025  -0.910559
-3.741377  -0.885208
-3.713947  -0.883074
-3.789996  -0.898476
-3.770862  -0.879166
-3.760511  -0.904518
-3.659893  -0.768300
-3.655762  -0.711611
-3.639390  -0.739790
-3.692636  -0.711942
-3.713139  -0.740452
-3.676265  -0.740121
-3.712240  -0.797126
-3.675366  -0.796795
-3.718269  -0.827424
-3.605753  -0.684068
-3.638943  -0.683750
-3.638444  -0.626606
-3.655289  -0.655019
-3.605253  -0.626924
-3.588908  -0.655655
-3.555231  -0.598764
-3.587908  -0.541003
-3.604753  -0.569598
-3.588415  -0.598478
-3.538385  -0.570169
-3.504698  -0.512995
-3.554214  -0.483830
-3.537366  -0.455253
-3.537880  -0.512701
-3.521032  -0.484124
-3.622571  -0.711929
-3.572069  -0.627209
-3.622098  -0.655337
-3.554723  -0.541288
-3.521541  -0.541582
-3.571569  -0.569883
-3.469951  -0.341350
-3.403595  -0.341916
-3.436773  -0.341633
-3.437286  -0.398902
-3.453619  -0.370126
-3.420441  -0.370409
-3.503662  -0.398234
-3.486806  -0.369792
-3.470474  -0.398568
-3.419478  -0.255947
-3.368986  -0.170167
-3.402647  -0.227353
-3.385817  -0.198760
-3.336308  -0.227814
-3.352647  -0.198990
-3.353139  -0.256407
-3.386308  -0.256177
-3.369478  -0.227584
-3.436302  -0.284414
-3.453127  -0.312882
-3.403124  -0.284697
-3.386771  -0.313448
-3.419949  -0.313165
-3.369955  -0.284928
-3.302681  -0.170705
-3.318495  -0.084438
-3.268003  0.001265
-3.234781  0.000734
-3.201559  0.000204
-3.235369  -0.056448
-3.251686  -0.027591
-3.218464  -0.028122
-3.335834  -0.170436
-3.335325  -0.113014
-3.352156  -0.141591
-3.285851  -0.142129
-3.252199  -0.085015
-3.301665  -0.055870
-3.284834  -0.027303
-3.285347  -0.084726
-3.268517  -0.056159
-3.319495  -0.199259
-3.302173  -0.113283
-3.269025  -0.113572
-3.319003  -0.141860
-3.251134  0.029686
-3.234265  0.058108
-3.217912  0.029156
-3.316947  0.087867
-3.365900  0.174430
-3.332740  0.174135
-3.299581  0.173840
-3.332181  0.231324
-3.349040  0.202877
-3.315881  0.202582
-3.283763  0.087421
-3.250580  0.086975
-3.300105  0.116426
-3.283264  0.144985
-3.333264  0.116721
-3.349582  0.145576
-3.316423  0.145280
-3.266922  0.115980
-3.284318  0.030132
-3.300632  0.059000
-3.267449  0.058554
-3.414878  0.261186
-3.381692  0.260714
-3.348507  0.260243
-3.397993  0.289498
-3.381108  0.317809
-3.364807  0.289026
-3.398552  0.232267
-3.382226  0.203349
-3.365366  0.231796
-3.463863  0.347839
-3.430650  0.347266
-3.397436  0.346694
-3.431206  0.290070
-3.447535  0.318955
-3.414321  0.318382
-3.447017  0.375713
-3.430171  0.403587
-3.413804  0.375141
-3.512869  0.432349
-3.446507  0.431757
-3.479688  0.432053
-3.479725  0.488538
-3.496297  0.460443
-3.463116  0.460148
-3.480198  0.376009
-3.496533  0.404179
-3.463352  0.403883
-3.562152  0.518138
-3.496153  0.517134
-3.529153  0.517636
-3.528875  0.574818
-3.545513  0.546478
-3.512514  0.545976
-3.545725  0.489542
-3.529297  0.460945
-3.512725  0.489040
-3.611389  0.604325
-3.578565  0.546867
-3.594977  0.575596
-3.545287  0.603547
-3.578338  0.603936
-3.561926  0.575207
-3.577956  0.661334
-3.660508  0.690932
-3.627003  0.748008
-3.643755  0.719470
-3.594329  0.690203
-3.627418  0.690567
-3.610666  0.719105
-3.594672  0.632830
-3.644135  0.662063
-3.627762  0.633194
-3.611045  0.661699
-3.561621  0.632441
-3.707487  0.776122
-3.676167  0.719328
-3.691827  0.747725
-3.642663  0.776404
-3.675075  0.776263
-3.659415  0.747866
-3.690442  0.804493
-3.673398  0.832865
-3.658030  0.804635
-3.749229  0.855545
-3.804053  0.918289
-3.876309  0.987030
-3.791311  0.955720
-3.778569  0.993150
-3.839482  1.001546
-3.802655  1.016063
-3.852224  0.964116
-3.828138  0.941203
-3.815397  0.978633
-3.687312  0.859340
-3.718270  0.857442
-3.721211  0.916778
-3.735220  0.886161
-3.785778  0.897375
-3.767503  0.876460
-3.771769  0.927991
-3.739485  0.937693
-3.759027  0.965421
-3.704261  0.888059
-3.721401  0.802596
-3.735315  0.829071
-3.704356  0.830968
-3.753494  0.907076
-3.850497  1.083362
-3.822274  1.065768
-3.794051  1.048174
-3.859101  1.051251
-3.867705  1.019140
-3.830878  1.033657
-3.827702  1.093970
-3.804907  1.104578
-3.799479  1.076376
-3.831693  1.147134
-3.841095  1.115248
-3.818300  1.125856
-3.899712  -0.890084
-3.825764  -0.823166
-3.842600  -0.729611
-3.769961  -0.755845
-3.806280  -0.742728
-3.831376  -0.791981
-3.836988  -0.760796
-3.795056  -0.805098
-3.764349  -0.787030
-3.800668  -0.773913
-3.869518  -0.899318
-3.820219  -0.854706
-3.814674  -0.886246
-3.839323  -0.908552
-3.875062  -0.867778
-3.850413  -0.845472
-3.844868  -0.877012
-3.891911  -0.922399
-3.884110  -0.954714
-3.861717  -0.931633
-3.801086  -0.835396
-3.776407  -0.847626
-3.770378  -0.817328
-3.795541  -0.866936
-3.771623  -0.665625
-3.795282  -0.686954
-3.818941  -0.708283
-3.758962  -0.700071
-3.746302  -0.734516
-3.782621  -0.721399
-3.705297  -0.677497
-3.717710  -0.595276
-3.735681  -0.618726
-3.753652  -0.642175
-3.738460  -0.671561
-3.687326  -0.654047
-3.702518  -0.624661
-3.720489  -0.648111
-3.725799  -0.706006
-3.653636  -0.597220
-3.685673  -0.596248
-3.670481  -0.625633
-3.670043  -0.511200
-3.620077  -0.425814
-3.553704  -0.426388
-3.586891  -0.426101
-3.587400  -0.483543
-3.603739  -0.454679
-3.570552  -0.454966
-3.701821  -0.567250
-3.685932  -0.539225
-3.637747  -0.569195
-3.653895  -0.540197
-3.669784  -0.568223
-3.604055  -0.512005
-3.636733  -0.454276
-3.653388  -0.482738
-3.637049  -0.511602
-3.620394  -0.483141
-3.620901  -0.540600
-3.569515  -0.340494
-3.503139  -0.341064
-3.536327  -0.340779
-3.536850  -0.397948
-3.553183  -0.369221
-3.519995  -0.369506
-3.603223  -0.397374
-3.586369  -0.368934
-3.570037  -0.397661
-3.518985  -0.255206
-3.468469  -0.169408
-3.435308  -0.169661
-3.402147  -0.169914
-3.452139  -0.198254
-3.435808  -0.227100
-3.418978  -0.198507
-3.502640  -0.283921
-3.486296  -0.312635
-3.485816  -0.255453
-3.452647  -0.255700
-3.485308  -0.198007
-3.502147  -0.226607
-3.468977  -0.226854
-3.469471  -0.284167
-3.535829  -0.283635
-3.552672  -0.312064
-3.519484  -0.312350
-3.417976  -0.083598
-3.367478  0.002136
-3.384311  -0.026442
-3.401144  -0.055020
-3.351656  -0.084158
-3.384816  -0.083878
-3.334823  -0.055580
-3.351151  -0.026722
-3.367983  -0.055300
-3.401646  -0.112454
-3.385316  -0.141311
-3.451638  -0.140805
-3.434807  -0.112201
-3.418477  -0.141058
-3.368486  -0.112734
-3.301162  0.001555
-3.350635  0.030713
-3.333791  0.059290
-3.334320  0.001845
-3.317476  0.030423
-3.317992  -0.027012
-3.416446  0.088775
-3.465429  0.175425
-3.432253  0.175093
-3.399076  0.174762
-3.399597  0.117327
-3.382748  0.145878
-3.432774  0.117658
-3.449102  0.146542
-3.415925  0.146210
-3.350113  0.088170
-3.383280  0.088472
-3.366431  0.117024
-3.383801  0.031015
-3.400124  0.059895
-3.366957  0.059593
-3.448579  0.204012
-3.431728  0.232599
-3.415402  0.203680
-3.514429  0.262082
-3.481245  0.261784
-3.448061  0.261485
-3.481762  0.204311
-3.498096  0.233197
-3.464912  0.232898
-3.497574  0.290668
-3.480718  0.319253
-3.464390  0.290369
-3.563432  0.348556
-3.497053  0.348078
-3.530243  0.348317
-3.530763  0.290907
-3.547098  0.319732
-3.513908  0.319493
-3.546578  0.376487
-3.529723  0.404418
-3.513388  0.376248
-3.612326  0.434033
-3.546021  0.432910
-3.579173  0.433472
-3.578877  0.490103
-3.595601  0.462068
-3.562449  0.461507
-3.579730  0.377049
-3.596028  0.405541
-3.562876  0.404979
-3.660547  0.519975
-3.709403  0.606044
-3.676833  0.548664
-3.693118  0.577354
-3.644060  0.604898
-3.676732  0.605471
-3.627775  0.576208
-3.644161  0.548091
-3.594951  0.518750
-3.627749  0.519362
-3.611363  0.547479
-3.628399  0.462680
-3.644473  0.491327
-3.611675  0.490715
-3.660446  0.576781
-3.676806  0.662636
-3.771028  0.685121
-3.809531  0.778398
-3.835751  0.849478
-3.818271  0.802092
-3.827011  0.825785
-3.778069  0.853523
-3.806910  0.851500
-3.789430  0.804114
-3.769329  0.829830
-3.741501  0.776881
-3.783862  0.716213
-3.796697  0.747306
-3.775516  0.777639
-3.728667  0.745788
-3.749848  0.715454
-3.762682  0.746547
-3.693105  0.634340
-3.750487  0.658762
-3.729945  0.632403
-3.697348  0.688995
-3.734188  0.687058
-3.713008  0.717391
-3.660433  0.633767
-3.713646  0.660699
-3.755415  0.803355
-3.798170  0.827807
-3.814619  0.895352
-3.899712  0.890084
-3.867825  0.899486
-3.835939  0.908888
-3.884110  0.954714
-3.891911  0.922399
-3.860025  0.931801
-3.825185  0.872415
-3.878391  0.876548
-3.857071  0.863013
-3.846505  0.885950
-3.796344  0.874438
-3.920690  -0.792585
-3.889048  -0.802779
-3.857406  -0.812972
-3.913697  -0.825084
-3.906704  -0.857584
-3.882055  -0.835278
-3.894660  -0.771593
-3.868630  -0.750602
-3.863018  -0.781787
-3.864649  -0.632736
-3.857299  -0.665028
-3.849950  -0.697319
-3.802632  -0.654662
-3.833640  -0.643699
-3.826291  -0.675991
-3.939231  -0.694593
-3.914370  -0.673974
-3.889510  -0.653355
-3.907021  -0.706266
-3.874810  -0.717938
-3.882160  -0.685647
-3.933051  -0.727257
-3.926870  -0.759921
-3.900840  -0.738929
-3.800030  -0.584673
-3.843110  -0.616715
-3.821570  -0.600694
-3.781092  -0.638641
-3.790561  -0.611657
-3.812101  -0.627678
-3.745150  -0.591741
-3.772590  -0.588207
-3.763121  -0.615191
-3.770130  -0.510650
-3.719557  -0.425006
-3.686548  -0.482469
-3.703052  -0.453738
-3.653237  -0.425545
-3.686397  -0.425276
-3.669892  -0.454007
-3.703405  -0.511017
-3.736415  -0.453554
-3.753273  -0.482102
-3.736768  -0.510833
-3.719910  -0.482285
-3.735184  -0.567067
-3.752657  -0.538858
-3.719294  -0.539042
-3.780097  -0.535324
-3.790064  -0.559998
-3.762624  -0.563533
-3.669027  -0.339697
-3.702714  -0.396570
-3.685871  -0.368133
-3.636394  -0.397108
-3.602686  -0.340228
-3.635857  -0.339962
-3.652711  -0.368402
-3.619540  -0.368668
-3.669554  -0.396839
-3.618549  -0.254355
-3.568026  -0.168557
-3.517504  -0.082772
-3.534841  -0.168840
-3.501655  -0.169124
-3.501159  -0.111651
-3.484814  -0.140529
-3.534345  -0.111367
-3.551186  -0.139962
-3.518000  -0.140245
-3.602205  -0.283068
-3.585860  -0.311781
-3.552173  -0.254922
-3.585361  -0.254639
-3.584867  -0.197156
-3.601708  -0.225756
-3.551679  -0.197440
-3.535332  -0.226323
-3.518494  -0.197724
-3.569017  -0.283352
-3.635375  -0.282802
-3.652201  -0.311249
-3.619031  -0.311515
-3.568520  -0.226039
-3.484328  -0.083047
-3.466982  0.003007
-3.450647  -0.025862
-3.434312  -0.054730
-3.400646  0.002426
-3.433814  0.002716
-3.417479  -0.026152
-3.451152  -0.083322
-3.483823  -0.025586
-3.500663  -0.054179
-3.467487  -0.054454
-3.467983  -0.111926
-3.433291  0.060185
-3.450137  0.031596
-3.416969  0.031306
-3.515976  0.089656
-3.499127  0.118246
-3.482278  0.146835
-3.449623  0.089069
-3.482799  0.089363
-3.465950  0.117952
-3.483313  0.031890
-3.499644  0.060773
-3.466468  0.060479
-3.564984  0.176313
-3.548132  0.204903
-3.531281  0.233493
-3.498614  0.175721
-3.531799  0.176017
-3.514947  0.204607
-3.532312  0.118542
-3.548648  0.147427
-3.515463  0.147131
-3.614003  0.262990
-3.663023  0.349328
-3.712039  0.436454
-3.755975  0.520854
-3.726685  0.464588
-3.741330  0.492721
-3.724166  0.520561
-3.692357  0.520268
-3.694875  0.464294
-3.677711  0.492135
-3.709521  0.492428
-3.597146  0.291512
-3.580289  0.320034
-3.547620  0.262385
-3.580812  0.262688
-3.563955  0.291210
-3.581324  0.205205
-3.597663  0.234098
-3.564472  0.233795
-3.629826  0.349071
-3.596629  0.348814
-3.630343  0.291769
-3.646683  0.320549
-3.613486  0.320292
-3.646124  0.377563
-3.678801  0.435647
-3.645563  0.434840
-3.629225  0.405798
-3.679362  0.378370
-3.695701  0.407412
-3.662463  0.406605
-3.612927  0.377306
-3.661637  0.463487
-3.740451  0.549251
-3.724927  0.577647
-3.708642  0.548958
-3.790207  0.597213
-3.861698  0.632723
-3.859441  0.713374
-3.800499  0.694539
-3.829970  0.703956
-3.860946  0.659607
-3.860193  0.686491
-3.831475  0.650189
-3.801252  0.667655
-3.830722  0.677073
-3.736338  0.603100
-3.763272  0.600156
-3.777421  0.655818
-3.783814  0.626515
-3.837868  0.620887
-3.814037  0.609050
-3.807644  0.638352
-3.756879  0.629459
-3.767386  0.546307
-3.778796  0.571760
-3.751862  0.574704
-3.826167  0.756724
-3.920690  0.792585
-3.842804  0.735049
-3.900274  0.766181
-3.879857  0.739778
-3.883637  0.787856
-3.846584  0.783127
-3.863221  0.761452
-3.813333  0.725631
-3.892377  0.811549
-3.864064  0.830514
-3.855324  0.806820
-3.906704  0.857584
-3.913697  0.825084
-3.885384  0.844049
-3.955323  -0.596169
-3.868927  -0.526374
-3.818608  -0.425482
-3.786290  -0.482260
-3.802449  -0.453871
-3.852154  -0.492743
-3.835381  -0.459112
-3.835995  -0.521133
-3.803063  -0.515891
-3.819222  -0.487502
-3.867501  -0.561828
-3.866075  -0.597282
-3.925099  -0.608358
-3.894874  -0.620547
-3.926525  -0.572904
-3.897726  -0.549639
-3.896300  -0.585093
-3.949959  -0.628977
-3.944595  -0.661785
-3.919735  -0.641166
-3.845962  -0.545807
-3.822996  -0.565240
-3.813029  -0.540566
-3.844536  -0.581261
-3.752574  -0.425165
-3.785591  -0.425323
-3.769432  -0.453713
-3.767577  -0.339431
-3.801598  -0.396798
-3.784587  -0.368115
-3.735564  -0.396481
-3.701877  -0.339608
-3.734727  -0.339520
-3.751570  -0.367956
-3.718720  -0.368045
-3.768581  -0.396640
-3.717716  -0.253748
-3.667612  -0.167698
-3.684660  -0.253951
-3.651605  -0.254153
-3.651257  -0.196584
-3.634903  -0.225469
-3.684313  -0.196382
-3.701014  -0.225065
-3.667959  -0.225267
-3.734336  -0.282309
-3.750956  -0.310870
-3.701486  -0.282398
-3.685257  -0.311047
-3.718107  -0.310959
-3.668431  -0.282600
-3.601221  -0.168270
-3.617057  -0.081896
-3.600713  -0.110783
-3.584370  -0.139670
-3.550688  -0.082480
-3.583872  -0.082188
-3.567529  -0.111075
-3.634417  -0.167984
-3.633908  -0.110497
-3.650760  -0.139097
-3.617565  -0.139384
-3.618062  -0.196870
-3.566512  0.003894
-3.550176  -0.024994
-3.533840  -0.053883
-3.500159  0.003302
-3.533335  0.003598
-3.516999  -0.025290
-3.583360  -0.024703
-3.600209  -0.053299
-3.567024  -0.053591
-3.532821  0.061069
-3.549667  0.032482
-3.516490  0.032186
-3.615536  0.090527
-3.664570  0.177189
-3.648225  0.148302
-3.631880  0.119414
-3.581834  0.147718
-3.598685  0.119122
-3.549162  0.089947
-3.582349  0.090237
-3.565498  0.118832
-3.582853  0.032772
-3.599194  0.061649
-3.566008  0.061359
-3.630858  0.234390
-3.647714  0.205789
-3.598179  0.176605
-3.631374  0.176897
-3.614519  0.205497
-3.615030  0.148010
-3.713605  0.263892
-3.696744  0.292371
-3.679884  0.320849
-3.647203  0.263291
-3.680404  0.263591
-3.663543  0.292070
-3.680915  0.206090
-3.697260  0.234991
-3.664059  0.234690
-3.757618  0.353397
-3.742425  0.381083
-3.727232  0.408768
-3.694555  0.350685
-3.726086  0.352041
-3.710893  0.379726
-3.728276  0.293727
-3.742947  0.323562
-3.711415  0.322206
-3.804093  0.440881
-3.788054  0.467539
-3.772014  0.494196
-3.742724  0.437930
-3.773408  0.439405
-3.757369  0.466063
-3.773109  0.382558
-3.788601  0.411719
-3.757917  0.410244
-3.862303  0.532255
-3.955323  0.596169
-3.924317  0.574864
-3.893310  0.553560
-3.861900  0.599234
-3.862102  0.565745
-3.924115  0.608354
-3.892906  0.620539
-3.893108  0.587049
-3.791418  0.524655
-3.826861  0.528455
-3.823496  0.471339
-3.842900  0.501797
-3.807457  0.497997
-3.838271  0.553908
-3.814239  0.575560
-3.838069  0.587397
-3.802828  0.550107
-3.939231  0.694593
-3.913387  0.673970
-3.887542  0.653347
-3.944595  0.661785
-3.949959  0.628977
-3.918751  0.641162
-3.912634  0.700853
-3.886038  0.707114
-3.926870  0.759921
-3.933051  0.727257
-3.906454  0.733517
-3.886790  0.680230
-3.968957  -0.497375
-3.935614  -0.507041
-3.902270  -0.516708
-3.964412  -0.530306
-3.959868  -0.563238
-3.931069  -0.539973
-3.903759  -0.437904
-3.882181  -0.342017
-3.889374  -0.373979
-3.896567  -0.405941
-3.846992  -0.429622
-3.875376  -0.433763
-3.880538  -0.496884
-3.892149  -0.467394
-3.863765  -0.463253
-3.947224  -0.477551
-3.925492  -0.457727
-3.913881  -0.487218
-3.839799  -0.397660
-3.860990  -0.369838
-3.868183  -0.401801
-3.805778  -0.340293
-3.843980  -0.341155
-3.822789  -0.368976
-3.812598  -0.254776
-3.858987  -0.312937
-3.835792  -0.283857
-3.782584  -0.311213
-3.797591  -0.282995
-3.820785  -0.312075
-3.749343  -0.254091
-3.762481  -0.170194
-3.747559  -0.198046
-3.732637  -0.225897
-3.699235  -0.168530
-3.730858  -0.169362
-3.715936  -0.197214
-3.780970  -0.254434
-3.779186  -0.198388
-3.795892  -0.226582
-3.764265  -0.226240
-3.765963  -0.282652
-3.716654  -0.081029
-3.683959  -0.138809
-3.700307  -0.109919
-3.650256  -0.081607
-3.683455  -0.081318
-3.667107  -0.110208
-3.731930  -0.110751
-3.747205  -0.140473
-3.715582  -0.139641
-3.666082  0.004746
-3.715132  0.091358
-3.764186  0.178062
-3.747835  0.149160
-3.731483  0.120259
-3.681424  0.148579
-3.698278  0.119968
-3.697775  0.177480
-3.730980  0.177771
-3.714629  0.148869
-3.699797  -0.052438
-3.682939  -0.023846
-3.633399  -0.053015
-3.649740  -0.024135
-3.666598  -0.052726
-3.599702  0.004178
-3.632384  0.061933
-3.649233  0.033340
-3.698782  0.062487
-3.682432  0.033617
-3.681933  0.091081
-3.648735  0.090804
-3.665079  0.119691
-3.632892  0.004462
-3.616043  0.033056
-3.616550  -0.024419
-3.665583  0.062210
-3.730465  0.235282
-3.747325  0.206672
-3.714120  0.206381
-3.819028  0.276717
-3.832131  0.368561
-3.823395  0.307332
-3.827763  0.337947
-3.782455  0.358452
-3.807293  0.363506
-3.778088  0.327837
-3.798558  0.302277
-3.748746  0.268167
-3.783887  0.272442
-3.763417  0.298002
-3.782466  0.210947
-3.800747  0.243832
-3.765606  0.239557
-3.802925  0.332892
-3.813439  0.416774
-3.894584  0.432077
-3.968957  0.497375
-3.933406  0.509002
-3.897854  0.520628
-3.959868  0.563238
-3.964412  0.530306
-3.928861  0.541933
-3.822785  0.392668
-3.873766  0.410905
-3.852948  0.389733
-3.834257  0.437946
-3.873063  0.498862
-3.883823  0.465470
-3.944166  0.475609
-3.919375  0.453843
-3.908615  0.487236
-3.797947  0.387613
-3.864420  0.435012
-3.853660  0.468404
-3.843602  0.413840
-3.980123  -0.398271
-3.988815  -0.298920
-3.947476  -0.379520
-3.914829  -0.360768
-3.953271  -0.313286
-3.917726  -0.327651
-3.985918  -0.332037
-3.983020  -0.365154
-3.950373  -0.346403
-3.954669  -0.411482
-3.929214  -0.424693
-3.922021  -0.392731
-3.976401  -0.431306
-3.972679  -0.464340
-3.950946  -0.444517
-3.903549  -0.236810
-3.896426  -0.271879
-3.889304  -0.306948
-3.960393  -0.278217
-3.931971  -0.257514
-3.924848  -0.292582
-3.873232  -0.242799
-3.842915  -0.248788
-3.866109  -0.277868
-3.843883  -0.183490
-3.823572  -0.089430
-3.830342  -0.120783
-3.837112  -0.152136
-3.789615  -0.174626
-3.816749  -0.179058
-3.782844  -0.143273
-3.803208  -0.116351
-3.752293  -0.083830
-3.787933  -0.086630
-3.767569  -0.113551
-3.823026  -0.231014
-3.833454  -0.207252
-3.806320  -0.202820
-3.883660  -0.219037
-3.863771  -0.201263
-3.853343  -0.225025
-3.809978  -0.147705
-3.766254  0.002199
-3.699473  0.003897
-3.732863  0.003048
-3.733187  -0.053287
-3.749720  -0.025544
-3.716330  -0.024695
-3.804466  -0.058887
-3.785360  -0.028344
-3.768826  -0.056087
-3.732173  0.061638
-3.749213  0.031919
-3.715823  0.032768
-3.828262  0.089221
-3.848499  0.182561
-3.912751  0.249079
-3.869917  0.204734
-3.891334  0.226906
-3.850269  0.267504
-3.904627  0.337231
-3.881510  0.258292
-3.907335  0.307847
-3.910043  0.278463
-3.876094  0.317060
-3.847561  0.296888
-3.878802  0.287676
-3.752842  0.090645
-3.790552  0.089933
-3.785544  0.148448
-3.806903  0.118835
-3.769193  0.119547
-3.807592  0.060214
-3.786923  0.031206
-3.769882  0.060926
-3.835008  0.120334
-3.841753  0.151448
-3.792290  0.179562
-3.820395  0.181061
-3.813649  0.149948
-3.838675  0.213946
-3.828852  0.245332
-3.810571  0.212447
-3.880462  0.347674
-3.856296  0.358118
-3.851929  0.327503
-3.860093  0.236119
-3.901279  0.368846
-3.980123  0.398271
-3.954958  0.377925
-3.929793  0.357578
-3.897931  0.400462
-3.951610  0.409540
-3.923097  0.420809
-3.926445  0.389193
-3.877114  0.379290
-3.972679  0.464340
-3.976401  0.431306
-3.947888  0.442574
-3.995028  -0.199384
-3.964535  -0.211859
-3.934042  -0.224335
-3.992957  -0.232562
-3.990886  -0.265741
-3.962464  -0.245038
-3.913576  -0.142929
-3.916669  -0.048738
-3.915638  -0.080135
-3.914607  -0.111532
-3.853573  -0.107263
-3.883575  -0.125096
-3.854604  -0.075866
-3.885637  -0.062302
-3.884606  -0.093699
-3.906891  -0.205516
-3.910234  -0.174223
-3.967877  -0.180565
-3.940727  -0.161747
-3.937384  -0.193041
-3.890345  -0.156449
-3.867114  -0.169969
-3.860344  -0.138616
-3.887003  -0.187743
-3.850321  -0.000387
-3.916850  0.044812
-3.922319  0.131771
-3.995028  0.199384
-3.915941  0.209976
-3.919130  0.170873
-3.970792  0.176846
-3.946555  0.154308
-3.967602  0.215949
-3.940177  0.232514
-3.943366  0.193411
-3.894553  -0.032621
-3.872437  -0.016504
-3.832488  -0.059749
-3.841405  -0.030068
-3.863521  -0.046185
-3.794276  0.001337
-3.822299  0.000475
-3.835615  0.059352
-3.842968  0.029482
-3.894674  0.029745
-3.872498  0.014679
-3.887321  0.059615
-3.859614  0.103404
-3.890967  0.117587
-3.918673  0.073798
-3.920496  0.102784
-3.857791  0.074418
-3.889144  0.088601
-3.813382  -0.029206
-3.814945  0.030344
-3.873106  0.165631
-3.897713  0.148701
-3.894523  0.187803
-3.866360  0.134517
-3.865144  0.044548
-3.988815  0.298920
-3.960753  0.311691
-3.932690  0.324461
-3.983020  0.365154
-3.985918  0.332037
-3.957855  0.344808
-3.963461  0.282307
-3.938106  0.265693
-3.990886  0.265741
-3.992957  0.232562
-3.965531  0.249128
-3.935398  0.295077
-3.998757  -0.099723
-4.000000  0.000000
-3.998757  0.099723
-3.971455  0.081419
-3.944152  0.063115
-3.972283  0.014937
-3.944567  0.029874
-3.999586  0.033241
-3.999171  0.066482
-3.971869  0.048178
-3.970363  -0.114125
-3.941970  -0.128527
-3.997514  -0.132943
-3.996271  -0.166163
-3.969120  -0.147345
-3.971394  -0.082728
-3.944032  -0.065733
-3.972223  -0.016246
-3.916790  0.013629
-3.916729  -0.017555
-3.944446  -0.032492
-3.944506  -0.001309
-3.943001  -0.097130
-3.999586  -0.033241
-3.999171  -0.066482
-3.971809  -0.049487
-3.894613  -0.001438
-3.973278  0.110405
-3.947798  0.121088
-3.996271  0.166163
-3.997514  0.132943
-3.972035  0.143626
-3.945975  0.092102
